Nb sim;DF;IC_DF ;DF_anti;IC_DF_anti ;DF_d;IC_DF_d ;DF_d_anti;IC_DF_d_anti;Tan;IC_Tan ;Tan_anti;IC_Tan_anti ;Mall;IC_Mall ;Mall_anti;IC_Mall_anti
10000;-0.320563;0.00627397;-0.318379;0.00372541;-0.324089;0.00631828;-0.322145;0.00378556;-0.319102;0.00627698;-0.321428;0.00376957;-0.318505;0.0115093;-0.313881;0.00681546
11000;-0.320674;0.00598726;-0.318862;0.00355801;-0.32218;0.00601288;-0.321697;0.00360976;-0.31756;0.00597937;-0.321461;0.0035947;-0.318271;0.0109628;-0.316911;0.00656298
12000;-0.320506;0.00572614;-0.319237;0.00340742;-0.322312;0.00575293;-0.321351;0.00345307;-0.317173;0.00572254;-0.321706;0.0034488;-0.318709;0.0105065;-0.316449;0.00629247
13000;-0.319853;0.00550499;-0.319438;0.00327737;-0.32276;0.00552892;-0.320878;0.00330602;-0.319223;0.00550171;-0.321258;0.00331169;-0.320297;0.010135;-0.316702;0.00605438
14000;-0.32048;0.00529959;-0.31922;0.00315618;-0.323071;0.00531859;-0.320841;0.00318816;-0.319817;0.00530668;-0.320707;0.00317797;-0.321195;0.00977712;-0.316379;0.00583066
15000;-0.320242;0.00511708;-0.318585;0.00303833;-0.323464;0.00513646;-0.320296;0.00306905;-0.321542;0.00513213;-0.320179;0.00306018;-0.322369;0.00947692;-0.316192;0.00562223
16000;-0.320211;0.00495325;-0.318566;0.00294279;-0.323471;0.00496672;-0.320533;0.00296891;-0.32195;0.0049734;-0.320503;0.00296417;-0.322262;0.0091838;-0.317976;0.00547852
17000;-0.320249;0.00480422;-0.318796;0.00285602;-0.322997;0.00481448;-0.320711;0.00288651;-0.322691;0.00482546;-0.320305;0.00287412;-0.322419;0.0089395;-0.316755;0.00529291
18000;-0.320662;0.00467184;-0.318308;0.0027722;-0.323096;0.00467777;-0.319816;0.00279502;-0.322931;0.0046869;-0.319933;0.0027901;-0.32232;0.00869735;-0.316663;0.00513752
19000;-0.320407;0.00454811;-0.318297;0.00270046;-0.323746;0.00455353;-0.320021;0.00272443;-0.322428;0.00456656;-0.319611;0.0027159;-0.322491;0.0084845;-0.316218;0.00498905
20000;-0.320497;0.00443745;-0.318296;0.00263358;-0.324085;0.00443361;-0.319573;0.00264655;-0.322079;0.00444858;-0.319406;0.00264215;-0.322231;0.00828695;-0.316326;0.00485582
21000;-0.320434;0.0043302;-0.318607;0.0025755;-0.324576;0.00432787;-0.319923;0.00258713;-0.322327;0.00434035;-0.319465;0.00258174;-0.32093;0.00806074;-0.31711;0.00474698
22000;-0.320823;0.00423275;-0.318573;0.00251681;-0.324461;0.00422911;-0.319658;0.00252524;-0.322124;0.00423912;-0.319008;0.00251631;-0.320553;0.00788056;-0.317489;0.00463955
23000;-0.321262;0.00413988;-0.319601;0.00247521;-0.324879;0.00413599;-0.31906;0.00246303;-0.322317;0.00414496;-0.318649;0.00246302;-0.32063;0.00771648;-0.318032;0.00453368
24000;-0.32107;0.00405444;-0.319305;0.0024169;-0.324622;0.00404589;-0.318936;0.00241026;-0.321605;0.00405685;-0.318531;0.00241015;-0.321237;0.00754666;-0.317129;0.00443163
25000;-0.321666;0.00397451;-0.319119;0.00236735;-0.324634;0.00396323;-0.319088;0.00236369;-0.321089;0.00397225;-0.318698;0.00236211;-0.320603;0.00737039;-0.316855;0.00433914
26000;-0.322051;0.00389784;-0.319001;0.00231913;-0.324425;0.00388766;-0.319211;0.00231993;-0.321301;0.00389284;-0.318867;0.00231873;-0.322235;0.00725977;-0.316561;0.00425703
27000;-0.322194;0.00382436;-0.318753;0.00227254;-0.323807;0.00381374;-0.31939;0.00227746;-0.320469;0.00381877;-0.3188;0.00227278;-0.322325;0.00712841;-0.316499;0.00418351
28000;-0.322416;0.00375458;-0.318665;0.00223106;-0.323466;0.003744;-0.319377;0.00223443;-0.320415;0.00374848;-0.318864;0.00223417;-0.323034;0.00702544;-0.316001;0.00410299
29000;-0.323153;0.00368853;-0.318656;0.00219455;-0.324103;0.00367995;-0.319224;0.00219409;-0.320126;0.00368331;-0.318699;0.00219316;-0.322488;0.00688941;-0.316216;0.00403193
30000;-0.322783;0.00362859;-0.318407;0.00215569;-0.323758;0.00361767;-0.319419;0.00215845;-0.320465;0.00362264;-0.318697;0.00215427;-0.322473;0.00678042;-0.316269;0.00396707
31000;-0.322945;0.00357004;-0.318351;0.00211967;-0.323537;0.00355707;-0.319467;0.00212282;-0.320024;0.00356176;-0.318678;0.00211992;-0.322236;0.00666806;-0.316544;0.003903
32000;-0.32326;0.00351334;-0.318269;0.00208605;-0.322924;0.0035008;-0.319563;0.00208958;-0.319676;0.00350506;-0.318942;0.00208962;-0.321426;0.00654735;-0.316461;0.00383834
33000;-0.323691;0.00346031;-0.318235;0.00205426;-0.323292;0.00344851;-0.319662;0.00205991;-0.319644;0.00345183;-0.319208;0.00206184;-0.321796;0.00644632;-0.317287;0.00378789
34000;-0.32337;0.0034093;-0.318252;0.00202463;-0.322817;0.00339512;-0.319563;0.00202727;-0.319675;0.00340123;-0.319277;0.0020311;-0.320954;0.00633455;-0.317643;0.0037318
35000;-0.323832;0.00336033;-0.318248;0.0019953;-0.322569;0.00334543;-0.319323;0.00199541;-0.319991;0.00335221;-0.319306;0.00200372;-0.320746;0.00623438;-0.31757;0.0036803
36000;-0.323385;0.00331304;-0.318145;0.00196502;-0.322667;0.00329871;-0.319292;0.00196749;-0.320092;0.00330596;-0.3191;0.00197302;-0.320902;0.00613945;-0.317618;0.00363004
37000;-0.323501;0.00326854;-0.318478;0.00194077;-0.322708;0.0032542;-0.319415;0.00194185;-0.320167;0.00325991;-0.319198;0.00194662;-0.320918;0.00605989;-0.317627;0.00358131
38000;-0.324131;0.00322666;-0.318565;0.00191699;-0.323006;0.00321155;-0.319248;0.00191441;-0.320319;0.00321685;-0.31919;0.00192175;-0.320718;0.00597315;-0.31816;0.00353771
39000;-0.324337;0.00318404;-0.318378;0.0018909;-0.323263;0.00317073;-0.31913;0.00188912;-0.32002;0.00317473;-0.319583;0.00190285;-0.320471;0.00589235;-0.317873;0.00349111
40000;-0.323892;0.00314383;-0.318362;0.00186751;-0.322748;0.00312864;-0.318993;0.00186268;-0.320008;0.00313325;-0.319321;0.00187569;-0.320688;0.0058161;-0.317901;0.00344586
41000;-0.323331;0.00310292;-0.318236;0.00184253;-0.323226;0.0030908;-0.319038;0.00184052;-0.320123;0.00309576;-0.319521;0.00185357;-0.320466;0.00574279;-0.317757;0.00340787
42000;-0.322827;0.00306622;-0.318362;0.00182074;-0.323068;0.00305272;-0.319103;0.00181945;-0.320336;0.00305774;-0.31963;0.00183248;-0.320364;0.00567363;-0.318126;0.00337224
43000;-0.322941;0.00303025;-0.318455;0.00180014;-0.323001;0.00301681;-0.319087;0.00179886;-0.320609;0.0030215;-0.319427;0.00180784;-0.320058;0.00560525;-0.318223;0.00333159
44000;-0.322758;0.00299576;-0.318455;0.00177939;-0.323004;0.00298352;-0.318997;0.00177678;-0.320734;0.00298664;-0.319555;0.00178814;-0.320089;0.00553891;-0.318849;0.00329804
45000;-0.322428;0.00296253;-0.318335;0.00175893;-0.322787;0.00295034;-0.318998;0.00175733;-0.320899;0.00295286;-0.319712;0.00176953;-0.319686;0.00547741;-0.319428;0.00326761
46000;-0.322364;0.0029307;-0.318734;0.00174135;-0.322218;0.00291735;-0.319284;0.00174057;-0.320964;0.00291983;-0.319861;0.00175111;-0.31977;0.00541748;-0.319009;0.00323271
47000;-0.322676;0.00289923;-0.318794;0.00172273;-0.32185;0.00288538;-0.319466;0.00172527;-0.321286;0.00288936;-0.319886;0.00173267;-0.319167;0.00535045;-0.319033;0.00319853
48000;-0.322713;0.00286908;-0.318695;0.00170299;-0.32169;0.00285569;-0.319432;0.00170707;-0.321557;0.0028603;-0.319976;0.00171637;-0.319571;0.00530906;-0.319235;0.00316695
49000;-0.322801;0.00284062;-0.318752;0.00168565;-0.321599;0.00282703;-0.319286;0.00168937;-0.321628;0.00283089;-0.319832;0.0016973;-0.319662;0.0052571;-0.319186;0.00313005
50000;-0.322598;0.0028131;-0.3187;0.00166794;-0.321496;0.00279823;-0.319398;0.00167152;-0.322198;0.0028031;-0.319749;0.00167966;-0.319308;0.0052006;-0.31921;0.00309913
51000;-0.322489;0.00278492;-0.318876;0.00165245;-0.321274;0.00277023;-0.319487;0.00165561;-0.322343;0.0027762;-0.319794;0.0016627;-0.319529;0.00514785;-0.319165;0.00306655
52000;-0.322662;0.00275859;-0.318821;0.00163462;-0.321377;0.00274226;-0.3195;0.00163982;-0.322374;0.00275011;-0.319636;0.00164564;-0.319595;0.00509989;-0.319495;0.0030393
53000;-0.322433;0.00273225;-0.318969;0.0016211;-0.32129;0.00271662;-0.319513;0.00162325;-0.322342;0.00272468;-0.319532;0.00162887;-0.319742;0.00505059;-0.319502;0.00301098
54000;-0.322273;0.00270625;-0.319186;0.00160677;-0.321153;0.00269076;-0.319392;0.0016072;-0.321997;0.00269879;-0.319737;0.00161486;-0.319917;0.00500257;-0.319679;0.00298283
55000;-0.322259;0.00268149;-0.319371;0.00159412;-0.321105;0.00266619;-0.319492;0.00159315;-0.322227;0.00267366;-0.319731;0.00159999;-0.319315;0.00494727;-0.319416;0.00295404
56000;-0.32229;0.00265803;-0.31939;0.00158053;-0.321292;0.00264263;-0.319492;0.00157909;-0.322239;0.00264939;-0.319607;0.0015852;-0.319428;0.004905;-0.319198;0.00292574
57000;-0.32222;0.00263465;-0.319445;0.00156698;-0.321085;0.00261899;-0.319576;0.00156569;-0.32203;0.00262643;-0.319602;0.00157106;-0.319354;0.0048638;-0.319149;0.00289907
58000;-0.32263;0.00261283;-0.319407;0.00155355;-0.320778;0.00259582;-0.319638;0.00155224;-0.321922;0.00260489;-0.319731;0.00155814;-0.319156;0.00481815;-0.319202;0.00287114
59000;-0.322447;0.00259046;-0.319432;0.00153967;-0.320898;0.00257418;-0.319729;0.00153979;-0.32186;0.00258291;-0.319716;0.00154471;-0.318725;0.00476956;-0.319099;0.00284697
60000;-0.32241;0.00256854;-0.319524;0.00152806;-0.320958;0.00255286;-0.319847;0.00152781;-0.321981;0.00256144;-0.319843;0.00153263;-0.318185;0.00472325;-0.318869;0.00282207
61000;-0.322632;0.00254758;-0.319391;0.00151504;-0.320816;0.00253221;-0.319792;0.00151435;-0.32173;0.00253942;-0.319954;0.00152077;-0.31854;0.00468988;-0.319106;0.00280338
62000;-0.322406;0.00252681;-0.319437;0.00150316;-0.320798;0.00251148;-0.319877;0.0015025;-0.321376;0.00251795;-0.319883;0.00150786;-0.318651;0.00465204;-0.319103;0.00277721
63000;-0.322337;0.00250636;-0.319538;0.00149213;-0.320783;0.00249125;-0.319911;0.00149082;-0.321231;0.00249757;-0.31993;0.00149582;-0.31859;0.00461394;-0.319011;0.00275522
64000;-0.322439;0.00248703;-0.31967;0.00148131;-0.320802;0.0024716;-0.31995;0.00147921;-0.321253;0.00247854;-0.319859;0.00148353;-0.318882;0.00458073;-0.319256;0.00273427
65000;-0.322444;0.00246738;-0.319566;0.00146925;-0.320842;0.00245227;-0.319923;0.00146756;-0.321352;0.00245928;-0.319856;0.00147227;-0.319212;0.00454724;-0.319337;0.00271319
66000;-0.322358;0.00244868;-0.319767;0.00145964;-0.320811;0.00243326;-0.319779;0.00145478;-0.321311;0.00244007;-0.319829;0.00146086;-0.3189;0.0045102;-0.319279;0.00269176
67000;-0.32249;0.00243032;-0.319924;0.00144934;-0.320722;0.0024151;-0.319702;0.00144352;-0.321333;0.00242207;-0.319858;0.00144967;-0.318902;0.00447635;-0.319399;0.002673
68000;-0.322474;0.0024119;-0.319961;0.00143916;-0.320675;0.00239747;-0.319631;0.00143212;-0.32129;0.0024045;-0.319727;0.00143808;-0.318626;0.00443908;-0.319375;0.00265268
69000;-0.322681;0.0023943;-0.319873;0.00142748;-0.320717;0.0023798;-0.319804;0.00142251;-0.321432;0.00238754;-0.319607;0.00142736;-0.319047;0.00440935;-0.319641;0.00263507
70000;-0.32291;0.00237731;-0.319806;0.00141671;-0.320839;0.00236312;-0.319764;0.00141211;-0.321404;0.00237021;-0.319705;0.00141751;-0.319077;0.0043766;-0.319598;0.0026158
71000;-0.323238;0.00236026;-0.319922;0.00140675;-0.320818;0.00234606;-0.319786;0.00140215;-0.321182;0.0023527;-0.319682;0.00140763;-0.318488;0.00434256;-0.319534;0.00259659
72000;-0.323111;0.00234411;-0.319973;0.00139645;-0.320775;0.00232981;-0.319707;0.00139125;-0.321057;0.00233681;-0.319736;0.00139798;-0.318582;0.00431383;-0.319613;0.0025791
73000;-0.323372;0.00232795;-0.32001;0.0013869;-0.320863;0.00231416;-0.319739;0.00138285;-0.320991;0.00232094;-0.319759;0.00138896;-0.319011;0.00428675;-0.319711;0.00256032
74000;-0.323375;0.00231214;-0.32008;0.00137765;-0.320852;0.0022986;-0.319628;0.0013727;-0.320882;0.00230529;-0.319738;0.00137977;-0.319152;0.00425925;-0.319617;0.00254394
75000;-0.323258;0.00229634;-0.32008;0.00136828;-0.32083;0.00228306;-0.31969;0.00136351;-0.320857;0.00229008;-0.319627;0.00137003;-0.319152;0.00422804;-0.31978;0.00252782
76000;-0.323305;0.00228171;-0.320045;0.00135957;-0.320797;0.00226813;-0.31966;0.00135437;-0.320947;0.00227505;-0.319707;0.00136181;-0.319391;0.00420152;-0.319782;0.00251046
77000;-0.323405;0.00226731;-0.319964;0.00135036;-0.320781;0.00225327;-0.319727;0.00134588;-0.320939;0.00225977;-0.319741;0.00135308;-0.319446;0.00417521;-0.320017;0.00249604
78000;-0.323513;0.00225258;-0.320027;0.00134188;-0.320904;0.00223914;-0.319717;0.00133699;-0.321058;0.00224562;-0.319771;0.00134463;-0.319175;0.00414346;-0.320017;0.00247975
79000;-0.323658;0.00223856;-0.320045;0.00133314;-0.320985;0.00222497;-0.31969;0.00132845;-0.320914;0.00223132;-0.319724;0.00133615;-0.319185;0.00411743;-0.319834;0.00246381
80000;-0.323611;0.00222426;-0.320024;0.00132444;-0.320967;0.00221117;-0.319639;0.00131936;-0.320854;0.00221767;-0.319763;0.00132803;-0.319252;0.00409095;-0.319899;0.00244834
81000;-0.323537;0.00221034;-0.320058;0.0013158;-0.320894;0.00219806;-0.319562;0.00131093;-0.320853;0.00220349;-0.319761;0.00131968;-0.319121;0.00406283;-0.319906;0.00243447
82000;-0.323446;0.00219671;-0.320073;0.0013084;-0.320824;0.0021844;-0.319623;0.0013032;-0.320866;0.00219009;-0.319738;0.0013114;-0.318798;0.00403547;-0.320122;0.00242132
83000;-0.323497;0.00218359;-0.319998;0.00130056;-0.320573;0.00217043;-0.319672;0.00129601;-0.320988;0.00217644;-0.319694;0.00130293;-0.318868;0.00401151;-0.320037;0.00240578
84000;-0.323442;0.00217029;-0.319941;0.00129258;-0.320373;0.00215666;-0.319691;0.00128819;-0.320953;0.00216282;-0.319651;0.00129438;-0.319352;0.00399324;-0.320049;0.00239163
85000;-0.323364;0.00215739;-0.319965;0.00128536;-0.320464;0.00214408;-0.319642;0.00127999;-0.321165;0.00215049;-0.319715;0.00128731;-0.319213;0.00396749;-0.319892;0.00237616
86000;-0.323186;0.0021447;-0.319903;0.00127778;-0.320512;0.00213159;-0.319603;0.00127218;-0.321191;0.0021384;-0.319718;0.00127993;-0.319192;0.00394349;-0.320074;0.00236291
87000;-0.323247;0.00213273;-0.319942;0.00127048;-0.320609;0.00211943;-0.319599;0.00126465;-0.321269;0.00212592;-0.319733;0.00127222;-0.319192;0.0039202;-0.320132;0.00235074
88000;-0.323216;0.00212108;-0.32001;0.00126401;-0.320492;0.00210747;-0.319686;0.00125749;-0.321118;0.00211371;-0.319774;0.00126527;-0.319327;0.00390049;-0.320016;0.00233736
89000;-0.323134;0.00210917;-0.320109;0.00125741;-0.320811;0.00209642;-0.319742;0.0012505;-0.321114;0.00210221;-0.319666;0.00125721;-0.3192;0.0038772;-0.319978;0.00232353
90000;-0.323216;0.0020975;-0.320082;0.00125018;-0.320783;0.00208528;-0.319654;0.00124339;-0.321049;0.00209061;-0.319811;0.00125134;-0.319413;0.00385715;-0.319852;0.00230892
91000;-0.323121;0.00208584;-0.320077;0.00124344;-0.3206;0.00207371;-0.3196;0.00123654;-0.321129;0.0020788;-0.319867;0.00124438;-0.319367;0.00383656;-0.319908;0.00229846
92000;-0.323091;0.00207433;-0.319913;0.00123575;-0.320683;0.00206284;-0.319633;0.00123024;-0.321253;0.00206734;-0.319965;0.00123787;-0.319214;0.00381296;-0.319843;0.00228539
93000;-0.323159;0.00206303;-0.320092;0.0012305;-0.320702;0.00205204;-0.319623;0.00122371;-0.321152;0.00205643;-0.320059;0.00123211;-0.318923;0.00378883;-0.319697;0.00227099
94000;-0.323187;0.00205208;-0.320131;0.00122454;-0.320595;0.00204085;-0.319735;0.0012178;-0.321147;0.00204544;-0.32016;0.00122615;-0.318932;0.00376786;-0.319522;0.00225851
95000;-0.323085;0.00204127;-0.320105;0.00121793;-0.320577;0.00203015;-0.319607;0.0012108;-0.321252;0.00203471;-0.320172;0.00121983;-0.319071;0.00374871;-0.319413;0.00224534
96000;-0.322863;0.00203036;-0.320177;0.00121191;-0.320592;0.00201962;-0.319536;0.00120437;-0.321075;0.00202383;-0.32021;0.00121346;-0.318956;0.00372819;-0.319184;0.00223217
97000;-0.322805;0.00201946;-0.320065;0.00120516;-0.320639;0.00200959;-0.319528;0.00119782;-0.32111;0.00201357;-0.320246;0.0012075;-0.319223;0.00371093;-0.319309;0.00222199
98000;-0.322747;0.00200888;-0.320097;0.00119937;-0.320588;0.00199936;-0.319522;0.00119178;-0.321275;0.00200357;-0.320294;0.00120176;-0.319526;0.00369512;-0.319364;0.00221094
99000;-0.322772;0.0019988;-0.320139;0.00119341;-0.320602;0.00198909;-0.319445;0.00118532;-0.321379;0.00199341;-0.320332;0.00119588;-0.319532;0.00367752;-0.319242;0.00219857
100000;-0.322835;0.00198848;-0.320153;0.00118727;-0.320641;0.0019791;-0.31936;0.00117874;-0.321638;0.00198359;-0.320308;0.00118965;-0.319547;0.00366076;-0.319187;0.00218625
101000;-0.32278;0.00197861;-0.320183;0.00118151;-0.320694;0.0019691;-0.319315;0.00117243;-0.321781;0.001974;-0.320213;0.00118347;-0.319325;0.00364117;-0.319285;0.00217626
102000;-0.322836;0.00196905;-0.320219;0.00117577;-0.320689;0.00195953;-0.319287;0.00116669;-0.321866;0.00196446;-0.320282;0.00117794;-0.319126;0.00362187;-0.319156;0.00216541
103000;-0.322728;0.0019592;-0.320281;0.00117016;-0.320688;0.00194992;-0.319295;0.00116123;-0.321723;0.00195484;-0.320322;0.00117208;-0.319266;0.00360803;-0.319161;0.00215473
104000;-0.322728;0.00195004;-0.320194;0.00116413;-0.320641;0.00194076;-0.319309;0.0011561;-0.321618;0.00194547;-0.320288;0.0011663;-0.31943;0.00359158;-0.319088;0.002144
105000;-0.322541;0.00194031;-0.320171;0.00115849;-0.320645;0.00193148;-0.319293;0.00115055;-0.321676;0.00193598;-0.320363;0.00116121;-0.31942;0.00357375;-0.319223;0.00213488
106000;-0.322341;0.00193087;-0.320081;0.00115266;-0.320727;0.00192243;-0.319295;0.00114523;-0.321632;0.00192665;-0.32047;0.0011565;-0.319341;0.00355547;-0.319399;0.00212615
107000;-0.322507;0.00192219;-0.320059;0.0011472;-0.320897;0.00191349;-0.319305;0.00113985;-0.321726;0.00191803;-0.320468;0.00115091;-0.319494;0.00354055;-0.319291;0.00211536
108000;-0.322406;0.00191332;-0.320134;0.00114282;-0.320969;0.00190477;-0.319292;0.00113453;-0.321798;0.00190889;-0.320368;0.00114535;-0.319698;0.00352645;-0.319287;0.00210691
109000;-0.322313;0.00190464;-0.320082;0.0011372;-0.321076;0.00189626;-0.319214;0.0011288;-0.321883;0.00190058;-0.320321;0.00113982;-0.319677;0.00350976;-0.319215;0.00209648
110000;-0.322393;0.00189581;-0.320099;0.00113195;-0.321153;0.00188769;-0.319125;0.00112316;-0.321913;0.00189193;-0.320354;0.00113467;-0.319689;0.00349454;-0.319126;0.00208625
111000;-0.322363;0.00188736;-0.320085;0.00112662;-0.321239;0.00187926;-0.319204;0.00111829;-0.3218;0.00188362;-0.32033;0.0011296;-0.319766;0.00348176;-0.319106;0.00207641
112000;-0.322535;0.00187889;-0.32017;0.00112224;-0.321092;0.00187062;-0.319348;0.00111375;-0.321785;0.00187519;-0.32031;0.00112441;-0.319829;0.00346657;-0.31919;0.0020677
113000;-0.322501;0.00187086;-0.320157;0.00111706;-0.320891;0.00186234;-0.319339;0.00110867;-0.32159;0.00186657;-0.320302;0.00111939;-0.319934;0.00345169;-0.319112;0.00205761
114000;-0.322577;0.00186252;-0.320151;0.00111225;-0.320876;0.00185409;-0.319315;0.00110324;-0.321498;0.00185864;-0.320308;0.00111481;-0.31991;0.00343601;-0.318996;0.00204836
115000;-0.322354;0.00185419;-0.320158;0.00110739;-0.320959;0.00184632;-0.319348;0.00109845;-0.321359;0.00185054;-0.320277;0.00110963;-0.319814;0.00341954;-0.319083;0.0020394
116000;-0.322453;0.00184616;-0.320069;0.00110194;-0.321008;0.00183854;-0.319388;0.00109399;-0.321294;0.00184238;-0.320247;0.00110482;-0.319861;0.00340516;-0.319208;0.00203175
117000;-0.322407;0.00183827;-0.320113;0.00109756;-0.321053;0.00183045;-0.319411;0.00108931;-0.321348;0.00183468;-0.320299;0.00110064;-0.320141;0.00339238;-0.319412;0.00202451
118000;-0.322441;0.00183042;-0.320107;0.00109275;-0.321057;0.00182273;-0.319405;0.0010847;-0.321342;0.00182673;-0.320317;0.00109617;-0.320378;0.00337886;-0.31949;0.00201696
119000;-0.322281;0.00182282;-0.320058;0.00108792;-0.321105;0.00181489;-0.319381;0.00108015;-0.321433;0.00181892;-0.320258;0.00109151;-0.320544;0.00336535;-0.319492;0.00200881
120000;-0.322412;0.00181551;-0.320147;0.00108382;-0.321061;0.00180711;-0.31936;0.00107551;-0.321361;0.00181149;-0.32021;0.0010864;-0.32058;0.00335099;-0.319574;0.00200139
121000;-0.322489;0.00180801;-0.320089;0.00107886;-0.321028;0.00179931;-0.319366;0.00107124;-0.321348;0.00180401;-0.320098;0.00108112;-0.320565;0.00333684;-0.319665;0.00199368
122000;-0.322484;0.00180078;-0.320049;0.00107417;-0.321134;0.00179224;-0.31934;0.00106685;-0.321311;0.00179658;-0.320094;0.00107658;-0.320359;0.00332122;-0.319624;0.00198601
123000;-0.322291;0.00179318;-0.32009;0.00107012;-0.321245;0.00178511;-0.31931;0.00106236;-0.321318;0.00178957;-0.320083;0.00107217;-0.320458;0.00330952;-0.319705;0.00197806
124000;-0.32231;0.00178604;-0.320071;0.00106571;-0.321142;0.00177778;-0.319358;0.00105843;-0.32139;0.00178258;-0.32008;0.00106779;-0.320369;0.00329446;-0.319797;0.00197038
125000;-0.322235;0.00177889;-0.320098;0.00106151;-0.321179;0.00177077;-0.319274;0.00105369;-0.321385;0.00177564;-0.320068;0.00106369;-0.320556;0.00328303;-0.319818;0.00196196
126000;-0.322225;0.00177172;-0.320155;0.00105754;-0.32126;0.0017636;-0.319363;0.00104973;-0.321408;0.00176863;-0.320113;0.00105945;-0.320559;0.00326976;-0.319715;0.0019537
127000;-0.322049;0.00176456;-0.320121;0.00105303;-0.321279;0.00175645;-0.319315;0.00104529;-0.321401;0.00176157;-0.320121;0.00105519;-0.320481;0.00325562;-0.319618;0.00194524
128000;-0.322158;0.00175771;-0.320114;0.00104871;-0.321381;0.00174975;-0.319313;0.00104118;-0.321447;0.00175464;-0.320161;0.00105124;-0.320451;0.00324311;-0.319713;0.00193832
129000;-0.322115;0.00175049;-0.320121;0.00104469;-0.321326;0.00174284;-0.319337;0.00103725;-0.321373;0.00174764;-0.320164;0.00104707;-0.320406;0.00322994;-0.319838;0.00193134
130000;-0.322144;0.00174368;-0.320153;0.00104107;-0.32136;0.00173614;-0.319358;0.00103337;-0.321467;0.00174099;-0.320139;0.00104282;-0.320659;0.00321867;-0.319763;0.00192319
131000;-0.322;0.00173698;-0.320143;0.00103706;-0.321497;0.00172968;-0.319296;0.00102921;-0.321517;0.00173461;-0.320169;0.00103884;-0.320551;0.00320742;-0.319663;0.00191528
132000;-0.322035;0.00173024;-0.32027;0.00103386;-0.321486;0.00172304;-0.319381;0.00102536;-0.321545;0.00172799;-0.3202;0.00103506;-0.320526;0.00319424;-0.319759;0.00190879
133000;-0.321905;0.00172357;-0.320247;0.00102988;-0.321505;0.00171667;-0.319407;0.00102175;-0.321533;0.00172127;-0.320234;0.00103143;-0.320079;0.00317995;-0.319827;0.00190209
134000;-0.321769;0.00171693;-0.320244;0.00102597;-0.321597;0.00171036;-0.319446;0.00101798;-0.321413;0.00171459;-0.320276;0.00102789;-0.320065;0.00316778;-0.319734;0.00189488
135000;-0.321841;0.0017105;-0.320314;0.00102264;-0.321471;0.00170398;-0.319399;0.00101383;-0.321313;0.00170847;-0.320306;0.00102395;-0.32005;0.00315657;-0.31979;0.00188833
136000;-0.321856;0.00170439;-0.320295;0.0010186;-0.321395;0.0016975;-0.319399;0.00100995;-0.321351;0.00170218;-0.320246;0.00101992;-0.319987;0.00314405;-0.31979;0.00188178
137000;-0.321805;0.00169803;-0.320318;0.00101487;-0.32143;0.00169126;-0.319424;0.00100635;-0.321384;0.00169611;-0.32022;0.00101619;-0.320293;0.0031341;-0.319889;0.00187509
138000;-0.321776;0.001692;-0.320309;0.00101094;-0.321393;0.00168523;-0.319405;0.00100269;-0.321309;0.00168988;-0.320287;0.00101294;-0.320409;0.00312451;-0.32005;0.00186901
139000;-0.32176;0.00168599;-0.320243;0.00100686;-0.321443;0.00167918;-0.319436;0.000999406;-0.321298;0.00168379;-0.320255;0.00100914;-0.320242;0.00311223;-0.32;0.00186202
140000;-0.321752;0.0016801;-0.320268;0.00100339;-0.321395;0.00167302;-0.319503;0.000996221;-0.321331;0.00167784;-0.320296;0.00100586;-0.32019;0.003102;-0.319935;0.00185538
141000;-0.321692;0.00167396;-0.320263;0.000999668;-0.321353;0.00166691;-0.319467;0.000992591;-0.321104;0.00167167;-0.320332;0.0010025;-0.320024;0.00309066;-0.319919;0.00184845
142000;-0.321745;0.00166818;-0.320271;0.000996131;-0.321343;0.0016612;-0.319543;0.000989651;-0.321088;0.00166586;-0.320346;0.000999137;-0.320003;0.00308064;-0.319969;0.00184247
143000;-0.321773;0.00166233;-0.320328;0.000992829;-0.321237;0.00165521;-0.319538;0.00098603;-0.321037;0.00165988;-0.32031;0.000995464;-0.319989;0.0030698;-0.32005;0.00183644
144000;-0.321792;0.0016564;-0.320368;0.000989474;-0.321188;0.0016495;-0.319526;0.000982616;-0.320913;0.00165388;-0.320375;0.000992156;-0.320048;0.00305946;-0.320056;0.00183087
145000;-0.321749;0.0016505;-0.32034;0.000985913;-0.321122;0.00164376;-0.319442;0.000979009;-0.320887;0.00164827;-0.320347;0.000988625;-0.319925;0.00304864;-0.320184;0.0018251
146000;-0.321697;0.00164459;-0.320377;0.000982761;-0.321222;0.00163806;-0.31935;0.000975161;-0.320876;0.00164257;-0.320375;0.000985189;-0.319861;0.00303702;-0.320112;0.00181857
147000;-0.32153;0.0016389;-0.32043;0.000979712;-0.321247;0.00163236;-0.319278;0.000971582;-0.321015;0.0016371;-0.320408;0.00098204;-0.319928;0.00302604;-0.320131;0.00181209
148000;-0.321485;0.00163333;-0.320445;0.000976386;-0.32129;0.00162685;-0.319298;0.000968494;-0.321026;0.00163142;-0.320494;0.000979128;-0.319954;0.00301558;-0.320091;0.00180628
149000;-0.321338;0.00162774;-0.320541;0.000973577;-0.321325;0.00162137;-0.31934;0.000965529;-0.321036;0.00162569;-0.320513;0.000975981;-0.319877;0.00300491;-0.320114;0.00180073
150000;-0.321332;0.00162238;-0.320564;0.000970424;-0.321286;0.00161587;-0.319313;0.000962179;-0.320999;0.00162031;-0.320461;0.000972552;-0.319919;0.00299623;-0.320274;0.00179561
151000;-0.321295;0.00161696;-0.32053;0.000967122;-0.321234;0.00161054;-0.319325;0.000959151;-0.321018;0.00161502;-0.320469;0.000969429;-0.319894;0.00298698;-0.32017;0.00178917
152000;-0.321232;0.00161156;-0.320527;0.000964075;-0.321239;0.00160529;-0.319409;0.000956576;-0.321003;0.00160966;-0.320415;0.000965875;-0.319989;0.00297816;-0.32018;0.0017833
153000;-0.32117;0.00160608;-0.320524;0.00096102;-0.321265;0.00160002;-0.319423;0.000953445;-0.321091;0.00160455;-0.320381;0.000962446;-0.319929;0.00296763;-0.320179;0.00177737
154000;-0.321199;0.0016008;-0.320464;0.00095783;-0.32129;0.00159486;-0.319414;0.000950559;-0.321064;0.00159927;-0.320363;0.000959376;-0.31987;0.0029583;-0.320197;0.00177162
155000;-0.32116;0.0015956;-0.32042;0.000954477;-0.321214;0.00158962;-0.319437;0.000947525;-0.321067;0.00159409;-0.32038;0.000956485;-0.319683;0.00294731;-0.320223;0.00176589
156000;-0.321194;0.00159072;-0.320345;0.000951022;-0.321119;0.00158436;-0.319382;0.000944374;-0.321008;0.00158882;-0.320401;0.000953525;-0.319772;0.00293896;-0.320245;0.00176049
157000;-0.321184;0.00158567;-0.320289;0.000947709;-0.321149;0.00157953;-0.31936;0.00094113;-0.32102;0.00158384;-0.320383;0.000950381;-0.31984;0.00293009;-0.320167;0.001754
158000;-0.321283;0.00158056;-0.32033;0.000945127;-0.321168;0.00157468;-0.319362;0.000938148;-0.321061;0.00157885;-0.320352;0.000947183;-0.319839;0.00292097;-0.320109;0.00174826
159000;-0.32128;0.00157557;-0.320366;0.000942273;-0.321225;0.0015697;-0.319347;0.000934947;-0.321098;0.00157404;-0.320334;0.000944013;-0.319937;0.00291257;-0.3201;0.00174321
160000;-0.321293;0.0015707;-0.320414;0.000939604;-0.321278;0.00156476;-0.319329;0.000932005;-0.321077;0.00156885;-0.320342;0.000941182;-0.319961;0.00290337;-0.320076;0.00173778
161000;-0.321263;0.00156569;-0.320437;0.000936804;-0.32131;0.0015597;-0.319254;0.000928803;-0.321096;0.00156407;-0.320284;0.000937893;-0.3197;0.00289388;-0.320134;0.00173252
162000;-0.321126;0.00156062;-0.320503;0.000934224;-0.321231;0.00155481;-0.319241;0.000925823;-0.321033;0.00155914;-0.320285;0.000934949;-0.319578;0.00288399;-0.320226;0.00172768
163000;-0.321122;0.00155584;-0.320484;0.000931388;-0.321236;0.00155009;-0.319266;0.000923008;-0.321134;0.00155448;-0.320264;0.000931954;-0.319543;0.00287482;-0.320178;0.00172243
164000;-0.321196;0.00155101;-0.320457;0.000928189;-0.321217;0.00154542;-0.319315;0.000920283;-0.321181;0.00154997;-0.320338;0.00092932;-0.319518;0.00286571;-0.320167;0.00171731
165000;-0.321152;0.00154638;-0.320447;0.00092515;-0.32121;0.00154077;-0.319324;0.000917632;-0.32116;0.00154518;-0.320387;0.000926741;-0.319442;0.00285656;-0.320034;0.00171114
166000;-0.321069;0.00154163;-0.320474;0.000922567;-0.321186;0.00153618;-0.319312;0.000914906;-0.321119;0.00154043;-0.320336;0.000923615;-0.319416;0.00284738;-0.320116;0.00170635
167000;-0.321059;0.00153712;-0.320475;0.000919914;-0.321164;0.00153146;-0.319242;0.000911727;-0.321124;0.00153583;-0.320403;0.00092116;-0.319366;0.00283852;-0.320146;0.00170122
168000;-0.321024;0.00153272;-0.320418;0.000917005;-0.321199;0.00152687;-0.31927;0.000909337;-0.321174;0.00153147;-0.320466;0.000918711;-0.319373;0.00282963;-0.320115;0.00169612
169000;-0.321023;0.00152817;-0.320407;0.000914306;-0.321282;0.00152242;-0.319269;0.000906689;-0.321115;0.00152686;-0.320458;0.000915958;-0.319322;0.00282085;-0.320158;0.00169161
170000;-0.321001;0.00152353;-0.320407;0.00091164;-0.321215;0.00151806;-0.319271;0.000904092;-0.32118;0.00152251;-0.320497;0.000913378;-0.319462;0.00281352;-0.320126;0.00168645
171000;-0.321004;0.00151912;-0.320413;0.000909027;-0.32126;0.00151361;-0.319236;0.000901272;-0.321209;0.00151805;-0.320452;0.000910585;-0.319465;0.00280495;-0.320135;0.00168147
172000;-0.321007;0.00151463;-0.320419;0.000906541;-0.321208;0.00150916;-0.319192;0.000898623;-0.321175;0.00151354;-0.320452;0.000907879;-0.319296;0.0027959;-0.32017;0.00167658
173000;-0.320949;0.00151018;-0.320365;0.000903843;-0.321236;0.00150484;-0.319205;0.000896082;-0.321316;0.00150928;-0.32045;0.000905194;-0.31936;0.00278889;-0.320216;0.00167189
174000;-0.321008;0.00150583;-0.320439;0.000901677;-0.321255;0.00150045;-0.319221;0.000893712;-0.32125;0.00150495;-0.320435;0.00090263;-0.319205;0.00278019;-0.320195;0.00166676
175000;-0.321066;0.00150157;-0.320467;0.000899269;-0.321253;0.00149606;-0.319237;0.000891395;-0.321124;0.0015005;-0.320424;0.000899981;-0.3193;0.00277312;-0.320218;0.00166194
176000;-0.321034;0.00149729;-0.320459;0.000896822;-0.321211;0.00149168;-0.319241;0.000889037;-0.321079;0.00149633;-0.320404;0.000897397;-0.319327;0.00276594;-0.320022;0.00165634
177000;-0.321196;0.0014932;-0.320496;0.0008944;-0.321127;0.00148749;-0.31925;0.000886553;-0.321043;0.00149214;-0.32038;0.000894796;-0.319309;0.00275803;-0.32008;0.00165169
178000;-0.321294;0.00148918;-0.320525;0.000892039;-0.321095;0.00148323;-0.31922;0.000884022;-0.320942;0.00148793;-0.320361;0.000892215;-0.319353;0.00275075;-0.32005;0.00164712
179000;-0.321273;0.00148502;-0.320517;0.000889595;-0.321091;0.00147916;-0.319236;0.000881576;-0.320926;0.00148385;-0.320398;0.000889837;-0.319273;0.00274344;-0.319941;0.00164207
180000;-0.321344;0.001481;-0.320536;0.000887317;-0.321082;0.00147504;-0.319283;0.000879413;-0.320941;0.00147975;-0.320386;0.000887213;-0.319306;0.00273648;-0.319979;0.00163779
181000;-0.321405;0.00147694;-0.320545;0.000884813;-0.321136;0.00147085;-0.319307;0.000876982;-0.320859;0.00147552;-0.320401;0.000884784;-0.319203;0.00272795;-0.32002;0.00163353
182000;-0.321411;0.00147275;-0.320634;0.000882852;-0.321209;0.00146697;-0.319287;0.000874408;-0.320804;0.00147149;-0.320429;0.000882547;-0.319215;0.0027207;-0.320102;0.00162961
183000;-0.321523;0.00146866;-0.320627;0.000880354;-0.321206;0.00146283;-0.319273;0.000871891;-0.320671;0.0014673;-0.320411;0.000880058;-0.319236;0.00271249;-0.320185;0.00162537
184000;-0.321526;0.00146462;-0.320681;0.000878235;-0.321265;0.00145891;-0.319283;0.000869544;-0.320692;0.00146339;-0.320466;0.000877973;-0.319101;0.00270404;-0.320203;0.00162072
185000;-0.321521;0.00146065;-0.320676;0.000875816;-0.321206;0.00145502;-0.319278;0.0008671;-0.320718;0.00145951;-0.320534;0.000875794;-0.319005;0.00269622;-0.320157;0.001616
186000;-0.321409;0.00145674;-0.32066;0.000873436;-0.321205;0.00145113;-0.31929;0.000864924;-0.32076;0.00145567;-0.320504;0.000873247;-0.318916;0.00268818;-0.320225;0.00161183
187000;-0.321374;0.00145275;-0.320662;0.000871146;-0.321269;0.00144721;-0.319361;0.000862915;-0.320773;0.00145178;-0.32045;0.000870683;-0.31898;0.00268167;-0.320316;0.00160799
188000;-0.321366;0.00144901;-0.320625;0.000868678;-0.32116;0.00144305;-0.319356;0.000860612;-0.320771;0.00144796;-0.3204;0.00086832;-0.318947;0.00267454;-0.3203;0.00160326
189000;-0.321342;0.00144515;-0.320577;0.000866195;-0.3211;0.00143919;-0.31934;0.000858276;-0.320663;0.00144396;-0.320396;0.000866148;-0.318826;0.00266716;-0.320362;0.0015993
190000;-0.321282;0.00144147;-0.320603;0.000863918;-0.321095;0.00143529;-0.31937;0.000855997;-0.320644;0.00144011;-0.320445;0.000864074;-0.318953;0.00266011;-0.32034;0.00159503
191000;-0.321297;0.00143755;-0.320662;0.000862043;-0.321069;0.00143144;-0.319394;0.000853862;-0.320627;0.00143623;-0.320462;0.000861871;-0.319233;0.00265434;-0.320372;0.00159107
192000;-0.321317;0.00143394;-0.320686;0.000859791;-0.321123;0.00142769;-0.319421;0.000851707;-0.320641;0.00143258;-0.320444;0.00085958;-0.319248;0.00264778;-0.320367;0.00158691
193000;-0.321383;0.00143026;-0.320634;0.000857386;-0.321259;0.00142418;-0.319408;0.000849285;-0.320651;0.00142885;-0.320444;0.000857291;-0.31928;0.00264098;-0.320345;0.00158263
194000;-0.321307;0.00142652;-0.320623;0.000855203;-0.32137;0.00142048;-0.319453;0.000847102;-0.320643;0.00142526;-0.320378;0.000854883;-0.319412;0.00263476;-0.320309;0.0015785
195000;-0.321262;0.00142274;-0.320612;0.000852976;-0.321408;0.00141685;-0.319412;0.000844692;-0.320706;0.00142154;-0.320337;0.000852472;-0.319203;0.00262695;-0.32023;0.00157432
196000;-0.321393;0.00141922;-0.320581;0.0008506;-0.321358;0.00141325;-0.319435;0.000842536;-0.32075;0.0014179;-0.320394;0.000850665;-0.319229;0.00262005;-0.320249;0.00157056
197000;-0.321447;0.00141553;-0.320578;0.000848485;-0.321376;0.00140964;-0.319417;0.000840303;-0.320654;0.00141409;-0.320386;0.000848322;-0.319265;0.00261355;-0.3203;0.00156683
198000;-0.321431;0.00141183;-0.320559;0.000846392;-0.321399;0.00140606;-0.319383;0.000838075;-0.320686;0.00141037;-0.320411;0.000846217;-0.319182;0.00260665;-0.320232;0.00156247
199000;-0.321453;0.00140826;-0.320567;0.000844261;-0.321465;0.00140255;-0.319347;0.000835884;-0.320687;0.00140678;-0.320372;0.000844068;-0.31913;0.00259915;-0.320261;0.00155886
200000;-0.321447;0.00140473;-0.320571;0.000842245;-0.321454;0.001399;-0.319371;0.000833965;-0.320684;0.00140322;-0.320349;0.000841774;-0.319189;0.00259287;-0.320264;0.00155505
201000;-0.321317;0.00140101;-0.320579;0.000840072;-0.321464;0.00139559;-0.319326;0.000831851;-0.320667;0.00139976;-0.320374;0.000839838;-0.319271;0.00258724;-0.320262;0.00155125
202000;-0.321257;0.00139742;-0.320573;0.000838053;-0.321445;0.00139199;-0.319374;0.000829955;-0.320811;0.00139634;-0.320364;0.00083784;-0.319397;0.00258133;-0.320192;0.00154704
203000;-0.321231;0.00139399;-0.320559;0.000835926;-0.321418;0.00138855;-0.319335;0.000827722;-0.320839;0.00139274;-0.320311;0.000835469;-0.319447;0.00257531;-0.320233;0.00154357
204000;-0.321242;0.00139059;-0.320565;0.000833866;-0.321361;0.00138509;-0.319305;0.000825674;-0.320858;0.00138934;-0.320286;0.000833393;-0.319375;0.00256799;-0.32013;0.00153923
205000;-0.32126;0.00138722;-0.320573;0.000831864;-0.32138;0.00138186;-0.319303;0.00082356;-0.320754;0.001386;-0.320283;0.000831409;-0.319446;0.00256178;-0.320111;0.00153535
206000;-0.32132;0.00138395;-0.320565;0.000829749;-0.321365;0.00137854;-0.319321;0.000821563;-0.32077;0.0013826;-0.32028;0.000829291;-0.319425;0.00255561;-0.320088;0.00153157
207000;-0.32131;0.00138069;-0.320536;0.000827574;-0.321368;0.00137519;-0.319288;0.000819436;-0.320794;0.00137919;-0.320305;0.000827428;-0.319628;0.00255072;-0.320058;0.00152765
208000;-0.321295;0.00137736;-0.320588;0.000825788;-0.321365;0.00137197;-0.319285;0.000817385;-0.320807;0.00137577;-0.320262;0.000825232;-0.319635;0.0025447;-0.320029;0.00152402
209000;-0.32127;0.00137398;-0.320596;0.000823756;-0.321363;0.00136865;-0.319306;0.00081555;-0.320746;0.0013724;-0.320238;0.000823102;-0.319638;0.00253886;-0.319908;0.00151975
210000;-0.321195;0.00137073;-0.32062;0.000821884;-0.321367;0.00136539;-0.319306;0.000813675;-0.320766;0.00136912;-0.320239;0.000821186;-0.31964;0.00253259;-0.319934;0.00151619
211000;-0.32123;0.00136744;-0.320624;0.000820008;-0.321243;0.00136212;-0.319263;0.000811493;-0.32083;0.0013658;-0.320251;0.000819211;-0.319587;0.00252673;-0.319988;0.00151277
212000;-0.321257;0.00136418;-0.320682;0.000818219;-0.321168;0.00135901;-0.319241;0.000809507;-0.320922;0.00136252;-0.320237;0.000817107;-0.319601;0.00252108;-0.319994;0.00150902
213000;-0.321243;0.00136102;-0.320688;0.000816359;-0.321118;0.00135586;-0.319226;0.000807561;-0.320858;0.00135923;-0.320292;0.000815305;-0.319601;0.00251543;-0.319987;0.00150561
214000;-0.32126;0.00135782;-0.320711;0.000814526;-0.321098;0.00135261;-0.319225;0.000805541;-0.320931;0.001356;-0.320276;0.000813311;-0.319518;0.00250961;-0.319894;0.00150172
215000;-0.321226;0.00135464;-0.320681;0.000812543;-0.321036;0.00134939;-0.319255;0.00080382;-0.32091;0.00135281;-0.320264;0.000811414;-0.31942;0.0025032;-0.319877;0.0014983
216000;-0.321203;0.00135147;-0.320675;0.00081061;-0.321095;0.00134626;-0.319219;0.000801772;-0.320943;0.00134969;-0.320315;0.000809784;-0.319479;0.00249762;-0.319956;0.00149526
217000;-0.321114;0.00134827;-0.320691;0.000808751;-0.321102;0.00134314;-0.31922;0.000799785;-0.321043;0.00134667;-0.320294;0.000807824;-0.31973;0.00249276;-0.319922;0.00149164
218000;-0.321051;0.00134521;-0.320678;0.000806808;-0.321037;0.00134003;-0.319224;0.000798043;-0.321072;0.00134358;-0.320268;0.000805882;-0.319526;0.00248595;-0.319892;0.00148799
219000;-0.321053;0.00134217;-0.320738;0.00080528;-0.321078;0.00133697;-0.319284;0.00079638;-0.320989;0.00134042;-0.320304;0.000804235;-0.31951;0.00248016;-0.319949;0.00148453
220000;-0.321109;0.00133915;-0.320759;0.000803483;-0.321055;0.00133387;-0.319283;0.000794562;-0.321012;0.00133741;-0.320306;0.000802402;-0.319418;0.00247386;-0.320012;0.00148139
221000;-0.321163;0.00133614;-0.320804;0.000801787;-0.320965;0.00133072;-0.31926;0.000792606;-0.321007;0.0013344;-0.3203;0.000800546;-0.319417;0.00246787;-0.319938;0.0014776
222000;-0.321132;0.00133303;-0.320816;0.000800051;-0.320914;0.00132764;-0.319246;0.000790797;-0.32098;0.00133136;-0.320308;0.000798798;-0.319223;0.00246134;-0.319837;0.00147387
223000;-0.321113;0.00133008;-0.320832;0.00079833;-0.320929;0.00132477;-0.319258;0.000789136;-0.320998;0.00132833;-0.320274;0.000796989;-0.319308;0.00245639;-0.319804;0.00147043
224000;-0.321099;0.00132704;-0.320862;0.000796631;-0.320863;0.0013218;-0.319224;0.000787176;-0.320944;0.00132535;-0.320338;0.000795446;-0.319446;0.00245191;-0.319743;0.00146684
225000;-0.321163;0.00132403;-0.320832;0.000794705;-0.320875;0.00131889;-0.319245;0.000785448;-0.320992;0.00132242;-0.320318;0.000793624;-0.319346;0.00244586;-0.319742;0.00146359
226000;-0.321195;0.00132117;-0.320833;0.000792921;-0.320873;0.00131597;-0.319276;0.000783783;-0.321049;0.0013195;-0.320321;0.000791838;-0.319458;0.00244134;-0.319796;0.00146061
227000;-0.321034;0.00131808;-0.320843;0.000791122;-0.320863;0.00131302;-0.319283;0.000782149;-0.321054;0.00131657;-0.320302;0.000790035;-0.319359;0.00243513;-0.319768;0.00145727
228000;-0.321038;0.00131522;-0.320839;0.000789452;-0.320846;0.00131013;-0.319279;0.000780449;-0.321035;0.0013137;-0.320296;0.000788361;-0.319437;0.00243063;-0.319741;0.001454
229000;-0.321058;0.0013123;-0.32085;0.00078785;-0.320844;0.00130738;-0.319278;0.000778756;-0.321052;0.00131077;-0.320264;0.000786559;-0.319436;0.00242555;-0.319613;0.0014503
230000;-0.321104;0.00130944;-0.320848;0.0007862;-0.320821;0.00130457;-0.319312;0.000777291;-0.321115;0.00130793;-0.320231;0.000784663;-0.319379;0.00241947;-0.319565;0.00144718
231000;-0.32117;0.00130666;-0.320861;0.000784428;-0.320775;0.00130178;-0.319335;0.000775652;-0.321089;0.00130498;-0.320244;0.000782934;-0.31937;0.0024139;-0.319555;0.00144408
232000;-0.32116;0.00130369;-0.320847;0.000782729;-0.320799;0.00129891;-0.319371;0.00077409;-0.321091;0.00130215;-0.320263;0.000781346;-0.319339;0.00240841;-0.319607;0.00144122
233000;-0.321087;0.00130085;-0.320825;0.000780932;-0.320766;0.00129619;-0.319419;0.000772547;-0.321064;0.00129929;-0.320261;0.000779582;-0.319246;0.00240258;-0.319661;0.00143826
234000;-0.321125;0.00129811;-0.320824;0.000779227;-0.320788;0.00129347;-0.31945;0.000770947;-0.321107;0.00129651;-0.320266;0.000778001;-0.31918;0.00239691;-0.319619;0.00143537
235000;-0.321082;0.00129536;-0.320821;0.000777491;-0.320809;0.00129062;-0.319459;0.000769375;-0.321056;0.00129373;-0.320281;0.00077653;-0.319259;0.00239203;-0.319636;0.00143244
236000;-0.3211;0.0012927;-0.320795;0.000775788;-0.320864;0.00128796;-0.319484;0.000767835;-0.321047;0.00129091;-0.320272;0.000774909;-0.319293;0.00238777;-0.319636;0.00142939
237000;-0.321125;0.00128987;-0.320803;0.000774163;-0.320901;0.00128519;-0.319446;0.000766035;-0.321079;0.00128821;-0.32023;0.000773132;-0.319292;0.00238277;-0.319633;0.00142654
238000;-0.321174;0.00128714;-0.320809;0.000772462;-0.320861;0.00128248;-0.319445;0.000764496;-0.321112;0.00128549;-0.320277;0.000771631;-0.319277;0.00237777;-0.319611;0.00142331
239000;-0.321154;0.0012844;-0.320805;0.000770811;-0.320829;0.00127986;-0.319485;0.000763001;-0.321089;0.00128283;-0.320256;0.000770006;-0.319317;0.00237335;-0.319618;0.00142029
240000;-0.3211;0.00128164;-0.32077;0.000769069;-0.320788;0.00127721;-0.319466;0.000761384;-0.321134;0.00128018;-0.320246;0.000768475;-0.319462;0.0023695;-0.319612;0.00141719
241000;-0.321081;0.00127903;-0.320772;0.000767392;-0.320771;0.00127452;-0.319434;0.00075973;-0.321126;0.00127754;-0.320247;0.000766823;-0.319576;0.00236537;-0.319625;0.00141465
242000;-0.321083;0.00127635;-0.320759;0.000765684;-0.320807;0.00127195;-0.319428;0.000758224;-0.321115;0.00127493;-0.320266;0.000765316;-0.319543;0.00236044;-0.319587;0.00141152
243000;-0.321108;0.00127372;-0.320737;0.000763996;-0.320793;0.00126934;-0.319446;0.000756704;-0.321163;0.00127226;-0.320247;0.00076373;-0.319623;0.00235596;-0.319627;0.00140868
244000;-0.321085;0.00127112;-0.320674;0.000762231;-0.320814;0.00126676;-0.319433;0.000755185;-0.321147;0.00126966;-0.320225;0.00076206;-0.319729;0.0023516;-0.319612;0.00140575
245000;-0.321099;0.00126849;-0.320682;0.000760685;-0.320828;0.00126413;-0.319416;0.000753648;-0.321088;0.00126706;-0.320238;0.000760555;-0.319648;0.00234624;-0.319619;0.00140302
246000;-0.321067;0.00126592;-0.320674;0.000759125;-0.320836;0.00126147;-0.319399;0.000752062;-0.321014;0.00126438;-0.320265;0.000759089;-0.319593;0.00234133;-0.319581;0.00139994
247000;-0.320957;0.00126337;-0.320678;0.000757637;-0.320864;0.00125884;-0.319376;0.000750437;-0.320987;0.00126179;-0.32025;0.000757513;-0.319562;0.00233626;-0.319611;0.00139706
248000;-0.320997;0.00126091;-0.320632;0.000755957;-0.320825;0.00125631;-0.319345;0.000748782;-0.320988;0.00125924;-0.320242;0.000755902;-0.319458;0.00233117;-0.319608;0.00139397
249000;-0.321057;0.00125841;-0.320595;0.000754335;-0.320795;0.00125374;-0.319374;0.000747344;-0.321017;0.00125665;-0.320231;0.000754408;-0.319592;0.00232692;-0.319582;0.00139115
250000;-0.321074;0.00125596;-0.320599;0.000752835;-0.320855;0.00125123;-0.319381;0.000745819;-0.320984;0.00125405;-0.320232;0.000752939;-0.319564;0.00232205;-0.319546;0.00138814
251000;-0.321074;0.00125342;-0.320585;0.000751277;-0.320885;0.00124871;-0.319378;0.000744346;-0.321012;0.00125163;-0.320264;0.000751599;-0.319545;0.00231735;-0.319623;0.00138545
252000;-0.321015;0.00125082;-0.320572;0.000749748;-0.320893;0.00124632;-0.319388;0.000742898;-0.320976;0.00124908;-0.320287;0.000750201;-0.319483;0.00231268;-0.319562;0.00138247
253000;-0.321013;0.0012483;-0.32058;0.000748264;-0.320837;0.00124386;-0.319373;0.000741371;-0.320993;0.00124666;-0.320329;0.000748873;-0.319496;0.00230808;-0.319527;0.00137971
254000;-0.321059;0.0012458;-0.32054;0.000746602;-0.32089;0.00124141;-0.31938;0.000739843;-0.320935;0.00124423;-0.320334;0.000747516;-0.319539;0.00230478;-0.319529;0.00137677
255000;-0.321055;0.00124337;-0.320542;0.000745067;-0.320899;0.00123901;-0.319406;0.000738452;-0.320973;0.00124181;-0.320364;0.000746182;-0.319541;0.00230018;-0.319562;0.00137416
256000;-0.321049;0.00124085;-0.320567;0.000743744;-0.32088;0.00123655;-0.319423;0.000737164;-0.321043;0.00123945;-0.320297;0.00074451;-0.31962;0.00229577;-0.319578;0.00137143
257000;-0.321051;0.00123836;-0.320556;0.000742158;-0.320895;0.00123416;-0.319418;0.000735742;-0.321061;0.00123699;-0.320259;0.000742982;-0.319636;0.00229163;-0.319598;0.0013689
258000;-0.321029;0.00123599;-0.32053;0.000740617;-0.320924;0.00123176;-0.319447;0.000734523;-0.321101;0.00123463;-0.320233;0.000741398;-0.319664;0.00228728;-0.319652;0.00136629
259000;-0.321034;0.00123367;-0.320553;0.000739255;-0.320898;0.00122943;-0.319486;0.000733273;-0.321061;0.00123221;-0.320236;0.000739935;-0.319628;0.00228299;-0.319635;0.00136367
260000;-0.320955;0.00123127;-0.320512;0.000737669;-0.320852;0.00122697;-0.31949;0.000731927;-0.32107;0.00122989;-0.320255;0.000738557;-0.31958;0.00227779;-0.319602;0.00136096
261000;-0.320983;0.00122891;-0.320514;0.000736279;-0.320822;0.00122473;-0.319469;0.000730552;-0.321116;0.00122759;-0.320251;0.000737135;-0.31962;0.00227343;-0.319682;0.00135861
262000;-0.320987;0.00122656;-0.320498;0.000734735;-0.320836;0.00122245;-0.319486;0.000729134;-0.321181;0.00122519;-0.320263;0.000735795;-0.31964;0.00226872;-0.319757;0.0013563
263000;-0.321097;0.00122431;-0.320486;0.00073331;-0.320793;0.0012201;-0.319469;0.000727674;-0.3211;0.00122289;-0.320256;0.000734344;-0.319704;0.00226447;-0.319734;0.00135357
264000;-0.321057;0.00122199;-0.320499;0.000732017;-0.320819;0.00121777;-0.31944;0.000726272;-0.321089;0.00122061;-0.32022;0.000732759;-0.319662;0.00225991;-0.319809;0.00135141
265000;-0.321057;0.00121974;-0.32054;0.000730826;-0.320792;0.00121538;-0.319491;0.000725058;-0.321058;0.0012184;-0.320247;0.000731461;-0.319646;0.00225514;-0.319809;0.00134857
266000;-0.32103;0.00121739;-0.32055;0.000729485;-0.320778;0.00121307;-0.319497;0.00072368;-0.321022;0.00121597;-0.32023;0.000730091;-0.319667;0.0022508;-0.319836;0.00134603
267000;-0.32102;0.00121513;-0.32052;0.000727964;-0.320841;0.00121086;-0.319518;0.000722436;-0.320987;0.00121367;-0.32021;0.000728709;-0.319756;0.00224704;-0.319869;0.00134374
268000;-0.320997;0.00121282;-0.320489;0.000726436;-0.320862;0.00120856;-0.319517;0.000721118;-0.320955;0.00121144;-0.320191;0.000727276;-0.319852;0.00224351;-0.319855;0.00134118
269000;-0.321026;0.00121057;-0.320468;0.000724987;-0.320803;0.00120631;-0.31953;0.00071981;-0.320938;0.00120917;-0.320155;0.000725853;-0.319787;0.00223905;-0.319864;0.00133874
270000;-0.32104;0.00120827;-0.320435;0.00072352;-0.320764;0.00120406;-0.319544;0.000718577;-0.3209;0.00120688;-0.320205;0.000724654;-0.319759;0.00223465;-0.319827;0.0013362
271000;-0.321043;0.00120597;-0.320439;0.00072225;-0.32074;0.00120177;-0.319558;0.000717238;-0.320905;0.00120462;-0.320162;0.000723169;-0.319797;0.00223091;-0.319911;0.00133406
272000;-0.320983;0.00120372;-0.320433;0.000720912;-0.320685;0.00119949;-0.319552;0.000715932;-0.320947;0.00120238;-0.32017;0.000721877;-0.319915;0.00222796;-0.319953;0.00133169
273000;-0.321013;0.00120161;-0.320445;0.000719671;-0.320772;0.00119739;-0.319584;0.000714661;-0.320943;0.00120014;-0.320162;0.000720531;-0.319829;0.00222356;-0.31997;0.00132945
274000;-0.320978;0.00119938;-0.320445;0.000718415;-0.320791;0.00119517;-0.319576;0.000713367;-0.320931;0.00119803;-0.320178;0.000719246;-0.319848;0.00221974;-0.319955;0.00132688
275000;-0.320991;0.00119721;-0.320489;0.000717265;-0.320805;0.00119301;-0.31958;0.00071205;-0.320943;0.00119578;-0.320196;0.000718048;-0.319786;0.00221512;-0.319886;0.00132426
276000;-0.320982;0.00119504;-0.320506;0.000716035;-0.320827;0.00119088;-0.319562;0.000710736;-0.320939;0.00119363;-0.320213;0.000716751;-0.319714;0.00221087;-0.319911;0.00132209
277000;-0.320995;0.00119285;-0.320512;0.000714719;-0.320831;0.00118882;-0.319553;0.000709494;-0.320917;0.00119148;-0.320206;0.000715412;-0.319617;0.00220633;-0.319942;0.00131994
278000;-0.32105;0.00119077;-0.320504;0.000713508;-0.320885;0.0011867;-0.319539;0.000708134;-0.320969;0.00118937;-0.320224;0.000714207;-0.319646;0.00220249;-0.319984;0.00131772
279000;-0.321049;0.00118859;-0.320566;0.00071248;-0.320873;0.00118452;-0.319541;0.000706811;-0.320914;0.00118725;-0.320205;0.000712909;-0.319569;0.00219817;-0.319955;0.00131528
280000;-0.321039;0.00118647;-0.320565;0.000711286;-0.320837;0.00118243;-0.319526;0.000705479;-0.320904;0.00118507;-0.320202;0.000711652;-0.319515;0.00219376;-0.319948;0.00131288
281000;-0.321091;0.00118445;-0.320554;0.000710095;-0.320871;0.00118034;-0.319495;0.000704138;-0.320856;0.00118284;-0.320195;0.000710376;-0.319583;0.00219067;-0.319954;0.00131069
282000;-0.321086;0.00118232;-0.320597;0.000709065;-0.32082;0.00117825;-0.3195;0.000703051;-0.320903;0.00118071;-0.320194;0.000709084;-0.319484;0.00218663;-0.319993;0.00130852
283000;-0.321096;0.00118018;-0.320572;0.000707786;-0.320815;0.00117612;-0.319499;0.000701816;-0.320828;0.00117856;-0.320204;0.000707814;-0.319463;0.00218259;-0.319985;0.00130623
284000;-0.321121;0.00117813;-0.320589;0.00070668;-0.320878;0.00117405;-0.319524;0.000700702;-0.320845;0.00117654;-0.320229;0.000706575;-0.319553;0.00217915;-0.319994;0.00130399
285000;-0.321175;0.00117608;-0.320589;0.000705489;-0.320844;0.00117195;-0.319545;0.000699511;-0.320904;0.00117454;-0.320218;0.000705165;-0.319573;0.0021752;-0.319898;0.00130137
286000;-0.321186;0.00117403;-0.320621;0.000704365;-0.320827;0.00116994;-0.319529;0.000698267;-0.320916;0.00117255;-0.320223;0.000703971;-0.319625;0.00217218;-0.3199;0.00129911
287000;-0.321204;0.00117203;-0.320624;0.000703069;-0.320895;0.00116793;-0.319558;0.000697164;-0.320912;0.00117055;-0.320213;0.000702688;-0.31964;0.00216839;-0.31984;0.00129655
288000;-0.321171;0.00117003;-0.320668;0.000701984;-0.320881;0.00116592;-0.319602;0.000696056;-0.320932;0.00116865;-0.320221;0.000701521;-0.319606;0.00216427;-0.31982;0.00129426
289000;-0.321138;0.00116798;-0.320656;0.000700723;-0.320887;0.00116385;-0.319564;0.000694711;-0.320966;0.00116662;-0.320216;0.000700308;-0.319689;0.00216087;-0.31981;0.00129196
290000;-0.321106;0.00116585;-0.320639;0.000699509;-0.3209;0.00116187;-0.31961;0.000693651;-0.320978;0.00116462;-0.320213;0.000699093;-0.319596;0.00215651;-0.319841;0.00128972
291000;-0.321049;0.00116381;-0.32063;0.000698274;-0.32095;0.00115995;-0.319616;0.000692499;-0.320999;0.00116254;-0.320205;0.00069785;-0.319565;0.00215292;-0.319874;0.00128757
292000;-0.321045;0.00116183;-0.320647;0.000697069;-0.320871;0.00115791;-0.319625;0.000691325;-0.320947;0.00116058;-0.320241;0.000696676;-0.319506;0.00214886;-0.319938;0.00128539
293000;-0.321066;0.00115983;-0.320645;0.000695842;-0.320887;0.00115593;-0.319612;0.000690152;-0.320958;0.00115858;-0.320255;0.00069546;-0.319602;0.00214569;-0.319942;0.00128332
294000;-0.321073;0.00115788;-0.320649;0.000694633;-0.320839;0.00115393;-0.319605;0.000688977;-0.320914;0.00115659;-0.320243;0.000694196;-0.319628;0.00214225;-0.319967;0.00128117
295000;-0.321043;0.0011559;-0.320681;0.000693538;-0.320765;0.00115205;-0.319588;0.000687791;-0.320902;0.00115465;-0.32023;0.000692956;-0.319589;0.00213923;-0.319898;0.00127887
296000;-0.321003;0.0011539;-0.320699;0.000692411;-0.320811;0.00115017;-0.319594;0.000686656;-0.320897;0.00115269;-0.320254;0.000691787;-0.319545;0.00213512;-0.319933;0.00127685
297000;-0.321016;0.001152;-0.320696;0.000691258;-0.320858;0.0011483;-0.319577;0.000685413;-0.320888;0.0011507;-0.320274;0.000690741;-0.319588;0.00213183;-0.31994;0.00127467
298000;-0.320942;0.00115009;-0.320688;0.000690006;-0.320951;0.00114638;-0.319598;0.000684362;-0.32087;0.0011487;-0.320295;0.000689659;-0.319485;0.00212744;-0.319967;0.0012727
299000;-0.320943;0.00114816;-0.320685;0.000688914;-0.320939;0.00114449;-0.319641;0.000683379;-0.320904;0.00114677;-0.320281;0.000688386;-0.319498;0.00212365;-0.319994;0.00127074
300000;-0.320898;0.00114618;-0.320677;0.00068767;-0.320929;0.00114258;-0.319649;0.000682239;-0.320918;0.00114486;-0.320276;0.000687208;-0.319397;0.00211932;-0.319987;0.00126842
301000;-0.320884;0.00114424;-0.320659;0.000686462;-0.320919;0.00114066;-0.319606;0.000680951;-0.320908;0.00114291;-0.320244;0.000685958;-0.319442;0.00211593;-0.319983;0.00126642
302000;-0.320875;0.00114233;-0.320655;0.000685292;-0.320889;0.00113874;-0.319627;0.000679891;-0.320875;0.00114099;-0.320199;0.000684701;-0.319576;0.00211331;-0.319961;0.00126432
303000;-0.320911;0.00114046;-0.320654;0.000684229;-0.320883;0.00113688;-0.319668;0.000678945;-0.320861;0.00113907;-0.320198;0.000683561;-0.319565;0.00210984;-0.31998;0.00126236
304000;-0.320941;0.00113859;-0.320634;0.000683012;-0.320873;0.00113496;-0.319658;0.000677724;-0.320922;0.00113728;-0.320191;0.000682388;-0.319603;0.00210656;-0.319931;0.00126003
305000;-0.32097;0.00113673;-0.320624;0.000681848;-0.320886;0.00113315;-0.319668;0.00067663;-0.320925;0.00113545;-0.320184;0.000681223;-0.319652;0.00210313;-0.319976;0.00125809
306000;-0.320996;0.00113487;-0.320641;0.000680768;-0.320927;0.00113126;-0.319695;0.000675543;-0.320962;0.00113368;-0.320191;0.000680139;-0.319627;0.00209915;-0.319999;0.00125602
307000;-0.320976;0.00113298;-0.320616;0.000679573;-0.320929;0.0011294;-0.319693;0.000674497;-0.320966;0.00113186;-0.320174;0.000678963;-0.319674;0.00209608;-0.319962;0.00125373
308000;-0.32101;0.0011311;-0.32061;0.000678452;-0.320906;0.00112763;-0.319671;0.000673303;-0.320958;0.00113001;-0.320205;0.000677936;-0.31961;0.0020924;-0.319983;0.0012516
309000;-0.321032;0.0011293;-0.320584;0.000677271;-0.320952;0.0011258;-0.319722;0.000672359;-0.320955;0.00112818;-0.320181;0.00067679;-0.319623;0.00208904;-0.319967;0.00124954
310000;-0.321;0.00112746;-0.32057;0.00067617;-0.320919;0.00112398;-0.319729;0.000671263;-0.320993;0.00112643;-0.320151;0.000675592;-0.319526;0.0020851;-0.319996;0.0012475
311000;-0.321025;0.00112569;-0.320569;0.000675059;-0.320866;0.00112224;-0.319732;0.00067017;-0.321001;0.00112466;-0.320163;0.00067457;-0.319547;0.00208147;-0.320028;0.0012455
312000;-0.321038;0.00112387;-0.320569;0.000673967;-0.32083;0.00112038;-0.319769;0.000669182;-0.320986;0.00112283;-0.320175;0.000673525;-0.319537;0.00207775;-0.320015;0.00124355
313000;-0.321062;0.0011221;-0.320563;0.000672877;-0.320828;0.0011185;-0.319759;0.000668136;-0.320954;0.00112105;-0.320183;0.000672478;-0.319529;0.00207441;-0.319941;0.00124142
314000;-0.321007;0.00112032;-0.320584;0.000671852;-0.320771;0.00111667;-0.319785;0.000667155;-0.320955;0.00111931;-0.320137;0.000671262;-0.319524;0.00207124;-0.31999;0.00123963
315000;-0.320978;0.00111855;-0.320569;0.000670751;-0.320855;0.00111493;-0.319793;0.000666064;-0.320926;0.00111755;-0.320129;0.000670173;-0.319462;0.00206739;-0.319997;0.0012378
316000;-0.320993;0.00111684;-0.320575;0.000669709;-0.320862;0.00111317;-0.319799;0.000665108;-0.320957;0.00111576;-0.320118;0.000669084;-0.319421;0.00206404;-0.319924;0.00123571
317000;-0.321032;0.00111509;-0.320586;0.00066874;-0.32088;0.00111144;-0.31978;0.000663944;-0.320917;0.00111403;-0.320105;0.000667991;-0.319505;0.00206118;-0.319968;0.00123394
318000;-0.321061;0.00111335;-0.320605;0.000667779;-0.320846;0.00110969;-0.319765;0.000662911;-0.320902;0.00111225;-0.320116;0.000666958;-0.319595;0.00205835;-0.319984;0.00123194
319000;-0.321044;0.00111158;-0.320623;0.000666774;-0.320803;0.00110795;-0.319751;0.000661884;-0.320895;0.00111053;-0.320082;0.000665817;-0.319655;0.00205551;-0.320034;0.00123
320000;-0.320999;0.00110983;-0.320607;0.000665647;-0.320811;0.00110624;-0.319747;0.000660826;-0.320917;0.00110883;-0.320058;0.000664718;-0.319628;0.00205247;-0.32;0.00122799
321000;-0.321002;0.00110806;-0.320604;0.000664576;-0.3208;0.00110451;-0.31973;0.000659787;-0.320918;0.0011071;-0.320093;0.000663798;-0.319629;0.00204926;-0.320005;0.00122592
322000;-0.321075;0.00110638;-0.320611;0.000663518;-0.320807;0.00110279;-0.319728;0.000658715;-0.320869;0.00110542;-0.320112;0.000662807;-0.319661;0.00204601;-0.32004;0.00122404
323000;-0.321066;0.0011047;-0.320612;0.000662507;-0.320844;0.00110114;-0.319734;0.000657748;-0.320895;0.00110377;-0.320116;0.000661802;-0.319749;0.0020439;-0.319989;0.00122204
324000;-0.321098;0.00110299;-0.32061;0.000661459;-0.320833;0.00109944;-0.319719;0.000656681;-0.32086;0.00110198;-0.320116;0.000660727;-0.319832;0.00204135;-0.320013;0.00122026
325000;-0.321169;0.00110138;-0.320583;0.000660411;-0.320797;0.00109771;-0.319736;0.000655727;-0.320915;0.00110029;-0.320099;0.000659709;-0.319838;0.00203802;-0.319973;0.0012182
326000;-0.321167;0.00109967;-0.320576;0.00065932;-0.320794;0.00109603;-0.319738;0.000654701;-0.320943;0.00109861;-0.320112;0.000658713;-0.319841;0.00203471;-0.319946;0.0012163
327000;-0.321173;0.00109792;-0.320594;0.00065835;-0.320801;0.00109437;-0.319741;0.000653742;-0.320954;0.00109691;-0.320141;0.000657778;-0.319965;0.00203225;-0.31993;0.00121435
328000;-0.321179;0.00109626;-0.320608;0.000657402;-0.320826;0.00109271;-0.319716;0.000652631;-0.320917;0.00109516;-0.320163;0.000656829;-0.320032;0.00202948;-0.319933;0.00121255
329000;-0.32117;0.00109467;-0.3206;0.000656379;-0.320894;0.00109108;-0.319726;0.000651656;-0.320957;0.00109351;-0.320164;0.00065587;-0.320115;0.00202672;-0.319939;0.00121085
330000;-0.321129;0.00109295;-0.320637;0.000655515;-0.320961;0.00108943;-0.31971;0.000650657;-0.320975;0.00109187;-0.320149;0.000654814;-0.320188;0.00202371;-0.319914;0.00120897
331000;-0.321103;0.00109129;-0.32064;0.000654478;-0.320994;0.00108777;-0.319706;0.000649655;-0.321002;0.00109026;-0.320131;0.000653721;-0.320158;0.00202036;-0.319984;0.00120746
332000;-0.321132;0.00108962;-0.32065;0.000653518;-0.321033;0.0010861;-0.319679;0.000648645;-0.321005;0.00108865;-0.320149;0.000652757;-0.320131;0.00201743;-0.319982;0.00120576
333000;-0.32115;0.00108797;-0.320632;0.000652487;-0.321016;0.00108445;-0.319668;0.000647648;-0.321016;0.001087;-0.320126;0.000651673;-0.320134;0.00201467;-0.319962;0.00120395
334000;-0.32117;0.00108637;-0.320645;0.000651548;-0.321025;0.0010828;-0.319687;0.00064679;-0.321028;0.00108536;-0.320133;0.000650744;-0.320098;0.00201148;-0.319973;0.0012021
335000;-0.321195;0.00108473;-0.32064;0.000650563;-0.32098;0.00108113;-0.319715;0.000645864;-0.321004;0.00108373;-0.320127;0.000649777;-0.320069;0.00200831;-0.319971;0.00120028
336000;-0.321232;0.00108316;-0.320646;0.000649586;-0.32097;0.00107957;-0.319708;0.000644878;-0.321031;0.00108212;-0.320115;0.000648784;-0.320025;0.00200495;-0.32;0.00119853
337000;-0.32123;0.00108154;-0.320635;0.000648556;-0.320984;0.00107796;-0.319678;0.000643836;-0.321064;0.00108053;-0.320108;0.000647859;-0.320037;0.00200207;-0.320011;0.00119681
338000;-0.321237;0.00108;-0.320623;0.000647576;-0.320966;0.00107634;-0.319668;0.000642844;-0.321052;0.00107895;-0.320125;0.000646928;-0.320003;0.00199919;-0.320021;0.00119511
339000;-0.321255;0.0010784;-0.320627;0.000646667;-0.320949;0.00107469;-0.319679;0.000641976;-0.321016;0.00107737;-0.320102;0.000645909;-0.31989;0.00199583;-0.320073;0.0011936
340000;-0.321281;0.00107685;-0.320629;0.000645767;-0.320944;0.00107316;-0.319663;0.000640976;-0.321031;0.00107575;-0.320118;0.000645003;-0.320008;0.00199354;-0.320079;0.00119187
341000;-0.321251;0.00107526;-0.320612;0.00064475;-0.320979;0.00107164;-0.319629;0.000639894;-0.321056;0.0010742;-0.320106;0.000644041;-0.319983;0.00199041;-0.320132;0.00119022
342000;-0.321216;0.00107361;-0.320611;0.000643769;-0.320971;0.00107005;-0.319605;0.000638903;-0.321035;0.00107263;-0.320115;0.00064311;-0.320004;0.00198806;-0.320109;0.00118829
343000;-0.321198;0.00107201;-0.320611;0.000642855;-0.320967;0.00106843;-0.319614;0.00063794;-0.321041;0.00107105;-0.320098;0.000642072;-0.319924;0.00198486;-0.320121;0.00118672
344000;-0.321169;0.00107045;-0.320605;0.000641932;-0.320929;0.00106687;-0.31965;0.000637105;-0.321077;0.0010695;-0.32008;0.000641024;-0.31988;0.00198187;-0.32013;0.00118496
345000;-0.321169;0.0010689;-0.320588;0.000640884;-0.320968;0.00106532;-0.319649;0.00063618;-0.321051;0.00106796;-0.320093;0.000640087;-0.319851;0.00197885;-0.320116;0.00118313
346000;-0.321125;0.00106731;-0.320581;0.000639901;-0.320969;0.00106381;-0.319657;0.000635311;-0.321037;0.00106634;-0.320083;0.000639147;-0.319859;0.00197594;-0.320113;0.00118138
347000;-0.321092;0.00106573;-0.320553;0.000638885;-0.320938;0.00106224;-0.319668;0.000634346;-0.321066;0.0010648;-0.320061;0.000638195;-0.319717;0.00197257;-0.320115;0.00117957
348000;-0.321097;0.0010642;-0.320501;0.00063784;-0.320919;0.0010607;-0.319663;0.000633391;-0.32101;0.00106326;-0.32008;0.000637368;-0.319665;0.00196938;-0.320068;0.00117751
349000;-0.32108;0.00106263;-0.320462;0.00063681;-0.320911;0.00105916;-0.319675;0.000632541;-0.320916;0.0010617;-0.320065;0.000636441;-0.319655;0.00196676;-0.320066;0.00117575
350000;-0.32104;0.0010611;-0.320469;0.000635979;-0.320885;0.00105764;-0.319705;0.000631771;-0.320924;0.00106022;-0.320069;0.000635574;-0.319704;0.00196403;-0.320104;0.00117401
351000;-0.321035;0.00105961;-0.320477;0.000635076;-0.320876;0.00105616;-0.31972;0.000630949;-0.320932;0.00105877;-0.320065;0.000634623;-0.319741;0.00196152;-0.320125;0.0011724
352000;-0.321049;0.00105809;-0.32049;0.000634233;-0.320895;0.00105472;-0.319682;0.000629952;-0.320887;0.00105722;-0.320091;0.000633814;-0.319696;0.00195866;-0.320086;0.00117058
353000;-0.321006;0.00105652;-0.320464;0.00063326;-0.320888;0.00105324;-0.319657;0.00062898;-0.320846;0.0010557;-0.320094;0.000632935;-0.319716;0.00195602;-0.320088;0.00116904
354000;-0.321015;0.00105508;-0.320443;0.000632346;-0.320899;0.00105183;-0.31969;0.000628209;-0.320816;0.00105423;-0.320066;0.000631945;-0.319665;0.00195312;-0.320063;0.00116733
355000;-0.32101;0.0010536;-0.320421;0.000631387;-0.320908;0.00105034;-0.319668;0.000627221;-0.320811;0.00105272;-0.320076;0.000631058;-0.319652;0.00195033;-0.320038;0.00116571
356000;-0.321042;0.00105213;-0.320423;0.000630564;-0.320897;0.00104884;-0.319649;0.000626322;-0.320794;0.00105123;-0.320063;0.000630055;-0.319631;0.00194755;-0.320025;0.00116399
357000;-0.321055;0.00105068;-0.320423;0.000629677;-0.320894;0.00104741;-0.319673;0.000625525;-0.320838;0.0010498;-0.320063;0.000629101;-0.319621;0.00194466;-0.320034;0.00116234
358000;-0.321044;0.00104928;-0.320426;0.000628807;-0.320898;0.00104595;-0.319676;0.000624652;-0.320813;0.00104831;-0.320088;0.0006283;-0.319638;0.00194219;-0.320014;0.00116074
359000;-0.320962;0.00104779;-0.320424;0.000627894;-0.320867;0.00104449;-0.319683;0.000623829;-0.32084;0.00104685;-0.320113;0.000627506;-0.31956;0.00193898;-0.320067;0.00115931
360000;-0.320953;0.00104628;-0.320436;0.000627132;-0.320868;0.00104305;-0.319702;0.000622993;-0.320846;0.00104545;-0.320087;0.000626563;-0.319626;0.0019365;-0.320083;0.00115775
361000;-0.321;0.00104483;-0.320446;0.000626305;-0.320814;0.00104159;-0.319702;0.000622112;-0.320854;0.00104399;-0.320106;0.00062575;-0.319556;0.00193356;-0.320083;0.0011561
362000;-0.32096;0.00104333;-0.320433;0.000625428;-0.320801;0.00104016;-0.319703;0.000621247;-0.320828;0.00104259;-0.320126;0.000624995;-0.319546;0.0019305;-0.32004;0.00115434
363000;-0.320911;0.00104187;-0.320423;0.00062454;-0.320808;0.00103873;-0.319678;0.000620325;-0.3208;0.00104115;-0.320117;0.000624083;-0.319523;0.00192776;-0.319985;0.00115268
364000;-0.320899;0.0010404;-0.32044;0.000623806;-0.320844;0.00103735;-0.319681;0.000619498;-0.32085;0.00103979;-0.320118;0.000623232;-0.319466;0.00192479;-0.319978;0.00115099
365000;-0.320918;0.001039;-0.320464;0.000623012;-0.320863;0.00103593;-0.319677;0.000618661;-0.320872;0.00103836;-0.320118;0.00062239;-0.31952;0.00192256;-0.319992;0.00114935
366000;-0.320953;0.00103754;-0.320481;0.000622267;-0.320892;0.00103452;-0.319662;0.0006178;-0.320896;0.001037;-0.320134;0.000621565;-0.319479;0.00192017;-0.320048;0.00114783
367000;-0.320906;0.00103606;-0.320455;0.000621312;-0.320852;0.00103308;-0.319678;0.000616961;-0.320887;0.00103561;-0.320127;0.000620689;-0.319433;0.00191718;-0.320068;0.00114623
368000;-0.320952;0.00103466;-0.32049;0.000620576;-0.32084;0.00103164;-0.319708;0.000616224;-0.320922;0.00103421;-0.320115;0.000619776;-0.319445;0.00191476;-0.320078;0.00114471
369000;-0.320959;0.00103325;-0.320488;0.000619735;-0.320834;0.00103027;-0.319706;0.000615414;-0.32092;0.00103279;-0.320118;0.000618987;-0.319433;0.00191202;-0.320074;0.00114325
370000;-0.320989;0.00103183;-0.320495;0.000618927;-0.320851;0.00102888;-0.319694;0.000614495;-0.320911;0.00103141;-0.320128;0.000618139;-0.319418;0.00190933;-0.320117;0.00114181
371000;-0.320974;0.00103047;-0.32052;0.00061818;-0.320915;0.00102751;-0.319717;0.000613783;-0.320864;0.00102997;-0.320114;0.000617287;-0.319397;0.00190696;-0.320124;0.00114007
372000;-0.320953;0.00102905;-0.320552;0.000617485;-0.320926;0.00102614;-0.31971;0.000612941;-0.320852;0.0010286;-0.320143;0.000616542;-0.319463;0.00190459;-0.320136;0.00113852
373000;-0.320947;0.00102765;-0.320541;0.000616585;-0.320914;0.00102476;-0.319712;0.000612114;-0.32084;0.00102723;-0.32013;0.000615668;-0.319548;0.00190257;-0.320068;0.00113687
374000;-0.320952;0.00102628;-0.320552;0.00061579;-0.320871;0.00102339;-0.319722;0.000611308;-0.320886;0.00102597;-0.320173;0.00061497;-0.319583;0.00190014;-0.320112;0.00113552
375000;-0.320921;0.00102493;-0.320536;0.000614887;-0.320931;0.0010221;-0.319737;0.000610542;-0.320901;0.00102458;-0.320187;0.000614175;-0.3196;0.00189729;-0.320172;0.00113408
376000;-0.32087;0.00102354;-0.320552;0.000614099;-0.320882;0.00102073;-0.319744;0.000609748;-0.320875;0.00102319;-0.320195;0.00061339;-0.31967;0.00189502;-0.320153;0.00113246
377000;-0.320914;0.0010222;-0.320528;0.000613282;-0.320892;0.0010194;-0.319737;0.000608948;-0.320887;0.00102181;-0.320187;0.00061254;-0.319704;0.00189233;-0.320147;0.00113094
378000;-0.320978;0.00102091;-0.320565;0.000612562;-0.320869;0.00101804;-0.319738;0.000608108;-0.320866;0.00102043;-0.320183;0.000611758;-0.319833;0.00189034;-0.320174;0.00112956
379000;-0.320963;0.00101953;-0.320539;0.000611655;-0.320834;0.00101672;-0.319741;0.000607316;-0.320853;0.00101909;-0.320181;0.000610972;-0.319815;0.00188749;-0.320182;0.00112808
380000;-0.320981;0.00101818;-0.320516;0.000610783;-0.320826;0.00101542;-0.319741;0.000606556;-0.320835;0.00101774;-0.320174;0.00061013;-0.319772;0.00188472;-0.3202;0.00112665
381000;-0.320962;0.00101683;-0.320502;0.000609909;-0.320826;0.00101408;-0.319766;0.000605811;-0.320829;0.00101636;-0.320181;0.000609354;-0.319728;0.00188203;-0.320209;0.00112517
382000;-0.320988;0.0010155;-0.32047;0.000608978;-0.320846;0.00101276;-0.319762;0.00060502;-0.320816;0.00101504;-0.320187;0.00060858;-0.319698;0.0018795;-0.320195;0.00112376
383000;-0.321002;0.00101418;-0.320498;0.000608277;-0.320869;0.00101148;-0.31975;0.000604187;-0.320813;0.00101372;-0.320219;0.000607872;-0.319765;0.00187734;-0.32023;0.00112242
384000;-0.320996;0.00101285;-0.320513;0.000607579;-0.320887;0.00101019;-0.319754;0.000603422;-0.320813;0.00101241;-0.320228;0.000607126;-0.319885;0.00187534;-0.32022;0.00112091
385000;-0.321032;0.00101154;-0.32051;0.000606813;-0.320933;0.00100894;-0.319746;0.000602621;-0.32078;0.00101105;-0.320225;0.000606305;-0.319867;0.00187309;-0.320216;0.00111943
386000;-0.321032;0.00101018;-0.320512;0.00060606;-0.320927;0.00100764;-0.319765;0.000601928;-0.320778;0.00100968;-0.320239;0.000605572;-0.319856;0.0018704;-0.320237;0.00111789
387000;-0.320994;0.00100883;-0.320521;0.000605301;-0.32093;0.00100636;-0.319767;0.000601174;-0.320816;0.00100844;-0.320217;0.000604707;-0.319853;0.00186786;-0.320241;0.00111644
388000;-0.32096;0.00100752;-0.320506;0.000604415;-0.320959;0.00100507;-0.31976;0.000600396;-0.320828;0.00100714;-0.320209;0.000603925;-0.319808;0.00186532;-0.320224;0.00111496
389000;-0.320923;0.00100619;-0.320492;0.000603571;-0.320954;0.00100372;-0.31974;0.000599587;-0.320828;0.00100586;-0.320206;0.000603179;-0.319702;0.00186252;-0.320255;0.00111343
390000;-0.320924;0.00100489;-0.320509;0.000602799;-0.320928;0.00100235;-0.319754;0.000598903;-0.32082;0.00100458;-0.320213;0.00060246;-0.319667;0.00185991;-0.320224;0.00111191
391000;-0.320952;0.00100362;-0.3205;0.000602065;-0.320934;0.00100109;-0.319752;0.000598103;-0.320818;0.00100332;-0.32022;0.000601726;-0.319663;0.00185754;-0.320205;0.00111053
392000;-0.320978;0.00100236;-0.320493;0.000601279;-0.3209;0.000999813;-0.319765;0.00059739;-0.320818;0.00100198;-0.320203;0.000600935;-0.319643;0.00185497;-0.320227;0.00110917
393000;-0.320963;0.00100108;-0.320512;0.000600553;-0.320887;0.000998498;-0.31976;0.000596641;-0.320807;0.00100068;-0.320219;0.000600255;-0.319637;0.00185246;-0.320257;0.00110795
394000;-0.32096;0.000999846;-0.32052;0.000599816;-0.320903;0.000997224;-0.319769;0.000595935;-0.320797;0.000999441;-0.320234;0.000599508;-0.319556;0.00184991;-0.320314;0.00110694
395000;-0.32099;0.00099862;-0.320509;0.000599028;-0.32091;0.000995979;-0.31976;0.000595172;-0.32081;0.000998173;-0.320237;0.000598715;-0.319577;0.00184747;-0.320334;0.0011056
396000;-0.320961;0.00099733;-0.3205;0.000598243;-0.320921;0.000994755;-0.319739;0.000594404;-0.320848;0.000996962;-0.320263;0.000598033;-0.319636;0.00184535;-0.320325;0.00110424
397000;-0.320945;0.000996103;-0.320515;0.000597548;-0.320919;0.000993412;-0.319725;0.000593634;-0.320867;0.00099572;-0.320284;0.000597343;-0.31968;0.00184307;-0.320326;0.00110282
398000;-0.320932;0.000994822;-0.320527;0.000596863;-0.320884;0.000992157;-0.319728;0.000592888;-0.320913;0.000994513;-0.320288;0.000596579;-0.319672;0.00184047;-0.320366;0.00110153
399000;-0.320925;0.000993557;-0.320523;0.000596145;-0.320889;0.000990969;-0.319751;0.000592191;-0.320853;0.000993284;-0.320294;0.000595857;-0.319623;0.00183805;-0.320347;0.00110006
400000;-0.320921;0.000992326;-0.320526;0.000595394;-0.320916;0.000989693;-0.319774;0.000591527;-0.32086;0.000992016;-0.320287;0.000595101;-0.319633;0.00183568;-0.320399;0.00109871
401000;-0.320922;0.000991047;-0.320546;0.000594693;-0.320893;0.00098847;-0.319768;0.00059073;-0.320871;0.000990834;-0.320286;0.000594327;-0.319577;0.00183316;-0.320457;0.00109753
402000;-0.320889;0.000989785;-0.320526;0.000593891;-0.320855;0.000987191;-0.319801;0.000590109;-0.320884;0.000989622;-0.320303;0.000593655;-0.3195;0.00183045;-0.32045;0.00109617
403000;-0.320888;0.00098853;-0.320545;0.000593226;-0.320846;0.000985943;-0.319814;0.000589421;-0.32089;0.000988379;-0.320299;0.00059294;-0.319507;0.00182819;-0.320468;0.00109479
404000;-0.320907;0.000987311;-0.320539;0.000592485;-0.320828;0.000984688;-0.319835;0.000588797;-0.32088;0.000987151;-0.320317;0.000592193;-0.31945;0.0018257;-0.32048;0.00109345
405000;-0.320959;0.000986114;-0.320531;0.000591703;-0.320778;0.000983484;-0.319838;0.000588056;-0.320864;0.000985879;-0.320309;0.000591469;-0.319403;0.00182341;-0.320508;0.00109213
406000;-0.320968;0.000984881;-0.320532;0.000590957;-0.320815;0.000982293;-0.319829;0.00058733;-0.320859;0.000984641;-0.320322;0.000590807;-0.319359;0.00182124;-0.320463;0.00109064
407000;-0.320947;0.000983662;-0.320537;0.000590262;-0.320813;0.000981094;-0.319829;0.000586601;-0.320839;0.000983449;-0.320333;0.000590125;-0.319317;0.0018189;-0.320435;0.0010892
408000;-0.32092;0.000982485;-0.320541;0.000589529;-0.320826;0.000979894;-0.319837;0.000585899;-0.320841;0.000982241;-0.320338;0.000589429;-0.319387;0.00181707;-0.320451;0.001088
409000;-0.320893;0.000981319;-0.32053;0.000588725;-0.320839;0.000978694;-0.319842;0.000585194;-0.320833;0.000981009;-0.320341;0.000588704;-0.319377;0.00181477;-0.320389;0.00108643
410000;-0.320901;0.000980115;-0.320547;0.000588087;-0.320836;0.000977517;-0.319864;0.000584563;-0.320808;0.000979779;-0.320335;0.000587969;-0.319283;0.00181214;-0.320402;0.00108514
411000;-0.320858;0.000978908;-0.320535;0.000587343;-0.320855;0.000976355;-0.319868;0.000583863;-0.320838;0.00097863;-0.320335;0.00058725;-0.319294;0.0018099;-0.320357;0.00108373
412000;-0.320896;0.00097777;-0.320551;0.000586698;-0.320859;0.000975195;-0.319893;0.00058325;-0.320866;0.000977463;-0.320349;0.000586546;-0.319332;0.00180779;-0.320382;0.00108238
413000;-0.3209;0.00097658;-0.320528;0.000585966;-0.320823;0.000974002;-0.319875;0.000582515;-0.320876;0.000976283;-0.320373;0.000585911;-0.31936;0.00180548;-0.320368;0.00108104
414000;-0.320907;0.000975376;-0.320525;0.000585267;-0.32085;0.000972832;-0.319882;0.000581877;-0.320843;0.000975049;-0.320383;0.00058518;-0.319319;0.00180303;-0.320307;0.00107964
415000;-0.320934;0.000974221;-0.320531;0.000584575;-0.320843;0.00097163;-0.319888;0.000581197;-0.320838;0.000973891;-0.320387;0.000584488;-0.319332;0.00180065;-0.320262;0.00107822
416000;-0.320931;0.000973033;-0.320518;0.000583837;-0.320837;0.00097047;-0.31992;0.000580572;-0.320846;0.000972714;-0.320415;0.000583863;-0.319366;0.00179853;-0.32026;0.00107687
417000;-0.32091;0.000971865;-0.320522;0.000583123;-0.320787;0.000969267;-0.319912;0.000579834;-0.320795;0.000971534;-0.320426;0.000583204;-0.319359;0.00179616;-0.320227;0.00107546
418000;-0.320886;0.000970683;-0.320505;0.000582394;-0.320806;0.000968113;-0.319918;0.000579141;-0.32075;0.000970393;-0.32044;0.000582573;-0.31939;0.00179403;-0.320236;0.00107409
419000;-0.320911;0.000969536;-0.320505;0.000581699;-0.320809;0.00096697;-0.319925;0.000578457;-0.320734;0.000969261;-0.320462;0.000581909;-0.31952;0.00179238;-0.320244;0.00107287
420000;-0.320916;0.00096836;-0.320524;0.00058106;-0.320788;0.000965823;-0.319959;0.000577886;-0.320711;0.000968097;-0.320429;0.000581092;-0.319493;0.00179023;-0.320224;0.00107146
421000;-0.320904;0.00096718;-0.320544;0.000580485;-0.320781;0.000964665;-0.319961;0.000577235;-0.3207;0.000966937;-0.320418;0.00058037;-0.319472;0.00178836;-0.320281;0.00107041
422000;-0.320905;0.000966063;-0.320521;0.000579742;-0.320775;0.000963513;-0.319957;0.000576561;-0.320659;0.00096578;-0.320426;0.000579705;-0.319452;0.00178624;-0.320284;0.00106914
423000;-0.320927;0.000964879;-0.320521;0.00057905;-0.320809;0.000962383;-0.319959;0.000575884;-0.320687;0.000964671;-0.320446;0.000579106;-0.31943;0.00178415;-0.320284;0.00106788
424000;-0.320947;0.000963746;-0.320532;0.00057839;-0.320804;0.000961234;-0.319946;0.000575174;-0.320703;0.000963548;-0.320449;0.000578426;-0.319417;0.00178205;-0.320275;0.00106665
425000;-0.320928;0.000962588;-0.320529;0.000577672;-0.320843;0.000960135;-0.319966;0.000574578;-0.320704;0.000962412;-0.320437;0.000577701;-0.319391;0.00177978;-0.32028;0.00106533
426000;-0.320938;0.000961454;-0.320533;0.000577026;-0.320846;0.000958997;-0.319963;0.000573915;-0.320713;0.00096128;-0.320427;0.000577026;-0.31936;0.00177767;-0.320271;0.00106401
427000;-0.320936;0.000960364;-0.32053;0.000576319;-0.32089;0.000957883;-0.319965;0.000573257;-0.320742;0.000960152;-0.320432;0.000576402;-0.319336;0.00177551;-0.320249;0.00106278
428000;-0.320937;0.000959214;-0.320519;0.000575595;-0.320893;0.000956786;-0.319973;0.000572619;-0.320726;0.000958993;-0.320434;0.000575729;-0.319311;0.00177347;-0.32024;0.0010616
429000;-0.320942;0.00095812;-0.32052;0.000574949;-0.32085;0.000955633;-0.319969;0.000571924;-0.320777;0.000957892;-0.320452;0.000575105;-0.319324;0.0017713;-0.320251;0.00106039
430000;-0.320923;0.000956983;-0.320521;0.000574257;-0.320865;0.000954526;-0.31997;0.000571235;-0.320796;0.000956764;-0.320452;0.000574445;-0.319247;0.001769;-0.320312;0.00105927
431000;-0.320921;0.000955879;-0.320537;0.000573649;-0.320878;0.000953436;-0.319967;0.00057059;-0.32083;0.000955652;-0.320479;0.00057382;-0.319265;0.00176692;-0.320309;0.00105815
432000;-0.320938;0.000954763;-0.320524;0.000572945;-0.320893;0.000952346;-0.319978;0.00057;-0.320865;0.000954567;-0.320502;0.000573201;-0.319285;0.00176522;-0.320346;0.00105701
433000;-0.320955;0.000953673;-0.320528;0.000572281;-0.320888;0.000951242;-0.319973;0.000569298;-0.320822;0.00095345;-0.320494;0.000572547;-0.31933;0.00176328;-0.320373;0.00105594
434000;-0.32094;0.000952625;-0.320556;0.00057166;-0.320877;0.000950115;-0.320014;0.00056875;-0.320817;0.00095233;-0.32049;0.00057188;-0.319341;0.0017613;-0.320398;0.00105481
435000;-0.320947;0.000951559;-0.320551;0.000571;-0.320878;0.000949023;-0.320007;0.000568074;-0.320859;0.000951263;-0.320486;0.00057119;-0.319363;0.0017594;-0.320387;0.00105361
436000;-0.320948;0.000950467;-0.320544;0.00057033;-0.320883;0.000947918;-0.320023;0.000567476;-0.320826;0.000950203;-0.32049;0.000570584;-0.319407;0.0017574;-0.320407;0.00105248
437000;-0.320969;0.000949407;-0.320521;0.000569582;-0.320867;0.000946822;-0.320021;0.000566829;-0.320828;0.000949094;-0.320513;0.000570012;-0.319405;0.0017556;-0.320415;0.00105129
438000;-0.320966;0.000948282;-0.320528;0.000568966;-0.320876;0.000945752;-0.320024;0.000566189;-0.3208;0.000947976;-0.320552;0.000569476;-0.319411;0.00175359;-0.320443;0.00105015
439000;-0.32095;0.000947229;-0.320526;0.000568335;-0.320869;0.000944678;-0.32;0.000565486;-0.320767;0.000946895;-0.320525;0.00056874;-0.319505;0.00175207;-0.320501;0.00104908
440000;-0.320992;0.000946164;-0.320512;0.000567665;-0.320856;0.000943584;-0.319976;0.000564804;-0.320762;0.000945806;-0.320528;0.000568077;-0.319531;0.00175023;-0.320492;0.00104785
441000;-0.321012;0.000945111;-0.320519;0.000567051;-0.320887;0.000942482;-0.319984;0.000564157;-0.320733;0.000944723;-0.320524;0.000567427;-0.319537;0.00174844;-0.320494;0.00104675
442000;-0.32099;0.000944049;-0.320523;0.000566402;-0.320854;0.000941413;-0.31998;0.000563546;-0.320742;0.000943668;-0.320513;0.00056676;-0.319548;0.00174655;-0.320499;0.00104577
443000;-0.321011;0.000942979;-0.320529;0.000565751;-0.320851;0.000940353;-0.319989;0.000562935;-0.320743;0.000942595;-0.320524;0.000566161;-0.319621;0.00174483;-0.320513;0.00104459
444000;-0.321012;0.00094191;-0.320548;0.000565192;-0.320876;0.000939325;-0.319987;0.000562324;-0.320728;0.000941537;-0.320515;0.000565475;-0.319672;0.00174335;-0.320562;0.00104369
445000;-0.321013;0.000940813;-0.32055;0.000564551;-0.32082;0.000938284;-0.319984;0.000561678;-0.320717;0.000940498;-0.320547;0.000564886;-0.319614;0.00174115;-0.320573;0.00104248
446000;-0.320992;0.000939784;-0.320557;0.000563941;-0.320857;0.000937275;-0.319968;0.000561012;-0.3207;0.000939453;-0.320563;0.000564304;-0.319598;0.00173926;-0.320564;0.00104132
447000;-0.321015;0.000938727;-0.320566;0.000563296;-0.320853;0.000936201;-0.319953;0.000560337;-0.320716;0.000938411;-0.320575;0.000563677;-0.319634;0.00173732;-0.320511;0.00104008
448000;-0.320977;0.00093768;-0.320566;0.000562645;-0.320865;0.000935156;-0.319938;0.000559682;-0.320738;0.000937369;-0.320581;0.000563068;-0.319605;0.00173527;-0.320508;0.00103897
449000;-0.320982;0.000936674;-0.320581;0.000562092;-0.320865;0.000934113;-0.319939;0.000559092;-0.320742;0.000936325;-0.320588;0.00056248;-0.319566;0.00173343;-0.320505;0.00103789
450000;-0.320943;0.000935636;-0.320583;0.000561476;-0.320833;0.000933051;-0.319923;0.000558437;-0.320779;0.000935321;-0.32059;0.000561886;-0.31952;0.00173138;-0.320547;0.00103687
451000;-0.320949;0.000934612;-0.320581;0.00056081;-0.32083;0.000931984;-0.319923;0.000557895;-0.320801;0.000934286;-0.320598;0.00056125;-0.319568;0.00172963;-0.320539;0.00103575
452000;-0.32091;0.000933571;-0.320567;0.00056015;-0.32082;0.000930943;-0.319935;0.000557323;-0.320847;0.000933284;-0.320623;0.000560678;-0.319517;0.00172755;-0.320551;0.00103456
453000;-0.320913;0.000932519;-0.320584;0.000559566;-0.320872;0.000929961;-0.319948;0.000556739;-0.320869;0.000932253;-0.320632;0.000560071;-0.319484;0.00172557;-0.320534;0.00103347
454000;-0.320926;0.000931506;-0.32059;0.000558982;-0.320862;0.00092892;-0.319955;0.000556119;-0.320857;0.000931218;-0.320647;0.000559499;-0.319504;0.0017236;-0.320533;0.00103228
455000;-0.320904;0.000930489;-0.320557;0.000558304;-0.320879;0.000927898;-0.319951;0.000555437;-0.320881;0.000930204;-0.320643;0.000558836;-0.31942;0.00172136;-0.320501;0.00103102
456000;-0.320892;0.000929437;-0.320574;0.000557697;-0.320885;0.000926861;-0.31996;0.000554892;-0.32087;0.000929199;-0.320655;0.000558259;-0.319414;0.0017193;-0.320494;0.00102984
457000;-0.320894;0.000928423;-0.320573;0.000557099;-0.320934;0.000925871;-0.319977;0.000554308;-0.320872;0.000928175;-0.320646;0.000557631;-0.319456;0.00171765;-0.320519;0.00102878
458000;-0.320896;0.000927408;-0.320559;0.000556444;-0.320914;0.000924854;-0.320002;0.00055376;-0.320886;0.000927168;-0.320662;0.000557052;-0.319423;0.00171564;-0.320513;0.00102762
459000;-0.320874;0.000926395;-0.320584;0.000555914;-0.320918;0.000923877;-0.320014;0.000553172;-0.320854;0.000926153;-0.32066;0.00055644;-0.319447;0.00171401;-0.320498;0.00102644
460000;-0.320882;0.000925393;-0.320567;0.000555271;-0.32092;0.000922851;-0.320005;0.000552561;-0.320881;0.000925172;-0.320639;0.000555763;-0.319486;0.00171229;-0.320523;0.00102535
461000;-0.320888;0.000924416;-0.320579;0.000554669;-0.320903;0.000921852;-0.32;0.000551973;-0.320883;0.000924156;-0.320634;0.000555166;-0.319532;0.00171087;-0.320508;0.00102414
462000;-0.320901;0.000923438;-0.320591;0.000554107;-0.320885;0.000920836;-0.31999;0.000551376;-0.320872;0.000923155;-0.32063;0.000554569;-0.319578;0.00170923;-0.320498;0.00102293
463000;-0.320912;0.000922431;-0.32057;0.00055348;-0.320866;0.000919821;-0.319999;0.000550801;-0.320881;0.000922128;-0.320648;0.000554019;-0.319575;0.00170732;-0.320508;0.00102191
464000;-0.320899;0.000921456;-0.320595;0.000552923;-0.32089;0.000918822;-0.320005;0.000550254;-0.320882;0.000921126;-0.320634;0.000553366;-0.319647;0.0017058;-0.320539;0.00102086
465000;-0.320904;0.000920466;-0.320597;0.000552326;-0.32087;0.000917845;-0.320014;0.000549689;-0.320832;0.000920109;-0.32065;0.000552831;-0.319606;0.00170375;-0.320521;0.00101973
466000;-0.320887;0.000919452;-0.320603;0.000551766;-0.320894;0.000916857;-0.320001;0.000549034;-0.320838;0.000919098;-0.320664;0.000552266;-0.319631;0.00170202;-0.320545;0.00101868
467000;-0.320867;0.000918484;-0.320606;0.000551195;-0.320913;0.000915888;-0.32002;0.000548521;-0.320819;0.000918089;-0.320663;0.000551675;-0.319699;0.00170037;-0.320549;0.00101772
468000;-0.32085;0.000917485;-0.320605;0.000550594;-0.320911;0.000914904;-0.320024;0.000547937;-0.320818;0.000917113;-0.320655;0.000551082;-0.319674;0.00169831;-0.320519;0.00101654
469000;-0.320861;0.000916549;-0.320598;0.000549981;-0.320924;0.000913932;-0.320014;0.000547323;-0.320836;0.000916125;-0.320635;0.00055047;-0.319647;0.0016964;-0.320488;0.00101538
470000;-0.320837;0.00091557;-0.32058;0.000549352;-0.320952;0.000912952;-0.320018;0.000546753;-0.32085;0.000915152;-0.320647;0.000549885;-0.319668;0.00169461;-0.320494;0.00101428
471000;-0.320826;0.000914591;-0.320579;0.00054875;-0.320939;0.000912013;-0.320007;0.000546149;-0.320819;0.000914164;-0.320648;0.000549276;-0.31962;0.00169265;-0.320517;0.00101319
472000;-0.320827;0.000913606;-0.320591;0.000548184;-0.320947;0.000911018;-0.319987;0.000545527;-0.320842;0.000913222;-0.320647;0.000548677;-0.319606;0.00169094;-0.320489;0.00101198
473000;-0.320836;0.000912667;-0.320601;0.00054763;-0.32093;0.000910075;-0.31999;0.000544953;-0.32081;0.00091225;-0.320641;0.000548051;-0.319603;0.0016892;-0.320476;0.00101086
474000;-0.320823;0.000911714;-0.320592;0.000547062;-0.320925;0.000909148;-0.319999;0.000544435;-0.320786;0.000911272;-0.320643;0.000547457;-0.319619;0.00168756;-0.320469;0.00100979
475000;-0.320782;0.000910749;-0.3206;0.0005465;-0.320907;0.000908193;-0.319992;0.000543815;-0.320761;0.000910274;-0.320652;0.000546917;-0.319589;0.00168575;-0.320474;0.00100863
476000;-0.320782;0.000909766;-0.320582;0.000545905;-0.32093;0.00090728;-0.319983;0.000543201;-0.320727;0.000909334;-0.320661;0.000546341;-0.31957;0.00168395;-0.32046;0.00100758
477000;-0.320789;0.000908805;-0.320577;0.000545298;-0.320915;0.00090633;-0.319975;0.000542616;-0.320726;0.000908391;-0.320649;0.000545749;-0.319581;0.0016821;-0.320485;0.00100654
478000;-0.32074;0.000907824;-0.320593;0.000544765;-0.320917;0.0009054;-0.319986;0.000542073;-0.320732;0.000907447;-0.320649;0.000545179;-0.319629;0.00168061;-0.320516;0.0010055
479000;-0.320723;0.000906849;-0.320608;0.000544238;-0.320898;0.000904437;-0.31999;0.000541501;-0.320733;0.000906501;-0.320632;0.000544587;-0.31958;0.00167878;-0.320475;0.00100434
480000;-0.320707;0.0009059;-0.320597;0.000543675;-0.320888;0.00090348;-0.319997;0.000540956;-0.320786;0.000905558;-0.320646;0.000544075;-0.319566;0.00167689;-0.320471;0.00100321
481000;-0.320705;0.000904968;-0.320602;0.000543112;-0.320866;0.000902521;-0.320009;0.000540412;-0.320819;0.000904635;-0.320673;0.000543579;-0.319635;0.00167543;-0.320491;0.00100231
482000;-0.320729;0.000904051;-0.320597;0.000542519;-0.320896;0.000901606;-0.320006;0.000539863;-0.320829;0.000903685;-0.320678;0.000543044;-0.319653;0.0016737;-0.320498;0.00100137
483000;-0.320713;0.000903109;-0.320579;0.000541928;-0.320892;0.000900664;-0.319995;0.000539267;-0.320844;0.000902757;-0.320675;0.000542436;-0.319667;0.00167179;-0.320516;0.00100037
484000;-0.3207;0.000902187;-0.320574;0.000541389;-0.320897;0.000899766;-0.320013;0.000538731;-0.320862;0.000901822;-0.320674;0.000541856;-0.319643;0.00166985;-0.320491;0.000999296
485000;-0.320696;0.000901242;-0.320574;0.000540833;-0.320877;0.00089881;-0.32001;0.000538153;-0.320875;0.000900942;-0.320677;0.000541293;-0.319672;0.00166826;-0.320467;0.000998227
486000;-0.320739;0.000900313;-0.320572;0.000540255;-0.320854;0.000897868;-0.32002;0.000537639;-0.320866;0.000900032;-0.320664;0.000540727;-0.31974;0.00166672;-0.320443;0.000997059
487000;-0.320743;0.000899385;-0.320589;0.000539753;-0.320853;0.000896968;-0.32;0.000537023;-0.320893;0.000899122;-0.320649;0.000540124;-0.319752;0.00166516;-0.320409;0.000995933
488000;-0.32074;0.000898466;-0.320612;0.000539261;-0.320857;0.000896051;-0.320009;0.000536462;-0.320922;0.000898232;-0.320635;0.000539512;-0.319744;0.00166356;-0.320392;0.000994933
489000;-0.320759;0.000897543;-0.320613;0.000538692;-0.320866;0.000895149;-0.320008;0.000535936;-0.320861;0.000897288;-0.320641;0.000538976;-0.319755;0.001662;-0.320389;0.000993973
490000;-0.320715;0.000896611;-0.320629;0.000538171;-0.32088;0.00089427;-0.319994;0.000535336;-0.320866;0.000896389;-0.320643;0.000538434;-0.319727;0.00166018;-0.320391;0.000992984
491000;-0.320721;0.000895717;-0.320636;0.000537652;-0.320869;0.000893342;-0.319992;0.000534749;-0.320871;0.000895487;-0.320664;0.00053792;-0.319789;0.00165854;-0.32036;0.00099187
492000;-0.320707;0.000894773;-0.32064;0.000537078;-0.320804;0.000892402;-0.319985;0.000534199;-0.320878;0.000894586;-0.320654;0.000537297;-0.319817;0.00165691;-0.320371;0.000990851
493000;-0.320726;0.000893857;-0.320647;0.000536538;-0.320797;0.000891533;-0.319975;0.000533623;-0.320872;0.000893668;-0.320639;0.000536662;-0.319872;0.00165548;-0.320372;0.000989848
494000;-0.320722;0.00089291;-0.320668;0.000536057;-0.320798;0.000890631;-0.319974;0.000533089;-0.320854;0.000892746;-0.320639;0.000536134;-0.3199;0.00165392;-0.320375;0.000988853
495000;-0.320712;0.000892016;-0.320691;0.000535578;-0.32083;0.000889724;-0.319996;0.000532637;-0.320862;0.000891806;-0.320638;0.000535614;-0.319916;0.00165245;-0.320365;0.000987798
496000;-0.320708;0.000891091;-0.320702;0.000535066;-0.320868;0.000888827;-0.32001;0.000532134;-0.320865;0.000890878;-0.320639;0.000535038;-0.319973;0.00165095;-0.320351;0.000986719
497000;-0.320693;0.000890154;-0.320684;0.000534484;-0.320881;0.000887896;-0.319984;0.000531541;-0.320881;0.000889984;-0.320626;0.000534475;-0.319969;0.00164927;-0.320363;0.000985702
498000;-0.320695;0.000889235;-0.320672;0.000533953;-0.320871;0.00088699;-0.320003;0.000531067;-0.320886;0.000889085;-0.320607;0.000533875;-0.319928;0.00164748;-0.320333;0.000984668
499000;-0.320691;0.000888349;-0.320657;0.000533366;-0.32085;0.000886085;-0.319998;0.000530521;-0.320891;0.000888217;-0.320605;0.000533356;-0.319951;0.00164605;-0.320343;0.000983779
500000;-0.320659;0.000887435;-0.320668;0.000532878;-0.320843;0.000885202;-0.319998;0.000530019;-0.32087;0.000887339;-0.320591;0.000532823;-0.319923;0.00164428;-0.320322;0.000982791
501000;-0.320705;0.000886588;-0.320686;0.000532425;-0.320833;0.000884303;-0.319992;0.000529495;-0.320845;0.000886457;-0.320583;0.000532279;-0.319878;0.0016424;-0.32034;0.000981888
502000;-0.320697;0.000885654;-0.320683;0.0005319;-0.320829;0.000883416;-0.319976;0.000528889;-0.320826;0.00088558;-0.320577;0.000531717;-0.319892;0.00164087;-0.320334;0.000980931
503000;-0.320709;0.000884783;-0.320691;0.000531381;-0.320854;0.000882578;-0.31997;0.00052832;-0.320831;0.000884695;-0.320587;0.000531199;-0.319844;0.00163902;-0.320323;0.000979915
504000;-0.320703;0.000883906;-0.320683;0.000530868;-0.320836;0.00088173;-0.319964;0.000527797;-0.320837;0.000883805;-0.320591;0.000530671;-0.319782;0.00163721;-0.320341;0.000979025
505000;-0.320694;0.000883013;-0.320689;0.000530366;-0.320829;0.000880837;-0.319967;0.000527267;-0.320821;0.000882917;-0.320567;0.000530081;-0.319798;0.00163573;-0.320334;0.000978003
506000;-0.320658;0.000882149;-0.320693;0.000529851;-0.32083;0.000879945;-0.319983;0.000526781;-0.320785;0.00088205;-0.320572;0.000529574;-0.319799;0.00163419;-0.320334;0.000976974
507000;-0.320635;0.000881262;-0.320684;0.000529311;-0.320818;0.000879094;-0.320004;0.000526328;-0.320779;0.000881181;-0.320574;0.000529009;-0.319737;0.00163233;-0.320321;0.000975907
508000;-0.320595;0.000880394;-0.320684;0.000528802;-0.320822;0.000878224;-0.320013;0.000525836;-0.320782;0.00088031;-0.32059;0.000528523;-0.319727;0.00163083;-0.320325;0.000974931
509000;-0.320584;0.000879508;-0.320699;0.000528335;-0.320811;0.000877345;-0.320013;0.000525329;-0.320744;0.000879433;-0.320588;0.000527968;-0.319773;0.00162936;-0.320302;0.000973857
510000;-0.320562;0.000878609;-0.320664;0.000527707;-0.320795;0.000876475;-0.320006;0.000524823;-0.320747;0.000878611;-0.320603;0.000527499;-0.319837;0.00162797;-0.320305;0.000972868
511000;-0.320583;0.000877765;-0.320678;0.000527216;-0.320814;0.000875595;-0.320011;0.000524296;-0.320741;0.000877745;-0.320598;0.000526981;-0.319812;0.00162627;-0.32034;0.000971981
512000;-0.320582;0.000876894;-0.320684;0.000526749;-0.320837;0.000874753;-0.320003;0.000523724;-0.320746;0.00087688;-0.320618;0.000526509;-0.319769;0.00162445;-0.32037;0.000971131
513000;-0.320565;0.000876046;-0.320692;0.000526253;-0.320854;0.000873884;-0.319981;0.000523178;-0.320776;0.000876043;-0.320604;0.000525941;-0.319689;0.00162249;-0.320356;0.000970197
514000;-0.320543;0.000875173;-0.320714;0.000525805;-0.320863;0.000873038;-0.319987;0.000522685;-0.320737;0.000875159;-0.320594;0.000525395;-0.319742;0.00162113;-0.320377;0.000969334
515000;-0.320504;0.000874341;-0.320707;0.000525261;-0.320883;0.000872209;-0.319988;0.000522186;-0.320714;0.000874254;-0.32059;0.000524919;-0.319744;0.00161966;-0.320377;0.00096834
516000;-0.320521;0.00087349;-0.320691;0.0005247;-0.320886;0.000871372;-0.320001;0.000521765;-0.320701;0.000873405;-0.320574;0.000524336;-0.319745;0.00161811;-0.32038;0.000967455
517000;-0.320527;0.000872647;-0.320681;0.000524178;-0.320869;0.000870527;-0.320004;0.00052127;-0.320702;0.000872543;-0.320552;0.000523738;-0.319703;0.00161646;-0.320367;0.000966501
518000;-0.320516;0.000871772;-0.32068;0.00052369;-0.320858;0.000869671;-0.319993;0.000520746;-0.32074;0.000871724;-0.320553;0.000523203;-0.319755;0.00161513;-0.320375;0.000965517
519000;-0.320501;0.000870919;-0.320689;0.000523212;-0.320851;0.000868804;-0.319995;0.000520255;-0.320743;0.00087089;-0.320544;0.000522679;-0.319793;0.0016137;-0.320376;0.00096467
520000;-0.320507;0.000870074;-0.320706;0.00052273;-0.320835;0.000867987;-0.319997;0.000519745;-0.320721;0.000870041;-0.32056;0.000522222;-0.319811;0.00161211;-0.320374;0.00096373
521000;-0.320488;0.000869251;-0.320704;0.000522218;-0.320825;0.000867161;-0.320006;0.000519269;-0.320736;0.000869194;-0.320575;0.000521767;-0.319775;0.00161049;-0.320413;0.000962931
522000;-0.320499;0.000868401;-0.320699;0.000521716;-0.320803;0.000866317;-0.320002;0.000518766;-0.320734;0.000868361;-0.320571;0.000521269;-0.319764;0.00160895;-0.320452;0.000962096
523000;-0.320522;0.000867599;-0.320706;0.000521209;-0.320829;0.000865507;-0.32001;0.000518317;-0.320713;0.000867535;-0.320562;0.000520719;-0.319818;0.00160757;-0.320448;0.000961139
524000;-0.320519;0.000866779;-0.3207;0.000520672;-0.32081;0.000864687;-0.319993;0.000517739;-0.32069;0.000866701;-0.320563;0.000520218;-0.319816;0.0016061;-0.320452;0.00096028
525000;-0.320554;0.000865972;-0.320695;0.000520138;-0.320808;0.000863871;-0.319984;0.000517221;-0.320686;0.000865883;-0.320559;0.000519711;-0.319766;0.00160438;-0.320456;0.000959359
526000;-0.320562;0.000865159;-0.320703;0.000519646;-0.320824;0.000863048;-0.319978;0.000516722;-0.320685;0.000865048;-0.320542;0.000519175;-0.319819;0.00160306;-0.320451;0.000958362
527000;-0.32056;0.000864333;-0.320693;0.000519165;-0.320822;0.000862225;-0.319981;0.000516251;-0.320638;0.000864206;-0.320554;0.000518713;-0.319847;0.00160159;-0.320437;0.000957362
528000;-0.320561;0.000863549;-0.32068;0.000518601;-0.320812;0.000861426;-0.319945;0.000515684;-0.320633;0.00086338;-0.320543;0.000518171;-0.319917;0.00160044;-0.320486;0.000956574
529000;-0.320605;0.000862783;-0.320679;0.000518095;-0.320827;0.0008606;-0.319949;0.000515184;-0.320639;0.00086257;-0.320527;0.000517627;-0.319871;0.00159877;-0.320495;0.000955674
530000;-0.320594;0.000861907;-0.320691;0.000517624;-0.320823;0.000859785;-0.319955;0.000514721;-0.320625;0.000861745;-0.320521;0.000517116;-0.319827;0.00159722;-0.320492;0.00095477
531000;-0.320582;0.00086109;-0.320711;0.000517173;-0.320801;0.000858969;-0.319951;0.000514241;-0.320625;0.000860945;-0.320519;0.000516654;-0.31982;0.00159566;-0.32046;0.000953834
532000;-0.320597;0.000860255;-0.3207;0.000516674;-0.320823;0.000858188;-0.31995;0.000513771;-0.320612;0.000860127;-0.32053;0.00051619;-0.31988;0.00159446;-0.320499;0.000953097
533000;-0.32058;0.000859479;-0.320708;0.000516204;-0.320834;0.000857389;-0.319954;0.000513334;-0.320626;0.000859344;-0.320524;0.000515688;-0.31987;0.00159306;-0.320502;0.00095221
534000;-0.320571;0.000858671;-0.320701;0.000515702;-0.320858;0.000856565;-0.319952;0.000512842;-0.320613;0.00085854;-0.320529;0.000515229;-0.319928;0.00159179;-0.320506;0.000951356
535000;-0.320574;0.000857893;-0.320701;0.000515245;-0.320875;0.000855782;-0.319954;0.000512357;-0.320613;0.000857764;-0.320536;0.00051477;-0.319939;0.00159047;-0.320505;0.000950449
536000;-0.320541;0.00085708;-0.320686;0.000514703;-0.320877;0.000854991;-0.319946;0.000511844;-0.320605;0.000856955;-0.320523;0.00051423;-0.319955;0.00158899;-0.320521;0.000949573
537000;-0.320551;0.000856307;-0.320655;0.000514158;-0.320876;0.000854185;-0.319945;0.000511343;-0.320622;0.000856149;-0.320514;0.000513741;-0.319912;0.0015874;-0.320537;0.000948708
538000;-0.320544;0.000855544;-0.320656;0.000513691;-0.320855;0.00085337;-0.319925;0.000510824;-0.320656;0.000855324;-0.320504;0.000513201;-0.31991;0.00158599;-0.32054;0.000947839
539000;-0.320542;0.000854749;-0.320664;0.000513221;-0.320858;0.000852572;-0.319924;0.000510316;-0.320637;0.000854507;-0.320509;0.000512764;-0.319873;0.00158452;-0.320503;0.000946911
540000;-0.320538;0.000853971;-0.320659;0.000512736;-0.32088;0.000851798;-0.319923;0.000509824;-0.320589;0.00085367;-0.320518;0.000512315;-0.319855;0.00158316;-0.320548;0.000946169
541000;-0.320549;0.000853181;-0.320665;0.000512274;-0.320863;0.000851002;-0.319926;0.00050934;-0.32058;0.000852894;-0.320524;0.000511863;-0.319822;0.00158158;-0.320524;0.000945233
542000;-0.320571;0.000852399;-0.320655;0.000511781;-0.320856;0.000850193;-0.319935;0.000508881;-0.320607;0.000852108;-0.320525;0.000511393;-0.319815;0.00158008;-0.320586;0.000944541
543000;-0.320578;0.000851604;-0.320664;0.000511321;-0.320871;0.000849427;-0.319919;0.000508366;-0.320596;0.000851333;-0.320547;0.000510985;-0.319841;0.00157869;-0.320543;0.000943499
544000;-0.32057;0.000850811;-0.32066;0.000510848;-0.320861;0.000848643;-0.319895;0.000507824;-0.320612;0.000850591;-0.320528;0.000510453;-0.319812;0.00157703;-0.320529;0.000942477
545000;-0.320546;0.000850015;-0.320635;0.000510326;-0.32086;0.000847877;-0.319889;0.000507342;-0.320592;0.000849796;-0.320519;0.000509947;-0.319801;0.0015757;-0.320513;0.000941519
546000;-0.320527;0.000849221;-0.320628;0.000509833;-0.320861;0.000847102;-0.319889;0.000506888;-0.320576;0.000849024;-0.320523;0.000509476;-0.319814;0.00157426;-0.320515;0.000940727
547000;-0.320549;0.000848455;-0.320603;0.000509309;-0.320872;0.000846318;-0.319883;0.000506426;-0.320585;0.000848253;-0.320533;0.000509016;-0.319799;0.0015729;-0.320486;0.000939869
548000;-0.320589;0.000847673;-0.320608;0.000508856;-0.320882;0.000845522;-0.319872;0.00050593;-0.320566;0.00084747;-0.320541;0.000508581;-0.319786;0.00157142;-0.320498;0.000939073
549000;-0.320589;0.000846922;-0.320612;0.000508397;-0.320889;0.000844747;-0.319844;0.000505371;-0.320584;0.000846679;-0.320534;0.0005081;-0.319796;0.00157006;-0.320512;0.000938247
550000;-0.320593;0.000846159;-0.320612;0.000507903;-0.320852;0.000843983;-0.319844;0.000504944;-0.320567;0.000845896;-0.32056;0.000507665;-0.319831;0.00156879;-0.320512;0.000937397
551000;-0.320554;0.000845375;-0.320613;0.000507448;-0.320855;0.000843234;-0.319838;0.000504477;-0.320563;0.000845131;-0.320565;0.000507209;-0.319867;0.00156752;-0.320537;0.000936577
552000;-0.320571;0.000844616;-0.320604;0.000506992;-0.320877;0.00084246;-0.319826;0.000503984;-0.320585;0.000844372;-0.320552;0.000506736;-0.319885;0.00156615;-0.320539;0.000935735
553000;-0.320579;0.000843848;-0.320596;0.000506531;-0.320901;0.000841721;-0.319821;0.000503498;-0.320559;0.000843582;-0.320547;0.000506275;-0.319874;0.00156493;-0.320531;0.000934888
554000;-0.320562;0.000843106;-0.320601;0.000506082;-0.32089;0.000840946;-0.319812;0.000503024;-0.32055;0.00084285;-0.320535;0.000505774;-0.319865;0.00156339;-0.320545;0.000934125
555000;-0.320552;0.000842337;-0.320597;0.000505619;-0.32091;0.000840194;-0.319823;0.000502589;-0.320549;0.000842098;-0.320535;0.000505286;-0.319884;0.0015622;-0.320596;0.000933389
556000;-0.320549;0.000841569;-0.320589;0.000505157;-0.320889;0.000839446;-0.319838;0.000502181;-0.320542;0.000841328;-0.32055;0.000504891;-0.319877;0.00156072;-0.320585;0.000932517
557000;-0.320539;0.000840782;-0.320593;0.000504719;-0.32089;0.00083867;-0.319864;0.000501799;-0.320533;0.000840535;-0.320552;0.000504427;-0.319895;0.00155934;-0.320597;0.000931699
558000;-0.320539;0.000840028;-0.320591;0.000504299;-0.320901;0.000837937;-0.319851;0.000501314;-0.320531;0.000839797;-0.32055;0.000503983;-0.319921;0.00155794;-0.320592;0.000930902
559000;-0.320556;0.000839272;-0.320585;0.000503834;-0.320877;0.000837189;-0.319857;0.000500857;-0.320566;0.000839083;-0.320567;0.000503568;-0.319943;0.00155661;-0.320567;0.000930079
560000;-0.32052;0.000838496;-0.320594;0.000503427;-0.320848;0.000836434;-0.319858;0.000500447;-0.320595;0.000838318;-0.32056;0.000503116;-0.319963;0.00155535;-0.320539;0.000929173
561000;-0.320519;0.000837752;-0.320593;0.000502993;-0.320844;0.000835719;-0.319847;0.000499973;-0.320581;0.000837539;-0.320554;0.000502639;-0.320012;0.00155429;-0.320535;0.000928351
562000;-0.320503;0.000836995;-0.320598;0.000502537;-0.320822;0.000834967;-0.319871;0.000499585;-0.32058;0.00083678;-0.320577;0.000502224;-0.319979;0.00155267;-0.32052;0.000927465
563000;-0.320488;0.000836214;-0.320596;0.000502084;-0.320867;0.000834256;-0.319859;0.00049909;-0.320584;0.000836062;-0.320576;0.000501777;-0.319979;0.00155134;-0.32049;0.000926536
564000;-0.320491;0.000835514;-0.320607;0.000501677;-0.320867;0.000833497;-0.31986;0.000498661;-0.320558;0.000835331;-0.320569;0.000501293;-0.319972;0.00154983;-0.320497;0.00092581
565000;-0.320491;0.000834793;-0.320603;0.000501243;-0.32089;0.000832785;-0.319876;0.000498269;-0.32055;0.000834576;-0.320558;0.000500804;-0.319993;0.00154852;-0.320517;0.00092498
566000;-0.320494;0.000834035;-0.320634;0.000500867;-0.320875;0.000832052;-0.319888;0.000497862;-0.320568;0.000833844;-0.320552;0.000500345;-0.320021;0.0015473;-0.320517;0.000924112
567000;-0.320507;0.000833298;-0.320606;0.000500368;-0.320857;0.000831312;-0.319904;0.000497477;-0.320598;0.000833086;-0.320544;0.000499898;-0.320007;0.00154591;-0.320539;0.000923316
568000;-0.320535;0.000832587;-0.320606;0.000499904;-0.320853;0.000830584;-0.319906;0.000497052;-0.320593;0.000832382;-0.320538;0.000499442;-0.319943;0.00154431;-0.32057;0.000922615
569000;-0.320536;0.000831862;-0.320586;0.00049941;-0.320851;0.000829851;-0.319896;0.000496565;-0.320622;0.000831654;-0.32054;0.00049902;-0.319937;0.00154287;-0.320542;0.000921727
570000;-0.320521;0.000831112;-0.320579;0.000498942;-0.320876;0.000829121;-0.319895;0.000496111;-0.320601;0.000830907;-0.320541;0.000498634;-0.319904;0.00154141;-0.320533;0.000920906
571000;-0.320555;0.000830392;-0.320573;0.000498516;-0.320877;0.000828368;-0.319902;0.000495689;-0.320606;0.00083017;-0.320532;0.00049817;-0.319897;0.00153997;-0.320533;0.000920129
572000;-0.3206;0.000829685;-0.320574;0.000498075;-0.320872;0.000827641;-0.319912;0.000495269;-0.320622;0.000829446;-0.320533;0.000497741;-0.319881;0.0015387;-0.320522;0.000919282
573000;-0.320591;0.000828943;-0.320577;0.00049764;-0.320883;0.000826943;-0.319913;0.000494862;-0.320616;0.00082875;-0.320518;0.000497262;-0.319906;0.00153748;-0.320513;0.000918445
574000;-0.320577;0.000828247;-0.320575;0.000497173;-0.320915;0.000826215;-0.319927;0.00049446;-0.320612;0.000828021;-0.320508;0.000496799;-0.319899;0.00153617;-0.320497;0.000917611
575000;-0.320601;0.000827553;-0.320563;0.000496719;-0.320896;0.000825493;-0.319928;0.000494031;-0.320601;0.0008273;-0.320509;0.000496352;-0.319869;0.00153482;-0.320514;0.000916854
576000;-0.320586;0.000826866;-0.320554;0.000496251;-0.320909;0.000824778;-0.319939;0.000493578;-0.320607;0.000826566;-0.320502;0.000495886;-0.319861;0.00153345;-0.320531;0.000916035
577000;-0.320589;0.000826155;-0.320551;0.00049582;-0.320928;0.000824124;-0.31994;0.000493144;-0.320598;0.000825855;-0.320518;0.0004955;-0.319898;0.00153233;-0.320573;0.000915369
578000;-0.320574;0.000825422;-0.320562;0.000495419;-0.320946;0.000823413;-0.319955;0.000492747;-0.3206;0.000825174;-0.320528;0.000495126;-0.319921;0.00153116;-0.32056;0.000914629
579000;-0.320567;0.000824707;-0.320553;0.000494989;-0.320943;0.0008227;-0.319974;0.000492346;-0.320593;0.000824477;-0.320516;0.00049465;-0.319917;0.00152993;-0.32054;0.000913832
580000;-0.320539;0.000823998;-0.320545;0.000494533;-0.320932;0.000822005;-0.319981;0.00049195;-0.320581;0.000823743;-0.320505;0.00049419;-0.319922;0.00152864;-0.320557;0.00091311
581000;-0.320565;0.000823284;-0.320549;0.000494119;-0.320924;0.000821285;-0.319985;0.000491551;-0.320568;0.000823053;-0.320501;0.000493745;-0.319912;0.0015274;-0.320532;0.000912322
582000;-0.320613;0.000822592;-0.320547;0.000493706;-0.320906;0.00082058;-0.319988;0.000491091;-0.320547;0.000822324;-0.320487;0.000493266;-0.319932;0.00152616;-0.320513;0.00091147
583000;-0.320641;0.000821887;-0.320553;0.000493284;-0.320912;0.000819876;-0.31999;0.000490678;-0.320569;0.000821622;-0.320476;0.000492801;-0.319958;0.00152478;-0.320513;0.000910659
584000;-0.320643;0.000821189;-0.320539;0.00049284;-0.320873;0.000819164;-0.319986;0.000490255;-0.32058;0.000820901;-0.320471;0.000492385;-0.319919;0.00152343;-0.320535;0.000909965
585000;-0.320627;0.000820481;-0.320548;0.000492454;-0.320896;0.000818464;-0.319989;0.000489814;-0.320577;0.000820212;-0.320483;0.000491992;-0.319919;0.00152215;-0.320552;0.000909191
586000;-0.320605;0.000819765;-0.320528;0.000491992;-0.320904;0.000817769;-0.319991;0.000489384;-0.320575;0.0008195;-0.320486;0.000491598;-0.319906;0.00152082;-0.320507;0.000908379
587000;-0.320599;0.000819056;-0.32054;0.000491586;-0.320908;0.00081706;-0.319986;0.000488957;-0.320562;0.000818801;-0.320486;0.000491172;-0.319917;0.00151958;-0.320515;0.000907674
588000;-0.32062;0.000818389;-0.320536;0.00049116;-0.320877;0.000816349;-0.319998;0.000488572;-0.320563;0.000818111;-0.320465;0.000490681;-0.319936;0.00151831;-0.320533;0.000907032
589000;-0.320599;0.000817659;-0.320532;0.000490735;-0.320887;0.000815671;-0.319992;0.000488154;-0.320583;0.000817433;-0.320471;0.000490264;-0.319935;0.00151694;-0.320536;0.000906313
590000;-0.320567;0.000816965;-0.32053;0.000490332;-0.320883;0.000814979;-0.319983;0.0004877;-0.320594;0.000816757;-0.320463;0.000489829;-0.319924;0.00151569;-0.320527;0.000905541
591000;-0.320557;0.000816284;-0.320526;0.000489911;-0.320891;0.000814297;-0.319971;0.000487252;-0.320575;0.000816041;-0.320462;0.000489402;-0.319958;0.00151452;-0.320531;0.000904776
592000;-0.320546;0.000815587;-0.320526;0.00048952;-0.320871;0.000813606;-0.319984;0.000486876;-0.320608;0.000815367;-0.320462;0.000488971;-0.31997;0.00151326;-0.320537;0.000904107
593000;-0.320546;0.000814895;-0.32054;0.000489157;-0.320861;0.000812899;-0.319994;0.000486501;-0.320611;0.000814688;-0.320472;0.000488588;-0.319978;0.00151208;-0.320519;0.000903308
594000;-0.320551;0.000814196;-0.320545;0.000488743;-0.320877;0.000812234;-0.32001;0.000486124;-0.320613;0.000813999;-0.320478;0.000488193;-0.320022;0.00151087;-0.320498;0.000902445
595000;-0.320556;0.000813501;-0.320545;0.000488321;-0.320866;0.000811528;-0.320013;0.0004857;-0.320627;0.000813318;-0.320473;0.000487761;-0.319975;0.00150942;-0.320452;0.000901581
596000;-0.32056;0.000812834;-0.320547;0.000487918;-0.320849;0.000810829;-0.320002;0.00048525;-0.320672;0.000812635;-0.320463;0.000487336;-0.319963;0.00150819;-0.320472;0.000900856
597000;-0.320588;0.000812152;-0.320544;0.000487527;-0.320861;0.000810165;-0.319996;0.000484815;-0.320671;0.000811936;-0.320474;0.00048695;-0.319911;0.00150671;-0.320487;0.000900139
598000;-0.320596;0.000811471;-0.320554;0.000487144;-0.320864;0.00080948;-0.32002;0.000484468;-0.320653;0.000811235;-0.320473;0.000486545;-0.319927;0.00150557;-0.320485;0.00089943
599000;-0.320591;0.00081077;-0.320558;0.000486769;-0.320859;0.00080879;-0.320028;0.000484084;-0.320658;0.00081054;-0.32048;0.000486142;-0.319899;0.00150424;-0.32048;0.000898671
600000;-0.320582;0.00081007;-0.320562;0.000486379;-0.320874;0.000808135;-0.320025;0.000483698;-0.320656;0.000809843;-0.320479;0.000485733;-0.319914;0.00150293;-0.320457;0.000897832
601000;-0.320603;0.000809386;-0.320552;0.000485981;-0.320884;0.000807433;-0.320012;0.00048328;-0.320656;0.000809198;-0.320469;0.000485295;-0.319917;0.00150183;-0.320466;0.000897183
602000;-0.320625;0.000808716;-0.320543;0.000485575;-0.320878;0.000806756;-0.320023;0.000482882;-0.32064;0.000808506;-0.320471;0.000484888;-0.319981;0.00150092;-0.320468;0.000896401
603000;-0.32062;0.000808046;-0.320542;0.000485179;-0.320848;0.000806076;-0.320025;0.000482493;-0.320626;0.00080782;-0.320478;0.000484476;-0.319929;0.00149947;-0.320468;0.000895695
604000;-0.320593;0.000807368;-0.320542;0.000484785;-0.320869;0.000805421;-0.320015;0.000482084;-0.320634;0.000807134;-0.320479;0.000484084;-0.319928;0.00149827;-0.320481;0.000894995
605000;-0.320566;0.000806688;-0.320541;0.000484372;-0.320855;0.000804739;-0.320007;0.000481676;-0.320632;0.000806481;-0.320477;0.000483682;-0.31991;0.00149702;-0.32046;0.000894146
606000;-0.320563;0.000806021;-0.320536;0.000483961;-0.320848;0.000804062;-0.320029;0.000481327;-0.320636;0.000805808;-0.320468;0.000483279;-0.319916;0.00149581;-0.32047;0.000893352
607000;-0.320572;0.000805343;-0.32053;0.000483558;-0.320851;0.00080342;-0.320037;0.000480947;-0.320598;0.000805138;-0.320451;0.00048283;-0.319926;0.00149454;-0.320415;0.000892487
608000;-0.320562;0.000804678;-0.320543;0.000483173;-0.320848;0.000802749;-0.320042;0.000480566;-0.320594;0.000804467;-0.320443;0.000482417;-0.319916;0.00149342;-0.320415;0.000891734
609000;-0.320569;0.000804024;-0.32054;0.000482778;-0.320884;0.000802098;-0.320035;0.000480151;-0.320598;0.000803803;-0.320442;0.00048201;-0.320001;0.00149267;-0.320423;0.000890963
610000;-0.32058;0.000803389;-0.320522;0.00048236;-0.320907;0.000801445;-0.320041;0.000479759;-0.320613;0.000803154;-0.32044;0.000481618;-0.31999;0.00149145;-0.320412;0.00089019
611000;-0.320568;0.000802721;-0.320517;0.000481948;-0.320901;0.00080077;-0.320039;0.000479352;-0.32061;0.000802508;-0.32043;0.000481202;-0.319965;0.00149007;-0.320398;0.000889443
612000;-0.320555;0.000802082;-0.320517;0.000481554;-0.320923;0.00080013;-0.320021;0.000478919;-0.320596;0.000801852;-0.320425;0.000480791;-0.31998;0.00148891;-0.320427;0.000888846
613000;-0.320544;0.000801438;-0.320515;0.000481145;-0.320927;0.000799476;-0.320023;0.000478539;-0.320568;0.000801179;-0.32042;0.000480391;-0.319962;0.00148757;-0.320435;0.000888104
614000;-0.320537;0.000800768;-0.320517;0.000480759;-0.32093;0.000798816;-0.320024;0.000478141;-0.320588;0.000800543;-0.320423;0.000479991;-0.319964;0.00148644;-0.32045;0.000887381
615000;-0.320543;0.000800113;-0.320501;0.000480323;-0.320904;0.000798162;-0.320029;0.000477785;-0.3206;0.000799922;-0.320426;0.000479632;-0.319992;0.00148533;-0.320445;0.000886588
616000;-0.320534;0.000799469;-0.320487;0.000479901;-0.320895;0.000797518;-0.320015;0.000477351;-0.320594;0.000799307;-0.320427;0.000479223;-0.320022;0.00148436;-0.320447;0.000885852
617000;-0.320554;0.000798847;-0.320492;0.000479545;-0.320923;0.000796904;-0.319996;0.000476913;-0.32058;0.000798659;-0.320414;0.000478829;-0.320009;0.0014831;-0.320476;0.00088519
618000;-0.320557;0.000798175;-0.320486;0.000479126;-0.320921;0.000796253;-0.320006;0.00047655;-0.320555;0.000797992;-0.320421;0.000478465;-0.319989;0.00148177;-0.320484;0.000884485
619000;-0.320539;0.000797526;-0.320497;0.000478761;-0.320908;0.000795614;-0.320011;0.000476172;-0.320547;0.000797333;-0.320422;0.000478079;-0.319995;0.00148073;-0.320495;0.000883777
620000;-0.32054;0.000796894;-0.320494;0.000478361;-0.320892;0.000794959;-0.320001;0.000475762;-0.320527;0.000796681;-0.320422;0.000477663;-0.320014;0.00147952;-0.320501;0.00088298
621000;-0.320545;0.000796243;-0.320488;0.000477966;-0.320888;0.00079431;-0.320026;0.000475438;-0.320536;0.000796041;-0.320418;0.000477266;-0.320056;0.00147837;-0.320484;0.000882278
622000;-0.320525;0.000795581;-0.32049;0.000477568;-0.320879;0.000793677;-0.320033;0.00047507;-0.320518;0.000795367;-0.320421;0.000476902;-0.320058;0.00147721;-0.320473;0.000881549
623000;-0.320531;0.000794961;-0.320485;0.000477188;-0.32087;0.000793045;-0.32003;0.000474681;-0.320516;0.000794745;-0.320421;0.00047654;-0.320022;0.001476;-0.320484;0.000880844
624000;-0.320557;0.000794315;-0.320486;0.000476828;-0.320881;0.000792438;-0.320027;0.000474295;-0.32053;0.000794096;-0.320419;0.00047616;-0.320056;0.00147487;-0.320473;0.000880153
625000;-0.320543;0.000793653;-0.320482;0.000476437;-0.320866;0.000791809;-0.320023;0.000473911;-0.320506;0.000793451;-0.320413;0.000475766;-0.320074;0.0014738;-0.320474;0.000879457
626000;-0.320572;0.000793032;-0.320474;0.000476041;-0.320861;0.000791173;-0.320039;0.000473552;-0.320527;0.00079285;-0.320414;0.000475377;-0.320065;0.00147259;-0.320437;0.000878669
627000;-0.32058;0.000792398;-0.320485;0.000475692;-0.320856;0.000790515;-0.320038;0.00047316;-0.320526;0.000792222;-0.320413;0.000475004;-0.320065;0.00147143;-0.320396;0.000877949
628000;-0.320577;0.000791775;-0.320473;0.000475287;-0.32086;0.000789896;-0.320041;0.000472809;-0.320544;0.000791605;-0.320419;0.000474622;-0.320075;0.00147026;-0.32039;0.000877204
629000;-0.320571;0.000791127;-0.320474;0.000474916;-0.320854;0.000789241;-0.320042;0.000472452;-0.320538;0.000790963;-0.320421;0.000474232;-0.320028;0.00146905;-0.320419;0.000876621
630000;-0.320581;0.000790508;-0.320471;0.000474539;-0.320841;0.000788612;-0.320046;0.00047207;-0.320541;0.000790334;-0.320434;0.000473879;-0.320031;0.00146787;-0.3204;0.000875903
631000;-0.320584;0.000789875;-0.320475;0.000474178;-0.320837;0.000787985;-0.320033;0.000471684;-0.320548;0.00078971;-0.32041;0.000473448;-0.32006;0.00146676;-0.320435;0.000875313
632000;-0.32059;0.000789254;-0.320477;0.000473811;-0.32086;0.000787369;-0.320022;0.000471298;-0.320532;0.000789084;-0.320397;0.000473052;-0.32005;0.00146566;-0.320438;0.000874599
633000;-0.320594;0.000788638;-0.320481;0.000473451;-0.320854;0.000786739;-0.320025;0.000470944;-0.32056;0.000788477;-0.320398;0.000472666;-0.320046;0.00146447;-0.320439;0.000873903
634000;-0.320593;0.000787988;-0.320472;0.000473042;-0.320849;0.000786098;-0.320015;0.00047054;-0.320529;0.000787842;-0.320406;0.000472323;-0.320051;0.00146339;-0.320445;0.000873278
635000;-0.320619;0.000787365;-0.320464;0.000472676;-0.320871;0.0007855;-0.320001;0.000470154;-0.32051;0.000787211;-0.320394;0.000471931;-0.32008;0.00146233;-0.320427;0.000872587
636000;-0.320605;0.000786725;-0.320447;0.000472249;-0.320875;0.000784895;-0.320004;0.000469772;-0.320513;0.00078659;-0.320409;0.000471591;-0.320061;0.00146115;-0.320423;0.000871874
637000;-0.320578;0.000786129;-0.320446;0.000471896;-0.320879;0.000784268;-0.319991;0.000469388;-0.320498;0.000785943;-0.320412;0.000471221;-0.320053;0.00146002;-0.320429;0.000871214
638000;-0.320586;0.000785501;-0.320436;0.000471524;-0.320861;0.000783679;-0.319998;0.00046904;-0.32051;0.000785329;-0.320401;0.000470816;-0.320001;0.00145885;-0.320415;0.000870503
639000;-0.320575;0.000784875;-0.320455;0.000471194;-0.32089;0.000783086;-0.319993;0.000468678;-0.320525;0.00078472;-0.320402;0.000470442;-0.320041;0.00145783;-0.320391;0.000869748
640000;-0.320592;0.000784264;-0.320445;0.000470796;-0.320893;0.000782458;-0.319989;0.000468297;-0.320531;0.000784119;-0.320395;0.000470029;-0.3201;0.00145684;-0.320368;0.000869016
641000;-0.320602;0.000783658;-0.320454;0.000470442;-0.320901;0.000781852;-0.319977;0.000467898;-0.32053;0.000783506;-0.320395;0.000469654;-0.320129;0.00145583;-0.320375;0.000868384
642000;-0.3206;0.000783031;-0.320455;0.000470092;-0.320922;0.000781229;-0.319996;0.000467563;-0.320514;0.000782876;-0.320387;0.000469268;-0.320088;0.00145455;-0.320406;0.000867749
643000;-0.320602;0.000782411;-0.320449;0.000469701;-0.320904;0.000780606;-0.320006;0.000467251;-0.320506;0.00078226;-0.320398;0.000468937;-0.32009;0.00145338;-0.320441;0.000867171
644000;-0.320585;0.000781788;-0.320434;0.000469298;-0.320907;0.000780026;-0.320022;0.0004669;-0.320496;0.000781649;-0.320424;0.000468628;-0.320082;0.00145218;-0.320463;0.00086653
645000;-0.320557;0.000781175;-0.320429;0.000468915;-0.3209;0.000779423;-0.320032;0.000466557;-0.320526;0.000781056;-0.320417;0.000468249;-0.320034;0.00145084;-0.320452;0.000865817
646000;-0.320581;0.000780588;-0.320448;0.000468601;-0.320907;0.000778835;-0.320039;0.000466224;-0.320515;0.00078045;-0.320418;0.000467888;-0.320041;0.00144971;-0.320429;0.000865163
647000;-0.32059;0.000779978;-0.320444;0.000468219;-0.320891;0.000778225;-0.320037;0.000465849;-0.320491;0.00077984;-0.320413;0.000467505;-0.320058;0.00144868;-0.320439;0.000864541
648000;-0.320577;0.000779361;-0.320446;0.000467882;-0.320914;0.000777647;-0.32003;0.000465468;-0.320503;0.000779215;-0.32041;0.000467128;-0.320084;0.00144765;-0.320439;0.000863835
649000;-0.320589;0.000778741;-0.320456;0.000467531;-0.320912;0.000777044;-0.320029;0.00046509;-0.320505;0.000778627;-0.320415;0.000466763;-0.320106;0.00144663;-0.320444;0.000863147
650000;-0.320584;0.000778107;-0.320458;0.00046718;-0.320914;0.00077644;-0.320033;0.000464728;-0.320506;0.000778035;-0.320412;0.000466404;-0.320149;0.00144558;-0.320471;0.000862618
651000;-0.320575;0.000777511;-0.320456;0.000466793;-0.320916;0.000775831;-0.320035;0.000464369;-0.320501;0.00077746;-0.320416;0.000466045;-0.320158;0.00144452;-0.320467;0.000861943
652000;-0.32058;0.00077693;-0.320465;0.000466472;-0.320918;0.00077523;-0.320034;0.000463993;-0.320487;0.000776868;-0.320419;0.000465698;-0.320143;0.00144333;-0.320434;0.000861205
653000;-0.320577;0.00077631;-0.320462;0.000466128;-0.320917;0.000774657;-0.320023;0.000463605;-0.320467;0.000776278;-0.320408;0.000465341;-0.320175;0.00144235;-0.320444;0.00086055
654000;-0.320582;0.000775716;-0.32048;0.00046581;-0.320926;0.000774092;-0.32003;0.000463259;-0.320473;0.000775694;-0.32041;0.000464999;-0.320173;0.00144122;-0.320445;0.000859895
655000;-0.320563;0.000775134;-0.320476;0.000465448;-0.320917;0.000773516;-0.320033;0.000462924;-0.320492;0.000775119;-0.320422;0.000464666;-0.320167;0.00144006;-0.320424;0.000859224
656000;-0.320556;0.000774537;-0.320483;0.000465094;-0.320924;0.000772919;-0.320025;0.00046254;-0.320486;0.000774535;-0.320403;0.000464284;-0.320095;0.00143863;-0.320396;0.000858545
657000;-0.320541;0.000773927;-0.32048;0.000464735;-0.320947;0.00077233;-0.320032;0.000462197;-0.320481;0.000773943;-0.320386;0.000463895;-0.320093;0.00143754;-0.320392;0.000857858
658000;-0.320541;0.000773349;-0.320475;0.000464368;-0.320923;0.000771726;-0.320026;0.00046184;-0.320476;0.000773374;-0.320384;0.000463534;-0.320086;0.00143644;-0.320382;0.000857197
659000;-0.320562;0.000772776;-0.320466;0.000463982;-0.320935;0.000771146;-0.320031;0.000461484;-0.32048;0.000772798;-0.320371;0.000463152;-0.320054;0.00143522;-0.320378;0.000856572
660000;-0.320567;0.000772207;-0.32047;0.000463632;-0.320937;0.000770558;-0.320028;0.000461124;-0.320484;0.000772215;-0.320372;0.000462818;-0.320043;0.00143413;-0.320386;0.000855978
661000;-0.320574;0.000771648;-0.32048;0.000463321;-0.320936;0.000769951;-0.320031;0.000460799;-0.320456;0.000771625;-0.320359;0.000462449;-0.320022;0.00143301;-0.320356;0.000855273
662000;-0.320561;0.000771052;-0.320497;0.000463007;-0.320934;0.000769379;-0.320025;0.000460433;-0.320469;0.000771064;-0.320341;0.000462077;-0.320005;0.0014319;-0.320331;0.000854555
663000;-0.320552;0.000770478;-0.320494;0.000462655;-0.320933;0.000768809;-0.320023;0.00046008;-0.320468;0.000770478;-0.320344;0.000461724;-0.319956;0.00143063;-0.320377;0.000854024
664000;-0.320548;0.0007699;-0.320492;0.000462298;-0.32096;0.000768245;-0.320019;0.00045974;-0.320463;0.000769897;-0.320335;0.000461361;-0.319963;0.0014296;-0.320386;0.000853389
665000;-0.320566;0.00076931;-0.320477;0.000461929;-0.320964;0.00076766;-0.320016;0.000459366;-0.320442;0.000769345;-0.320346;0.000461049;-0.319946;0.00142842;-0.320377;0.000852772
666000;-0.320534;0.000768718;-0.320458;0.000461551;-0.320987;0.00076709;-0.320017;0.000459004;-0.320457;0.000768791;-0.320336;0.000460694;-0.319974;0.00142746;-0.320409;0.000852189
667000;-0.320525;0.000768137;-0.32046;0.000461217;-0.320982;0.000766499;-0.320022;0.000458671;-0.320452;0.000768222;-0.320352;0.000460393;-0.319977;0.00142643;-0.320423;0.000851598
668000;-0.320532;0.000767576;-0.320473;0.000460912;-0.320987;0.000765938;-0.320023;0.000458338;-0.320439;0.000767626;-0.320362;0.000460071;-0.32001;0.00142547;-0.320387;0.000850902
669000;-0.32054;0.000767002;-0.320485;0.000460602;-0.320982;0.000765367;-0.32002;0.00045798;-0.320428;0.000767068;-0.320362;0.000459722;-0.319966;0.00142422;-0.320376;0.000850236
670000;-0.320484;0.000766404;-0.320475;0.000460244;-0.320993;0.000764797;-0.320009;0.000457604;-0.320412;0.000766486;-0.320354;0.000459363;-0.319969;0.00142322;-0.320344;0.00084957
671000;-0.320494;0.00076581;-0.320469;0.000459891;-0.321008;0.000764213;-0.320001;0.000457232;-0.32039;0.00076591;-0.320341;0.000459011;-0.320017;0.00142216;-0.320328;0.000848898
672000;-0.320497;0.000765253;-0.320482;0.000459577;-0.321007;0.000763641;-0.320018;0.000456912;-0.320418;0.000765351;-0.320354;0.000458685;-0.32;0.00142108;-0.320313;0.000848195
673000;-0.320516;0.000764677;-0.320484;0.000459218;-0.321008;0.000763075;-0.320019;0.000456568;-0.320406;0.000764772;-0.320362;0.000458357;-0.319967;0.00141989;-0.3203;0.000847579
674000;-0.320544;0.000764113;-0.320491;0.000458911;-0.321019;0.000762522;-0.320019;0.000456252;-0.320426;0.000764204;-0.320371;0.000458069;-0.319938;0.00141879;-0.320303;0.000846972
675000;-0.320548;0.00076354;-0.320479;0.000458537;-0.321024;0.000761962;-0.320013;0.000455903;-0.320419;0.000763629;-0.320364;0.000457716;-0.319928;0.0014177;-0.320306;0.000846349
676000;-0.320546;0.000762981;-0.320466;0.000458154;-0.32104;0.000761405;-0.320006;0.000455546;-0.320414;0.000763081;-0.320362;0.000457384;-0.319919;0.00141658;-0.32029;0.000845674
677000;-0.320533;0.000762416;-0.320475;0.000457837;-0.321053;0.00076085;-0.320007;0.000455229;-0.320418;0.000762509;-0.320367;0.000457053;-0.319946;0.00141562;-0.320269;0.000844982
678000;-0.320518;0.000761847;-0.320471;0.000457504;-0.321042;0.000760277;-0.32003;0.000454931;-0.320384;0.000761936;-0.320367;0.000456734;-0.319937;0.00141452;-0.320276;0.000844397
679000;-0.320518;0.000761279;-0.320458;0.000457151;-0.321034;0.000759709;-0.320031;0.000454605;-0.320378;0.000761365;-0.320364;0.00045638;-0.319979;0.00141357;-0.320274;0.000843783
680000;-0.320505;0.000760718;-0.320457;0.00045683;-0.32103;0.00075915;-0.320021;0.000454237;-0.320378;0.00076081;-0.320364;0.000456066;-0.319945;0.0014124;-0.320278;0.000843156
681000;-0.320512;0.000760167;-0.320442;0.000456454;-0.321029;0.0007586;-0.319998;0.000453857;-0.320365;0.000760237;-0.320362;0.000455729;-0.319944;0.00141136;-0.320256;0.000842485
682000;-0.320494;0.000759623;-0.320435;0.000456106;-0.321012;0.000758038;-0.320002;0.000453551;-0.320386;0.00075967;-0.320357;0.000455382;-0.319906;0.00141022;-0.320268;0.00084189
683000;-0.320481;0.000759059;-0.320423;0.000455726;-0.320992;0.000757485;-0.320005;0.000453226;-0.320362;0.000759103;-0.320371;0.000455094;-0.319909;0.00140915;-0.320243;0.000841202
684000;-0.320483;0.000758517;-0.320424;0.000455397;-0.320991;0.00075694;-0.32002;0.000452946;-0.320368;0.000758557;-0.320374;0.000454762;-0.319878;0.00140798;-0.320238;0.00084055
685000;-0.320487;0.000757981;-0.320424;0.000455054;-0.321001;0.000756381;-0.320028;0.000452625;-0.320365;0.000757985;-0.320366;0.000454412;-0.319864;0.00140696;-0.320228;0.000839898
686000;-0.32049;0.000757431;-0.320421;0.000454715;-0.320991;0.00075582;-0.320035;0.000452313;-0.320374;0.000757435;-0.320366;0.000454096;-0.319886;0.00140605;-0.320228;0.000839286
687000;-0.320492;0.000756865;-0.320413;0.000454366;-0.320974;0.000755287;-0.320036;0.000451984;-0.320367;0.000756856;-0.320362;0.000453744;-0.319872;0.00140491;-0.320231;0.000838675
688000;-0.320474;0.000756303;-0.320415;0.000454034;-0.320979;0.000754752;-0.320039;0.000451664;-0.32036;0.000756301;-0.320366;0.000453422;-0.31989;0.00140392;-0.32023;0.000838071
689000;-0.320476;0.000755745;-0.320406;0.000453678;-0.320996;0.000754206;-0.320045;0.000451328;-0.320356;0.00075575;-0.320379;0.000453116;-0.31988;0.00140287;-0.320242;0.000837542
690000;-0.320473;0.000755202;-0.320414;0.000453379;-0.320993;0.000753656;-0.320038;0.000450982;-0.320318;0.000755165;-0.320386;0.000452794;-0.31987;0.00140187;-0.32025;0.000836944
691000;-0.320472;0.000754669;-0.320419;0.000453061;-0.320991;0.000753096;-0.32006;0.000450701;-0.320306;0.000754599;-0.320374;0.000452452;-0.31985;0.00140079;-0.320258;0.000836326
692000;-0.320467;0.000754125;-0.320415;0.000452721;-0.321016;0.000752578;-0.320066;0.000450385;-0.320317;0.000754068;-0.320374;0.000452136;-0.319801;0.00139959;-0.320258;0.000835721
693000;-0.320464;0.000753568;-0.320431;0.000452424;-0.321027;0.000752042;-0.320064;0.000450062;-0.320327;0.000753545;-0.32036;0.000451783;-0.319815;0.00139861;-0.320254;0.000835127
694000;-0.320472;0.000753042;-0.32043;0.000452095;-0.320999;0.000751505;-0.320057;0.000449735;-0.320334;0.000753007;-0.320357;0.00045145;-0.319811;0.00139756;-0.320241;0.000834508
695000;-0.320474;0.000752501;-0.32044;0.00045181;-0.320978;0.000750952;-0.320057;0.000449425;-0.320348;0.000752449;-0.320359;0.000451133;-0.319773;0.00139647;-0.320255;0.000833966
696000;-0.320493;0.000751976;-0.320448;0.000451511;-0.320956;0.000750414;-0.32004;0.000449065;-0.320354;0.000751903;-0.32036;0.00045079;-0.319808;0.00139546;-0.320277;0.000833453
697000;-0.320461;0.000751431;-0.320439;0.000451182;-0.320948;0.000749858;-0.320056;0.000448763;-0.320357;0.000751364;-0.32035;0.000450452;-0.319803;0.00139442;-0.32028;0.000832888
698000;-0.32046;0.000750904;-0.320442;0.000450875;-0.320949;0.000749322;-0.320061;0.000448433;-0.320369;0.000750821;-0.320352;0.000450143;-0.319809;0.00139343;-0.320239;0.000832234
699000;-0.320449;0.000750348;-0.320445;0.00045056;-0.320926;0.000748781;-0.320051;0.000448097;-0.320345;0.000750267;-0.320339;0.000449783;-0.319783;0.00139243;-0.320246;0.000831713
700000;-0.320455;0.000749824;-0.320441;0.000450226;-0.320905;0.000748242;-0.320054;0.000447771;-0.320346;0.000749726;-0.320341;0.000449469;-0.319761;0.00139133;-0.320246;0.000831104
701000;-0.320465;0.000749292;-0.320446;0.000449906;-0.320907;0.000747708;-0.320052;0.000447469;-0.320326;0.000749177;-0.320341;0.000449165;-0.319765;0.00139034;-0.320236;0.00083049
702000;-0.320438;0.000748747;-0.320446;0.000449588;-0.320899;0.000747165;-0.320071;0.000447187;-0.320325;0.000748641;-0.320344;0.00044884;-0.319766;0.00138932;-0.320234;0.000829864
703000;-0.320428;0.00074821;-0.320442;0.00044926;-0.32088;0.000746615;-0.320061;0.000446856;-0.320316;0.000748092;-0.32035;0.00044855;-0.319743;0.00138821;-0.320248;0.000829356
704000;-0.320443;0.000747669;-0.320432;0.000448925;-0.320897;0.000746084;-0.320076;0.000446579;-0.320315;0.000747543;-0.320357;0.000448257;-0.319732;0.00138718;-0.32025;0.000828746
705000;-0.320435;0.000747159;-0.320441;0.000448633;-0.320893;0.00074555;-0.320089;0.000446311;-0.320309;0.000747017;-0.320362;0.000447951;-0.319719;0.00138623;-0.320259;0.000828178
706000;-0.320419;0.000746599;-0.320444;0.000448327;-0.32087;0.000745003;-0.320092;0.000445998;-0.320311;0.000746514;-0.320355;0.000447631;-0.319674;0.00138511;-0.32026;0.000827582
707000;-0.32042;0.000746073;-0.320457;0.000448037;-0.320869;0.000744487;-0.320104;0.000445713;-0.320314;0.000745991;-0.320362;0.000447349;-0.319732;0.00138434;-0.320282;0.000827027
708000;-0.320396;0.000745534;-0.320468;0.000447743;-0.32085;0.000743959;-0.320103;0.000445404;-0.320333;0.000745458;-0.320353;0.00044703;-0.319717;0.00138326;-0.320283;0.000826437
709000;-0.320383;0.000744981;-0.320457;0.000447403;-0.320851;0.000743434;-0.320086;0.000445082;-0.320351;0.000744923;-0.320337;0.000446679;-0.319673;0.0013822;-0.320297;0.000825828
710000;-0.320384;0.000744449;-0.320465;0.000447114;-0.320863;0.000742914;-0.320071;0.000444743;-0.320354;0.000744386;-0.320352;0.000446397;-0.319693;0.00138127;-0.320283;0.000825198
711000;-0.320383;0.000743918;-0.320478;0.000446811;-0.320856;0.000742399;-0.320067;0.000444391;-0.320322;0.000743838;-0.320351;0.000446081;-0.319674;0.00138022;-0.320272;0.000824624
712000;-0.320377;0.000743411;-0.320472;0.000446477;-0.320849;0.00074188;-0.32007;0.00044408;-0.320303;0.000743304;-0.320348;0.000445776;-0.319702;0.00137929;-0.320267;0.000824005
713000;-0.320394;0.000742911;-0.32047;0.000446152;-0.320839;0.000741358;-0.320061;0.00044375;-0.320279;0.000742779;-0.320345;0.000445452;-0.319705;0.00137832;-0.320259;0.000823447
714000;-0.320392;0.000742385;-0.320473;0.000445834;-0.320833;0.000740856;-0.320048;0.000443408;-0.320271;0.000742258;-0.320342;0.000445122;-0.319701;0.00137733;-0.320247;0.000822898
715000;-0.320409;0.000741892;-0.32047;0.00044551;-0.320814;0.000740324;-0.320052;0.00044311;-0.320286;0.000741726;-0.320361;0.000444852;-0.319709;0.00137644;-0.32025;0.00082233
716000;-0.320392;0.000741353;-0.320484;0.000445237;-0.3208;0.000739802;-0.320047;0.000442781;-0.320294;0.000741188;-0.320354;0.000444522;-0.319787;0.00137572;-0.320259;0.000821814
717000;-0.320411;0.000740841;-0.320472;0.000444905;-0.320789;0.000739289;-0.320038;0.000442455;-0.320302;0.000740667;-0.320345;0.000444177;-0.319776;0.00137483;-0.320239;0.000821195
718000;-0.320422;0.000740335;-0.320468;0.00044459;-0.320791;0.000738759;-0.320034;0.000442149;-0.320287;0.000740148;-0.32036;0.000443899;-0.319805;0.001374;-0.320244;0.000820639
719000;-0.32042;0.000739838;-0.320488;0.000444315;-0.32079;0.000738235;-0.32003;0.000441838;-0.320302;0.000739627;-0.320352;0.000443566;-0.319754;0.0013729;-0.320266;0.000820107
720000;-0.320418;0.00073933;-0.320486;0.000443997;-0.320817;0.000737743;-0.320035;0.000441542;-0.320314;0.000739115;-0.320336;0.00044322;-0.319739;0.0013719;-0.320277;0.000819587
721000;-0.32043;0.000738819;-0.320492;0.000443715;-0.320823;0.000737236;-0.320038;0.000441232;-0.320312;0.000738601;-0.320333;0.000442911;-0.319752;0.00137097;-0.32027;0.000819013
722000;-0.320441;0.000738309;-0.320489;0.000443393;-0.320833;0.00073673;-0.320038;0.000440941;-0.320337;0.000738089;-0.32034;0.000442618;-0.319754;0.00136995;-0.32026;0.000818433
723000;-0.320447;0.000737804;-0.320487;0.000443079;-0.320836;0.000736241;-0.320038;0.000440632;-0.320329;0.000737571;-0.32034;0.000442297;-0.319786;0.00136918;-0.320274;0.000817872
724000;-0.320445;0.000737297;-0.320482;0.000442763;-0.320819;0.000735731;-0.320034;0.000440293;-0.320319;0.000737056;-0.320371;0.000442055;-0.319803;0.00136822;-0.320272;0.000817277
725000;-0.320458;0.000736797;-0.320481;0.000442447;-0.32085;0.00073525;-0.320029;0.000439966;-0.320318;0.000736553;-0.320366;0.000441729;-0.319777;0.00136715;-0.320283;0.00081671
726000;-0.320458;0.000736292;-0.320472;0.000442131;-0.320843;0.00073475;-0.320032;0.000439688;-0.320326;0.000736033;-0.320369;0.00044144;-0.319741;0.00136611;-0.320292;0.000816181
727000;-0.320462;0.000735767;-0.32048;0.000441831;-0.320831;0.00073424;-0.320066;0.000439477;-0.320345;0.000735515;-0.320367;0.000441125;-0.319714;0.00136509;-0.320292;0.000815609
728000;-0.32048;0.000735278;-0.320473;0.000441518;-0.320814;0.000733732;-0.32008;0.000439206;-0.320348;0.000735016;-0.320343;0.000440758;-0.319794;0.00136446;-0.320326;0.000815038
729000;-0.320494;0.000734802;-0.32048;0.000441246;-0.320809;0.000733218;-0.320065;0.000438876;-0.320334;0.000734516;-0.320363;0.000440516;-0.319817;0.00136359;-0.320351;0.000814562
730000;-0.3205;0.000734299;-0.320481;0.000440958;-0.32083;0.00073271;-0.320086;0.000438612;-0.320353;0.000734001;-0.320358;0.000440197;-0.319823;0.00136266;-0.320336;0.000813963
731000;-0.320521;0.000733802;-0.320476;0.000440653;-0.320821;0.000732206;-0.320101;0.000438338;-0.320367;0.000733492;-0.32035;0.000439877;-0.31979;0.0013617;-0.320316;0.000813332
732000;-0.320533;0.000733301;-0.320464;0.000440337;-0.32084;0.000731706;-0.320107;0.000438061;-0.320376;0.000732985;-0.320345;0.000439564;-0.319795;0.00136088;-0.32031;0.000812786
733000;-0.320556;0.000732802;-0.320461;0.000440036;-0.320849;0.000731188;-0.320111;0.000437785;-0.320373;0.000732471;-0.320356;0.0004393;-0.319798;0.00135992;-0.320277;0.000812224
734000;-0.320533;0.00073229;-0.32045;0.000439698;-0.320848;0.000730696;-0.320106;0.000437481;-0.320351;0.000731976;-0.320352;0.000438994;-0.319743;0.00135887;-0.320288;0.00081174
735000;-0.32052;0.000731781;-0.320442;0.000439374;-0.32085;0.000730199;-0.320101;0.000437175;-0.320313;0.000731473;-0.320342;0.000438686;-0.319718;0.00135784;-0.320287;0.000811178
736000;-0.320496;0.000731258;-0.320435;0.000439079;-0.32083;0.000729693;-0.320092;0.00043685;-0.320325;0.000730988;-0.320343;0.000438363;-0.31967;0.00135677;-0.320303;0.000810666
737000;-0.320499;0.000730774;-0.320432;0.000438768;-0.320836;0.000729202;-0.320091;0.000436552;-0.320335;0.000730498;-0.320346;0.000438065;-0.319686;0.00135585;-0.32032;0.000810165
738000;-0.320516;0.000730289;-0.320435;0.000438485;-0.320831;0.000728697;-0.320087;0.000436242;-0.320322;0.000729969;-0.320343;0.000437762;-0.319742;0.00135512;-0.320337;0.000809636
739000;-0.320517;0.000729804;-0.320422;0.000438171;-0.320827;0.000728197;-0.320087;0.000435947;-0.32031;0.000729474;-0.320345;0.00043747;-0.319733;0.0013541;-0.320318;0.000809013
740000;-0.320494;0.000729312;-0.320422;0.000437882;-0.320824;0.000727716;-0.320081;0.000435646;-0.320314;0.000728967;-0.320342;0.000437163;-0.319726;0.00135319;-0.320365;0.000808569
741000;-0.320496;0.000728819;-0.32043;0.000437599;-0.320814;0.000727219;-0.320074;0.000435324;-0.320294;0.000728456;-0.32034;0.000436874;-0.319705;0.00135228;-0.320353;0.000808051
742000;-0.320491;0.000728318;-0.320421;0.000437297;-0.320811;0.000726751;-0.320067;0.000435019;-0.320301;0.000727976;-0.320348;0.000436593;-0.319737;0.00135145;-0.320341;0.000807506
743000;-0.320484;0.000727838;-0.320412;0.000436976;-0.320799;0.000726269;-0.320056;0.000434687;-0.320296;0.000727492;-0.320343;0.000436279;-0.319712;0.00135049;-0.320331;0.000806975
744000;-0.320484;0.000727339;-0.320416;0.000436682;-0.320784;0.000725778;-0.320047;0.000434369;-0.320274;0.000726985;-0.320347;0.000435992;-0.319763;0.00134969;-0.320371;0.000806616
745000;-0.320489;0.000726853;-0.320409;0.000436357;-0.320783;0.000725286;-0.320045;0.000434066;-0.320295;0.000726483;-0.320362;0.000435733;-0.319749;0.00134872;-0.320355;0.000806074
746000;-0.320519;0.000726375;-0.320405;0.000436046;-0.320773;0.000724791;-0.320053;0.000433802;-0.320302;0.000725996;-0.32035;0.00043542;-0.319731;0.00134776;-0.320374;0.000805597
747000;-0.320525;0.000725879;-0.320402;0.000435743;-0.320776;0.000724302;-0.32005;0.000433496;-0.320312;0.000725489;-0.320339;0.000435103;-0.31971;0.00134682;-0.320359;0.000805021
748000;-0.32052;0.000725391;-0.320406;0.000435472;-0.320778;0.000723838;-0.320046;0.000433191;-0.32029;0.000725007;-0.320346;0.000434833;-0.319717;0.00134587;-0.320342;0.000804478
749000;-0.320513;0.000724918;-0.320409;0.000435198;-0.320756;0.000723353;-0.320041;0.000432874;-0.3203;0.000724527;-0.32034;0.000434535;-0.31976;0.00134507;-0.320343;0.000803953
750000;-0.320512;0.000724438;-0.320404;0.000434884;-0.320762;0.000722881;-0.320031;0.000432572;-0.320305;0.000724043;-0.32035;0.000434257;-0.319752;0.00134418;-0.320345;0.000803403
751000;-0.320512;0.000723944;-0.32039;0.000434588;-0.320755;0.000722401;-0.320036;0.000432291;-0.320335;0.000723579;-0.320344;0.000433942;-0.319748;0.00134319;-0.320343;0.000802834
752000;-0.320527;0.000723472;-0.320387;0.000434292;-0.320747;0.000721908;-0.320044;0.00043202;-0.320327;0.000723088;-0.320351;0.000433668;-0.319816;0.00134252;-0.32033;0.000802283
753000;-0.320539;0.00072301;-0.320367;0.000433965;-0.320734;0.00072142;-0.320042;0.000431727;-0.320348;0.000722627;-0.320348;0.000433372;-0.319822;0.00134171;-0.320291;0.000801694
754000;-0.320526;0.000722542;-0.320374;0.00043369;-0.320729;0.00072094;-0.320036;0.00043142;-0.320349;0.000722153;-0.32034;0.000433058;-0.319766;0.00134062;-0.320278;0.00080116
755000;-0.320516;0.000722084;-0.320381;0.000433423;-0.32074;0.000720478;-0.32005;0.000431171;-0.320358;0.000721678;-0.320335;0.000432731;-0.319767;0.00133964;-0.320267;0.000800631
756000;-0.32052;0.000721599;-0.320384;0.000433136;-0.320741;0.000719998;-0.320044;0.000430878;-0.320353;0.000721206;-0.320344;0.000432449;-0.319753;0.00133873;-0.320287;0.000800157
757000;-0.320503;0.00072111;-0.320386;0.000432854;-0.320721;0.000719517;-0.320039;0.00043058;-0.320358;0.00072072;-0.320353;0.000432185;-0.31977;0.00133794;-0.320276;0.000799567
758000;-0.320498;0.000720653;-0.320392;0.000432592;-0.320722;0.000719041;-0.320039;0.000430293;-0.320321;0.000720227;-0.320359;0.000431917;-0.319789;0.00133712;-0.320299;0.000799124
759000;-0.320487;0.000720173;-0.3204;0.000432315;-0.320713;0.000718549;-0.320036;0.000430007;-0.320333;0.000719766;-0.320344;0.0004316;-0.319722;0.00133607;-0.320273;0.000798512
760000;-0.320478;0.000719702;-0.320388;0.000431983;-0.320706;0.000718076;-0.320033;0.000429728;-0.320361;0.000719293;-0.320345;0.000431319;-0.319712;0.00133512;-0.320282;0.000798007
761000;-0.320464;0.000719227;-0.320391;0.000431724;-0.320692;0.000717597;-0.320031;0.000429447;-0.320364;0.000718818;-0.320347;0.000431047;-0.319701;0.00133421;-0.320285;0.000797491
762000;-0.320454;0.000718758;-0.320378;0.000431426;-0.320705;0.00071713;-0.320033;0.000429165;-0.320344;0.000718345;-0.320345;0.000430754;-0.319707;0.00133347;-0.320314;0.00079704
763000;-0.320446;0.00071829;-0.320362;0.000431092;-0.320686;0.000716648;-0.320026;0.000428849;-0.32032;0.000717876;-0.320354;0.000430489;-0.319722;0.00133264;-0.320305;0.000796493
764000;-0.320449;0.000717826;-0.320351;0.000430785;-0.320697;0.000716191;-0.32002;0.000428568;-0.320307;0.000717406;-0.320349;0.000430196;-0.319735;0.00133184;-0.320298;0.000795933
765000;-0.320448;0.000717354;-0.320347;0.000430505;-0.320695;0.000715734;-0.32002;0.000428284;-0.320302;0.000716942;-0.320355;0.000429926;-0.319707;0.00133087;-0.320309;0.000795473
766000;-0.32043;0.000716868;-0.320345;0.000430232;-0.320667;0.000715276;-0.320018;0.000428001;-0.320315;0.00071646;-0.320344;0.000429621;-0.319705;0.00132998;-0.32032;0.000795012
767000;-0.320474;0.000716411;-0.320346;0.000429955;-0.320636;0.000714806;-0.320014;0.000427718;-0.320296;0.000715979;-0.320344;0.000429345;-0.319706;0.00132923;-0.320313;0.000794452
768000;-0.320485;0.000715951;-0.320334;0.000429651;-0.320629;0.000714351;-0.32003;0.000427468;-0.320286;0.00071551;-0.320351;0.000429077;-0.319653;0.00132817;-0.320305;0.000793933
769000;-0.320483;0.000715479;-0.320318;0.000429349;-0.320635;0.000713888;-0.320019;0.000427167;-0.320259;0.000715028;-0.320346;0.000428793;-0.319622;0.00132722;-0.320316;0.000793431
770000;-0.320481;0.000715025;-0.320325;0.000429091;-0.320613;0.000713398;-0.32002;0.0004269;-0.320268;0.000714572;-0.320358;0.00042854;-0.319666;0.00132652;-0.320321;0.000792963
771000;-0.320491;0.000714566;-0.32034;0.000428851;-0.320617;0.000712952;-0.320042;0.000426681;-0.320279;0.000714112;-0.320357;0.000428244;-0.319648;0.00132561;-0.320296;0.00079237
772000;-0.32051;0.000714117;-0.320351;0.000428599;-0.320628;0.000712483;-0.320053;0.000426434;-0.320255;0.000713625;-0.320364;0.000427988;-0.319651;0.00132482;-0.320324;0.000791933
773000;-0.320517;0.000713651;-0.320345;0.000428287;-0.320636;0.000712033;-0.320061;0.000426172;-0.320256;0.000713164;-0.320364;0.000427717;-0.319669;0.0013241;-0.320338;0.00079144
774000;-0.320513;0.000713185;-0.320329;0.000427987;-0.320655;0.000711571;-0.320071;0.000425927;-0.320265;0.000712713;-0.320371;0.000427462;-0.319741;0.00132345;-0.320319;0.0007909
775000;-0.320518;0.00071271;-0.320324;0.000427697;-0.320651;0.000711123;-0.320066;0.000425643;-0.320261;0.000712258;-0.320366;0.000427182;-0.319762;0.00132263;-0.320324;0.000790436
776000;-0.320524;0.000712247;-0.320326;0.000427415;-0.320629;0.000710673;-0.320071;0.000425385;-0.32025;0.000711796;-0.320379;0.00042692;-0.319763;0.00132174;-0.320314;0.000789948
777000;-0.3205;0.000711786;-0.32032;0.000427126;-0.320606;0.000710195;-0.320082;0.00042513;-0.320259;0.000711341;-0.320386;0.00042667;-0.319767;0.00132092;-0.320297;0.000789394
778000;-0.320512;0.000711314;-0.320317;0.000426858;-0.320639;0.000709755;-0.32008;0.000424851;-0.320273;0.000710886;-0.320391;0.000426415;-0.319759;0.00132008;-0.3203;0.000788934
779000;-0.320516;0.000710852;-0.320321;0.000426583;-0.320642;0.000709304;-0.320087;0.000424602;-0.320274;0.000710428;-0.320383;0.000426128;-0.319732;0.00131915;-0.320317;0.000788463
780000;-0.32051;0.000710405;-0.320326;0.000426332;-0.320616;0.000708844;-0.320087;0.00042433;-0.320259;0.000709973;-0.320381;0.000425852;-0.319716;0.00131826;-0.32034;0.000788025
781000;-0.320509;0.000709947;-0.320325;0.000426057;-0.320602;0.000708393;-0.320089;0.000424065;-0.320237;0.000709525;-0.320399;0.000425613;-0.319734;0.00131748;-0.320346;0.000787533
782000;-0.320496;0.000709475;-0.32033;0.000425798;-0.320589;0.000707939;-0.320083;0.00042379;-0.320235;0.000709073;-0.320405;0.000425357;-0.319756;0.00131666;-0.320338;0.000787022
783000;-0.320509;0.000709024;-0.320338;0.000425544;-0.320608;0.000707505;-0.320077;0.000423505;-0.320233;0.0007086;-0.320414;0.000425125;-0.319747;0.00131587;-0.320334;0.0007865
784000;-0.320516;0.000708565;-0.320334;0.000425278;-0.320585;0.00070704;-0.320075;0.000423236;-0.320237;0.000708149;-0.320411;0.000424842;-0.319759;0.0013151;-0.320344;0.000786015
785000;-0.32053;0.00070813;-0.320333;0.00042499;-0.320583;0.000706579;-0.320076;0.000422988;-0.320247;0.00070771;-0.320414;0.000424567;-0.319776;0.00131434;-0.320324;0.000785473
786000;-0.320538;0.000707673;-0.32033;0.000424701;-0.320583;0.000706115;-0.320069;0.000422705;-0.320266;0.000707258;-0.320396;0.000424264;-0.319767;0.00131344;-0.32033;0.000784998
787000;-0.320514;0.000707201;-0.320325;0.000424423;-0.320594;0.000705674;-0.320077;0.000422451;-0.320263;0.000706814;-0.320397;0.000423996;-0.319774;0.00131264;-0.320341;0.000784527
788000;-0.320499;0.000706744;-0.32033;0.000424167;-0.320567;0.000705219;-0.320075;0.000422185;-0.320272;0.000706357;-0.320395;0.000423715;-0.319829;0.00131202;-0.320343;0.000784044
789000;-0.320513;0.000706314;-0.32033;0.000423904;-0.32057;0.000704779;-0.320089;0.000421945;-0.320282;0.00070592;-0.320404;0.000423472;-0.319812;0.00131114;-0.320351;0.000783521
790000;-0.320502;0.000705875;-0.320323;0.000423615;-0.32056;0.00070433;-0.32009;0.00042167;-0.320298;0.000705484;-0.320414;0.00042323;-0.319823;0.00131029;-0.320354;0.000783002
791000;-0.32051;0.000705437;-0.320319;0.000423335;-0.320546;0.000703878;-0.320081;0.000421373;-0.3203;0.000705041;-0.320415;0.000422966;-0.319824;0.00130941;-0.320335;0.000782455
792000;-0.320529;0.000704998;-0.320332;0.000423085;-0.32058;0.000703431;-0.320084;0.000421103;-0.320291;0.000704605;-0.320428;0.000422729;-0.319837;0.00130869;-0.32032;0.000781958
793000;-0.320538;0.000704554;-0.320329;0.000422817;-0.320553;0.000702967;-0.320075;0.000420804;-0.3203;0.000704163;-0.320425;0.000422455;-0.319821;0.00130794;-0.32034;0.000781425
794000;-0.320545;0.000704102;-0.320338;0.000422569;-0.320562;0.000702526;-0.320082;0.000420557;-0.320296;0.000703722;-0.320421;0.000422181;-0.319843;0.0013072;-0.320327;0.00078091
795000;-0.320538;0.000703663;-0.32034;0.000422301;-0.32055;0.000702075;-0.320083;0.000420283;-0.320291;0.000703293;-0.320417;0.000421916;-0.31983;0.00130635;-0.320334;0.000780411
796000;-0.320534;0.000703208;-0.320337;0.000422019;-0.320546;0.000701633;-0.320087;0.000420025;-0.320273;0.000702861;-0.320423;0.000421667;-0.319815;0.00130547;-0.320335;0.000779931
797000;-0.320539;0.000702768;-0.32034;0.000421764;-0.320574;0.000701189;-0.320086;0.000419754;-0.320286;0.000702441;-0.32043;0.00042141;-0.319789;0.00130455;-0.320332;0.00077945
798000;-0.32055;0.000702322;-0.320346;0.00042151;-0.320579;0.000700758;-0.320081;0.000419492;-0.320297;0.000702006;-0.32043;0.000421145;-0.319779;0.00130371;-0.320303;0.000778916
799000;-0.320532;0.000701879;-0.32035;0.000421243;-0.320571;0.000700309;-0.320079;0.00041922;-0.320316;0.00070158;-0.320436;0.00042091;-0.319755;0.00130283;-0.320299;0.000778439
800000;-0.32054;0.000701442;-0.320337;0.000420957;-0.32054;0.000699882;-0.320078;0.000418964;-0.320327;0.000701144;-0.320446;0.000420673;-0.319746;0.00130191;-0.320288;0.000777952
801000;-0.320543;0.000701003;-0.320351;0.000420727;-0.32055;0.000699438;-0.320086;0.000418709;-0.320329;0.000700699;-0.320457;0.000420416;-0.319741;0.001301;-0.320287;0.000777477
802000;-0.320552;0.000700554;-0.320356;0.00042046;-0.320553;0.000698994;-0.32009;0.000418459;-0.320332;0.000700266;-0.320461;0.000420163;-0.319764;0.00130036;-0.32029;0.000777014
803000;-0.320544;0.00070011;-0.320352;0.000420182;-0.320559;0.000698563;-0.320098;0.000418212;-0.320336;0.00069984;-0.320459;0.000419902;-0.319771;0.00129948;-0.320285;0.000776519
804000;-0.320538;0.000699655;-0.32036;0.000419934;-0.320563;0.000698134;-0.320092;0.000417929;-0.320347;0.000699412;-0.320462;0.000419643;-0.319739;0.00129865;-0.320247;0.000775984
805000;-0.320538;0.00069923;-0.320355;0.000419659;-0.320558;0.000697703;-0.320085;0.000417648;-0.320348;0.000698987;-0.320464;0.000419396;-0.319725;0.00129777;-0.320238;0.000775485
806000;-0.320542;0.000698805;-0.320378;0.000419441;-0.320581;0.000697288;-0.320075;0.000417369;-0.320351;0.000698553;-0.320455;0.000419095;-0.319737;0.00129701;-0.32027;0.000775059
807000;-0.320561;0.000698366;-0.320388;0.000419202;-0.32057;0.000696845;-0.320074;0.000417122;-0.320356;0.000698117;-0.320459;0.000418837;-0.319764;0.0012962;-0.320257;0.000774555
808000;-0.320561;0.000697939;-0.320384;0.000418941;-0.320566;0.000696416;-0.320083;0.000416883;-0.320334;0.000697667;-0.320442;0.000418522;-0.319703;0.00129517;-0.320263;0.00077411
809000;-0.320581;0.000697531;-0.320387;0.000418683;-0.320571;0.000695995;-0.320078;0.000416596;-0.320342;0.00069724;-0.320447;0.000418278;-0.319681;0.00129428;-0.32026;0.000773642
810000;-0.320574;0.000697108;-0.320385;0.000418422;-0.320558;0.000695571;-0.320076;0.000416343;-0.32033;0.000696815;-0.32045;0.000418036;-0.31968;0.00129345;-0.320265;0.000773125
811000;-0.320568;0.000696673;-0.320393;0.00041817;-0.320543;0.000695145;-0.32007;0.000416069;-0.320333;0.000696395;-0.320456;0.000417788;-0.319663;0.00129262;-0.320294;0.000772667
812000;-0.320586;0.000696244;-0.320398;0.000417932;-0.320544;0.000694727;-0.320066;0.000415824;-0.320317;0.000695973;-0.320445;0.000417501;-0.319661;0.00129185;-0.320258;0.000772155
813000;-0.320564;0.000695799;-0.320409;0.000417705;-0.32056;0.000694305;-0.320063;0.000415536;-0.320326;0.000695557;-0.320462;0.000417291;-0.319695;0.00129115;-0.320251;0.000771657
814000;-0.320573;0.000695376;-0.320412;0.00041745;-0.320571;0.000693879;-0.320065;0.000415286;-0.320332;0.000695117;-0.320458;0.000417024;-0.31968;0.00129034;-0.320247;0.000771177
815000;-0.320582;0.000694937;-0.320406;0.000417173;-0.320587;0.000693476;-0.320066;0.000415003;-0.320342;0.000694698;-0.320449;0.000416746;-0.319681;0.00128962;-0.320268;0.000770728
816000;-0.320582;0.000694506;-0.320407;0.000416914;-0.320591;0.00069304;-0.320071;0.000414789;-0.320334;0.000694268;-0.320451;0.00041648;-0.319685;0.00128887;-0.320283;0.000770286
817000;-0.320567;0.000694087;-0.320413;0.000416666;-0.320605;0.000692618;-0.320079;0.000414546;-0.320332;0.000693838;-0.320434;0.000416201;-0.319669;0.00128811;-0.320264;0.000769759
818000;-0.320555;0.000693659;-0.320416;0.000416416;-0.320617;0.000692177;-0.320084;0.000414305;-0.320329;0.000693423;-0.320436;0.000415943;-0.319714;0.00128743;-0.320286;0.000769337
819000;-0.32055;0.000693238;-0.320415;0.000416166;-0.320633;0.000691756;-0.32008;0.000414033;-0.320332;0.000693013;-0.320434;0.000415684;-0.319733;0.00128672;-0.320291;0.000768867
820000;-0.320524;0.000692814;-0.320408;0.000415891;-0.320625;0.00069133;-0.320088;0.000413806;-0.320337;0.000692589;-0.320438;0.000415448;-0.31969;0.00128589;-0.320304;0.000768389
821000;-0.320531;0.000692403;-0.320402;0.000415622;-0.320638;0.000690923;-0.320088;0.000413573;-0.320334;0.000692164;-0.320449;0.000415225;-0.31967;0.00128509;-0.320297;0.000767929
822000;-0.320561;0.000691991;-0.32041;0.000415383;-0.320643;0.000690507;-0.320073;0.000413277;-0.320345;0.000691752;-0.32045;0.000414986;-0.319658;0.00128429;-0.320278;0.000767437
823000;-0.320553;0.00069157;-0.320398;0.000415098;-0.320639;0.000690099;-0.320065;0.000413012;-0.320309;0.000691308;-0.320431;0.000414693;-0.319635;0.00128346;-0.320251;0.000766952
824000;-0.320558;0.000691144;-0.320402;0.000414861;-0.320652;0.000689696;-0.320058;0.000412763;-0.320341;0.000690897;-0.320425;0.000414416;-0.31961;0.00128262;-0.320234;0.000766444
825000;-0.320552;0.00069074;-0.320404;0.00041461;-0.32064;0.000689269;-0.320069;0.000412538;-0.32034;0.00069048;-0.32042;0.000414162;-0.319572;0.00128173;-0.320235;0.000765991
826000;-0.32055;0.000690316;-0.320408;0.000414367;-0.320643;0.000688847;-0.320069;0.000412295;-0.320356;0.000690072;-0.320415;0.000413892;-0.319565;0.00128089;-0.320205;0.00076547
827000;-0.32053;0.00068989;-0.320408;0.0004141;-0.320652;0.000688445;-0.320066;0.000412047;-0.320351;0.000689655;-0.320414;0.000413634;-0.319599;0.00128021;-0.320195;0.000764915
828000;-0.320515;0.000689474;-0.320408;0.000413854;-0.320646;0.000688023;-0.320068;0.000411812;-0.320355;0.000689233;-0.320421;0.00041341;-0.319565;0.00127933;-0.320222;0.000764526
829000;-0.320518;0.000689063;-0.320404;0.000413596;-0.320626;0.000687605;-0.320069;0.000411573;-0.320363;0.000688806;-0.32041;0.000413146;-0.319609;0.00127867;-0.320234;0.00076407
830000;-0.320512;0.000688637;-0.320409;0.000413356;-0.320623;0.000687203;-0.320063;0.000411307;-0.320363;0.00068839;-0.320395;0.000412864;-0.319595;0.00127785;-0.320226;0.000763592
831000;-0.320556;0.000688256;-0.320412;0.000413122;-0.320639;0.000686792;-0.320068;0.000411067;-0.32038;0.000687976;-0.320393;0.000412615;-0.319623;0.0012773;-0.320242;0.000763182
832000;-0.32057;0.000687845;-0.320404;0.000412862;-0.320634;0.000686382;-0.320059;0.000410809;-0.320388;0.000687573;-0.320394;0.000412376;-0.319609;0.00127647;-0.320265;0.000762734
833000;-0.320554;0.000687431;-0.320405;0.000412619;-0.320633;0.000685965;-0.320051;0.000410551;-0.320388;0.000687159;-0.320396;0.000412131;-0.31959;0.0012756;-0.320266;0.000762255
834000;-0.32055;0.000687026;-0.320414;0.000412397;-0.320634;0.000685552;-0.320056;0.000410301;-0.320392;0.000686765;-0.320407;0.000411892;-0.319647;0.00127499;-0.320283;0.000761829
835000;-0.320558;0.00068661;-0.320415;0.000412156;-0.320636;0.000685136;-0.320045;0.00041003;-0.320396;0.00068634;-0.3204;0.000411642;-0.319623;0.00127412;-0.320262;0.000761347
836000;-0.320568;0.000686192;-0.320424;0.000411918;-0.320639;0.000684736;-0.320028;0.000409747;-0.320396;0.000685938;-0.320392;0.000411378;-0.319603;0.00127327;-0.320261;0.000760876
837000;-0.320575;0.000685779;-0.320439;0.000411702;-0.320642;0.000684336;-0.320021;0.00040949;-0.320406;0.000685515;-0.320393;0.000411142;-0.319583;0.00127246;-0.320268;0.00076042
838000;-0.320581;0.000685372;-0.320437;0.000411456;-0.320653;0.00068393;-0.32002;0.000409252;-0.320411;0.000685118;-0.320391;0.000410898;-0.319565;0.00127161;-0.320248;0.000759926
839000;-0.320558;0.000684948;-0.320429;0.000411196;-0.320669;0.000683537;-0.320028;0.000409019;-0.320406;0.000684724;-0.320383;0.000410625;-0.319587;0.00127092;-0.320254;0.000759493
840000;-0.320583;0.000684548;-0.320431;0.000410963;-0.320693;0.000683143;-0.320029;0.000408783;-0.320396;0.000684338;-0.32038;0.000410379;-0.319594;0.00127015;-0.320259;0.000759095
841000;-0.320578;0.000684137;-0.320438;0.00041073;-0.320689;0.000682731;-0.320027;0.000408538;-0.320392;0.00068393;-0.320372;0.000410123;-0.319603;0.00126942;-0.320246;0.000758626
842000;-0.320585;0.000683751;-0.320444;0.0004105;-0.320694;0.000682339;-0.320044;0.00040834;-0.320374;0.000683506;-0.320376;0.000409898;-0.31966;0.00126888;-0.320256;0.000758161
843000;-0.32058;0.000683335;-0.320444;0.000410257;-0.320707;0.000681929;-0.320043;0.000408096;-0.320375;0.000683105;-0.320373;0.000409655;-0.319662;0.00126809;-0.320264;0.000757716
844000;-0.320575;0.000682934;-0.320441;0.000410012;-0.320711;0.000681515;-0.320047;0.000407865;-0.320383;0.000682699;-0.320372;0.000409404;-0.319645;0.00126729;-0.320252;0.000757248
845000;-0.320568;0.000682519;-0.320443;0.000409768;-0.320713;0.000681105;-0.320051;0.000407626;-0.320388;0.000682306;-0.320369;0.000409148;-0.319632;0.00126656;-0.320234;0.000756777
846000;-0.32058;0.000682122;-0.320442;0.000409517;-0.320721;0.000680699;-0.32005;0.000407389;-0.320399;0.00068191;-0.320365;0.000408906;-0.319641;0.00126591;-0.320215;0.000756261
847000;-0.320556;0.000681709;-0.320431;0.000409263;-0.320734;0.000680308;-0.320049;0.000407162;-0.320382;0.000681507;-0.320371;0.000408675;-0.319664;0.00126527;-0.320209;0.000755789
848000;-0.320541;0.000681304;-0.320429;0.000409006;-0.320732;0.000679922;-0.320057;0.000406926;-0.320392;0.000681099;-0.320369;0.000408434;-0.319646;0.00126449;-0.320214;0.000755302
849000;-0.320544;0.00068091;-0.320418;0.000408749;-0.320749;0.000679532;-0.320049;0.000406674;-0.320393;0.000680712;-0.320367;0.000408189;-0.319616;0.00126371;-0.32023;0.000754892
850000;-0.320535;0.000680496;-0.320422;0.000408502;-0.320742;0.000679129;-0.320043;0.000406432;-0.320396;0.000680306;-0.32037;0.000407933;-0.319688;0.00126321;-0.320205;0.000754431
851000;-0.320538;0.000680082;-0.320421;0.000408268;-0.320753;0.000678737;-0.320049;0.000406202;-0.320386;0.000679892;-0.320374;0.000407686;-0.319682;0.00126243;-0.320204;0.000753967
852000;-0.320536;0.000679696;-0.32042;0.000408027;-0.320756;0.000678347;-0.320054;0.000405971;-0.320369;0.000679491;-0.320383;0.000407475;-0.319735;0.00126181;-0.320211;0.000753553
853000;-0.320534;0.000679287;-0.320423;0.000407785;-0.320772;0.000677963;-0.320065;0.000405756;-0.320355;0.000679087;-0.320381;0.000407228;-0.31972;0.00126096;-0.320222;0.000753136
854000;-0.320529;0.000678887;-0.32043;0.000407554;-0.320777;0.000677562;-0.320056;0.0004055;-0.320372;0.000678709;-0.320367;0.000406959;-0.319722;0.00126022;-0.320235;0.000752726
855000;-0.320547;0.00067851;-0.320425;0.000407303;-0.320793;0.000677161;-0.320055;0.000405267;-0.320372;0.000678322;-0.320374;0.000406748;-0.319719;0.00125948;-0.320243;0.000752285
856000;-0.320546;0.000678095;-0.320423;0.000407077;-0.320787;0.00067677;-0.320045;0.000405008;-0.320354;0.000677907;-0.32037;0.000406494;-0.319735;0.00125875;-0.320248;0.000751842
857000;-0.32056;0.000677713;-0.32042;0.000406841;-0.320779;0.000676355;-0.320048;0.000404784;-0.320361;0.000677512;-0.320374;0.000406279;-0.319727;0.00125794;-0.320259;0.000751478
858000;-0.320559;0.000677317;-0.320407;0.00040659;-0.320768;0.000675959;-0.320042;0.000404538;-0.320373;0.000677127;-0.32037;0.000406046;-0.319754;0.0012572;-0.320246;0.000751022
859000;-0.320565;0.000676931;-0.320401;0.000406328;-0.320764;0.000675556;-0.32004;0.000404301;-0.320363;0.000676729;-0.320383;0.000405828;-0.31976;0.00125646;-0.320272;0.000750624
860000;-0.320561;0.000676537;-0.320391;0.000406071;-0.320751;0.000675168;-0.32006;0.00040411;-0.320365;0.000676336;-0.320386;0.000405597;-0.319751;0.00125572;-0.320279;0.000750232
861000;-0.320559;0.000676136;-0.320392;0.000405829;-0.320758;0.000674758;-0.320059;0.000403877;-0.320359;0.000675929;-0.320399;0.000405385;-0.319757;0.00125507;-0.320261;0.00074979
862000;-0.320552;0.000675737;-0.32039;0.000405588;-0.320756;0.000674381;-0.320055;0.00040363;-0.320355;0.000675532;-0.320391;0.000405144;-0.319766;0.00125439;-0.320262;0.000749383
863000;-0.320561;0.000675351;-0.320393;0.000405344;-0.320765;0.000673996;-0.320055;0.000403393;-0.320367;0.000675143;-0.320395;0.000404914;-0.319764;0.00125363;-0.320238;0.000748906
864000;-0.320552;0.00067496;-0.320394;0.000405121;-0.320757;0.000673612;-0.320057;0.000403177;-0.32038;0.00067476;-0.320391;0.000404689;-0.319723;0.00125275;-0.320254;0.000748558
865000;-0.320543;0.000674558;-0.320393;0.000404882;-0.320738;0.000673218;-0.320059;0.000402927;-0.32038;0.000674358;-0.32038;0.000404428;-0.31975;0.00125218;-0.320282;0.000748175
866000;-0.320541;0.000674162;-0.320383;0.000404636;-0.320747;0.00067284;-0.320052;0.000402662;-0.320383;0.000673976;-0.320366;0.000404175;-0.319749;0.00125142;-0.320269;0.00074774
867000;-0.320522;0.000673758;-0.320375;0.000404394;-0.320738;0.000672443;-0.320049;0.000402434;-0.320369;0.000673592;-0.32037;0.000403956;-0.319757;0.00125074;-0.320257;0.00074729
868000;-0.320528;0.00067338;-0.320368;0.000404136;-0.320731;0.000672051;-0.320059;0.000402214;-0.320355;0.000673202;-0.320372;0.000403727;-0.319839;0.00125021;-0.320269;0.000746865
869000;-0.320549;0.000672987;-0.320383;0.000403919;-0.320713;0.000671659;-0.320064;0.000401982;-0.320357;0.000672815;-0.320363;0.00040347;-0.319854;0.00124959;-0.320254;0.000746353
870000;-0.320542;0.000672592;-0.320381;0.000403689;-0.320727;0.00067128;-0.320055;0.000401734;-0.320359;0.000672437;-0.32036;0.000403223;-0.31983;0.0012489;-0.320266;0.000745954
871000;-0.320557;0.000672208;-0.320374;0.000403442;-0.320731;0.000670892;-0.320054;0.000401508;-0.320331;0.000672041;-0.320353;0.00040298;-0.319842;0.00124822;-0.320276;0.000745544
872000;-0.320564;0.000671822;-0.320383;0.000403223;-0.320722;0.000670501;-0.320049;0.000401262;-0.32032;0.000671656;-0.320356;0.00040276;-0.319878;0.00124765;-0.320287;0.000745129
873000;-0.320558;0.000671436;-0.320368;0.000402968;-0.320727;0.00067012;-0.320056;0.000401047;-0.320312;0.000671264;-0.32035;0.000402509;-0.319891;0.00124703;-0.320287;0.000744732
874000;-0.320545;0.000671047;-0.320371;0.000402742;-0.32072;0.000669725;-0.320051;0.000400807;-0.320306;0.000670865;-0.320344;0.000402264;-0.319872;0.00124631;-0.32029;0.000744322
875000;-0.320547;0.000670665;-0.320367;0.0004025;-0.320729;0.000669343;-0.320047;0.00040058;-0.320311;0.000670483;-0.320359;0.000402067;-0.319893;0.00124572;-0.320281;0.000743899
876000;-0.320564;0.000670291;-0.320372;0.000402279;-0.320727;0.000668965;-0.320052;0.000400355;-0.320318;0.000670099;-0.320359;0.000401846;-0.319912;0.00124519;-0.320296;0.000743502
877000;-0.320566;0.000669911;-0.320371;0.000402056;-0.320712;0.000668581;-0.320056;0.000400152;-0.320324;0.000669728;-0.320358;0.000401619;-0.319899;0.00124439;-0.320293;0.000743075
878000;-0.320564;0.000669543;-0.320365;0.000401816;-0.320704;0.000668197;-0.320066;0.000399943;-0.320312;0.000669343;-0.320346;0.000401372;-0.319924;0.00124375;-0.320307;0.000742679
879000;-0.32056;0.00066916;-0.320374;0.000401619;-0.320702;0.00066781;-0.320075;0.000399738;-0.320294;0.000668962;-0.320336;0.000401129;-0.319878;0.00124295;-0.320295;0.000742244
880000;-0.320555;0.000668769;-0.320376;0.000401393;-0.320722;0.000667444;-0.320078;0.000399522;-0.320294;0.000668582;-0.320328;0.000400878;-0.319898;0.00124228;-0.320299;0.000741866
881000;-0.320545;0.000668382;-0.320372;0.000401151;-0.320736;0.000667062;-0.320068;0.000399276;-0.320309;0.000668216;-0.320332;0.000400671;-0.31989;0.00124155;-0.320284;0.000741424
882000;-0.320549;0.000667993;-0.320365;0.000400916;-0.320732;0.00066668;-0.320057;0.000399042;-0.320291;0.000667828;-0.320336;0.000400454;-0.319909;0.00124093;-0.320269;0.000740994
883000;-0.320556;0.000667628;-0.320377;0.000400712;-0.320716;0.000666304;-0.320054;0.000398809;-0.320289;0.000667446;-0.320342;0.000400241;-0.319923;0.00124027;-0.320267;0.000740582
884000;-0.32055;0.000667252;-0.320386;0.000400508;-0.320723;0.000665926;-0.32005;0.000398574;-0.320282;0.000667073;-0.320336;0.000399999;-0.319913;0.00123956;-0.320263;0.00074016
885000;-0.320547;0.00066687;-0.320383;0.000400274;-0.320695;0.000665548;-0.320043;0.000398333;-0.320279;0.000666697;-0.320344;0.000399797;-0.319892;0.00123876;-0.320263;0.000739742
886000;-0.320549;0.000666498;-0.320401;0.000400082;-0.320704;0.000665176;-0.320047;0.000398108;-0.320284;0.000666309;-0.320348;0.00039958;-0.319909;0.00123808;-0.320255;0.000739305
887000;-0.320556;0.000666125;-0.320398;0.000399837;-0.320716;0.000664813;-0.320046;0.000397883;-0.320282;0.000665938;-0.320343;0.000399348;-0.319899;0.00123743;-0.320255;0.000738879
888000;-0.320558;0.000665755;-0.320384;0.000399578;-0.320692;0.000664433;-0.320036;0.000397625;-0.320262;0.000665557;-0.320349;0.000399134;-0.319887;0.00123669;-0.32023;0.000738425
889000;-0.320571;0.000665382;-0.320385;0.000399361;-0.320667;0.000664061;-0.320038;0.000397416;-0.320257;0.000665172;-0.320332;0.000398887;-0.319905;0.00123606;-0.320225;0.000738
890000;-0.320575;0.000665012;-0.320375;0.000399132;-0.32065;0.000663699;-0.320032;0.000397187;-0.320271;0.000664804;-0.32034;0.000398679;-0.319893;0.00123534;-0.320229;0.000737578
891000;-0.320574;0.000664651;-0.320385;0.000398926;-0.320662;0.000663327;-0.320032;0.000396973;-0.320279;0.000664432;-0.320331;0.000398427;-0.319896;0.00123471;-0.320228;0.000737136
892000;-0.320565;0.000664272;-0.320376;0.000398681;-0.320668;0.000662949;-0.320032;0.000396738;-0.320286;0.000664059;-0.32033;0.0003982;-0.319887;0.00123401;-0.320245;0.000736753
893000;-0.320552;0.00066389;-0.320366;0.000398427;-0.32064;0.000662573;-0.320028;0.000396515;-0.320282;0.000663686;-0.320321;0.000397957;-0.319895;0.0012333;-0.320278;0.000736373
894000;-0.32053;0.000663511;-0.32037;0.000398214;-0.320669;0.000662204;-0.320042;0.000396323;-0.320274;0.000663305;-0.320316;0.000397726;-0.319891;0.00123261;-0.320261;0.000735928
895000;-0.320536;0.000663142;-0.320366;0.000397991;-0.320666;0.00066182;-0.320048;0.000396129;-0.320281;0.000662932;-0.320314;0.000397507;-0.319881;0.00123187;-0.320275;0.000735559
896000;-0.320538;0.000662773;-0.320367;0.000397768;-0.320668;0.00066145;-0.32005;0.000395912;-0.320272;0.000662565;-0.320318;0.000397294;-0.31988;0.00123116;-0.320295;0.000735183
897000;-0.320544;0.000662397;-0.320373;0.000397573;-0.32068;0.000661099;-0.320058;0.000395702;-0.320285;0.000662199;-0.320326;0.000397095;-0.319878;0.00123042;-0.320296;0.000734769
898000;-0.320519;0.000662018;-0.320375;0.000397354;-0.320693;0.000660732;-0.320051;0.000395453;-0.320282;0.000661826;-0.320315;0.00039685;-0.319871;0.00122976;-0.32028;0.000734348
899000;-0.320511;0.000661649;-0.32038;0.000397154;-0.320678;0.000660359;-0.320038;0.000395218;-0.320264;0.000661452;-0.320321;0.000396637;-0.319841;0.00122903;-0.320312;0.000734014
900000;-0.32051;0.000661289;-0.320379;0.000396929;-0.320684;0.000659998;-0.320044;0.000395019;-0.320273;0.000661057;-0.320319;0.000396416;-0.31984;0.00122841;-0.320319;0.000733606
901000;-0.320514;0.000660924;-0.320378;0.000396699;-0.32066;0.000659617;-0.320048;0.000394797;-0.320273;0.000660689;-0.320323;0.000396207;-0.319828;0.00122766;-0.320334;0.000733224
902000;-0.320514;0.00066057;-0.320384;0.0003965;-0.320685;0.000659255;-0.320041;0.000394558;-0.320263;0.000660326;-0.320334;0.000396005;-0.319801;0.00122692;-0.32033;0.000732822
903000;-0.320488;0.000660206;-0.320386;0.000396276;-0.320686;0.000658894;-0.320039;0.00039433;-0.320255;0.000659975;-0.320334;0.000395783;-0.319825;0.00122634;-0.320321;0.00073241
904000;-0.320485;0.000659834;-0.32039;0.000396061;-0.320675;0.000658524;-0.320039;0.000394122;-0.320259;0.000659604;-0.320331;0.000395566;-0.319816;0.0012256;-0.320314;0.000732
905000;-0.320501;0.00065948;-0.320404;0.000395883;-0.320673;0.000658163;-0.320056;0.000393933;-0.320281;0.000659237;-0.320331;0.000395357;-0.319778;0.00122488;-0.320298;0.000731585
906000;-0.320493;0.000659111;-0.320399;0.00039565;-0.320684;0.000657812;-0.320064;0.00039373;-0.320273;0.000658886;-0.320333;0.000395137;-0.3198;0.00122432;-0.320289;0.000731122
907000;-0.320501;0.000658757;-0.320393;0.000395427;-0.320703;0.000657463;-0.320084;0.000393552;-0.320275;0.000658526;-0.320339;0.00039493;-0.319811;0.00122376;-0.320306;0.000730693
908000;-0.320491;0.000658396;-0.320393;0.000395213;-0.320702;0.000657087;-0.320073;0.000393318;-0.320266;0.000658162;-0.32033;0.000394694;-0.319799;0.00122315;-0.320304;0.000730277
909000;-0.320466;0.000658031;-0.3204;0.000395003;-0.320687;0.000656725;-0.320071;0.000393091;-0.320283;0.000657799;-0.320335;0.000394484;-0.319815;0.00122251;-0.320309;0.000729889
910000;-0.320471;0.000657683;-0.320412;0.000394822;-0.32067;0.00065636;-0.320068;0.000392869;-0.320285;0.000657438;-0.320331;0.000394257;-0.319815;0.00122178;-0.320306;0.000729462
911000;-0.320463;0.000657317;-0.320408;0.000394604;-0.320668;0.000656008;-0.320073;0.000392653;-0.320289;0.000657067;-0.320319;0.000394018;-0.319836;0.00122107;-0.32032;0.0007291
912000;-0.320471;0.000656957;-0.320405;0.000394386;-0.320669;0.000655653;-0.32008;0.000392438;-0.320295;0.000656722;-0.320329;0.000393829;-0.319817;0.00122034;-0.320336;0.000728702
913000;-0.320492;0.000656618;-0.320412;0.000394185;-0.320666;0.000655303;-0.320083;0.000392234;-0.320302;0.000656367;-0.320323;0.0003936;-0.3198;0.00121963;-0.320338;0.00072829
914000;-0.320483;0.000656247;-0.320426;0.000393994;-0.320671;0.00065494;-0.320072;0.000391989;-0.320311;0.000656005;-0.320312;0.000393371;-0.319803;0.00121902;-0.320331;0.000727854
915000;-0.320499;0.000655896;-0.32043;0.00039378;-0.320668;0.000654579;-0.320067;0.000391757;-0.320308;0.000655647;-0.32031;0.000393161;-0.319793;0.00121827;-0.320333;0.000727499
916000;-0.320497;0.000655543;-0.320429;0.000393558;-0.320675;0.000654233;-0.320073;0.000391544;-0.320291;0.00065529;-0.32032;0.000392946;-0.319776;0.00121755;-0.320327;0.000727081
917000;-0.320507;0.000655197;-0.320429;0.000393343;-0.320681;0.00065387;-0.320064;0.000391309;-0.320293;0.000654924;-0.320322;0.000392737;-0.319744;0.00121686;-0.320331;0.000726707
918000;-0.320509;0.000654831;-0.320426;0.000393113;-0.320677;0.00065351;-0.32006;0.000391094;-0.320283;0.000654557;-0.320323;0.000392525;-0.31976;0.00121627;-0.3203;0.000726265
919000;-0.320507;0.000654466;-0.320437;0.000392908;-0.320676;0.000653149;-0.320053;0.000390859;-0.320284;0.000654204;-0.320333;0.000392348;-0.319791;0.00121568;-0.320308;0.00072588
920000;-0.3205;0.000654095;-0.320447;0.000392706;-0.320685;0.000652791;-0.320051;0.000390646;-0.320269;0.000653842;-0.320327;0.000392119;-0.319818;0.00121512;-0.320308;0.000725469
921000;-0.32049;0.000653728;-0.320448;0.000392495;-0.320671;0.00065243;-0.320054;0.000390446;-0.320269;0.000653499;-0.320332;0.000391912;-0.319812;0.00121434;-0.320331;0.00072511
922000;-0.320482;0.000653374;-0.320435;0.00039226;-0.320685;0.000652084;-0.32006;0.000390241;-0.320265;0.00065314;-0.320348;0.000391727;-0.319812;0.00121373;-0.320335;0.000724728
923000;-0.320488;0.000653012;-0.320444;0.00039208;-0.320681;0.00065174;-0.320061;0.000390032;-0.320272;0.000652792;-0.32034;0.000391493;-0.319834;0.00121317;-0.32032;0.000724301
924000;-0.320492;0.00065266;-0.320446;0.000391873;-0.320686;0.000651372;-0.320064;0.000389812;-0.320272;0.000652443;-0.32033;0.000391253;-0.319828;0.00121251;-0.320317;0.000723886
925000;-0.320503;0.000652323;-0.320452;0.000391667;-0.32068;0.000651023;-0.320069;0.000389625;-0.320262;0.000652084;-0.320332;0.000391047;-0.319847;0.00121187;-0.320316;0.000723545
926000;-0.320509;0.000651982;-0.320453;0.000391459;-0.320686;0.000650676;-0.320067;0.000389415;-0.320266;0.000651728;-0.320326;0.00039083;-0.319842;0.00121116;-0.320291;0.000723102
927000;-0.320533;0.000651636;-0.32045;0.000391238;-0.320678;0.000650324;-0.320067;0.000389203;-0.320252;0.000651372;-0.320324;0.000390613;-0.319851;0.00121052;-0.320292;0.000722728
928000;-0.320533;0.000651272;-0.320446;0.00039102;-0.320682;0.000649974;-0.320071;0.000389003;-0.320248;0.000651003;-0.320312;0.000390371;-0.319857;0.00120999;-0.32027;0.00072232
929000;-0.320531;0.000650927;-0.320448;0.000390812;-0.320671;0.000649612;-0.320075;0.000388796;-0.320253;0.000650653;-0.3203;0.000390144;-0.319888;0.00120941;-0.320279;0.000721934
930000;-0.320521;0.000650573;-0.320448;0.000390602;-0.320684;0.000649265;-0.320068;0.000388574;-0.320257;0.000650306;-0.320305;0.000389948;-0.319863;0.00120871;-0.320287;0.000721551
931000;-0.320517;0.00065023;-0.320444;0.000390386;-0.320682;0.000648909;-0.320068;0.000388357;-0.320244;0.000649948;-0.320302;0.000389727;-0.319865;0.00120807;-0.320276;0.000721155
932000;-0.320514;0.000649879;-0.320442;0.000390182;-0.320668;0.000648568;-0.320066;0.000388148;-0.320249;0.000649603;-0.320302;0.000389522;-0.319899;0.00120748;-0.320272;0.000720746
933000;-0.320478;0.000649532;-0.320433;0.000389937;-0.320662;0.000648205;-0.320062;0.000387943;-0.32025;0.00064924;-0.320303;0.000389324;-0.319909;0.00120691;-0.320281;0.000720352
934000;-0.320486;0.000649187;-0.32043;0.000389721;-0.320668;0.000647864;-0.320061;0.000387742;-0.320256;0.000648892;-0.320294;0.000389101;-0.319883;0.00120622;-0.32029;0.000719953
935000;-0.320483;0.000648838;-0.320431;0.00038951;-0.320666;0.000647508;-0.320063;0.000387544;-0.320265;0.000648548;-0.320289;0.00038889;-0.319907;0.0012056;-0.320283;0.000719561
936000;-0.320483;0.000648502;-0.320424;0.000389275;-0.320667;0.000647168;-0.320061;0.000387319;-0.320259;0.000648202;-0.320287;0.000388673;-0.319937;0.00120502;-0.320276;0.000719177
937000;-0.320474;0.000648151;-0.320413;0.000389041;-0.320668;0.000646819;-0.320046;0.000387085;-0.320254;0.000647849;-0.320288;0.000388476;-0.319941;0.00120438;-0.320287;0.000718792
938000;-0.320458;0.000647811;-0.320414;0.000388846;-0.32066;0.000646471;-0.320048;0.000386886;-0.320266;0.000647508;-0.320287;0.00038826;-0.31991;0.00120365;-0.320288;0.000718413
939000;-0.320463;0.000647479;-0.320417;0.000388637;-0.320661;0.000646126;-0.320053;0.000386681;-0.320248;0.000647152;-0.320284;0.000388059;-0.319932;0.00120308;-0.320297;0.00071805
940000;-0.320465;0.00064714;-0.320407;0.000388419;-0.320686;0.000645786;-0.320061;0.000386481;-0.320277;0.000646823;-0.320282;0.000387842;-0.319898;0.00120241;-0.320299;0.000717638
941000;-0.320474;0.000646807;-0.320406;0.00038821;-0.320673;0.000645428;-0.320048;0.000386251;-0.320277;0.000646486;-0.320277;0.000387632;-0.319903;0.00120175;-0.320292;0.000717267
942000;-0.320479;0.000646468;-0.320423;0.000388034;-0.320681;0.000645087;-0.320043;0.000386043;-0.320282;0.000646148;-0.320273;0.000387424;-0.319918;0.00120114;-0.32032;0.00071695
943000;-0.320481;0.000646131;-0.320422;0.000387827;-0.320687;0.000644748;-0.320047;0.000385843;-0.320278;0.000645803;-0.320271;0.000387221;-0.319925;0.00120048;-0.320321;0.000716528
944000;-0.320506;0.000645796;-0.32042;0.000387628;-0.32068;0.000644411;-0.320048;0.000385636;-0.320282;0.000645458;-0.320281;0.000387042;-0.319935;0.00119984;-0.320328;0.000716163
945000;-0.320512;0.000645459;-0.320409;0.000387386;-0.320675;0.000644076;-0.320053;0.000385439;-0.320278;0.000645111;-0.320286;0.000386844;-0.319938;0.0011992;-0.32033;0.000715795
946000;-0.320515;0.0006451;-0.320422;0.000387206;-0.320677;0.000643729;-0.320049;0.000385233;-0.320276;0.000644767;-0.320293;0.000386664;-0.319926;0.00119846;-0.320328;0.000715411
947000;-0.32053;0.000644755;-0.320423;0.000387;-0.320664;0.00064338;-0.320049;0.000385022;-0.320285;0.000644421;-0.32029;0.000386444;-0.319919;0.00119785;-0.320328;0.000715034
948000;-0.320523;0.000644424;-0.320424;0.000386799;-0.320647;0.000643043;-0.320056;0.00038482;-0.320295;0.000644076;-0.320286;0.00038622;-0.319961;0.00119729;-0.320308;0.000714608
949000;-0.320514;0.000644093;-0.320425;0.000386599;-0.320666;0.000642713;-0.320054;0.000384633;-0.3203;0.000643751;-0.320286;0.000386015;-0.319971;0.00119668;-0.32031;0.000714234
950000;-0.320536;0.000643751;-0.320426;0.000386401;-0.320679;0.000642382;-0.320056;0.000384428;-0.320304;0.000643407;-0.320292;0.00038582;-0.319987;0.00119608;-0.320306;0.000713853
951000;-0.320524;0.000643411;-0.320417;0.000386174;-0.320684;0.000642043;-0.320052;0.000384225;-0.320322;0.000643068;-0.320287;0.000385603;-0.320022;0.00119551;-0.320318;0.000713506
952000;-0.320528;0.000643078;-0.320425;0.000385968;-0.320688;0.000641711;-0.320059;0.000384031;-0.320324;0.000642735;-0.320276;0.000385367;-0.320028;0.00119491;-0.320301;0.000713111
953000;-0.320514;0.000642733;-0.320428;0.000385784;-0.320694;0.000641382;-0.320056;0.000383814;-0.320309;0.00064239;-0.320271;0.000385151;-0.320007;0.00119426;-0.32031;0.000712767
954000;-0.320515;0.000642393;-0.320432;0.00038559;-0.320676;0.000641054;-0.320053;0.000383608;-0.320313;0.000642046;-0.32027;0.00038496;-0.320004;0.00119357;-0.320318;0.000712396
955000;-0.320517;0.000642056;-0.320435;0.000385394;-0.320655;0.000640714;-0.320046;0.000383388;-0.32032;0.000641718;-0.320269;0.000384764;-0.320013;0.00119299;-0.320311;0.000712014
956000;-0.320525;0.000641723;-0.320434;0.00038519;-0.320649;0.000640378;-0.32006;0.000383216;-0.320287;0.000641381;-0.320266;0.000384562;-0.320065;0.00119248;-0.320314;0.000711641
957000;-0.320539;0.000641388;-0.320435;0.000384997;-0.320657;0.000640043;-0.320062;0.000383021;-0.320303;0.000641054;-0.320267;0.00038436;-0.320044;0.00119178;-0.320311;0.000711265
958000;-0.32055;0.000641046;-0.320432;0.000384801;-0.320659;0.000639705;-0.320073;0.00038284;-0.3203;0.00064072;-0.32026;0.000384146;-0.320077;0.00119128;-0.320297;0.000710881
959000;-0.320549;0.00064071;-0.320431;0.000384608;-0.320646;0.000639366;-0.320057;0.000382609;-0.320306;0.000640401;-0.320264;0.000383952;-0.320062;0.00119063;-0.320295;0.000710542
960000;-0.320551;0.000640377;-0.320427;0.000384396;-0.320649;0.000639035;-0.320051;0.000382395;-0.320302;0.000640064;-0.320265;0.000383748;-0.32005;0.00118999;-0.320284;0.000710147
961000;-0.320566;0.000640046;-0.320426;0.00038419;-0.32066;0.000638698;-0.320066;0.000382233;-0.32031;0.000639726;-0.320246;0.000383519;-0.320044;0.00118934;-0.320285;0.000709783
962000;-0.320558;0.000639703;-0.320422;0.000383994;-0.320644;0.000638356;-0.320061;0.000382027;-0.320323;0.000639403;-0.320246;0.000383326;-0.320036;0.00118874;-0.320277;0.000709391
963000;-0.320557;0.000639369;-0.320422;0.000383793;-0.320633;0.000638025;-0.320057;0.000381824;-0.320327;0.000639076;-0.320259;0.000383143;-0.320037;0.00118817;-0.320284;0.000709015
964000;-0.320569;0.000639047;-0.320421;0.000383595;-0.320647;0.000637691;-0.320054;0.000381617;-0.320333;0.00063873;-0.32026;0.000382935;-0.320046;0.00118759;-0.320259;0.000708581
965000;-0.320542;0.000638707;-0.320416;0.000383382;-0.320655;0.00063736;-0.320057;0.000381431;-0.320335;0.000638401;-0.320269;0.000382747;-0.320038;0.00118701;-0.32025;0.000708201
966000;-0.320547;0.00063838;-0.320414;0.000383185;-0.320657;0.000637039;-0.320057;0.000381228;-0.320327;0.00063807;-0.320276;0.000382574;-0.320032;0.00118638;-0.320244;0.000707842
967000;-0.320539;0.000638044;-0.320405;0.000382959;-0.320682;0.000636713;-0.320059;0.000381034;-0.320328;0.000637741;-0.320279;0.000382384;-0.32005;0.00118578;-0.320244;0.000707475
968000;-0.320528;0.000637709;-0.320403;0.000382767;-0.320687;0.000636393;-0.320048;0.000380818;-0.320321;0.000637407;-0.320279;0.000382176;-0.32009;0.00118525;-0.320247;0.000707135
969000;-0.32052;0.000637382;-0.320397;0.000382555;-0.320688;0.000636069;-0.320039;0.000380608;-0.320332;0.000637078;-0.320271;0.000381955;-0.320097;0.00118465;-0.320254;0.000706781
970000;-0.32052;0.000637051;-0.320407;0.000382377;-0.320699;0.00063574;-0.32004;0.000380423;-0.320339;0.000636757;-0.320273;0.000381763;-0.320091;0.00118399;-0.320232;0.000706358
971000;-0.320516;0.000636723;-0.320407;0.000382197;-0.320692;0.000635415;-0.320044;0.00038022;-0.320333;0.000636437;-0.320277;0.000381577;-0.320095;0.00118342;-0.320259;0.000706049
972000;-0.320519;0.000636394;-0.320407;0.000381999;-0.320707;0.000635088;-0.32005;0.000380035;-0.320315;0.000636103;-0.320283;0.000381394;-0.320108;0.00118279;-0.320239;0.000705667
973000;-0.320529;0.000636073;-0.320404;0.000381794;-0.320703;0.000634759;-0.320056;0.000379848;-0.32031;0.000635776;-0.320278;0.000381182;-0.320056;0.00118206;-0.320215;0.000705252
974000;-0.320529;0.00063573;-0.320398;0.000381585;-0.320692;0.000634427;-0.320062;0.000379666;-0.320315;0.000635451;-0.320277;0.000380989;-0.320065;0.00118146;-0.320233;0.00070494
975000;-0.320523;0.000635403;-0.320395;0.000381369;-0.3207;0.0006341;-0.32006;0.000379462;-0.32031;0.000635134;-0.320281;0.000380803;-0.320076;0.00118087;-0.320238;0.000704571
976000;-0.320526;0.000635086;-0.320386;0.000381154;-0.320703;0.00063377;-0.320064;0.00037927;-0.320303;0.000634818;-0.320281;0.000380603;-0.32012;0.00118032;-0.320228;0.000704212
977000;-0.320524;0.000634746;-0.320385;0.000380948;-0.320694;0.000633455;-0.320059;0.000379055;-0.320318;0.000634498;-0.320268;0.000380387;-0.3201;0.00117963;-0.320205;0.00070384
978000;-0.320526;0.000634419;-0.320383;0.000380748;-0.320688;0.000633136;-0.320061;0.000378863;-0.32031;0.000634181;-0.320271;0.000380191;-0.320122;0.00117912;-0.320233;0.000703528
979000;-0.320549;0.000634097;-0.320387;0.000380553;-0.320691;0.000632811;-0.320063;0.000378679;-0.320319;0.000633856;-0.320282;0.000380009;-0.32011;0.00117853;-0.320242;0.000703168
980000;-0.320559;0.000633781;-0.320393;0.000380374;-0.320706;0.000632491;-0.320073;0.000378506;-0.320329;0.000633535;-0.32028;0.000379806;-0.320112;0.0011779;-0.320253;0.000702836
981000;-0.320566;0.000633448;-0.320397;0.000380188;-0.320702;0.000632171;-0.320075;0.00037831;-0.320319;0.000633219;-0.320279;0.000379621;-0.320105;0.00117725;-0.320247;0.000702497
982000;-0.320576;0.00063312;-0.320392;0.000379975;-0.320704;0.000631855;-0.320069;0.000378111;-0.320309;0.000632883;-0.32028;0.000379447;-0.320095;0.00117666;-0.320244;0.000702144
983000;-0.320589;0.000632801;-0.320399;0.000379807;-0.320709;0.000631532;-0.320077;0.000377922;-0.320319;0.00063257;-0.320285;0.000379265;-0.320082;0.00117607;-0.320271;0.000701857
984000;-0.320584;0.000632479;-0.320411;0.000379641;-0.320706;0.000631214;-0.320076;0.000377725;-0.32033;0.000632252;-0.320284;0.000379066;-0.320104;0.0011755;-0.320263;0.000701518
985000;-0.320596;0.000632148;-0.320415;0.000379456;-0.320715;0.000630904;-0.320074;0.000377521;-0.320328;0.000631935;-0.320274;0.000378858;-0.320132;0.00117499;-0.320251;0.000701144
986000;-0.320593;0.000631821;-0.320407;0.00037924;-0.320716;0.000630588;-0.320074;0.000377322;-0.320315;0.00063161;-0.320277;0.00037866;-0.32017;0.00117454;-0.320237;0.000700747
987000;-0.320595;0.000631503;-0.320408;0.000379047;-0.320695;0.000630258;-0.320076;0.000377138;-0.320329;0.000631286;-0.32027;0.000378447;-0.320136;0.00117382;-0.320219;0.000700356
988000;-0.320587;0.000631171;-0.320419;0.000378869;-0.320685;0.000629943;-0.320065;0.000376941;-0.32034;0.000630964;-0.320264;0.000378254;-0.320152;0.0011732;-0.320217;0.000700034
989000;-0.320597;0.000630847;-0.32042;0.000378698;-0.320673;0.000629617;-0.320059;0.000376733;-0.320329;0.000630642;-0.320264;0.000378073;-0.320132;0.00117255;-0.32022;0.000699665
990000;-0.320603;0.000630539;-0.320412;0.000378493;-0.320661;0.000629295;-0.320065;0.000376555;-0.320332;0.00063032;-0.32027;0.000377901;-0.320111;0.00117191;-0.320225;0.000699344
991000;-0.320584;0.000630208;-0.320412;0.000378297;-0.320664;0.000628975;-0.320054;0.000376343;-0.320338;0.000630001;-0.320274;0.000377715;-0.320105;0.00117126;-0.320224;0.000698978
992000;-0.320579;0.000629889;-0.320423;0.000378133;-0.32067;0.00062866;-0.320053;0.000376146;-0.320318;0.000629682;-0.320273;0.000377525;-0.320115;0.00117065;-0.320205;0.000698573
993000;-0.320589;0.000629572;-0.32042;0.000377934;-0.320691;0.000628347;-0.32005;0.000375957;-0.320312;0.000629358;-0.320268;0.000377323;-0.320121;0.00117014;-0.320204;0.00069822
994000;-0.320601;0.000629254;-0.320425;0.00037774;-0.320695;0.000628041;-0.320043;0.000375753;-0.320315;0.000629042;-0.32027;0.000377136;-0.320138;0.00116959;-0.320199;0.000697839
995000;-0.320584;0.000628936;-0.320431;0.000377558;-0.320701;0.000627733;-0.320046;0.000375572;-0.320318;0.000628734;-0.320279;0.000376966;-0.320157;0.00116898;-0.320204;0.000697475
996000;-0.320588;0.000628619;-0.32044;0.000377396;-0.320695;0.000627416;-0.320039;0.000375366;-0.320298;0.000628409;-0.320275;0.000376773;-0.320152;0.00116838;-0.320191;0.000697112
997000;-0.320574;0.000628302;-0.320435;0.000377194;-0.32069;0.000627094;-0.320035;0.000375165;-0.320291;0.00062808;-0.320271;0.000376581;-0.320124;0.00116779;-0.32021;0.000696802
998000;-0.320563;0.00062799;-0.320427;0.000376987;-0.320679;0.000626781;-0.320032;0.00037497;-0.320281;0.000627756;-0.320266;0.000376384;-0.320133;0.00116724;-0.320214;0.00069644
999000;-0.320553;0.000627672;-0.320423;0.000376791;-0.320674;0.000626461;-0.320039;0.000374793;-0.320266;0.000627441;-0.32027;0.000376197;-0.320162;0.00116673;-0.320203;0.000696086
1000000;-0.320559;0.000627363;-0.320417;0.000376598;-0.320669;0.000626141;-0.320034;0.000374602;-0.320283;0.000627137;-0.320275;0.00037603;-0.320157;0.00116611;-0.320206;0.000695774
