Nb sim;DF;IC_DF ;DF_anti;IC_DF_anti ;DF_d;IC_DF_d ;DF_d_anti;IC_DF_d_anti;Mall;IC_Mall ;Mall_anti;IC_Mall_anti
10000;-0.00452419;0.00886741;-0.00678628;0.00767863;-0.00847029;0.00344635;-0.00559864;0.00203798;-0.00594505;0.000171109;-0.00596597;9.07897e-05
11000;-0.0041129;0.00806128;-0.00616935;0.00698064;-0.00824861;0.00318081;-0.00553749;0.00189908;-0.00594144;0.000163404;-0.00595919;8.66018e-05
12000;-0.00377016;0.00738951;-0.00565523;0.00639897;-0.00791977;0.00295777;-0.00582204;0.00181741;-0.00591513;0.000156126;-0.00596022;8.27227e-05
13000;-0.00696029;0.0096461;-0.00522022;0.00590678;-0.00774862;0.00277606;-0.00584441;0.00171663;-0.00586521;0.000149769;-0.0059595;7.95096e-05
14000;-0.00646312;0.00895711;-0.00646312;0.00633318;-0.0073402;0.00259349;-0.00579949;0.00162811;-0.00585388;0.000144332;-0.00594985;7.62653e-05
15000;-0.00603225;0.00835999;-0.00603225;0.00591101;-0.00715638;0.00245769;-0.00596054;0.00156393;-0.00587923;0.000139979;-0.00595317;7.36047e-05
16000;-0.00565523;0.00783751;-0.00565523;0.00554161;-0.00696632;0.00233247;-0.00620806;0.00151479;-0.00589699;0.000135741;-0.00594908;7.1325e-05
17000;-0.00532257;0.00737649;-0.00798386;0.00638748;-0.00669759;0.00221264;-0.00626063;0.00145672;-0.00590004;0.000131635;-0.00595165;6.91709e-05
18000;-0.00502687;0.0069667;-0.00879703;0.00651585;-0.00640181;0.00209513;-0.00625433;0.00140339;-0.00591756;0.000128409;-0.00595495;6.73583e-05
19000;-0.00714345;0.00808315;-0.00833403;0.00617296;-0.00625706;0.00200275;-0.00617704;0.00134714;-0.00593125;0.000125062;-0.00597071;6.56091e-05
20000;-0.00678628;0.00767902;-0.00791733;0.00586436;-0.00612972;0.00192169;-0.00627936;0.00131229;-0.00592993;0.000121913;-0.00597191;6.38986e-05
21000;-0.00646312;0.00731337;-0.0086175;0.00597063;-0.00588738;0.00183282;-0.0061544;0.00125934;-0.00590098;0.000118653;-0.00597095;6.24067e-05
22000;-0.00616935;0.00698095;-0.00822579;0.00569928;-0.0059889;0.00178693;-0.0061681;0.00122502;-0.00593107;0.000116214;-0.00596562;6.08608e-05
23000;-0.00590111;0.00667745;-0.00885167;0.00578209;-0.00600613;0.00173841;-0.00615446;0.00118975;-0.00592672;0.000113462;-0.00596472;5.94255e-05
24000;-0.00565523;0.00639923;-0.00848285;0.00554121;-0.00585001;0.00167618;-0.00608987;0.0011514;-0.00593183;0.000111224;-0.00597174;5.82178e-05
25000;-0.00542902;0.00614327;-0.00814354;0.00531959;-0.00586953;0.00163444;-0.00613966;0.0011258;-0.00591038;0.000108824;-0.00597291;5.70627e-05
26000;-0.00522022;0.005907;-0.00783032;0.00511502;-0.00604505;0.00161059;-0.00611982;0.00109544;-0.00590759;0.000106698;-0.00597781;5.59628e-05
27000;-0.00502687;0.00568823;-0.00921594;0.00544526;-0.00617996;0.00158302;-0.00601156;0.00106343;-0.00590409;0.000104601;-0.00597263;5.48543e-05
28000;-0.00484734;0.00548509;-0.0088868;0.00525082;-0.00604029;0.00153474;-0.00600927;0.0010396;-0.00590108;0.000102613;-0.00597006;5.38734e-05
29000;-0.00468019;0.00529595;-0.00858035;0.00506979;-0.00603522;0.00150041;-0.00598573;0.00101404;-0.0059119;0.00010099;-0.00596764;5.2913e-05
30000;-0.00603225;0.00591131;-0.00829434;0.00490083;-0.00609578;0.00147409;-0.00605836;0.000996829;-0.00592726;9.94983e-05;-0.00596283;5.19876e-05
31000;-0.00583766;0.00572063;-0.00875649;0.00495357;-0.00607555;0.00144118;-0.00609173;0.000980081;-0.00593126;9.79082e-05;-0.00596182;5.11735e-05
32000;-0.00565523;0.00554187;-0.00989666;0.00518313;-0.00609355;0.00141582;-0.00617581;0.000968958;-0.00593539;9.64021e-05;-0.00595754;5.03369e-05
33000;-0.00548386;0.00537394;-0.00959676;0.0050261;-0.00605699;0.00138814;-0.00627409;0.000958436;-0.00593992;9.49836e-05;-0.00596112;4.95744e-05
34000;-0.00532257;0.00521589;-0.0093145;0.0048783;-0.00614255;0.00137187;-0.00639126;0.000950283;-0.00594681;9.34783e-05;-0.0059616;4.87413e-05
35000;-0.0051705;0.00506687;-0.00904837;0.00473895;-0.00596705;0.00133271;-0.00632061;0.000929655;-0.00595083;9.22739e-05;-0.00596317;4.80234e-05
36000;-0.00502687;0.00492613;-0.00879703;0.00460733;-0.00594764;0.00130716;-0.00623821;0.000910003;-0.00594241;9.09461e-05;-0.00596765;4.73631e-05
37000;-0.00489101;0.004793;-0.00855927;0.00448283;-0.00596795;0.00128824;-0.00616572;0.000890706;-0.00595213;8.97735e-05;-0.00596496;4.67532e-05
38000;-0.0047623;0.00466687;-0.00833403;0.00436488;-0.00595043;0.0012649;-0.00612037;0.000873393;-0.00596625;8.87232e-05;-0.00596603;4.616e-05
39000;-0.00464019;0.00454721;-0.00812034;0.00425298;-0.00593132;0.00124211;-0.00613954;0.0008606;-0.0059684;8.76421e-05;-0.00595904;4.55522e-05
40000;-0.00452419;0.00443354;-0.00848285;0.00429216;-0.00588698;0.0012199;-0.00614453;0.00084904;-0.00597637;8.66173e-05;-0.00596308;4.49855e-05
41000;-0.00441384;0.00432541;-0.00882768;0.00432477;-0.00585165;0.00119956;-0.00614223;0.000837218;-0.0059793;8.55238e-05;-0.00596478;4.44187e-05
42000;-0.00430875;0.00422242;-0.0086175;0.00422182;-0.00593382;0.00119095;-0.00615166;0.000826731;-0.00597482;8.44336e-05;-0.00596553;4.39321e-05
43000;-0.00420855;0.00412423;-0.00894316;0.00425052;-0.00604207;0.00118206;-0.00615014;0.000815749;-0.0059799;8.34568e-05;-0.00596888;4.34557e-05
44000;-0.00514112;0.00450619;-0.00925402;0.00427431;-0.00607791;0.00116813;-0.00617072;0.000805658;-0.0059759;8.25056e-05;-0.00596937;4.29792e-05
45000;-0.00502687;0.00440605;-0.00904837;0.00417935;-0.00594284;0.0011422;-0.00617322;0.000794765;-0.00597576;8.16062e-05;-0.00597523;4.25071e-05
46000;-0.00491759;0.00431027;-0.00934343;0.0042005;-0.005916;0.00112633;-0.00622709;0.000787533;-0.00596429;8.06794e-05;-0.00597774;4.20114e-05
47000;-0.00481296;0.00421857;-0.00962593;0.0042179;-0.00594771;0.00111399;-0.00631573;0.000782932;-0.00596557;7.98764e-05;-0.00597696;4.15638e-05
48000;-0.00471269;0.00413069;-0.00942539;0.00413004;-0.0059186;0.00109753;-0.00628746;0.00077159;-0.00596842;7.9041e-05;-0.00597456;4.11172e-05
49000;-0.00646312;0.00478766;-0.00923303;0.00404577;-0.00584906;0.00107981;-0.00626491;0.000761678;-0.00597001;7.82494e-05;-0.00597041;4.06916e-05
50000;-0.00633386;0.00469191;-0.00950079;0.00406274;-0.00594226;0.0010742;-0.00638192;0.000758474;-0.00596507;7.74331e-05;-0.00597226;4.0313e-05
51000;-0.00620967;0.00459992;-0.0093145;0.0039831;-0.00605004;0.00106861;-0.00640045;0.000750535;-0.00596383;7.66587e-05;-0.00596775;3.98555e-05
52000;-0.00609025;0.00451146;-0.00913538;0.00390651;-0.00617326;0.00106546;-0.00636563;0.000740469;-0.00596313;7.5934e-05;-0.00597012;3.94599e-05
53000;-0.00597534;0.00442634;-0.00896301;0.00383282;-0.00616848;0.00105192;-0.00644505;0.000735972;-0.00596435;7.52321e-05;-0.00596901;3.90628e-05
54000;-0.00586469;0.00434438;-0.00921594;0.00385035;-0.00611755;0.00103692;-0.00647484;0.000729623;-0.00595886;7.45131e-05;-0.00596946;3.87133e-05
55000;-0.00575806;0.0042654;-0.00904837;0.00378035;-0.006177;0.00102804;-0.00639386;0.000718229;-0.00595894;7.38236e-05;-0.00596765;3.83545e-05
56000;-0.00565523;0.00418923;-0.00929074;0.00379627;-0.00630086;0.00102589;-0.00633319;0.000707747;-0.00595806;7.31501e-05;-0.00597091;3.80249e-05
57000;-0.00555602;0.00411574;-0.00912775;0.00372968;-0.00637364;0.00102087;-0.00633288;0.00070077;-0.00595695;7.25312e-05;-0.00596797;3.76871e-05
58000;-0.00546023;0.00404478;-0.00897037;0.00366539;-0.00629812;0.00100553;-0.00631865;0.000693145;-0.00595688;7.18559e-05;-0.0059682;3.73529e-05
59000;-0.00536768;0.00397623;-0.00881833;0.00360328;-0.00624215;0.00099145;-0.00621986;0.000681618;-0.00595566;7.12107e-05;-0.00596579;3.70282e-05
60000;-0.00527822;0.00390996;-0.00904837;0.00361941;-0.00618842;0.000978116;-0.00625954;0.000676962;-0.00595035;7.0571e-05;-0.005969;3.67273e-05
61000;-0.00593336;0.00411137;-0.00890004;0.00356009;-0.00617545;0.000967622;-0.00629767;0.000672292;-0.00595835;7.00549e-05;-0.00597433;3.64312e-05
62000;-0.00583766;0.00404506;-0.00875649;0.00350268;-0.00629292;0.000965881;-0.00630838;0.000666901;-0.00595857;6.94692e-05;-0.0059709;3.61018e-05
63000;-0.005745;0.00398086;-0.0086175;0.00344709;-0.00631124;0.000958516;-0.00630498;0.000660874;-0.00595325;6.89271e-05;-0.00597114;3.58169e-05
64000;-0.00565523;0.00391866;-0.0088363;0.00346318;-0.00635503;0.000952163;-0.00626641;0.000653336;-0.00595207;6.84109e-05;-0.00596995;3.55335e-05
65000;-0.00626426;0.0040924;-0.00870036;0.00340991;-0.00641371;0.000947646;-0.0062192;0.000645305;-0.00595155;6.78987e-05;-0.00596776;3.52546e-05
66000;-0.00616935;0.0040304;-0.00856854;0.00335826;-0.0063854;0.00093821;-0.00618972;0.000638768;-0.00595125;6.73299e-05;-0.00597244;3.49987e-05
67000;-0.00607727;0.00397024;-0.00844065;0.00330814;-0.00640974;0.000931749;-0.0061972;0.000633623;-0.00595468;6.6824e-05;-0.00597217;3.47271e-05
68000;-0.00598789;0.00391186;-0.00831652;0.0032595;-0.00638298;0.000921239;-0.00618501;0.000628163;-0.00595856;6.6372e-05;-0.00597231;3.44776e-05
69000;-0.00590111;0.00385517;-0.00819599;0.00321227;-0.00633266;0.000909981;-0.00622402;0.000624857;-0.00595942;6.59427e-05;-0.0059735;3.42164e-05
70000;-0.00581681;0.0038001;-0.00807891;0.00316639;-0.00629389;0.000900017;-0.00622453;0.000620212;-0.00596216;6.54874e-05;-0.00597116;3.39692e-05
71000;-0.00637209;0.00394921;-0.00796512;0.0031218;-0.00620525;0.000887357;-0.00625069;0.000616817;-0.00596025;6.4999e-05;-0.00596753;3.37187e-05
72000;-0.00691195;0.00408442;-0.00785449;0.00307845;-0.00625184;0.000882978;-0.00627791;0.000613077;-0.00595909;6.44935e-05;-0.00596599;3.34845e-05
73000;-0.00681727;0.00402847;-0.0077469;0.00303628;-0.00622867;0.00087518;-0.0062786;0.000608385;-0.00596362;6.40856e-05;-0.00596791;3.32558e-05
74000;-0.00733652;0.00415072;-0.00764221;0.00299526;-0.00617766;0.000865798;-0.00630966;0.000605087;-0.00596487;6.3683e-05;-0.00596628;3.3032e-05
75000;-0.0072387;0.00409538;-0.00784192;0.00301384;-0.00617143;0.000858622;-0.00625779;0.000598202;-0.0059689;6.32925e-05;-0.00596509;3.28053e-05
76000;-0.00714345;0.0040415;-0.00803638;0.00303082;-0.00613812;0.000850189;-0.00625982;0.000593737;-0.00596707;6.2886e-05;-0.00596465;3.25891e-05
77000;-0.00705068;0.00398901;-0.00793202;0.00299147;-0.00620993;0.00084851;-0.00626801;0.00059039;-0.00596865;6.25012e-05;-0.00596538;3.23843e-05
78000;-0.00696029;0.00393788;-0.00783032;0.00295312;-0.00617829;0.000840268;-0.00625795;0.000586103;-0.00596866;6.20999e-05;-0.00596694;3.21941e-05
79000;-0.00687218;0.00388803;-0.00773121;0.00291575;-0.00610008;0.000829646;-0.00624836;0.000581103;-0.00596349;6.16537e-05;-0.00596609;3.19759e-05
80000;-0.00678628;0.00383944;-0.00763457;0.00287931;-0.00605814;0.000821164;-0.00630185;0.00057926;-0.00596543;6.12339e-05;-0.00596551;3.17635e-05
81000;-0.0067025;0.00379204;-0.00754031;0.00284377;-0.00600872;0.000812554;-0.00633994;0.000577199;-0.00596329;6.0838e-05;-0.00596679;3.15697e-05
82000;-0.00662076;0.0037458;-0.00744836;0.00280909;-0.00602177;0.000808569;-0.00634263;0.000573414;-0.00596649;6.04901e-05;-0.00596521;3.13901e-05
83000;-0.00708608;0.00385176;-0.00735862;0.00277525;-0.00608273;0.000806127;-0.00633042;0.000569313;-0.00596353;6.0107e-05;-0.00596512;3.11943e-05
84000;-0.00700172;0.00380591;-0.00727101;0.00274222;-0.00604038;0.000798708;-0.0062815;0.000563747;-0.00595505;5.9713e-05;-0.00596252;3.10083e-05
85000;-0.00691934;0.00376113;-0.00718547;0.00270996;-0.0060809;0.000796862;-0.00627789;0.000559436;-0.00595767;5.93933e-05;-0.00596197;3.08351e-05
86000;-0.00683889;0.0037174;-0.00710192;0.00267846;-0.00606235;0.000790901;-0.00630813;0.000557245;-0.0059591;5.90722e-05;-0.00596421;3.06638e-05
87000;-0.00676028;0.00367468;-0.00754031;0.00274395;-0.00606755;0.000785703;-0.00631871;0.000554412;-0.0059598;5.87363e-05;-0.00596351;3.04961e-05
88000;-0.00668346;0.00363292;-0.00745463;0.00271278;-0.00603422;0.000778387;-0.00628772;0.00054958;-0.00596139;5.84171e-05;-0.00596252;3.03194e-05
89000;-0.00660836;0.0035921;-0.00737087;0.0026823;-0.0060612;0.000774312;-0.00630346;0.000546502;-0.00596037;5.81004e-05;-0.00596389;3.01492e-05
90000;-0.00653494;0.0035522;-0.00728897;0.0026525;-0.00603239;0.000767601;-0.0062506;0.000540962;-0.00596247;5.7785e-05;-0.00596133;2.99724e-05
91000;-0.00646312;0.00351316;-0.00720887;0.00262336;-0.0060927;0.000766578;-0.0062212;0.000536253;-0.00596369;5.74411e-05;-0.00596289;2.98049e-05
92000;-0.00688463;0.00360614;-0.00713051;0.00259485;-0.00609256;0.000761573;-0.00620125;0.000532215;-0.00596129;5.7107e-05;-0.00596593;2.96491e-05
93000;-0.0068106;0.00356736;-0.00729708;0.00261082;-0.00607513;0.00075632;-0.00617705;0.000527963;-0.00596327;5.68093e-05;-0.00596648;2.94991e-05
94000;-0.00673815;0.00352942;-0.0074601;0.00262573;-0.0060795;0.000752439;-0.00614891;0.000524075;-0.00596883;5.65345e-05;-0.00596525;2.93471e-05
95000;-0.00666722;0.00349227;-0.00738157;0.0025981;-0.00603409;0.000745414;-0.00611002;0.000519444;-0.00596742;5.6232e-05;-0.00596714;2.91978e-05
96000;-0.00659777;0.00345589;-0.00754031;0.00261216;-0.00606598;0.000743507;-0.00612983;0.000517743;-0.00596573;5.59355e-05;-0.00596575;2.90442e-05
97000;-0.00652975;0.00342027;-0.00746258;0.00258524;-0.00601946;0.000736516;-0.00613447;0.000515305;-0.00596731;5.56551e-05;-0.00596238;2.8891e-05
98000;-0.00646312;0.00338537;-0.00761725;0.00259852;-0.00602147;0.000732532;-0.00615966;0.000513227;-0.00596622;5.5372e-05;-0.00596489;2.87494e-05
99000;-0.00639784;0.00335117;-0.00754031;0.00257228;-0.00605875;0.00073148;-0.00616272;0.000510756;-0.00596936;5.50967e-05;-0.00596412;2.85962e-05
100000;-0.00678628;0.00343409;-0.00746491;0.00254656;-0.00602948;0.000725483;-0.00615203;0.000507663;-0.00596719;5.48066e-05;-0.00596089;2.84504e-05
101000;-0.00671909;0.00340009;-0.00761497;0.00255926;-0.00596978;0.000718309;-0.00612905;0.000504124;-0.00596234;5.45249e-05;-0.00595961;2.83021e-05
102000;-0.00665322;0.00336676;-0.00754031;0.00253417;-0.00594467;0.000712785;-0.00610112;0.000500525;-0.00596493;5.42644e-05;-0.00595731;2.81495e-05
103000;-0.00658862;0.00333408;-0.00768673;0.0025462;-0.00592382;0.000707808;-0.00609794;0.000497799;-0.00596518;5.39976e-05;-0.00595655;2.801e-05
104000;-0.00652527;0.00330202;-0.00761281;0.00252172;-0.00590646;0.000703254;-0.00607334;0.000493995;-0.00596282;5.37335e-05;-0.00595531;2.78724e-05
105000;-0.006894;0.00337782;-0.00754031;0.0024977;-0.00591395;0.000699632;-0.00609486;0.000492492;-0.00596567;5.3496e-05;-0.00595468;2.77502e-05
106000;-0.00682896;0.00334595;-0.00746918;0.00247414;-0.00596182;0.000699028;-0.00607878;0.000489544;-0.00596951;5.32658e-05;-0.00595406;2.76302e-05
107000;-0.00676514;0.00331469;-0.00739937;0.00245103;-0.00596557;0.000695876;-0.00607257;0.000486631;-0.00597031;5.30229e-05;-0.00595571;2.75036e-05
108000;-0.0067025;0.003284;-0.00733086;0.00242833;-0.00591033;0.000689441;-0.00609617;0.000485075;-0.00597199;5.27781e-05;-0.00595434;2.73779e-05
109000;-0.00664101;0.00325387;-0.0072636;0.00240606;-0.00589286;0.000685012;-0.00610592;0.000483152;-0.00597253;5.25395e-05;-0.00595397;2.72505e-05
110000;-0.00658064;0.00322429;-0.00740322;0.002418;-0.00594084;0.000683992;-0.00609395;0.000480506;-0.00597373;5.23137e-05;-0.005953;2.71183e-05
111000;-0.00652135;0.00319525;-0.00754031;0.00242926;-0.00593724;0.00068028;-0.00607763;0.0004775;-0.00597666;5.21045e-05;-0.00595307;2.70018e-05
112000;-0.00646312;0.00316672;-0.00767496;0.00243988;-0.00593137;0.000676827;-0.00606405;0.000474924;-0.00597435;5.18638e-05;-0.00595323;2.68811e-05
113000;-0.00640593;0.0031387;-0.00780723;0.00244989;-0.00594693;0.000674318;-0.00607098;0.00047307;-0.00597864;5.16556e-05;-0.00595234;2.67613e-05
114000;-0.00634974;0.00311117;-0.00773874;0.00242841;-0.00596498;0.000672151;-0.00607356;0.000471077;-0.00597616;5.14248e-05;-0.00595248;2.6649e-05
115000;-0.00629452;0.00308411;-0.00767145;0.0024073;-0.00591951;0.00066643;-0.00605215;0.000468147;-0.00597833;5.12071e-05;-0.00595373;2.65403e-05
116000;-0.00624026;0.00305753;-0.00760531;0.00238655;-0.00590909;0.000662434;-0.00608026;0.000467139;-0.00598116;5.09895e-05;-0.00595596;2.64316e-05
117000;-0.00657361;0.00312468;-0.00773365;0.00239628;-0.00588172;0.000657556;-0.00608647;0.000465215;-0.00598181;5.07772e-05;-0.00595879;2.63233e-05
118000;-0.0065179;0.0030982;-0.00766811;0.00237598;-0.00586023;0.000653165;-0.00606722;0.000462478;-0.00598143;5.05571e-05;-0.00595791;2.62116e-05
119000;-0.00684331;0.00316122;-0.00798386;0.00241418;-0.00586933;0.000651029;-0.00606678;0.000460495;-0.00597847;5.03336e-05;-0.00595859;2.60947e-05
120000;-0.0071633;0.00322077;-0.00791733;0.00239406;-0.00587739;0.000648393;-0.0060745;0.000459029;-0.00598217;5.01459e-05;-0.00595811;2.59885e-05
121000;-0.0071041;0.00319415;-0.00785189;0.00237428;-0.00586222;0.000644776;-0.00605324;0.000456031;-0.00598134;4.99414e-05;-0.00595966;2.58899e-05
122000;-0.00704587;0.00316797;-0.00778754;0.00235482;-0.00586225;0.000641655;-0.00607622;0.000454916;-0.00597984;4.97295e-05;-0.00595778;2.57742e-05
123000;-0.00698858;0.00314222;-0.00772422;0.00233568;-0.00584324;0.000637808;-0.00607884;0.00045298;-0.00598037;4.95149e-05;-0.00595741;2.56664e-05
124000;-0.00693222;0.00311688;-0.00766193;0.00231685;-0.00588996;0.000637994;-0.00604588;0.000449809;-0.0059818;4.93447e-05;-0.00595765;2.55658e-05
125000;-0.0072387;0.00317226;-0.00760063;0.00229832;-0.00587405;0.000634432;-0.0060574;0.000448271;-0.00598493;4.91682e-05;-0.00595837;2.5462e-05
126000;-0.00718125;0.00314708;-0.00754031;0.00228008;-0.00589056;0.000631626;-0.00603816;0.000445643;-0.00598559;4.89706e-05;-0.00595881;2.53626e-05
127000;-0.00783717;0.00327468;-0.00748094;0.00226213;-0.00587774;0.000628374;-0.00605483;0.000444422;-0.00598567;4.87665e-05;-0.00596098;2.52738e-05
128000;-0.00777595;0.00324909;-0.00742249;0.00224446;-0.00585525;0.0006244;-0.0060502;0.000442279;-0.00598772;4.85952e-05;-0.00595937;2.5168e-05
129000;-0.00771567;0.00322391;-0.00736496;0.00222706;-0.00583722;0.000620738;-0.00603676;0.000440093;-0.00598361;4.83838e-05;-0.00596069;2.50814e-05
130000;-0.00765632;0.00319911;-0.0073083;0.00220993;-0.00584033;0.000618497;-0.00605216;0.000439093;-0.00598692;4.82187e-05;-0.00596057;2.49856e-05
131000;-0.00759787;0.00317469;-0.00725251;0.00219307;-0.00580547;0.000614075;-0.00605162;0.000437173;-0.00599037;4.80437e-05;-0.00596214;2.48921e-05
132000;-0.00754031;0.00315065;-0.00719757;0.00217646;-0.00580746;0.000611714;-0.00603765;0.000435064;-0.0059928;4.78664e-05;-0.0059625;2.47988e-05
133000;-0.00748362;0.00312696;-0.00714345;0.00216009;-0.00582906;0.000610483;-0.00605425;0.000433784;-0.00599195;4.76703e-05;-0.00596173;2.47076e-05
134000;-0.00742777;0.00310362;-0.00709014;0.00214398;-0.00585831;0.00060934;-0.00605585;0.000432185;-0.00599198;4.74908e-05;-0.00596104;2.46109e-05
135000;-0.00737275;0.00308064;-0.00703762;0.0021281;-0.00585456;0.000606492;-0.00603873;0.000429755;-0.00599458;4.73213e-05;-0.00596015;2.4515e-05
136000;-0.00731854;0.00305799;-0.00698588;0.00211245;-0.00587438;0.000604816;-0.00604501;0.000428161;-0.00599062;4.71387e-05;-0.00596134;2.44221e-05
137000;-0.00759535;0.00310388;-0.00693489;0.00209704;-0.00585539;0.000601347;-0.00604065;0.000426473;-0.00599288;4.69682e-05;-0.00596112;2.43356e-05
138000;-0.00754031;0.00308139;-0.00704855;0.00210647;-0.00583487;0.000597766;-0.00604446;0.000425095;-0.00598991;4.67858e-05;-0.00596207;2.42577e-05
139000;-0.00748606;0.00305922;-0.00699784;0.00209132;-0.00586193;0.000596561;-0.00603726;0.000423267;-0.00598944;4.66183e-05;-0.005964;2.41755e-05
140000;-0.00743259;0.00303737;-0.00694786;0.00207638;-0.00587056;0.000593962;-0.00603365;0.000421474;-0.00599031;4.64505e-05;-0.00596431;2.40881e-05
141000;-0.00737988;0.00301583;-0.00705902;0.00208549;-0.00585916;0.000591238;-0.00603648;0.000419918;-0.00598801;4.62747e-05;-0.00596469;2.40067e-05
142000;-0.00732791;0.0029946;-0.0070093;0.0020708;-0.00583408;0.000587932;-0.00604774;0.00041872;-0.00599042;4.61181e-05;-0.00596437;2.39199e-05
143000;-0.00727666;0.00297366;-0.00696029;0.00205632;-0.00587813;0.000587649;-0.00604515;0.000417047;-0.00599144;4.59659e-05;-0.00596274;2.38322e-05
144000;-0.00722613;0.00295301;-0.00691195;0.00204205;-0.00587884;0.000585543;-0.00604389;0.000415316;-0.00599142;4.58114e-05;-0.00596189;2.37454e-05
145000;-0.0071763;0.00293265;-0.00686428;0.00202797;-0.0058674;0.0005829;-0.0060383;0.000413537;-0.0059924;4.56424e-05;-0.00596281;2.36698e-05
146000;-0.00712714;0.00291256;-0.00681727;0.00201408;-0.00585763;0.000580116;-0.00603604;0.000411911;-0.00599511;4.55064e-05;-0.00596227;2.35909e-05
147000;-0.00707866;0.00289275;-0.00677089;0.00200038;-0.00583002;0.000576671;-0.0060188;0.000409838;-0.00599521;4.53488e-05;-0.0059621;2.35103e-05
148000;-0.00703083;0.0028732;-0.00672514;0.00198686;-0.00580012;0.000573079;-0.00603636;0.000408927;-0.00599407;4.51948e-05;-0.00596331;2.34293e-05
149000;-0.00698364;0.00285392;-0.00668001;0.00197353;-0.00578604;0.000570412;-0.00601712;0.000406793;-0.00599177;4.50319e-05;-0.0059645;2.33533e-05
150000;-0.00693709;0.0028349;-0.00663547;0.00196038;-0.00579175;0.000568827;-0.00605762;0.00040668;-0.00598964;4.48648e-05;-0.00596295;2.327e-05
151000;-0.00689115;0.00281613;-0.00659153;0.0019474;-0.00577737;0.000566127;-0.0060377;0.000404638;-0.0059889;4.47095e-05;-0.00596303;2.31933e-05
152000;-0.00684581;0.0027976;-0.00654817;0.00193459;-0.00578621;0.000564329;-0.00603214;0.000403127;-0.00598942;4.45626e-05;-0.00596259;2.3118e-05
153000;-0.00680107;0.00277932;-0.00665322;0.00194365;-0.0057771;0.000562049;-0.00604079;0.000401963;-0.00598997;4.44169e-05;-0.00596333;2.30508e-05
154000;-0.0067569;0.00276127;-0.00661001;0.00193103;-0.00576531;0.000559545;-0.00602584;0.000400088;-0.00599412;4.42792e-05;-0.00596432;2.29796e-05
155000;-0.00671331;0.00274346;-0.00671331;0.00193977;-0.00576674;0.000557699;-0.00602003;0.000398578;-0.00599022;4.41253e-05;-0.00596399;2.29052e-05
156000;-0.00667028;0.00272587;-0.00667028;0.00192734;-0.00578497;0.000556778;-0.00601444;0.000397083;-0.00598721;4.39708e-05;-0.00596494;2.28304e-05
157000;-0.00662779;0.00270851;-0.00662779;0.00191507;-0.00580045;0.000555599;-0.00597613;0.00039456;-0.005986;4.38208e-05;-0.00596453;2.276e-05
158000;-0.00658584;0.00269137;-0.00658584;0.00190295;-0.00579278;0.000553555;-0.00596128;0.000392775;-0.00598484;4.36765e-05;-0.00596487;2.26883e-05
159000;-0.00654442;0.00267444;-0.00654442;0.00189098;-0.00578416;0.000551432;-0.00595573;0.000391314;-0.00598676;4.35349e-05;-0.00596611;2.26263e-05
160000;-0.00650352;0.00265773;-0.00650352;0.00187916;-0.00577174;0.00054897;-0.00596009;0.000390131;-0.00598479;4.33896e-05;-0.00596714;2.25524e-05
161000;-0.00674413;0.00269802;-0.00646312;0.00186749;-0.0057796;0.000547798;-0.0059503;0.000388642;-0.00598096;4.3234e-05;-0.00596628;2.24742e-05
162000;-0.0067025;0.00268137;-0.00642323;0.00185597;-0.00575103;0.000544598;-0.00595608;0.000387553;-0.00598155;4.3094e-05;-0.00596733;2.24095e-05
163000;-0.00666138;0.00266492;-0.00638382;0.00184458;-0.00572189;0.000541394;-0.00593665;0.000385666;-0.00598234;4.29653e-05;-0.00596733;2.23392e-05
164000;-0.00662076;0.00264867;-0.0063449;0.00183334;-0.00569935;0.000538638;-0.00593448;0.000384476;-0.00598236;4.28343e-05;-0.00596806;2.22743e-05
165000;-0.00658064;0.00263262;-0.00630644;0.00182223;-0.00573651;0.00053852;-0.00592532;0.000382887;-0.00598433;4.27119e-05;-0.0059674;2.22073e-05
166000;-0.00654099;0.00261676;-0.00626845;0.00181125;-0.00571397;0.000535795;-0.0059297;0.000381746;-0.005984;4.25882e-05;-0.0059671;2.21384e-05
167000;-0.00650183;0.00260109;-0.00636637;0.00181987;-0.00573143;0.000534667;-0.00592196;0.000380301;-0.00598421;4.24556e-05;-0.00596628;2.20698e-05
168000;-0.00646312;0.00258561;-0.00632848;0.00180903;-0.00574185;0.000533435;-0.00592087;0.000379067;-0.00598217;4.23268e-05;-0.00596738;2.2007e-05
169000;-0.00642488;0.00257031;-0.00629103;0.00179833;-0.00575404;0.000532253;-0.00589326;0.00037699;-0.00597925;4.21894e-05;-0.0059666;2.19366e-05
170000;-0.00638709;0.00255519;-0.00638709;0.00180667;-0.00572667;0.000529276;-0.0058823;0.000375388;-0.0059815;4.2067e-05;-0.00596586;2.18704e-05
171000;-0.00634974;0.00254025;-0.00634974;0.0017961;-0.00574903;0.000528476;-0.00587009;0.000373736;-0.00597992;4.19438e-05;-0.00596539;2.18054e-05
172000;-0.00631282;0.00252548;-0.00631282;0.00178566;-0.00575481;0.000527289;-0.00587141;0.000372569;-0.00598242;4.18248e-05;-0.00596422;2.17405e-05
173000;-0.00627633;0.00251089;-0.00627633;0.00177534;-0.00574825;0.000525253;-0.00586043;0.000371126;-0.00598152;4.16944e-05;-0.00596523;2.16794e-05
174000;-0.00624026;0.00249646;-0.00637026;0.00178343;-0.00576415;0.000524502;-0.00586111;0.000369941;-0.00598156;4.15734e-05;-0.00596625;2.16176e-05
175000;-0.0062046;0.00248219;-0.00633386;0.00177324;-0.00574863;0.000522159;-0.00586746;0.000369088;-0.00598385;4.14521e-05;-0.00596719;2.1561e-05
176000;-0.00616935;0.00246809;-0.00629787;0.00176316;-0.00574278;0.000520518;-0.00585862;0.000367784;-0.00598296;4.1329e-05;-0.00596636;2.15009e-05
177000;-0.00613449;0.00245415;-0.00626229;0.0017532;-0.00574687;0.000519229;-0.00586258;0.000366916;-0.00598059;4.12079e-05;-0.00596696;2.14395e-05
178000;-0.00610003;0.00244036;-0.0063542;0.00176105;-0.00573032;0.000516781;-0.00585202;0.000365518;-0.00597783;4.10847e-05;-0.0059662;2.13737e-05
179000;-0.00606595;0.00242673;-0.0063187;0.00175121;-0.00569831;0.000513897;-0.00585714;0.000364589;-0.00597579;4.09591e-05;-0.00596676;2.13172e-05
180000;-0.00603225;0.00241325;-0.00628359;0.00174149;-0.00570025;0.000512587;-0.00586746;0.000363846;-0.005978;4.08578e-05;-0.00596712;2.12569e-05
181000;-0.00599892;0.00239992;-0.00624888;0.00173187;-0.00569772;0.000510824;-0.00585926;0.000362512;-0.00597434;4.07296e-05;-0.00596586;2.11916e-05
182000;-0.00596596;0.00238673;-0.00621454;0.00172235;-0.00567642;0.000508397;-0.00585907;0.000361458;-0.00597459;4.06187e-05;-0.0059661;2.11342e-05
183000;-0.00593336;0.00237369;-0.00618058;0.00171294;-0.00567972;0.000507134;-0.00586568;0.000360676;-0.00597524;4.05052e-05;-0.0059655;2.1076e-05
184000;-0.00590111;0.00236079;-0.00626993;0.00172058;-0.00565826;0.000504716;-0.00588807;0.000360298;-0.00597683;4.04104e-05;-0.00596621;2.10251e-05
185000;-0.00586922;0.00234803;-0.00623604;0.00171128;-0.00565806;0.00050321;-0.00588842;0.000359338;-0.00597664;4.03051e-05;-0.00596491;2.09669e-05
186000;-0.00583766;0.00233541;-0.00620251;0.00170208;-0.00565151;0.000501615;-0.00588493;0.000358342;-0.00597566;4.01969e-05;-0.00596334;2.09084e-05
187000;-0.00580644;0.00232292;-0.00616935;0.00169298;-0.00563464;0.000499619;-0.0058785;0.000357178;-0.00597426;4.00852e-05;-0.00596515;2.08543e-05
188000;-0.00577556;0.00231056;-0.00613653;0.00168398;-0.0056399;0.000498564;-0.00588976;0.000356574;-0.00597269;3.99681e-05;-0.00596355;2.07954e-05
189000;-0.005745;0.00229834;-0.00610406;0.00167507;-0.00563954;0.000497061;-0.00590838;0.000356181;-0.00597121;3.98602e-05;-0.00596513;2.0746e-05
190000;-0.00595288;0.00233338;-0.00607194;0.00166625;-0.00566398;0.000496774;-0.00591702;0.000355449;-0.00597074;3.97552e-05;-0.00596521;2.06925e-05
191000;-0.00592171;0.00232116;-0.00604015;0.00165753;-0.00564059;0.000494328;-0.0059048;0.000354082;-0.00597108;3.96557e-05;-0.00596478;2.06379e-05
192000;-0.00589087;0.00230908;-0.00600869;0.0016489;-0.00567002;0.000494169;-0.00592434;0.000353774;-0.00597066;3.95459e-05;-0.00596556;2.05844e-05
193000;-0.00586035;0.00229711;-0.00597755;0.00164036;-0.00566232;0.000492292;-0.00594518;0.000353321;-0.00597239;3.94462e-05;-0.00596457;2.05321e-05
194000;-0.00606334;0.00233052;-0.00594674;0.0016319;-0.00564643;0.000490137;-0.00595044;0.000352672;-0.00597178;3.93306e-05;-0.00596468;2.04793e-05
195000;-0.00603225;0.00231857;-0.00591624;0.00162353;-0.00564311;0.000488914;-0.00596124;0.000352067;-0.00597045;3.92234e-05;-0.00596391;2.04244e-05
196000;-0.00600147;0.00230674;-0.00588606;0.00161525;-0.0056227;0.000486698;-0.00597307;0.000351543;-0.00596911;3.91152e-05;-0.00596606;2.03817e-05
197000;-0.00597101;0.00229504;-0.00585618;0.00160705;-0.00559416;0.000484231;-0.0059776;0.000350865;-0.00596945;3.90186e-05;-0.00596713;2.03369e-05
198000;-0.00594085;0.00228345;-0.00594085;0.00161453;-0.00560002;0.000483328;-0.00599592;0.000350307;-0.00596956;3.89207e-05;-0.00596567;2.0283e-05
199000;-0.005911;0.00227197;-0.005911;0.00160642;-0.0056329;0.000483112;-0.00600587;0.000349701;-0.00596849;3.88101e-05;-0.00596564;2.02307e-05
200000;-0.00588144;0.00226061;-0.00599455;0.00161368;-0.00562704;0.0004817;-0.00600986;0.000348888;-0.00596924;3.87119e-05;-0.00596651;2.01825e-05
201000;-0.00585218;0.00224937;-0.00596472;0.00160566;-0.00559905;0.000479307;-0.00600717;0.000347892;-0.00597224;3.86299e-05;-0.00596707;2.01311e-05
202000;-0.00582321;0.00223823;-0.0059352;0.00159771;-0.00558126;0.000477332;-0.00600245;0.000346815;-0.0059737;3.8544e-05;-0.0059674;2.0083e-05
203000;-0.00579453;0.00222721;-0.00590596;0.00158984;-0.00557464;0.000475859;-0.00601517;0.000346287;-0.00597283;3.84409e-05;-0.0059683;2.0037e-05
204000;-0.00576612;0.00221629;-0.00587701;0.00158205;-0.0055567;0.000473884;-0.00603075;0.000345699;-0.00597326;3.83519e-05;-0.00596783;1.99858e-05
205000;-0.00573799;0.00220548;-0.00584834;0.00157433;-0.00555481;0.000472514;-0.00602719;0.000344802;-0.00597503;3.82639e-05;-0.0059666;1.99358e-05
206000;-0.00571014;0.00219477;-0.00581995;0.00156669;-0.00555889;0.000471348;-0.00602597;0.00034389;-0.00597411;3.81664e-05;-0.0059673;1.98872e-05
207000;-0.00568255;0.00218417;-0.00579183;0.00155912;-0.00559576;0.000471259;-0.00602959;0.00034323;-0.00597479;3.80793e-05;-0.00596815;1.98354e-05
208000;-0.00565523;0.00217367;-0.00576399;0.00155163;-0.00558048;0.000469547;-0.00602859;0.00034237;-0.00597398;3.79847e-05;-0.00596782;1.97854e-05
209000;-0.00562818;0.00216327;-0.00573641;0.0015442;-0.00557843;0.000468163;-0.00603463;0.000341734;-0.00597272;3.78994e-05;-0.00596808;1.97415e-05
210000;-0.00560137;0.00215297;-0.00570909;0.00153685;-0.00555523;0.000465982;-0.00607133;0.000342032;-0.00597323;3.78111e-05;-0.0059683;1.96919e-05
211000;-0.00557483;0.00214277;-0.00578924;0.00154393;-0.00557212;0.000465372;-0.00606967;0.000341068;-0.00597291;3.7721e-05;-0.0059697;1.96498e-05
212000;-0.00554853;0.00213266;-0.00586864;0.0015508;-0.0055949;0.00046519;-0.00606877;0.00034021;-0.00597356;3.76362e-05;-0.00597073;1.96056e-05
213000;-0.00552248;0.00212265;-0.00584109;0.00154352;-0.00560732;0.000464592;-0.00608637;0.000339864;-0.00596984;3.75323e-05;-0.00597059;1.9558e-05
214000;-0.00549668;0.00211273;-0.00581379;0.00153631;-0.00562342;0.000464271;-0.00608319;0.000338857;-0.00596912;3.74359e-05;-0.00597024;1.95085e-05
215000;-0.00547111;0.0021029;-0.00578675;0.00152917;-0.00563427;0.000463552;-0.00608079;0.000337963;-0.00596765;3.73417e-05;-0.00597001;1.94609e-05
216000;-0.00565523;0.00213304;-0.00575996;0.00152209;-0.00562825;0.000462255;-0.00608605;0.00033732;-0.005967;3.72562e-05;-0.00597007;1.94141e-05
217000;-0.00562917;0.00212321;-0.00604615;0.00155584;-0.00563151;0.000461312;-0.00607401;0.000336255;-0.00596782;3.71768e-05;-0.00596985;1.93673e-05
218000;-0.00560335;0.00211347;-0.00601841;0.0015487;-0.00565336;0.00046113;-0.006053;0.000334864;-0.00596935;3.7096e-05;-0.00596985;1.93201e-05
219000;-0.00557776;0.00210382;-0.00609422;0.00155486;-0.00568435;0.000461307;-0.00605695;0.000334294;-0.00596935;3.70122e-05;-0.00596854;1.92745e-05
220000;-0.00575806;0.00213268;-0.00616935;0.00156085;-0.00567188;0.000459618;-0.00606316;0.000333638;-0.00596878;3.69273e-05;-0.00596835;1.92283e-05
221000;-0.005732;0.00212303;-0.00614143;0.00155379;-0.00568152;0.000458611;-0.00608034;0.000333349;-0.00596909;3.68396e-05;-0.00596863;1.91867e-05
222000;-0.00570618;0.00211347;-0.00621566;0.00155962;-0.00566443;0.00045685;-0.0060765;0.000332401;-0.00596978;3.67602e-05;-0.00596868;1.9144e-05
223000;-0.00568059;0.00210399;-0.00618779;0.00155263;-0.00567523;0.000456259;-0.00607649;0.000331643;-0.00597068;3.66756e-05;-0.00596912;1.91024e-05
224000;-0.00565523;0.0020946;-0.00616017;0.0015457;-0.00566753;0.000454899;-0.00607759;0.000330959;-0.00596947;3.65864e-05;-0.00596867;1.90565e-05
225000;-0.00583117;0.0021222;-0.00613279;0.00153883;-0.00567963;0.000454111;-0.00606865;0.000329991;-0.00596803;3.6495e-05;-0.00596832;1.9017e-05
226000;-0.00580537;0.00211281;-0.00620574;0.00154453;-0.00566266;0.000452386;-0.00606838;0.000329225;-0.00596708;3.64106e-05;-0.00596848;1.89771e-05
227000;-0.0057798;0.0021035;-0.00617841;0.00153772;-0.00564963;0.000450701;-0.00607009;0.000328457;-0.00596614;3.63273e-05;-0.00596795;1.89377e-05
228000;-0.00575445;0.00209428;-0.00625052;0.00154327;-0.00567072;0.000450376;-0.00607917;0.000327956;-0.00596951;3.62541e-05;-0.00596673;1.88962e-05
229000;-0.00572932;0.00208513;-0.00622323;0.00153654;-0.00567811;0.000449696;-0.00608166;0.000327272;-0.00597038;3.61838e-05;-0.00596651;1.88555e-05
230000;-0.00570441;0.00207607;-0.00629452;0.00154195;-0.00567119;0.000448447;-0.00606883;0.000326142;-0.00597102;3.61127e-05;-0.00596721;1.88183e-05
231000;-0.00567972;0.00206708;-0.0063652;0.00154722;-0.00566132;0.000447049;-0.00606469;0.000325312;-0.00597102;3.6029e-05;-0.00596647;1.87752e-05
232000;-0.00565523;0.00205817;-0.00643527;0.00155235;-0.00567212;0.000446527;-0.00608202;0.00032517;-0.00597144;3.59532e-05;-0.00596604;1.87339e-05
233000;-0.00563096;0.00204934;-0.00640765;0.00154569;-0.00570973;0.000446874;-0.00606613;0.000324011;-0.0059719;3.5877e-05;-0.00596581;1.86936e-05
234000;-0.0056069;0.00204058;-0.00647693;0.0015507;-0.00570185;0.000445559;-0.00605541;0.000322991;-0.00597121;3.57959e-05;-0.00596521;1.86512e-05
235000;-0.00558304;0.0020319;-0.00664189;0.00156697;-0.00570623;0.000444842;-0.00604007;0.000321812;-0.00597154;3.57255e-05;-0.005966;1.86137e-05
236000;-0.00575109;0.00205787;-0.00661375;0.00156033;-0.00570173;0.000443794;-0.00604492;0.000321254;-0.00597287;3.56507e-05;-0.00596582;1.85751e-05
237000;-0.00572682;0.00204919;-0.00658584;0.00155375;-0.00569838;0.000442851;-0.0060666;0.000321049;-0.00597431;3.55858e-05;-0.00596553;1.85363e-05
238000;-0.00589285;0.00207431;-0.00655817;0.00154722;-0.00568412;0.000441399;-0.00606643;0.000320377;-0.00597614;3.55211e-05;-0.00596493;1.84938e-05
239000;-0.00586819;0.00206563;-0.00662538;0.00155187;-0.00568909;0.000440759;-0.00607832;0.000319949;-0.00597446;3.54467e-05;-0.00596526;1.84567e-05
240000;-0.00584374;0.00205702;-0.00659777;0.0015454;-0.00570522;0.000440384;-0.00606167;0.000318847;-0.00597384;3.53695e-05;-0.00596468;1.84181e-05
241000;-0.00600722;0.00208126;-0.0065704;0.00153899;-0.00573388;0.000440625;-0.00605561;0.000317984;-0.00597279;3.5291e-05;-0.0059643;1.83795e-05
242000;-0.0059824;0.00207266;-0.00663672;0.00154354;-0.00574793;0.00044036;-0.00607438;0.000317808;-0.00597029;3.52098e-05;-0.00596446;1.8343e-05
243000;-0.00595778;0.00206413;-0.0067025;0.00154797;-0.00572427;0.00043855;-0.00607339;0.000317108;-0.00596885;3.51333e-05;-0.00596472;1.83031e-05
244000;-0.00593336;0.00205567;-0.00667503;0.00154163;-0.00570411;0.000436802;-0.0060795;0.000316579;-0.00596906;3.50575e-05;-0.00596438;1.82639e-05
245000;-0.00590914;0.00204728;-0.00664779;0.00153534;-0.00568083;0.000435022;-0.00607593;0.000315848;-0.0059704;3.49867e-05;-0.00596474;1.82273e-05
246000;-0.00588512;0.00203896;-0.00662076;0.0015291;-0.00570078;0.0004349;-0.00606081;0.000314845;-0.0059714;3.49167e-05;-0.00596487;1.81884e-05
247000;-0.00604446;0.00206219;-0.00659396;0.00152291;-0.00569065;0.000433551;-0.00605308;0.000314012;-0.00597232;3.48492e-05;-0.00596552;1.81509e-05
248000;-0.00620251;0.00208476;-0.00665858;0.00152726;-0.00568316;0.000432334;-0.00604787;0.000313214;-0.00597224;3.47852e-05;-0.00596537;1.8116e-05
249000;-0.0061776;0.00207639;-0.00672269;0.00153151;-0.00570142;0.000432147;-0.0060601;0.000312865;-0.00596879;3.47018e-05;-0.00596658;1.80809e-05
250000;-0.00615289;0.00206808;-0.0066958;0.00152538;-0.0056988;0.000431095;-0.00605555;0.000312107;-0.00596758;3.46355e-05;-0.00596609;1.80413e-05
251000;-0.00612838;0.00205984;-0.00675924;0.00152954;-0.00568142;0.000429505;-0.00604546;0.000311174;-0.00596763;3.45677e-05;-0.0059658;1.80057e-05
252000;-0.00610406;0.00205167;-0.00673242;0.00152347;-0.00568568;0.000428883;-0.00604073;0.000310421;-0.00596865;3.45058e-05;-0.00596559;1.79699e-05
253000;-0.00625876;0.00207339;-0.00670581;0.00151745;-0.00570507;0.00042859;-0.00605588;0.000310213;-0.0059697;3.44381e-05;-0.00596654;1.79357e-05
254000;-0.00623412;0.00206523;-0.00676847;0.00152151;-0.00571402;0.000428038;-0.00606788;0.000309907;-0.00596895;3.43707e-05;-0.00596674;1.78993e-05
255000;-0.00620967;0.00205713;-0.00674193;0.00151555;-0.00571394;0.00042711;-0.006061;0.000309044;-0.00596983;3.43089e-05;-0.00596734;1.78628e-05
256000;-0.00618541;0.00204909;-0.00671559;0.00150963;-0.00570801;0.000426047;-0.00605879;0.000308269;-0.00597056;3.42447e-05;-0.00596672;1.78272e-05
257000;-0.00616134;0.00204112;-0.00677748;0.00151361;-0.00572259;0.00042592;-0.00605359;0.000307512;-0.00597025;3.4179e-05;-0.0059666;1.77919e-05
258000;-0.00613746;0.00203321;-0.00675121;0.00150775;-0.00570736;0.000424489;-0.00603843;0.000306538;-0.00596872;3.4107e-05;-0.00596696;1.77576e-05
259000;-0.00611377;0.00202536;-0.00672514;0.00150193;-0.00570149;0.000423248;-0.00603801;0.000305907;-0.005969;3.40424e-05;-0.0059669;1.77235e-05
260000;-0.00609025;0.00201757;-0.00669928;0.00149615;-0.00569849;0.000422255;-0.00603466;0.000305239;-0.00597043;3.39783e-05;-0.00596657;1.76887e-05
261000;-0.00606692;0.00200984;-0.00667361;0.00149042;-0.00570461;0.000421585;-0.00604109;0.000304877;-0.00597033;3.39143e-05;-0.00596687;1.76502e-05
262000;-0.00604376;0.00200217;-0.00664814;0.00148473;-0.00570661;0.000420849;-0.00603644;0.000304153;-0.00596859;3.38459e-05;-0.00596686;1.76183e-05
263000;-0.00602078;0.00199456;-0.00662286;0.00147909;-0.00569576;0.000419552;-0.00603506;0.000303589;-0.00596862;3.37804e-05;-0.00596674;1.75845e-05
264000;-0.00599798;0.001987;-0.00668346;0.00148302;-0.00569227;0.000418713;-0.00603104;0.000302914;-0.00596747;3.37118e-05;-0.00596646;1.7548e-05
265000;-0.00597534;0.00197951;-0.00665824;0.00147742;-0.00572088;0.000419118;-0.00604955;0.000302786;-0.00596834;3.36465e-05;-0.00596577;1.75112e-05
266000;-0.00595288;0.00197207;-0.00671825;0.00148127;-0.00574318;0.000419065;-0.00604071;0.00030197;-0.00596839;3.358e-05;-0.00596511;1.74785e-05
267000;-0.00593058;0.00196468;-0.00669309;0.00147573;-0.00577548;0.000419432;-0.00604049;0.000301388;-0.00596714;3.3512e-05;-0.0059647;1.74456e-05
268000;-0.00590845;0.00195735;-0.00666811;0.00147022;-0.00579223;0.000419049;-0.00603205;0.000300546;-0.00596782;3.34513e-05;-0.00596515;1.74141e-05
269000;-0.00605467;0.00197773;-0.00664332;0.00146475;-0.00579517;0.000418419;-0.00603226;0.000299927;-0.00596863;3.33898e-05;-0.00596437;1.73798e-05
270000;-0.00619981;0.00199758;-0.00661872;0.00145933;-0.00581;0.000418127;-0.00603172;0.000299351;-0.00596733;3.33218e-05;-0.00596357;1.7345e-05
271000;-0.00617693;0.00199021;-0.00659429;0.00145395;-0.00582538;0.000417875;-0.00604982;0.000299216;-0.0059666;3.32644e-05;-0.00596353;1.73147e-05
272000;-0.00615423;0.0019829;-0.00657005;0.0014486;-0.00582654;0.000417187;-0.00603651;0.000298319;-0.00596673;3.3203e-05;-0.00596371;1.72864e-05
273000;-0.00613168;0.00197563;-0.00654598;0.0014433;-0.00581376;0.000415997;-0.00604044;0.000297793;-0.00596629;3.31375e-05;-0.00596294;1.72533e-05
274000;-0.0061093;0.00196842;-0.00652209;0.00143803;-0.00581087;0.000415059;-0.00603412;0.000297106;-0.00596515;3.30736e-05;-0.00596254;1.72223e-05
275000;-0.0062516;0.00198759;-0.00649838;0.0014328;-0.00580596;0.00041416;-0.00603655;0.000296623;-0.00596546;3.30118e-05;-0.00596192;1.7189e-05
276000;-0.00639287;0.00200627;-0.00655679;0.00143661;-0.00583254;0.000414473;-0.00604328;0.00029625;-0.00596374;3.29524e-05;-0.00596241;1.71579e-05
277000;-0.00636979;0.00199903;-0.00653312;0.00143143;-0.00581935;0.000413265;-0.00604719;0.000295808;-0.00596216;3.28899e-05;-0.00596335;1.71286e-05
278000;-0.00634688;0.00199184;-0.00650962;0.00142628;-0.00581502;0.000412422;-0.00605122;0.000295373;-0.00596397;3.28323e-05;-0.00596407;1.70984e-05
279000;-0.00632413;0.0019847;-0.00648629;0.00142117;-0.0058061;0.00041128;-0.00605326;0.000294869;-0.00596393;3.2776e-05;-0.0059636;1.70669e-05
280000;-0.00630155;0.00197761;-0.00646312;0.00141609;-0.0057927;0.000410064;-0.00604962;0.000294199;-0.00596303;3.27188e-05;-0.00596392;1.70344e-05
281000;-0.00627912;0.00197058;-0.00644012;0.00141106;-0.0057968;0.000409402;-0.00605102;0.000293687;-0.00596412;3.26608e-05;-0.00596353;1.70043e-05
282000;-0.00625685;0.00196359;-0.0064975;0.00141481;-0.00579128;0.000408488;-0.00605547;0.00029325;-0.00596424;3.2602e-05;-0.00596375;1.69762e-05
283000;-0.00623475;0.00195665;-0.00647454;0.00140981;-0.00580677;0.000408117;-0.00606595;0.000292965;-0.00596493;3.25525e-05;-0.0059629;1.69449e-05
284000;-0.00637209;0.0019746;-0.00645175;0.00140485;-0.00581182;0.000407478;-0.006063;0.000292388;-0.00596495;3.24928e-05;-0.00596285;1.69127e-05
285000;-0.00650848;0.00199211;-0.00642911;0.00139992;-0.00581014;0.000406601;-0.00605789;0.000291791;-0.00596392;3.24326e-05;-0.00596299;1.68834e-05
286000;-0.00648572;0.00198514;-0.00648572;0.00140361;-0.00581524;0.000405986;-0.00604179;0.000290861;-0.00596246;3.23738e-05;-0.00596302;1.68536e-05
287000;-0.00662076;0.0020022;-0.00646312;0.00139872;-0.00581717;0.000405354;-0.00604063;0.000290376;-0.00596187;3.23129e-05;-0.00596251;1.68231e-05
288000;-0.00659777;0.00199525;-0.00644068;0.00139386;-0.00582228;0.000404793;-0.00604095;0.000289875;-0.00596299;3.22637e-05;-0.0059627;1.6793e-05
289000;-0.00657494;0.00198835;-0.00649667;0.00139748;-0.00582625;0.000404085;-0.00603787;0.000289251;-0.00596193;3.2205e-05;-0.0059629;1.6763e-05
290000;-0.00655227;0.00198149;-0.00655227;0.00140103;-0.00584565;0.000403967;-0.00601996;0.000288312;-0.00596297;3.21565e-05;-0.00596375;1.6735e-05
291000;-0.00652975;0.00197468;-0.00652975;0.00139621;-0.00583687;0.000402937;-0.00602463;0.000287889;-0.00596174;3.20971e-05;-0.00596389;1.67054e-05
292000;-0.00650739;0.00196792;-0.00650739;0.00139143;-0.00583217;0.000402124;-0.0060274;0.000287387;-0.00596087;3.204e-05;-0.00596341;1.66747e-05
293000;-0.00648518;0.00196121;-0.00648518;0.00138668;-0.00582465;0.000401125;-0.00602775;0.000286914;-0.00596147;3.19857e-05;-0.00596345;1.66473e-05
294000;-0.00646312;0.00195454;-0.00646312;0.00138197;-0.00581329;0.000400104;-0.00601645;0.000286139;-0.00596133;3.19338e-05;-0.00596421;1.66219e-05
295000;-0.00644122;0.00194791;-0.0065179;0.00138545;-0.00582539;0.000399783;-0.00602301;0.000285802;-0.00596253;3.18844e-05;-0.00596476;1.65924e-05
296000;-0.00641945;0.00194133;-0.00649588;0.00138077;-0.00583084;0.000399287;-0.00602804;0.000285471;-0.00596275;3.18309e-05;-0.00596456;1.6564e-05
297000;-0.00639784;0.00193479;-0.00647401;0.00137613;-0.00582694;0.000398539;-0.00601935;0.000284752;-0.00596135;3.17743e-05;-0.00596581;1.65383e-05
298000;-0.00637637;0.0019283;-0.00645228;0.00137151;-0.00583049;0.000397918;-0.00601675;0.000284223;-0.00596086;3.17191e-05;-0.00596537;1.6509e-05
299000;-0.00635505;0.00192185;-0.0064307;0.00136692;-0.00581814;0.000396835;-0.00603293;0.00028418;-0.00596229;3.16703e-05;-0.00596528;1.64813e-05
300000;-0.00633386;0.00191545;-0.00640927;0.00136237;-0.00580073;0.000395533;-0.00602099;0.00028346;-0.005963;3.16186e-05;-0.00596586;1.64548e-05
301000;-0.00631282;0.00190908;-0.00638797;0.00135784;-0.00581213;0.000395244;-0.00602675;0.000283053;-0.00596307;3.15653e-05;-0.00596584;1.64277e-05
302000;-0.00629192;0.00190276;-0.00644172;0.00136128;-0.00583928;0.000395679;-0.00603776;0.000282844;-0.005963;3.1509e-05;-0.00596635;1.63992e-05
303000;-0.00627115;0.00189648;-0.00649512;0.00136465;-0.00583468;0.000394896;-0.00604233;0.000282504;-0.00596327;3.14561e-05;-0.005966;1.63719e-05
304000;-0.00625052;0.00189025;-0.00647375;0.00136016;-0.00584564;0.000394703;-0.00605022;0.000282254;-0.0059634;3.14042e-05;-0.00596549;1.63433e-05
305000;-0.00623003;0.00188405;-0.00645253;0.0013557;-0.00585149;0.00039424;-0.00605343;0.000281825;-0.00596435;3.13536e-05;-0.00596589;1.63169e-05
306000;-0.00620967;0.00187789;-0.00643144;0.00135128;-0.00587303;0.000394367;-0.00605116;0.000281268;-0.00596461;3.1304e-05;-0.00596668;1.6291e-05
307000;-0.00618944;0.00187178;-0.00641049;0.00134687;-0.00589198;0.000394323;-0.00604016;0.000280573;-0.00596306;3.12452e-05;-0.00596708;1.62669e-05
308000;-0.00616935;0.0018657;-0.00638968;0.0013425;-0.00589793;0.00039385;-0.00605288;0.000280428;-0.00596173;3.11946e-05;-0.00596695;1.62392e-05
309000;-0.00614938;0.00185966;-0.00644221;0.00134582;-0.00589544;0.000393024;-0.0060389;0.00027963;-0.00596173;3.11427e-05;-0.00596623;1.62106e-05
310000;-0.00612954;0.00185366;-0.00642143;0.00134148;-0.00590374;0.000392699;-0.00605435;0.00027954;-0.00596323;3.11003e-05;-0.00596637;1.61839e-05
311000;-0.00610983;0.0018477;-0.00647352;0.00134474;-0.00589792;0.000391881;-0.00605563;0.000279097;-0.00596359;3.10491e-05;-0.00596755;1.61622e-05
312000;-0.00609025;0.00184178;-0.00645277;0.00134044;-0.00589935;0.000391315;-0.00605735;0.000278661;-0.00596287;3.09955e-05;-0.00596755;1.61368e-05
313000;-0.00607079;0.0018359;-0.00643215;0.00133615;-0.00590919;0.000391077;-0.00606843;0.000278444;-0.00596262;3.09462e-05;-0.00596679;1.61076e-05
314000;-0.00605146;0.00183005;-0.00641167;0.0013319;-0.0059096;0.000390503;-0.00607824;0.000278208;-0.00596243;3.08941e-05;-0.00596723;1.60828e-05
315000;-0.00603225;0.00182424;-0.00646312;0.00133511;-0.00590173;0.000389561;-0.00608177;0.000277869;-0.00596227;3.08445e-05;-0.00596744;1.60571e-05
316000;-0.00601316;0.00181847;-0.00651426;0.00133825;-0.00592764;0.000389763;-0.00608092;0.000277419;-0.00596226;3.07952e-05;-0.00596698;1.60314e-05
317000;-0.00599419;0.00181273;-0.00649371;0.00133403;-0.00592731;0.000389099;-0.00606833;0.000276695;-0.00596177;3.07438e-05;-0.00596703;1.60056e-05
318000;-0.00597534;0.00180703;-0.00654442;0.00133712;-0.00592896;0.000388559;-0.00608832;0.000276728;-0.00596199;3.06974e-05;-0.00596737;1.59823e-05
319000;-0.00595661;0.00180137;-0.00659482;0.00134015;-0.00592615;0.000387772;-0.00609734;0.000276506;-0.00596213;3.06499e-05;-0.00596721;1.59573e-05
320000;-0.005938;0.00179574;-0.0066449;0.00134313;-0.00592494;0.000387098;-0.00610386;0.000276165;-0.00596312;3.06032e-05;-0.0059666;1.59308e-05
321000;-0.0059195;0.00179015;-0.0066242;0.00133894;-0.00593699;0.000386916;-0.00609406;0.000275512;-0.00596154;3.05489e-05;-0.00596656;1.59058e-05
322000;-0.00590111;0.00178459;-0.00660363;0.00133479;-0.00596053;0.00038702;-0.00609741;0.000275064;-0.00596159;3.05001e-05;-0.00596659;1.58821e-05
323000;-0.00588284;0.00177906;-0.00658318;0.00133066;-0.00597066;0.000386837;-0.00609647;0.000274597;-0.00596198;3.04511e-05;-0.00596638;1.58582e-05
324000;-0.00586469;0.00177357;-0.00656286;0.00132655;-0.00597776;0.000386504;-0.006085;0.00027394;-0.00596099;3.04023e-05;-0.00596564;1.58304e-05
325000;-0.00584664;0.00176812;-0.00654267;0.00132247;-0.00596668;0.000385582;-0.00609574;0.000273799;-0.00596045;3.0358e-05;-0.00596558;1.58053e-05
326000;-0.00582871;0.00176269;-0.0065226;0.00131841;-0.00596856;0.000384932;-0.00610288;0.000273551;-0.00595938;3.03086e-05;-0.00596573;1.57813e-05
327000;-0.00581088;0.0017573;-0.00650265;0.00131438;-0.00595947;0.000384068;-0.0060922;0.000272886;-0.00596138;3.02676e-05;-0.00596599;1.57572e-05
328000;-0.00579317;0.00175194;-0.0065518;0.00131732;-0.00594723;0.000383073;-0.00608637;0.00027226;-0.00596015;3.02182e-05;-0.0059669;1.57347e-05
329000;-0.00591307;0.00176729;-0.00653188;0.00131332;-0.00596007;0.000382893;-0.00608883;0.000271882;-0.00596082;3.01734e-05;-0.00596678;1.571e-05
330000;-0.00603225;0.0017823;-0.00651209;0.00130934;-0.00598027;0.000382849;-0.00610036;0.000271694;-0.00596064;3.01294e-05;-0.00596651;1.56849e-05
331000;-0.00601403;0.00177692;-0.00649241;0.00130539;-0.00597449;0.000382072;-0.00609529;0.000271194;-0.0059602;3.0083e-05;-0.00596636;1.56624e-05
332000;-0.00599591;0.00177156;-0.00647286;0.00130145;-0.00598068;0.000381658;-0.00609715;0.000270861;-0.00596067;3.00393e-05;-0.00596612;1.56383e-05
333000;-0.0059779;0.00176624;-0.00645342;0.00129755;-0.00597471;0.000380895;-0.0060953;0.000270435;-0.0059604;2.99938e-05;-0.00596607;1.56138e-05
334000;-0.00596001;0.00176096;-0.00656955;0.0013072;-0.00598909;0.000380709;-0.00608998;0.00026993;-0.00595952;2.99474e-05;-0.00596574;1.55899e-05
335000;-0.00594222;0.0017557;-0.00654994;0.0013033;-0.00598254;0.000379897;-0.00608151;0.000269358;-0.00595933;2.99019e-05;-0.00596575;1.55655e-05
336000;-0.00619383;0.00178981;-0.00653045;0.00129942;-0.00598707;0.000379271;-0.00607373;0.000268764;-0.00595885;2.98589e-05;-0.00596563;1.55421e-05
337000;-0.00617545;0.0017845;-0.00651107;0.00129557;-0.00597604;0.000378376;-0.00607575;0.000268449;-0.00595789;2.98076e-05;-0.00596571;1.55203e-05
338000;-0.00615718;0.00177922;-0.00655873;0.00129838;-0.005991;0.000378349;-0.00607812;0.000268099;-0.00595699;2.97618e-05;-0.00596595;1.5498e-05
339000;-0.00613901;0.00177397;-0.00653939;0.00129455;-0.00599184;0.000377819;-0.00609044;0.000267972;-0.0059587;2.97208e-05;-0.00596601;1.54751e-05
340000;-0.00612096;0.00176876;-0.00652015;0.00129074;-0.00598672;0.000377106;-0.00610078;0.000267833;-0.00595754;2.96732e-05;-0.00596582;1.5452e-05
341000;-0.00610301;0.00176357;-0.00650103;0.00128696;-0.00596916;0.000376001;-0.00611404;0.000267721;-0.00595742;2.96292e-05;-0.00596522;1.5427e-05
342000;-0.00608516;0.00175841;-0.00648202;0.00128319;-0.00597883;0.000375847;-0.00611207;0.000267253;-0.0059577;2.95868e-05;-0.00596516;1.54046e-05
343000;-0.00619932;0.00177224;-0.00646312;0.00127945;-0.0059614;0.000374752;-0.00611052;0.000266777;-0.0059581;2.95437e-05;-0.00596514;1.53822e-05
344000;-0.00631282;0.00178578;-0.00644434;0.00127573;-0.00595114;0.00037392;-0.00610952;0.000266351;-0.00595902;2.95021e-05;-0.00596532;1.53604e-05
345000;-0.00629452;0.00178061;-0.00642566;0.00127204;-0.00595219;0.000373434;-0.00611202;0.00026601;-0.00596097;2.94668e-05;-0.00596591;1.534e-05
346000;-0.00627633;0.00177546;-0.00647246;0.00127481;-0.00595082;0.000372698;-0.00610319;0.000265448;-0.00596124;2.94257e-05;-0.00596596;1.53178e-05
347000;-0.00625824;0.00177035;-0.00645381;0.00127114;-0.00595104;0.000372074;-0.00609837;0.00026493;-0.00596079;2.9383e-05;-0.00596635;1.52961e-05
348000;-0.00624026;0.00176526;-0.00650027;0.00127387;-0.00594536;0.000371353;-0.006096;0.000264507;-0.00595966;2.93375e-05;-0.00596675;1.52738e-05
349000;-0.00622238;0.0017602;-0.00648164;0.00127022;-0.00594211;0.000370781;-0.00609968;0.000264215;-0.00596058;2.9299e-05;-0.00596622;1.52508e-05
350000;-0.0062046;0.00175517;-0.00646312;0.00126659;-0.00594454;0.000370215;-0.00609286;0.000263681;-0.00595989;2.92566e-05;-0.00596606;1.52293e-05
351000;-0.00618692;0.00175017;-0.00644471;0.00126299;-0.00595909;0.000370201;-0.00608327;0.000263091;-0.00596078;2.92193e-05;-0.00596616;1.52069e-05
352000;-0.00616935;0.0017452;-0.00649067;0.00126568;-0.00596169;0.000369661;-0.00608358;0.000262721;-0.00596056;2.91789e-05;-0.00596642;1.51865e-05
353000;-0.00615187;0.00174026;-0.00647228;0.00126209;-0.00597022;0.000369379;-0.00607858;0.00026221;-0.00596142;2.91416e-05;-0.00596651;1.51664e-05
354000;-0.00613449;0.00173534;-0.006454;0.00125853;-0.00595956;0.000368537;-0.00608166;0.000261903;-0.00596176;2.91019e-05;-0.00596652;1.51449e-05
355000;-0.00611721;0.00173045;-0.00643582;0.00125498;-0.00596113;0.000368113;-0.0060982;0.000261864;-0.00596264;2.90619e-05;-0.00596609;1.51238e-05
356000;-0.00610003;0.00172559;-0.00648128;0.00125764;-0.00597724;0.000368046;-0.00609539;0.000261437;-0.00596408;2.90246e-05;-0.00596625;1.51025e-05
357000;-0.00608294;0.00172076;-0.00646312;0.00125411;-0.00598536;0.000367637;-0.00609554;0.00026103;-0.00596323;2.89812e-05;-0.00596553;1.50801e-05
358000;-0.00606595;0.00171595;-0.00644507;0.00125061;-0.00599322;0.000367408;-0.00609179;0.000260526;-0.0059648;2.89461e-05;-0.00596524;1.50585e-05
359000;-0.00604905;0.00171117;-0.00642712;0.00124713;-0.00598826;0.000366747;-0.00608561;0.000260023;-0.00596435;2.89025e-05;-0.00596472;1.50369e-05
360000;-0.00603225;0.00170642;-0.00640927;0.00124366;-0.0059821;0.00036605;-0.00609665;0.000259914;-0.0059659;2.88677e-05;-0.00596444;1.50152e-05
361000;-0.00601554;0.0017017;-0.00639151;0.00124022;-0.00598413;0.000365649;-0.00608931;0.000259419;-0.00596488;2.88252e-05;-0.00596445;1.49944e-05
362000;-0.00599892;0.00169699;-0.00637385;0.00123679;-0.00598089;0.000365104;-0.00609238;0.000259123;-0.00596587;2.87862e-05;-0.00596456;1.49741e-05
363000;-0.0059824;0.00169232;-0.0063563;0.00123339;-0.00598458;0.000364659;-0.00609223;0.000258759;-0.0059659;2.8746e-05;-0.00596409;1.4953e-05
364000;-0.00596596;0.00168767;-0.00640098;0.00123601;-0.00598984;0.000364303;-0.00608176;0.000258197;-0.00596608;2.87066e-05;-0.00596343;1.49313e-05
365000;-0.00594962;0.00168305;-0.00644542;0.00123859;-0.00600772;0.000364241;-0.00607389;0.000257684;-0.00596736;2.86719e-05;-0.00596287;1.4911e-05
366000;-0.00593336;0.00167845;-0.00642781;0.00123521;-0.00602195;0.000364118;-0.00607504;0.000257333;-0.00596762;2.86324e-05;-0.00596315;1.48917e-05
367000;-0.00591719;0.00167388;-0.00641029;0.00123185;-0.00602322;0.000363678;-0.00606944;0.000256872;-0.00596779;2.85926e-05;-0.0059631;1.4872e-05
368000;-0.00590111;0.00166933;-0.00639287;0.0012285;-0.00602368;0.000363198;-0.00607115;0.000256593;-0.00596709;2.85525e-05;-0.00596305;1.48529e-05
369000;-0.00588512;0.0016648;-0.00637555;0.00122517;-0.00603531;0.000363048;-0.0060641;0.000256119;-0.005968;2.8518e-05;-0.00596265;1.48326e-05
370000;-0.00586922;0.00166031;-0.00635832;0.00122186;-0.00602562;0.000362299;-0.00605844;0.000255672;-0.00596852;2.848e-05;-0.00596232;1.48115e-05
371000;-0.0058534;0.00165583;-0.00640215;0.00122441;-0.00601754;0.000361549;-0.00605034;0.000255159;-0.00596851;2.84412e-05;-0.0059623;1.47926e-05
372000;-0.00583766;0.00165138;-0.00638494;0.00122112;-0.00603154;0.000361548;-0.00603703;0.000254541;-0.00596797;2.8403e-05;-0.00596245;1.47728e-05
373000;-0.00582201;0.00164695;-0.00636782;0.00121784;-0.00602479;0.000360815;-0.0060308;0.000254046;-0.00596924;2.83662e-05;-0.00596238;1.47532e-05
374000;-0.00580644;0.00164255;-0.0063508;0.00121459;-0.00602632;0.000360404;-0.00603888;0.000253869;-0.00597007;2.83311e-05;-0.00596321;1.47343e-05
375000;-0.00579096;0.00163817;-0.00639418;0.0012171;-0.0060201;0.000359702;-0.00603739;0.000253517;-0.00597045;2.82945e-05;-0.00596293;1.47136e-05
376000;-0.00589588;0.00165074;-0.00637718;0.00121387;-0.00602182;0.000359307;-0.00604362;0.000253326;-0.0059704;2.82558e-05;-0.00596259;1.46937e-05
377000;-0.00588024;0.00164636;-0.00636026;0.00121065;-0.0060316;0.000359076;-0.00603772;0.000252855;-0.00596962;2.82176e-05;-0.00596197;1.46726e-05
378000;-0.00586469;0.00164201;-0.00634344;0.00120745;-0.00602197;0.000358342;-0.0060404;0.000252549;-0.00597009;2.81813e-05;-0.00596165;1.46531e-05
379000;-0.00584921;0.00163768;-0.0063267;0.00120426;-0.00602064;0.000357781;-0.0060337;0.000252055;-0.00596963;2.8143e-05;-0.00596162;1.46344e-05
380000;-0.00583382;0.00163337;-0.00631005;0.00120109;-0.00600994;0.000356982;-0.00603327;0.000251726;-0.00596964;2.8106e-05;-0.00596141;1.46153e-05
381000;-0.00581851;0.00162908;-0.00629349;0.00119794;-0.00600753;0.000356432;-0.00603725;0.000251462;-0.00596938;2.80685e-05;-0.00596132;1.45964e-05
382000;-0.00580328;0.00162482;-0.00633623;0.00120042;-0.00601629;0.000356193;-0.00604534;0.000251331;-0.00596945;2.80328e-05;-0.00596148;1.45784e-05
383000;-0.00578812;0.00162057;-0.00631969;0.00119729;-0.00601609;0.000355719;-0.00604463;0.000250971;-0.00596877;2.79967e-05;-0.00596203;1.45598e-05
384000;-0.00577305;0.00161635;-0.00636214;0.00119974;-0.0060318;0.00035571;-0.00603542;0.000250433;-0.00596942;2.79598e-05;-0.00596166;1.45404e-05
385000;-0.00575806;0.00161216;-0.00634561;0.00119662;-0.00602227;0.00035499;-0.006038;0.000250159;-0.00597052;2.79264e-05;-0.0059616;1.45206e-05
386000;-0.00574314;0.00160798;-0.00632917;0.00119352;-0.00602045;0.000354463;-0.0060506;0.000250128;-0.00597089;2.78895e-05;-0.00596119;1.45002e-05
387000;-0.0057283;0.00160382;-0.00631282;0.00119044;-0.00601139;0.000353777;-0.0060588;0.000249933;-0.00596986;2.78504e-05;-0.00596113;1.44822e-05
388000;-0.00571354;0.00159969;-0.00629655;0.00118737;-0.0059959;0.000352866;-0.0060522;0.000249455;-0.00596915;2.7811e-05;-0.00596127;1.44638e-05
389000;-0.00569885;0.00159558;-0.00628036;0.00118432;-0.00600729;0.000352744;-0.00604291;0.000248929;-0.00596892;2.77729e-05;-0.00596186;1.4446e-05
390000;-0.00568424;0.00159149;-0.00626426;0.00118128;-0.00601584;0.0003525;-0.00604098;0.00024854;-0.00596972;2.77405e-05;-0.00596186;1.4428e-05
391000;-0.0056697;0.00158742;-0.00630609;0.0011837;-0.00601168;0.000351942;-0.00605081;0.000248417;-0.00596961;2.77041e-05;-0.00596217;1.44112e-05
392000;-0.00565523;0.00158337;-0.00629001;0.00118068;-0.00602618;0.000351905;-0.00604693;0.000247998;-0.00597022;2.76716e-05;-0.00596218;1.4393e-05
393000;-0.00564084;0.00157934;-0.006274;0.00117768;-0.00604701;0.000352087;-0.00604392;0.000247606;-0.00597091;2.7639e-05;-0.00596203;1.43751e-05
394000;-0.00562653;0.00157533;-0.00625808;0.00117469;-0.00604764;0.000351681;-0.00605157;0.000247442;-0.00597062;2.76049e-05;-0.0059624;1.43579e-05
395000;-0.00561228;0.00157134;-0.00624223;0.00117172;-0.00604751;0.00035123;-0.00605262;0.000247119;-0.00597028;2.75691e-05;-0.00596243;1.43399e-05
396000;-0.00559811;0.00156738;-0.00628359;0.00117411;-0.00604126;0.000350571;-0.00604961;0.000246735;-0.00597045;2.75338e-05;-0.00596286;1.43213e-05
397000;-0.00558401;0.00156343;-0.00638172;0.00118175;-0.00604119;0.000350111;-0.00604563;0.000246363;-0.00597028;2.74955e-05;-0.00596322;1.43032e-05
398000;-0.00556998;0.0015595;-0.00636569;0.00117878;-0.00604152;0.000349675;-0.00604312;0.000245981;-0.00597022;2.74609e-05;-0.00596254;1.42839e-05
399000;-0.00555602;0.00155559;-0.00640643;0.00118106;-0.00605296;0.000349484;-0.00605531;0.000245912;-0.00597001;2.74247e-05;-0.00596249;1.42658e-05
400000;-0.00554213;0.0015517;-0.00644697;0.00118331;-0.00604693;0.000348841;-0.0060498;0.000245481;-0.0059706;2.73909e-05;-0.00596231;1.42476e-05
401000;-0.00552831;0.00154783;-0.00643089;0.00118036;-0.00606078;0.0003489;-0.006059;0.000245389;-0.00597071;2.73582e-05;-0.00596216;1.42293e-05
402000;-0.00551456;0.00154398;-0.00641489;0.00117742;-0.00605186;0.000348241;-0.00607346;0.00024537;-0.0059709;2.73253e-05;-0.0059619;1.42108e-05
403000;-0.00550087;0.00154015;-0.00639897;0.0011745;-0.00604217;0.000347534;-0.00606182;0.000244808;-0.00597115;2.72891e-05;-0.00596127;1.41914e-05
404000;-0.00559924;0.00155194;-0.00638314;0.00117159;-0.00603949;0.000346977;-0.0060562;0.000244382;-0.00596981;2.72501e-05;-0.00596171;1.41747e-05
405000;-0.00558542;0.0015481;-0.00636737;0.0011687;-0.00604261;0.000346608;-0.00605686;0.0002441;-0.00596975;2.72183e-05;-0.00596183;1.4157e-05
406000;-0.00568309;0.00155966;-0.00635169;0.00116582;-0.00604338;0.000346212;-0.00605258;0.000243699;-0.00597098;2.71887e-05;-0.00596166;1.41402e-05
407000;-0.00566913;0.00155582;-0.00633609;0.00116296;-0.00604482;0.000345773;-0.00604741;0.000243289;-0.00597006;2.7153e-05;-0.00596129;1.41222e-05
408000;-0.00565523;0.00155201;-0.00632056;0.00116011;-0.00605086;0.000345533;-0.00604596;0.000242942;-0.00597014;2.71206e-05;-0.00596092;1.41049e-05
409000;-0.00564141;0.00154822;-0.0063051;0.00115727;-0.00605773;0.000345342;-0.00604682;0.000242639;-0.00597076;2.70918e-05;-0.00596101;1.40871e-05
410000;-0.00562765;0.00154444;-0.00640007;0.00116453;-0.00607516;0.000345261;-0.00605297;0.000242462;-0.00597065;2.70577e-05;-0.00596066;1.40702e-05
411000;-0.00561395;0.00154068;-0.0063845;0.0011617;-0.0060634;0.000344473;-0.00605625;0.000242217;-0.00597027;2.70221e-05;-0.00596125;1.40546e-05
412000;-0.00560033;0.00153694;-0.006369;0.00115888;-0.00605476;0.000343843;-0.00605203;0.000241811;-0.00596939;2.69871e-05;-0.00596175;1.40386e-05
413000;-0.00569631;0.00154818;-0.00635358;0.00115607;-0.0060401;0.000343012;-0.00604436;0.000241362;-0.00597043;2.69569e-05;-0.00596235;1.40225e-05
414000;-0.00568255;0.00154444;-0.00633823;0.00115328;-0.00603965;0.000342574;-0.00604797;0.000241163;-0.00597117;2.6927e-05;-0.00596186;1.40046e-05
415000;-0.00566886;0.00154072;-0.00632296;0.0011505;-0.00603069;0.000341925;-0.00604047;0.000240715;-0.00597005;2.68928e-05;-0.00596216;1.39878e-05
416000;-0.00565523;0.00153702;-0.00630776;0.00114774;-0.00603236;0.000341598;-0.00604195;0.000240416;-0.00596922;2.68565e-05;-0.00596172;1.39704e-05
417000;-0.00575017;0.001548;-0.00634688;0.00114991;-0.00603186;0.000341172;-0.00604237;0.000240131;-0.00596813;2.68209e-05;-0.00596214;1.39552e-05
418000;-0.00573641;0.0015443;-0.00638581;0.00115205;-0.00603703;0.000340907;-0.00605712;0.000240113;-0.00596862;2.67874e-05;-0.00596151;1.39377e-05
419000;-0.00572272;0.00154061;-0.00637057;0.0011493;-0.00604093;0.000340614;-0.00605418;0.000239764;-0.00596678;2.67501e-05;-0.00596101;1.39213e-05
420000;-0.00570909;0.00153695;-0.00635541;0.00114656;-0.00605228;0.000340553;-0.0060468;0.000239328;-0.00596623;2.67196e-05;-0.00596147;1.39065e-05
421000;-0.00569553;0.00153329;-0.00634031;0.00114384;-0.00603959;0.000339761;-0.00603895;0.000238874;-0.00596551;2.6687e-05;-0.00596116;1.38888e-05
422000;-0.00568204;0.00152966;-0.00632529;0.00114113;-0.00602928;0.000339047;-0.00602852;0.000238378;-0.0059642;2.66534e-05;-0.00596131;1.38724e-05
423000;-0.0056686;0.00152605;-0.00631033;0.00113843;-0.00602264;0.000338412;-0.006037;0.00023825;-0.00596347;2.66184e-05;-0.00596129;1.38556e-05
424000;-0.00565523;0.00152245;-0.00629545;0.00113575;-0.00603019;0.000338288;-0.00604203;0.000238035;-0.00596212;2.65847e-05;-0.00596171;1.38398e-05
425000;-0.00564193;0.00151886;-0.00628064;0.00113308;-0.00603109;0.000337847;-0.00604712;0.000237858;-0.00596246;2.65544e-05;-0.00596213;1.38245e-05
426000;-0.00562868;0.0015153;-0.00626589;0.00113042;-0.00603931;0.000337661;-0.00605757;0.000237756;-0.00596132;2.65207e-05;-0.00596183;1.3808e-05
427000;-0.0056155;0.00151175;-0.00625122;0.00112777;-0.00603451;0.000337127;-0.00605428;0.000237404;-0.005962;2.64896e-05;-0.00596221;1.37926e-05
428000;-0.00560238;0.00150822;-0.00623661;0.00112513;-0.00603491;0.000336775;-0.00606035;0.000237227;-0.00596254;2.64601e-05;-0.00596214;1.37759e-05
429000;-0.00558932;0.0015047;-0.00622208;0.00112251;-0.00603758;0.000336399;-0.00606215;0.000236966;-0.00596212;2.64292e-05;-0.00596248;1.37604e-05
430000;-0.00557632;0.0015012;-0.00620761;0.0011199;-0.00603028;0.000335748;-0.00606254;0.000236715;-0.00596174;2.63983e-05;-0.00596205;1.37436e-05
431000;-0.00556339;0.00149772;-0.0061932;0.0011173;-0.0060422;0.000335743;-0.00607018;0.000236598;-0.00596174;2.63676e-05;-0.00596235;1.37294e-05
432000;-0.00555051;0.00149425;-0.00617887;0.00111472;-0.0060378;0.000335164;-0.00606925;0.000236292;-0.00596153;2.63363e-05;-0.00596252;1.37148e-05
433000;-0.00553769;0.0014908;-0.0061646;0.00111214;-0.00603288;0.000334639;-0.00607446;0.000236071;-0.00596217;2.63064e-05;-0.0059621;1.36985e-05
434000;-0.00552493;0.00148737;-0.00615039;0.00110958;-0.00602869;0.000334148;-0.00606397;0.000235589;-0.00596225;2.62784e-05;-0.00596177;1.36825e-05
435000;-0.00551223;0.00148395;-0.00618826;0.00111171;-0.00601844;0.000333456;-0.00608666;0.000235789;-0.00596153;2.62469e-05;-0.00596167;1.36672e-05
436000;-0.00549959;0.00148055;-0.00617406;0.00110916;-0.00603324;0.000333396;-0.00608695;0.000235535;-0.005961;2.62161e-05;-0.00596217;1.36523e-05
437000;-0.005487;0.00147716;-0.0062117;0.00111126;-0.00603435;0.00033306;-0.00608425;0.000235182;-0.00596178;2.61857e-05;-0.0059624;1.3637e-05
438000;-0.00547447;0.00147379;-0.00619752;0.00110873;-0.00605092;0.00033319;-0.00608308;0.000234869;-0.00596153;2.61548e-05;-0.00596248;1.36222e-05
439000;-0.005462;0.00147043;-0.00623493;0.0011108;-0.00606104;0.000333009;-0.00608538;0.000234611;-0.00596222;2.6127e-05;-0.00596267;1.36062e-05
440000;-0.00544959;0.00146709;-0.00622076;0.00110827;-0.00606717;0.000332827;-0.00608876;0.000234395;-0.00596233;2.60964e-05;-0.00596267;1.35905e-05
441000;-0.00543723;0.00146376;-0.00620665;0.00110576;-0.00606359;0.000332377;-0.00607496;0.000233865;-0.00596156;2.60639e-05;-0.00596205;1.35738e-05
442000;-0.00542493;0.00146045;-0.00619261;0.00110326;-0.0060572;0.000331782;-0.00608275;0.000233706;-0.0059615;2.60353e-05;-0.00596183;1.35591e-05
443000;-0.00541268;0.00145715;-0.00617863;0.00110077;-0.0060725;0.000331762;-0.00607908;0.000233388;-0.00596174;2.60073e-05;-0.00596204;1.35448e-05
444000;-0.00540049;0.00145387;-0.00616471;0.00109829;-0.00608646;0.000331771;-0.00607253;0.000233004;-0.0059625;2.59799e-05;-0.0059612;1.35283e-05
445000;-0.00538836;0.00145061;-0.00615086;0.00109582;-0.00607685;0.000331122;-0.00607824;0.000232815;-0.00596182;2.59484e-05;-0.00596127;1.35136e-05
446000;-0.00537628;0.00144735;-0.00613707;0.00109337;-0.00607714;0.000330701;-0.00608372;0.000232645;-0.005961;2.59152e-05;-0.00596078;1.3498e-05
447000;-0.00536425;0.00144411;-0.00612334;0.00109092;-0.00607856;0.000330399;-0.00608942;0.000232517;-0.00596196;2.58872e-05;-0.00596071;1.3482e-05
448000;-0.00535227;0.00144089;-0.00610967;0.00108849;-0.00608057;0.000330132;-0.00608372;0.00023217;-0.00596229;2.58592e-05;-0.00596052;1.34671e-05
449000;-0.00534035;0.00143768;-0.00614645;0.00109054;-0.00608914;0.000330016;-0.00607824;0.000231796;-0.00596285;2.58329e-05;-0.00596039;1.34526e-05
450000;-0.00542902;0.00144796;-0.00613279;0.00108812;-0.0060906;0.00032972;-0.00607972;0.000231564;-0.00596334;2.58061e-05;-0.005961;1.34374e-05
451000;-0.00541699;0.00144475;-0.0062195;0.00109457;-0.00609865;0.000329553;-0.00608128;0.000231366;-0.00596278;2.57765e-05;-0.00596057;1.34226e-05
452000;-0.005405;0.00144155;-0.00625579;0.00109654;-0.00610247;0.000329266;-0.00607313;0.000230971;-0.00596244;2.57458e-05;-0.00596077;1.34088e-05
453000;-0.00539307;0.00143837;-0.00629192;0.00109848;-0.00611236;0.000329207;-0.00606667;0.000230579;-0.00596198;2.57163e-05;-0.00596018;1.33934e-05
454000;-0.00548084;0.00144843;-0.00632788;0.0011004;-0.00610493;0.000328636;-0.00605878;0.000230155;-0.00596094;2.56871e-05;-0.00595963;1.33784e-05
455000;-0.0054688;0.00144524;-0.00631398;0.00109799;-0.00610003;0.000328132;-0.0060572;0.000229866;-0.00596179;2.56603e-05;-0.00595943;1.33628e-05
456000;-0.0054568;0.00144207;-0.00630013;0.00109558;-0.00609994;0.000327779;-0.00606056;0.0002297;-0.005961;2.56342e-05;-0.00595944;1.33485e-05
457000;-0.00544486;0.00143892;-0.00628634;0.00109318;-0.00609346;0.000327215;-0.00606124;0.000229465;-0.00596022;2.56045e-05;-0.00595918;1.33334e-05
458000;-0.00543298;0.00143578;-0.00627262;0.0010908;-0.00609332;0.00032685;-0.00606137;0.000229228;-0.00596114;2.55784e-05;-0.0059589;1.33187e-05
459000;-0.00542114;0.00143265;-0.00625895;0.00108842;-0.00609781;0.000326632;-0.00606639;0.000229052;-0.00596088;2.55471e-05;-0.00595853;1.33039e-05
460000;-0.00540935;0.00142953;-0.00624535;0.00108605;-0.00609086;0.00032604;-0.00606979;0.000228817;-0.00596152;2.55222e-05;-0.0059589;1.32894e-05
461000;-0.00549576;0.00143934;-0.0062318;0.0010837;-0.00608195;0.000325442;-0.00607856;0.000228717;-0.00596077;2.54918e-05;-0.00595925;1.32751e-05
462000;-0.00548386;0.00143623;-0.00626727;0.0010856;-0.00608618;0.000325207;-0.00607943;0.000228456;-0.00596116;2.54649e-05;-0.00595911;1.3261e-05
463000;-0.00547202;0.00143312;-0.00630259;0.00108748;-0.00607759;0.000324627;-0.00608226;0.000228275;-0.00596124;2.54368e-05;-0.00595873;1.32457e-05
464000;-0.00555773;0.00144275;-0.00633776;0.00108933;-0.00607295;0.000324157;-0.00607877;0.000227977;-0.00596187;2.54102e-05;-0.00595875;1.32319e-05
465000;-0.00564307;0.00145222;-0.00637278;0.00109116;-0.00606855;0.000323685;-0.00608447;0.00022783;-0.00596122;2.53806e-05;-0.00595863;1.32178e-05
466000;-0.00563096;0.0014491;-0.0063591;0.00108882;-0.00606782;0.000323308;-0.00608639;0.000227619;-0.00596043;2.53519e-05;-0.00595844;1.32026e-05
467000;-0.0056189;0.001446;-0.00634549;0.00108649;-0.00606818;0.000322969;-0.00608396;0.000227326;-0.00596039;2.53254e-05;-0.0059585;1.31891e-05
468000;-0.0056069;0.00144291;-0.00638026;0.0010883;-0.00609243;0.000323236;-0.00608352;0.000227055;-0.00595987;2.52958e-05;-0.00595835;1.31759e-05
469000;-0.00559494;0.00143983;-0.00641489;0.00109008;-0.00610558;0.000323169;-0.00608266;0.000226787;-0.00596073;2.52708e-05;-0.00595838;1.31618e-05
470000;-0.00558304;0.00143677;-0.00640124;0.00108776;-0.00610051;0.000322684;-0.00607784;0.000226445;-0.00596052;2.52436e-05;-0.00595865;1.31489e-05
471000;-0.00557119;0.00143372;-0.00638765;0.00108545;-0.00608756;0.000322;-0.00607935;0.000226221;-0.0059612;2.52161e-05;-0.00595886;1.31348e-05
472000;-0.00555938;0.00143068;-0.00642205;0.00108722;-0.00607948;0.000321412;-0.00607553;0.000225917;-0.00596045;2.51887e-05;-0.00595849;1.31206e-05
473000;-0.00554763;0.00142766;-0.00640847;0.00108492;-0.00607518;0.000320961;-0.00607989;0.000225738;-0.00596118;2.51643e-05;-0.00595827;1.31063e-05
474000;-0.00563137;0.00143687;-0.00639495;0.00108263;-0.0060756;0.000320639;-0.0060807;0.000225529;-0.00596149;2.51392e-05;-0.00595867;1.30928e-05
475000;-0.00561952;0.00143385;-0.00642911;0.00108437;-0.00607428;0.000320232;-0.00607863;0.000225229;-0.00596119;2.51117e-05;-0.00595852;1.30786e-05
476000;-0.00560771;0.00143083;-0.0064156;0.0010821;-0.00607458;0.000319818;-0.00607215;0.000224844;-0.00596106;2.50848e-05;-0.00595833;1.30642e-05
477000;-0.00559595;0.00142783;-0.00640215;0.00107983;-0.00607475;0.0003195;-0.00606669;0.000224502;-0.00596091;2.50578e-05;-0.00595861;1.30508e-05
478000;-0.00558425;0.00142485;-0.00638876;0.00107757;-0.0060878;0.000319437;-0.00606103;0.000224155;-0.00596107;2.50331e-05;-0.0059589;1.30383e-05
479000;-0.00557259;0.00142187;-0.00642265;0.00107929;-0.00607964;0.000318895;-0.00605468;0.000223812;-0.00596116;2.50094e-05;-0.00595866;1.30244e-05
480000;-0.00556098;0.00141891;-0.00645639;0.001081;-0.00607575;0.000318463;-0.00604885;0.000223479;-0.00596155;2.49871e-05;-0.00595859;1.30109e-05
481000;-0.00554942;0.00141596;-0.00644297;0.00107875;-0.00606676;0.000317882;-0.00604096;0.000223088;-0.00596037;2.49601e-05;-0.00595882;1.29974e-05
482000;-0.00553791;0.00141302;-0.0064296;0.00107651;-0.00606534;0.000317502;-0.00604443;0.000222942;-0.00595966;2.49341e-05;-0.00595866;1.29838e-05
483000;-0.00552644;0.0014101;-0.00641629;0.00107428;-0.00606938;0.000317219;-0.00604044;0.00022264;-0.00595901;2.49064e-05;-0.00595847;1.29705e-05
484000;-0.00551502;0.00140719;-0.00640303;0.00107206;-0.00606057;0.000316648;-0.0060382;0.000222346;-0.00595908;2.48811e-05;-0.00595837;1.29566e-05
485000;-0.00550365;0.00140428;-0.00638983;0.00106985;-0.00605131;0.000316059;-0.00603882;0.000222147;-0.00595831;2.48544e-05;-0.00595868;1.29436e-05
486000;-0.00549233;0.00140139;-0.00637668;0.00106765;-0.00605999;0.000315953;-0.00604152;0.000221977;-0.00595805;2.48281e-05;-0.00595805;1.29294e-05
487000;-0.00548105;0.00139852;-0.00636359;0.00106546;-0.00605979;0.000315616;-0.00604764;0.000221857;-0.00595757;2.48026e-05;-0.00595839;1.29167e-05
488000;-0.00556253;0.00140743;-0.0063969;0.00106715;-0.0060569;0.000315248;-0.00604444;0.000221537;-0.00595817;2.47785e-05;-0.00595919;1.29043e-05
489000;-0.00555115;0.00140455;-0.00638382;0.00106497;-0.00606435;0.000315112;-0.00604459;0.000221319;-0.00595827;2.47533e-05;-0.00595943;1.28915e-05
490000;-0.00553982;0.00140168;-0.00641696;0.00106664;-0.00605686;0.000314615;-0.00603819;0.000220978;-0.00595743;2.47278e-05;-0.0059595;1.28782e-05
491000;-0.00552854;0.00139883;-0.00640389;0.00106447;-0.006053;0.000314163;-0.00603551;0.000220729;-0.00595755;2.47032e-05;-0.00595922;1.28659e-05
492000;-0.00560926;0.00140757;-0.00639087;0.0010623;-0.00605048;0.000313817;-0.00603324;0.000220435;-0.00595731;2.46776e-05;-0.00595913;1.28533e-05
493000;-0.00559788;0.00140471;-0.0064238;0.00106395;-0.00604681;0.000313407;-0.00603015;0.000220172;-0.00595809;2.46555e-05;-0.00595952;1.28411e-05
494000;-0.00558655;0.00140187;-0.00641079;0.0010618;-0.00604541;0.000313034;-0.00602303;0.00021984;-0.00595869;2.4632e-05;-0.00595914;1.28279e-05
495000;-0.00557526;0.00139904;-0.00639784;0.00105965;-0.00603955;0.000312528;-0.0060189;0.00021954;-0.00595853;2.46076e-05;-0.00595884;1.28143e-05
496000;-0.00556402;0.00139622;-0.00638494;0.00105752;-0.00602991;0.000311938;-0.00601966;0.000219326;-0.00595748;2.45801e-05;-0.0059592;1.28004e-05
497000;-0.00555283;0.00139341;-0.00637209;0.00105539;-0.00602573;0.000311512;-0.00601245;0.00021899;-0.00595769;2.45574e-05;-0.00595908;1.27869e-05
498000;-0.00554167;0.00139061;-0.0063593;0.00105327;-0.00602692;0.00031116;-0.006014;0.00021879;-0.00595727;2.45317e-05;-0.00595884;1.27728e-05
499000;-0.00553057;0.00138783;-0.00634656;0.00105116;-0.00602475;0.000310839;-0.00600875;0.000218463;-0.00595695;2.4505e-05;-0.00595873;1.27596e-05
500000;-0.00560999;0.00139636;-0.0063791;0.0010528;-0.00602599;0.000310586;-0.00601192;0.000218276;-0.00595623;2.44771e-05;-0.0059587;1.27479e-05
501000;-0.00559879;0.00139357;-0.00636637;0.0010507;-0.00603251;0.000310402;-0.00600806;0.000217992;-0.00595674;2.44533e-05;-0.00595851;1.27347e-05
502000;-0.00567776;0.00140196;-0.00635369;0.0010486;-0.00604605;0.000310476;-0.00601976;0.000217991;-0.00595584;2.44272e-05;-0.00595851;1.27222e-05
503000;-0.00566648;0.00139918;-0.00634106;0.00104652;-0.00604258;0.000310047;-0.00601896;0.000217751;-0.00595576;2.44028e-05;-0.00595843;1.27108e-05
504000;-0.00565523;0.0013964;-0.00632848;0.00104444;-0.00604338;0.000309771;-0.00602614;0.000217672;-0.00595624;2.43804e-05;-0.00595835;1.26982e-05
505000;-0.00573362;0.00140465;-0.00631594;0.00104238;-0.00603884;0.000309337;-0.00602279;0.000217406;-0.00595688;2.43587e-05;-0.00595805;1.26855e-05
506000;-0.00572229;0.00140187;-0.00634817;0.001044;-0.00603293;0.000308868;-0.00601966;0.000217129;-0.00595619;2.43328e-05;-0.00595789;1.26731e-05
507000;-0.00571101;0.00139911;-0.00633565;0.00104194;-0.00603609;0.000308627;-0.00601514;0.000216822;-0.00595657;2.43099e-05;-0.0059584;1.26619e-05
508000;-0.00569976;0.00139636;-0.00632317;0.00103989;-0.0060348;0.00030826;-0.00600966;0.000216516;-0.00595711;2.42882e-05;-0.00595829;1.26496e-05
509000;-0.00568857;0.00139361;-0.00631075;0.00103785;-0.00603042;0.000307834;-0.00600594;0.000216222;-0.00595665;2.42639e-05;-0.00595796;1.26376e-05
510000;-0.00567741;0.00139088;-0.00634273;0.00103945;-0.0060233;0.00030737;-0.00599623;0.000215837;-0.0059564;2.42379e-05;-0.00595789;1.26251e-05
511000;-0.0056663;0.00138816;-0.00633032;0.00103742;-0.0060145;0.000306824;-0.00599758;0.000215647;-0.00595743;2.42159e-05;-0.005958;1.26135e-05
512000;-0.00565523;0.00138545;-0.00631796;0.00103539;-0.00601478;0.000306542;-0.00599092;0.000215295;-0.00595717;2.41917e-05;-0.00595797;1.2601e-05
513000;-0.00564421;0.00138275;-0.00634974;0.00103698;-0.00602291;0.000306459;-0.00598657;0.000215003;-0.00595709;2.41674e-05;-0.00595791;1.25889e-05
514000;-0.00563323;0.00138006;-0.00633738;0.00103496;-0.00602308;0.000306158;-0.00598643;0.000214783;-0.00595803;2.41481e-05;-0.00595808;1.2577e-05
515000;-0.00562229;0.00137738;-0.00632508;0.00103295;-0.00602653;0.000305923;-0.00599234;0.000214679;-0.00595855;2.41247e-05;-0.00595807;1.25644e-05
516000;-0.00561139;0.00137471;-0.00631282;0.00103095;-0.00602181;0.000305487;-0.00599931;0.00021459;-0.00595895;2.41018e-05;-0.00595798;1.25532e-05
517000;-0.00560054;0.00137205;-0.00630061;0.00102896;-0.00602128;0.000305179;-0.00600002;0.000214373;-0.00595903;2.4079e-05;-0.00595757;1.25408e-05
518000;-0.00558973;0.0013694;-0.00628845;0.00102697;-0.00603252;0.000305147;-0.0059942;0.000214039;-0.0059593;2.4055e-05;-0.00595766;1.25291e-05
519000;-0.00557896;0.00136676;-0.00627633;0.00102499;-0.00602571;0.000304705;-0.00599872;0.000213884;-0.00595796;2.40275e-05;-0.00595753;1.25168e-05
520000;-0.00556823;0.00136413;-0.00626426;0.00102302;-0.00602222;0.000304331;-0.00599862;0.00021365;-0.00595757;2.40027e-05;-0.00595783;1.25047e-05
521000;-0.00555754;0.00136152;-0.00629565;0.0010246;-0.00601396;0.000303816;-0.00599601;0.000213403;-0.00595754;2.39809e-05;-0.00595758;1.24925e-05
522000;-0.0055469;0.00135891;-0.00628359;0.00102263;-0.00601034;0.000303372;-0.00599765;0.000213193;-0.0059578;2.39594e-05;-0.00595743;1.24799e-05
523000;-0.00553629;0.00135631;-0.00631483;0.00102419;-0.00601547;0.000303246;-0.0059932;0.000212933;-0.00595859;2.39383e-05;-0.0059573;1.24675e-05
524000;-0.00552572;0.00135372;-0.00630278;0.00102224;-0.00600946;0.000302766;-0.0059945;0.000212759;-0.00595832;2.39152e-05;-0.00595749;1.24559e-05
525000;-0.0055152;0.00135114;-0.00633386;0.00102378;-0.00600949;0.000302495;-0.00599999;0.00021265;-0.00595831;2.38933e-05;-0.00595731;1.24438e-05
526000;-0.00550471;0.00134857;-0.00632182;0.00102183;-0.0060012;0.000301983;-0.00599452;0.00021233;-0.0059576;2.38719e-05;-0.00595764;1.24332e-05
527000;-0.00549427;0.00134602;-0.00630982;0.00101989;-0.00600321;0.000301791;-0.00599428;0.000212126;-0.00595751;2.38492e-05;-0.00595741;1.24215e-05
528000;-0.00548386;0.00134347;-0.00629787;0.00101796;-0.00600543;0.000301494;-0.00598599;0.000211768;-0.00595662;2.38235e-05;-0.00595736;1.24095e-05
529000;-0.0054735;0.00134093;-0.00628597;0.00101604;-0.00601592;0.00030147;-0.00597908;0.000211457;-0.0059563;2.38008e-05;-0.00595698;1.23975e-05
530000;-0.00546317;0.0013384;-0.00631679;0.00101756;-0.00601113;0.000301046;-0.00597731;0.000211226;-0.00595676;2.37791e-05;-0.0059572;1.23856e-05
531000;-0.00545288;0.00133588;-0.00630489;0.00101565;-0.00601732;0.000300886;-0.00597421;0.000210954;-0.00595685;2.37596e-05;-0.00595741;1.23733e-05
532000;-0.00544263;0.00133337;-0.00629304;0.00101374;-0.00602086;0.000300624;-0.00597469;0.000210775;-0.00595607;2.37377e-05;-0.00595773;1.23618e-05
533000;-0.00560218;0.0013515;-0.00628124;0.00101184;-0.00601994;0.000300311;-0.00597534;0.000210558;-0.00595592;2.37155e-05;-0.00595781;1.23504e-05
534000;-0.00559169;0.00134897;-0.00626947;0.00100994;-0.00601771;0.000299925;-0.00597296;0.000210293;-0.00595601;2.36942e-05;-0.00595759;1.2338e-05
535000;-0.00558124;0.00134644;-0.00625775;0.00100805;-0.00601244;0.000299479;-0.00597588;0.000210159;-0.00595742;2.36745e-05;-0.00595741;1.23264e-05
536000;-0.00557083;0.00134393;-0.00624608;0.00100617;-0.00600122;0.000298921;-0.00597211;0.000209889;-0.0059578;2.36528e-05;-0.00595725;1.23155e-05
537000;-0.00556045;0.00134143;-0.00623445;0.0010043;-0.00601522;0.000298968;-0.00596754;0.000209602;-0.00595836;2.36336e-05;-0.00595728;1.23048e-05
538000;-0.0057183;0.00135907;-0.00622286;0.00100243;-0.00601489;0.000298679;-0.00596853;0.00020942;-0.00595833;2.36112e-05;-0.00595653;1.22925e-05
539000;-0.00570769;0.00135655;-0.00625328;0.00100395;-0.00601208;0.000298349;-0.00597227;0.000209276;-0.00595833;2.35896e-05;-0.00595638;1.22801e-05
540000;-0.00569712;0.00135404;-0.0062417;0.00100209;-0.00601228;0.000298084;-0.00597398;0.000209107;-0.00595746;2.35653e-05;-0.00595668;1.22689e-05
541000;-0.00568659;0.00135153;-0.00623017;0.00100024;-0.00601648;0.000297914;-0.00596736;0.000208788;-0.00595682;2.35424e-05;-0.00595648;1.22574e-05
542000;-0.0056761;0.00134904;-0.00621867;0.000998392;-0.00601202;0.000297523;-0.00596917;0.000208655;-0.00595572;2.35166e-05;-0.0059567;1.22462e-05
543000;-0.00566565;0.00134656;-0.00620722;0.000996554;-0.00600679;0.000297092;-0.00597179;0.000208501;-0.00595616;2.34954e-05;-0.0059571;1.22354e-05
544000;-0.00565523;0.00134408;-0.00623739;0.000998054;-0.00600628;0.000296794;-0.00597097;0.00020831;-0.00595616;2.34738e-05;-0.00595748;1.22246e-05
545000;-0.00564486;0.00134161;-0.00622595;0.000996223;-0.00600583;0.000296521;-0.00596566;0.000208025;-0.00595628;2.34516e-05;-0.00595782;1.22142e-05
546000;-0.00563452;0.00133916;-0.00621454;0.000994398;-0.00600089;0.000296099;-0.00595966;0.000207711;-0.00595578;2.34297e-05;-0.00595775;1.22034e-05
547000;-0.00562422;0.00133671;-0.00620318;0.000992581;-0.00599389;0.00029566;-0.00596387;0.000207601;-0.00595646;2.34094e-05;-0.00595756;1.2192e-05
548000;-0.00561395;0.00133427;-0.00619186;0.00099077;-0.00600029;0.000295541;-0.00596375;0.000207407;-0.00595499;2.33843e-05;-0.00595759;1.21813e-05
549000;-0.00560373;0.00133184;-0.00618058;0.000988965;-0.00599903;0.000295206;-0.00597078;0.000207344;-0.00595346;2.33596e-05;-0.00595732;1.21698e-05
550000;-0.00559354;0.00132942;-0.00616935;0.000987167;-0.00599649;0.000294897;-0.00597354;0.000207176;-0.00595287;2.33379e-05;-0.00595736;1.21587e-05
551000;-0.00558339;0.00132701;-0.0061992;0.000988654;-0.0060063;0.000294872;-0.00596706;0.000206862;-0.00595325;2.33173e-05;-0.00595759;1.2148e-05
552000;-0.00557327;0.0013246;-0.00622895;0.000990125;-0.00600856;0.00029462;-0.00596364;0.000206621;-0.00595311;2.32952e-05;-0.00595796;1.21374e-05
553000;-0.0055632;0.00132221;-0.0062586;0.000991579;-0.00602097;0.000294626;-0.00596289;0.000206401;-0.00595284;2.32735e-05;-0.00595841;1.21276e-05
554000;-0.00555315;0.00131982;-0.0062473;0.00098979;-0.00602635;0.000294471;-0.00595863;0.000206131;-0.00595285;2.32536e-05;-0.00595834;1.21165e-05
555000;-0.00562467;0.00132709;-0.00623604;0.000988007;-0.00603284;0.000294287;-0.005964;0.000206037;-0.00595345;2.32333e-05;-0.00595883;1.21072e-05
556000;-0.00561455;0.00132471;-0.00622483;0.00098623;-0.00604015;0.000294197;-0.00595929;0.000205757;-0.00595334;2.32127e-05;-0.0059587;1.20963e-05
557000;-0.00560447;0.00132233;-0.00621365;0.00098446;-0.00604138;0.000293989;-0.00595592;0.000205515;-0.00595348;2.31924e-05;-0.00595888;1.2085e-05
558000;-0.00559442;0.00131996;-0.00624305;0.000985901;-0.00603509;0.000293597;-0.00594672;0.000205168;-0.00595283;2.31693e-05;-0.00595906;1.20748e-05
559000;-0.00558442;0.0013176;-0.00627235;0.000987327;-0.0060325;0.000293294;-0.00594659;0.00020498;-0.00595413;2.31508e-05;-0.0059592;1.20647e-05
560000;-0.00557444;0.00131525;-0.00626115;0.000985564;-0.00603039;0.000293016;-0.00595372;0.000204926;-0.00595501;2.31339e-05;-0.0059594;1.20547e-05
561000;-0.00556451;0.0013129;-0.00624999;0.000983807;-0.00601964;0.000292494;-0.00595404;0.000204738;-0.00595584;2.31163e-05;-0.00595914;1.20429e-05
562000;-0.00555461;0.00131057;-0.00623887;0.000982057;-0.00603271;0.000292532;-0.00595789;0.000204629;-0.00595558;2.30957e-05;-0.00595927;1.20321e-05
563000;-0.00554474;0.00130824;-0.00622779;0.000980313;-0.00603662;0.000292343;-0.00595665;0.000204432;-0.00595603;2.3075e-05;-0.0059596;1.20223e-05
564000;-0.00553491;0.00130592;-0.00625685;0.000981726;-0.00603285;0.000291982;-0.00595183;0.000204175;-0.00595601;2.30543e-05;-0.00595957;1.20119e-05
565000;-0.00552511;0.00130361;-0.00624578;0.000979988;-0.00602611;0.000291568;-0.00595077;0.000203983;-0.00595634;2.30337e-05;-0.00595943;1.20009e-05
566000;-0.00551535;0.0013013;-0.00623475;0.000978257;-0.00602641;0.000291324;-0.00595684;0.000203897;-0.00595667;2.30144e-05;-0.00595958;1.19905e-05
567000;-0.00550562;0.00129901;-0.00626365;0.000979656;-0.00602824;0.000291041;-0.00595436;0.000203659;-0.0059574;2.29971e-05;-0.00595977;1.19808e-05
568000;-0.00549593;0.00129672;-0.00629244;0.00098104;-0.00602428;0.000290676;-0.00595467;0.000203464;-0.0059568;2.29766e-05;-0.00596043;1.19708e-05
569000;-0.00548627;0.00129444;-0.00628138;0.000979316;-0.00601903;0.00029026;-0.00595604;0.000203308;-0.00595663;2.29557e-05;-0.00596063;1.19606e-05
570000;-0.00547665;0.00129217;-0.00627036;0.000977598;-0.00602181;0.000290058;-0.00595108;0.000203048;-0.00595644;2.29364e-05;-0.00596045;1.19501e-05
571000;-0.00546706;0.00128991;-0.00625938;0.000975887;-0.00602686;0.000289954;-0.00595707;0.000202944;-0.00595745;2.29182e-05;-0.00595998;1.19386e-05
572000;-0.0054575;0.00128765;-0.00624844;0.000974181;-0.0060276;0.000289728;-0.00595264;0.000202703;-0.00595797;2.29004e-05;-0.00596016;1.19284e-05
573000;-0.00544797;0.00128541;-0.00623754;0.000972481;-0.00602656;0.000289451;-0.00594819;0.000202441;-0.0059576;2.28801e-05;-0.00596;1.19176e-05
574000;-0.0055173;0.00129243;-0.00622667;0.000970787;-0.0060268;0.000289216;-0.00595156;0.000202307;-0.00595775;2.28601e-05;-0.00595959;1.19062e-05
575000;-0.00550771;0.00129018;-0.00621584;0.000969099;-0.00602595;0.000288929;-0.00594734;0.000202054;-0.00595825;2.28425e-05;-0.0059599;1.18973e-05
576000;-0.00549814;0.00128794;-0.00620505;0.000967417;-0.00603468;0.000288918;-0.00594901;0.000201905;-0.00595842;2.28218e-05;-0.00595988;1.18863e-05
577000;-0.00548862;0.00128571;-0.00619429;0.00096574;-0.00603977;0.000288745;-0.0059513;0.000201757;-0.00595859;2.2801e-05;-0.00595988;1.18754e-05
578000;-0.00547912;0.00128349;-0.00618358;0.00096407;-0.00603975;0.000288492;-0.00595506;0.000201654;-0.00595861;2.27804e-05;-0.00595992;1.18645e-05
579000;-0.00546966;0.00128127;-0.0061729;0.000962405;-0.00604417;0.000288321;-0.00595506;0.000201479;-0.00595867;2.27619e-05;-0.00595987;1.18541e-05
580000;-0.00553823;0.00128817;-0.00620126;0.00096378;-0.00604578;0.000288073;-0.00595266;0.000201242;-0.0059589;2.27433e-05;-0.00595994;1.18438e-05
581000;-0.00560657;0.00129497;-0.00619058;0.000962122;-0.0060392;0.000287611;-0.00595849;0.000201173;-0.0059589;2.27237e-05;-0.00595971;1.18331e-05
582000;-0.00559693;0.00129275;-0.00617995;0.000960469;-0.00604534;0.000287571;-0.0059653;0.0002011;-0.00595892;2.27025e-05;-0.00596009;1.18234e-05
583000;-0.00566493;0.00129946;-0.00616935;0.000958822;-0.00604999;0.000287393;-0.00596808;0.000200988;-0.00595803;2.26812e-05;-0.00596051;1.1814e-05
584000;-0.00565523;0.00129723;-0.00615878;0.00095718;-0.00604542;0.000287016;-0.0059683;0.000200805;-0.00595798;2.26617e-05;-0.00596113;1.18057e-05
585000;-0.00564557;0.00129502;-0.00614825;0.000955544;-0.00603782;0.000286576;-0.0059728;0.000200709;-0.00595819;2.26427e-05;-0.00596099;1.17953e-05
586000;-0.00563593;0.00129281;-0.00613776;0.000953914;-0.00604185;0.000286436;-0.00597339;0.000200542;-0.00595807;2.26236e-05;-0.0059614;1.17862e-05
587000;-0.00562633;0.0012906;-0.00612731;0.000952289;-0.00603511;0.000286033;-0.00597398;0.000200386;-0.00595699;2.26017e-05;-0.0059613;1.17759e-05
588000;-0.00561676;0.00128841;-0.00615536;0.000953653;-0.00604106;0.000285988;-0.00596949;0.000200128;-0.00595748;2.2583e-05;-0.0059614;1.17657e-05
589000;-0.00560723;0.00128622;-0.00614491;0.000952035;-0.00603597;0.000285626;-0.00596904;0.000199949;-0.00595696;2.25635e-05;-0.00596151;1.17558e-05
590000;-0.00559772;0.00128404;-0.00613449;0.000950421;-0.00604408;0.000285598;-0.00597796;0.000199931;-0.00595672;2.2544e-05;-0.00596134;1.17454e-05
591000;-0.00558825;0.00128187;-0.00612411;0.000948813;-0.00603989;0.000285247;-0.00597514;0.0001997;-0.00595796;2.25277e-05;-0.00596163;1.17361e-05
592000;-0.00557881;0.00127971;-0.00611377;0.000947211;-0.00603222;0.000284809;-0.00597232;0.000199468;-0.00595832;2.25084e-05;-0.00596136;1.17261e-05
593000;-0.0055694;0.00127755;-0.00610346;0.000945614;-0.00604054;0.000284814;-0.00596721;0.000199214;-0.0059578;2.24904e-05;-0.00596141;1.17164e-05
594000;-0.00556003;0.0012754;-0.00609318;0.000944022;-0.00604247;0.0002846;-0.00596549;0.000199017;-0.00595844;2.24739e-05;-0.00596143;1.17065e-05
595000;-0.00555068;0.00127325;-0.00608294;0.000942435;-0.00603932;0.000284287;-0.00596695;0.000198853;-0.0059578;2.24548e-05;-0.00596153;1.16967e-05
596000;-0.00561728;0.00127979;-0.00607273;0.000940854;-0.00603626;0.000283979;-0.00596359;0.000198626;-0.00595816;2.24375e-05;-0.00596193;1.16871e-05
597000;-0.00560787;0.00127765;-0.00610045;0.000942209;-0.0060381;0.000283825;-0.00595784;0.000198352;-0.00595811;2.24181e-05;-0.0059618;1.1677e-05
598000;-0.00559849;0.00127551;-0.00609025;0.000940633;-0.0060318;0.000283449;-0.00595775;0.000198175;-0.00595781;2.23987e-05;-0.00596194;1.16678e-05
599000;-0.00566467;0.00128196;-0.00608008;0.000939063;-0.00603064;0.000283166;-0.00595258;0.000197901;-0.00595854;2.23824e-05;-0.00596131;1.16576e-05
600000;-0.00565523;0.00127982;-0.00606995;0.000937498;-0.00602059;0.000282695;-0.00596587;0.000198005;-0.00595836;2.23633e-05;-0.00596157;1.16481e-05
601000;-0.0057211;0.00128618;-0.00605985;0.000935938;-0.0060196;0.000282435;-0.00596748;0.000197836;-0.00595857;2.23448e-05;-0.00596144;1.16385e-05
602000;-0.0057116;0.00128404;-0.00604979;0.000934384;-0.0060174;0.000282111;-0.00596493;0.000197642;-0.00595785;2.23238e-05;-0.00596114;1.16286e-05
603000;-0.00570213;0.00128191;-0.00607727;0.000935726;-0.00602577;0.000282042;-0.00596086;0.000197388;-0.00595775;2.23055e-05;-0.00596099;1.16194e-05
604000;-0.00569269;0.00127979;-0.0060672;0.000934177;-0.00602504;0.000281723;-0.00596234;0.000197259;-0.0059572;2.22861e-05;-0.0059612;1.161e-05
605000;-0.00568328;0.00127768;-0.00605718;0.000932633;-0.00602494;0.000281417;-0.00596186;0.000197072;-0.0059574;2.22689e-05;-0.00596117;1.16003e-05
606000;-0.0056739;0.00127557;-0.00604718;0.000931095;-0.00602621;0.000281239;-0.005956;0.000196824;-0.0059575;2.22496e-05;-0.00596141;1.1591e-05
607000;-0.00566455;0.00127347;-0.00603722;0.000929561;-0.00603234;0.00028113;-0.00595746;0.000196685;-0.00595747;2.22328e-05;-0.00596184;1.15819e-05
608000;-0.00565523;0.00127137;-0.0061017;0.000933742;-0.00602864;0.000280815;-0.0059647;0.000196659;-0.00595768;2.22155e-05;-0.00596146;1.15724e-05
609000;-0.00564595;0.00126929;-0.00609168;0.000932209;-0.00602608;0.000280538;-0.00596348;0.000196486;-0.00595744;2.21989e-05;-0.00596112;1.15626e-05
610000;-0.00563669;0.00126721;-0.00608169;0.000930681;-0.00602821;0.000280407;-0.00596188;0.000196299;-0.0059578;2.21825e-05;-0.00596135;1.1553e-05
611000;-0.00562747;0.00126513;-0.00607174;0.000929158;-0.00603398;0.000280289;-0.00596487;0.00019619;-0.00595799;2.21644e-05;-0.00596139;1.15437e-05
612000;-0.00561827;0.00126306;-0.00606182;0.00092764;-0.00603759;0.000280147;-0.00596555;0.000196053;-0.00595684;2.21439e-05;-0.00596172;1.15349e-05
613000;-0.00560911;0.001261;-0.00605193;0.000926127;-0.00605481;0.00028034;-0.00596496;0.00019588;-0.00595659;2.21245e-05;-0.00596126;1.15247e-05
614000;-0.00567365;0.0012672;-0.00604207;0.000924618;-0.00605537;0.000280136;-0.00596231;0.000195688;-0.00595688;2.21071e-05;-0.00596148;1.15157e-05
615000;-0.00566443;0.00126514;-0.00603225;0.000923115;-0.00606128;0.000280036;-0.0059678;0.000195634;-0.00595656;2.20902e-05;-0.00596131;1.15071e-05
616000;-0.00565523;0.00126309;-0.00605918;0.000924422;-0.00605492;0.000279665;-0.00597122;0.000195519;-0.00595609;2.20706e-05;-0.00596141;1.14983e-05
617000;-0.00564607;0.00126104;-0.00604936;0.000922924;-0.00605079;0.000279287;-0.00596917;0.000195322;-0.005956;2.20533e-05;-0.00596144;1.1489e-05
618000;-0.00563693;0.001259;-0.00603957;0.00092143;-0.0060738;0.000279593;-0.00597653;0.000195302;-0.00595677;2.20368e-05;-0.00596166;1.14802e-05
619000;-0.00562783;0.00125697;-0.00606636;0.000922725;-0.00607274;0.000279322;-0.00597109;0.000195036;-0.00595668;2.20181e-05;-0.00596136;1.14709e-05
620000;-0.00561875;0.00125494;-0.00605657;0.000921237;-0.00606802;0.00027897;-0.00597139;0.000194884;-0.00595681;2.20007e-05;-0.00596123;1.14609e-05
621000;-0.0056097;0.00125292;-0.00604682;0.000919753;-0.00606849;0.000278705;-0.0059731;0.000194781;-0.00595694;2.19839e-05;-0.00596092;1.14513e-05
622000;-0.00560068;0.00125091;-0.0060371;0.000918275;-0.00607153;0.000278549;-0.00597706;0.00019468;-0.00595745;2.1968e-05;-0.00596099;1.14419e-05
623000;-0.00566431;0.00125698;-0.00606372;0.000919558;-0.00607286;0.000278383;-0.00597622;0.000194519;-0.0059571;2.19489e-05;-0.005961;1.14327e-05
624000;-0.00565523;0.00125497;-0.006054;0.000918084;-0.00606868;0.000278046;-0.00597018;0.00019427;-0.0059565;2.19306e-05;-0.00596151;1.1424e-05
625000;-0.00564619;0.00125296;-0.00604431;0.000916615;-0.00606097;0.000277629;-0.00597135;0.000194151;-0.00595699;2.19146e-05;-0.0059614;1.14148e-05
626000;-0.00570944;0.00125895;-0.00607079;0.000917887;-0.00606823;0.000277593;-0.0059681;0.000193941;-0.00595812;2.18982e-05;-0.00596119;1.14052e-05
627000;-0.00570033;0.00125694;-0.00613327;0.00092186;-0.006076;0.00027751;-0.00596977;0.000193796;-0.00595849;2.18818e-05;-0.00596103;1.13964e-05
628000;-0.00569125;0.00125494;-0.00615952;0.000923095;-0.00607673;0.000277321;-0.00596419;0.000193564;-0.00595819;2.18635e-05;-0.00596097;1.13872e-05
629000;-0.00568221;0.00125295;-0.00618569;0.000924317;-0.0060818;0.00027721;-0.0059599;0.000193348;-0.00595779;2.18441e-05;-0.00596096;1.13781e-05
630000;-0.00567319;0.00125096;-0.00621178;0.000925529;-0.00608397;0.000277019;-0.00595748;0.000193143;-0.00595837;2.18282e-05;-0.00596109;1.1369e-05
631000;-0.0056642;0.00124898;-0.00620194;0.000924062;-0.00608046;0.000276717;-0.00595873;0.000193008;-0.00595833;2.1811e-05;-0.00596146;1.13603e-05
632000;-0.00565523;0.001247;-0.00626371;0.000927916;-0.00607305;0.000276314;-0.0059583;0.000192843;-0.00595812;2.17934e-05;-0.0059613;1.13508e-05
633000;-0.0056463;0.00124503;-0.00625381;0.000926451;-0.00607229;0.000276087;-0.00595439;0.000192626;-0.00595895;2.17786e-05;-0.00596125;1.13428e-05
634000;-0.00563739;0.00124307;-0.00627963;0.000927628;-0.00606524;0.000275696;-0.00595758;0.000192517;-0.00595871;2.17623e-05;-0.00596086;1.13333e-05
635000;-0.00562852;0.00124111;-0.00626974;0.000926167;-0.00607748;0.000275758;-0.0059523;0.000192271;-0.00595862;2.17445e-05;-0.00596094;1.1324e-05
636000;-0.00561967;0.00123916;-0.00629545;0.000927334;-0.00607681;0.000275509;-0.00595114;0.000192107;-0.00595842;2.17272e-05;-0.00596101;1.13157e-05
637000;-0.00568187;0.00124502;-0.00635659;0.000931093;-0.00607266;0.000275179;-0.00595182;0.000191954;-0.00595871;2.171e-05;-0.005961;1.13065e-05
638000;-0.00567296;0.00124307;-0.00638208;0.000932226;-0.00607718;0.000275033;-0.00595605;0.000191863;-0.00595895;2.16946e-05;-0.00596053;1.12976e-05
639000;-0.00566408;0.00124112;-0.00637209;0.000930767;-0.00607368;0.000274729;-0.00595509;0.000191708;-0.00595845;2.16777e-05;-0.00596036;1.12882e-05
640000;-0.00565523;0.00123918;-0.00636214;0.000929313;-0.0060739;0.000274468;-0.00594993;0.000191467;-0.00595898;2.16631e-05;-0.00596051;1.12795e-05
641000;-0.00564641;0.00123725;-0.00635221;0.000927864;-0.00608231;0.000274429;-0.00594631;0.000191262;-0.00595874;2.16445e-05;-0.00596037;1.12704e-05
642000;-0.00563762;0.00123532;-0.00637755;0.000928988;-0.00608545;0.000274295;-0.00594973;0.000191172;-0.00595833;2.16273e-05;-0.00595999;1.12616e-05
643000;-0.00562885;0.0012334;-0.00636764;0.000927543;-0.00608277;0.000274032;-0.00595508;0.000191083;-0.00595847;2.16104e-05;-0.00596001;1.12529e-05
644000;-0.00562011;0.00123148;-0.00635775;0.000926103;-0.00607945;0.000273739;-0.00595285;0.00019091;-0.00595802;2.15925e-05;-0.00595985;1.12432e-05
645000;-0.00561139;0.00122958;-0.00638296;0.000927218;-0.00607293;0.000273374;-0.00595171;0.000190749;-0.00595817;2.15759e-05;-0.00595993;1.12354e-05
646000;-0.00560271;0.00122767;-0.00637308;0.000925782;-0.00607419;0.000273217;-0.00595536;0.000190648;-0.0059581;2.15589e-05;-0.00595994;1.12271e-05
647000;-0.00559405;0.00122578;-0.00636323;0.000924352;-0.00607997;0.000273091;-0.00595287;0.000190469;-0.00595796;2.15415e-05;-0.00595983;1.12179e-05
648000;-0.00558542;0.00122388;-0.00635341;0.000922926;-0.00607398;0.000272751;-0.00595641;0.000190407;-0.00595805;2.15249e-05;-0.00595995;1.12095e-05
649000;-0.00557681;0.001222;-0.00634362;0.000921504;-0.00608174;0.000272746;-0.0059536;0.000190218;-0.00595733;2.15077e-05;-0.00596008;1.12009e-05
650000;-0.00556823;0.00122012;-0.00633386;0.000920086;-0.00607937;0.000272499;-0.0059537;0.000190074;-0.00595685;2.14883e-05;-0.00596032;1.11931e-05
651000;-0.00555968;0.00121824;-0.00635888;0.000921193;-0.00607972;0.000272249;-0.00595344;0.000189906;-0.00595599;2.1471e-05;-0.0059601;1.11846e-05
652000;-0.00555115;0.00121638;-0.00638382;0.000922289;-0.00608084;0.000272088;-0.00595072;0.000189707;-0.00595566;2.14543e-05;-0.00596047;1.11763e-05
653000;-0.00554265;0.00121451;-0.00637405;0.000920877;-0.00608348;0.000271932;-0.00595147;0.000189563;-0.0059557;2.14376e-05;-0.00596027;1.11673e-05
654000;-0.00553417;0.00121266;-0.0063643;0.000919469;-0.00609278;0.000271937;-0.00594962;0.000189406;-0.00595555;2.14203e-05;-0.00596041;1.11589e-05
655000;-0.00552572;0.0012108;-0.00635458;0.000918065;-0.00609343;0.000271731;-0.00595202;0.000189318;-0.00595535;2.1403e-05;-0.0059608;1.11512e-05
656000;-0.0055173;0.00120896;-0.0063449;0.000916666;-0.00609711;0.000271618;-0.00594804;0.000189096;-0.0059546;2.13847e-05;-0.0059607;1.1143e-05
657000;-0.0055089;0.00120712;-0.00633524;0.000915271;-0.00609743;0.000271423;-0.00594724;0.000188942;-0.00595441;2.13695e-05;-0.00596049;1.11336e-05
658000;-0.00550053;0.00120528;-0.00632561;0.00091388;-0.00610643;0.000271427;-0.00594627;0.000188789;-0.00595426;2.13523e-05;-0.0059606;1.11253e-05
659000;-0.00556084;0.00121095;-0.00631601;0.000912494;-0.00610143;0.000271085;-0.00595166;0.000188727;-0.00595371;2.13358e-05;-0.00596065;1.11166e-05
660000;-0.00555241;0.00120912;-0.00634072;0.000913583;-0.00610119;0.000270868;-0.00594909;0.000188553;-0.00595397;2.13204e-05;-0.00596041;1.11079e-05
661000;-0.00554401;0.00120729;-0.00633112;0.000912201;-0.00609858;0.000270615;-0.00595511;0.000188501;-0.00595386;2.13043e-05;-0.00596035;1.10989e-05
662000;-0.00553564;0.00120547;-0.00632156;0.000910823;-0.00609186;0.00027025;-0.00595441;0.000188361;-0.00595383;2.12882e-05;-0.00596046;1.10908e-05
663000;-0.00552729;0.00120365;-0.00631203;0.00090945;-0.0060898;0.000269989;-0.00595301;0.000188198;-0.00595367;2.12717e-05;-0.00596055;1.10826e-05
664000;-0.00551896;0.00120184;-0.00630252;0.00090808;-0.0060957;0.000269927;-0.00596025;0.000188154;-0.00595342;2.12553e-05;-0.00596075;1.10753e-05
665000;-0.00551066;0.00120003;-0.00629304;0.000906715;-0.00609172;0.000269635;-0.00595636;0.00018794;-0.00595304;2.12385e-05;-0.00596072;1.10669e-05
666000;-0.00550239;0.00119823;-0.00628359;0.000905354;-0.00609981;0.000269597;-0.00595341;0.000187751;-0.00595275;2.12222e-05;-0.00596077;1.10584e-05
667000;-0.00549414;0.00119643;-0.00627417;0.000903997;-0.00610024;0.000269338;-0.00595417;0.000187613;-0.00595285;2.12064e-05;-0.00596102;1.105e-05
668000;-0.00548592;0.00119464;-0.00626478;0.000902643;-0.00609818;0.000269114;-0.00595483;0.000187478;-0.00595259;2.11904e-05;-0.0059609;1.10415e-05
669000;-0.00554534;0.00120019;-0.00628923;0.000903726;-0.00609161;0.000268758;-0.00595428;0.000187324;-0.00595245;2.11739e-05;-0.0059612;1.1034e-05
670000;-0.00553706;0.0011984;-0.00627984;0.000902378;-0.00609578;0.000268625;-0.00596033;0.000187265;-0.00595245;2.11575e-05;-0.00596065;1.10251e-05
671000;-0.00552881;0.00119662;-0.00627048;0.000901033;-0.0060925;0.000268348;-0.00596082;0.000187142;-0.00595249;2.11422e-05;-0.00596081;1.10168e-05
672000;-0.00552059;0.00119484;-0.00632848;0.000904515;-0.00608698;0.000268038;-0.00595966;0.000186959;-0.00595268;2.1127e-05;-0.00596075;1.1009e-05
673000;-0.00557961;0.00120031;-0.00631907;0.000903171;-0.00608962;0.00026791;-0.00596098;0.000186838;-0.00595206;2.11091e-05;-0.00596062;1.10003e-05
674000;-0.00557133;0.00119853;-0.0063097;0.000901832;-0.00608979;0.000267723;-0.00595931;0.000186672;-0.00595195;2.10933e-05;-0.00596038;1.09917e-05
675000;-0.00556307;0.00119676;-0.00636737;0.000905272;-0.00608906;0.000267502;-0.00595567;0.000186488;-0.00595187;2.10768e-05;-0.00596026;1.09834e-05
676000;-0.00555485;0.00119499;-0.00635796;0.000903933;-0.00610376;0.000267641;-0.0059518;0.000186296;-0.00595175;2.10604e-05;-0.0059603;1.09752e-05
677000;-0.00561347;0.00120039;-0.00634856;0.000902598;-0.00610134;0.000267356;-0.00595384;0.0001862;-0.00595212;2.10454e-05;-0.0059604;1.09676e-05
678000;-0.00560519;0.00119862;-0.0063392;0.000901266;-0.00611447;0.000267412;-0.00595365;0.000186069;-0.00595286;2.10313e-05;-0.00596033;1.09596e-05
679000;-0.00559693;0.00119685;-0.00632986;0.000899939;-0.00611353;0.000267205;-0.00595639;0.000185992;-0.0059523;2.10143e-05;-0.00596051;1.09514e-05
680000;-0.00565523;0.00120218;-0.00632056;0.000898616;-0.00611365;0.000267013;-0.00596087;0.000185899;-0.00595185;2.09988e-05;-0.00596076;1.09437e-05
681000;-0.00564693;0.00120042;-0.00631127;0.000897297;-0.00611285;0.000266781;-0.00596598;0.00018585;-0.00595231;2.09848e-05;-0.00596099;1.09358e-05
682000;-0.00563865;0.00119866;-0.00633519;0.000898335;-0.00611354;0.000266615;-0.00596465;0.000185679;-0.00595284;2.09708e-05;-0.00596095;1.09276e-05
683000;-0.00563039;0.0011969;-0.00632591;0.00089702;-0.00611001;0.000266296;-0.00596254;0.000185504;-0.00595369;2.09573e-05;-0.00596099;1.092e-05
684000;-0.00568831;0.00120216;-0.00631666;0.000895709;-0.0061132;0.000266172;-0.00596091;0.000185341;-0.00595486;2.09433e-05;-0.0059607;1.09116e-05
685000;-0.00568;0.00120041;-0.00630744;0.000894401;-0.00612518;0.000266283;-0.00596097;0.000185207;-0.0059549;2.09281e-05;-0.00596077;1.09032e-05
686000;-0.00567172;0.00119866;-0.00629825;0.000893098;-0.00611803;0.000265918;-0.00596029;0.000185071;-0.00595429;2.09118e-05;-0.00596082;1.08953e-05
687000;-0.00566347;0.00119691;-0.00628908;0.000891798;-0.006115;0.000265656;-0.00596035;0.000184939;-0.00595443;2.08962e-05;-0.00596065;1.08877e-05
688000;-0.00565523;0.00119517;-0.00631282;0.000892829;-0.00611236;0.000265411;-0.00596914;0.000184943;-0.00595475;2.08801e-05;-0.00596082;1.08799e-05
689000;-0.00564703;0.00119344;-0.00630366;0.000891534;-0.00611357;0.000265226;-0.00596647;0.000184756;-0.00595461;2.08653e-05;-0.00596071;1.08717e-05
690000;-0.00563884;0.00119171;-0.00629452;0.000890242;-0.00611406;0.000265055;-0.00596343;0.000184574;-0.0059544;2.08503e-05;-0.00596099;1.08648e-05
691000;-0.00563068;0.00118998;-0.00631815;0.000891265;-0.00611828;0.000264981;-0.005967;0.000184473;-0.00595476;2.08357e-05;-0.00596074;1.08562e-05
692000;-0.00562254;0.00118826;-0.00630902;0.000889977;-0.00611794;0.000264778;-0.00596595;0.000184321;-0.00595535;2.08209e-05;-0.00596057;1.0848e-05
693000;-0.00567972;0.00119343;-0.00629991;0.000888693;-0.00611647;0.000264534;-0.00596653;0.00018421;-0.00595577;2.08058e-05;-0.00596037;1.08396e-05
694000;-0.00567153;0.00119171;-0.00629084;0.000887413;-0.00612206;0.00026446;-0.00596881;0.000184091;-0.00595559;2.07899e-05;-0.00596004;1.08317e-05
695000;-0.00566337;0.00118999;-0.00628178;0.000886136;-0.00611689;0.000264134;-0.00596302;0.000183868;-0.00595525;2.07739e-05;-0.00595981;1.08235e-05
696000;-0.00565523;0.00118828;-0.00627276;0.000884863;-0.00613038;0.000264211;-0.00596347;0.000183729;-0.00595593;2.07597e-05;-0.00595963;1.08156e-05
697000;-0.00564712;0.00118658;-0.00626376;0.000883594;-0.00612604;0.000263904;-0.00596532;0.000183619;-0.00595619;2.07447e-05;-0.00595954;1.08084e-05
698000;-0.00563903;0.00118488;-0.00625479;0.000882328;-0.00612159;0.000263597;-0.00596072;0.000183412;-0.00595532;2.07286e-05;-0.00595972;1.08005e-05
699000;-0.00563096;0.00118318;-0.00624584;0.000881066;-0.00612287;0.000263465;-0.00596226;0.0001833;-0.00595503;2.07136e-05;-0.00595961;1.07923e-05
700000;-0.00562292;0.00118149;-0.00623692;0.000879808;-0.00612614;0.000263363;-0.00596106;0.000183153;-0.00595496;2.0698e-05;-0.00595955;1.0784e-05
701000;-0.0056149;0.00117981;-0.00622802;0.000878553;-0.0061221;0.000263074;-0.00595805;0.000182978;-0.00595488;2.06823e-05;-0.00595964;1.07769e-05
702000;-0.0056069;0.00117813;-0.00621915;0.000877301;-0.00611338;0.000262699;-0.00596512;0.000182955;-0.00595437;2.06666e-05;-0.00595958;1.07685e-05
703000;-0.00559892;0.00117645;-0.00624248;0.00087832;-0.00610468;0.000262326;-0.00596635;0.000182842;-0.00595456;2.06517e-05;-0.00595944;1.0761e-05
704000;-0.00559097;0.00117478;-0.00626574;0.000879329;-0.00610154;0.000262072;-0.00596564;0.00018271;-0.00595462;2.06387e-05;-0.00595944;1.07537e-05
705000;-0.00558304;0.00117312;-0.00628894;0.00088033;-0.00610184;0.000261898;-0.00596006;0.000182496;-0.00595449;2.06258e-05;-0.00595946;1.07455e-05
706000;-0.00557513;0.00117145;-0.00628003;0.000879083;-0.00610771;0.000261841;-0.00595629;0.000182315;-0.00595563;2.06129e-05;-0.00595949;1.07381e-05
707000;-0.00556725;0.0011698;-0.00633514;0.000882306;-0.0061096;0.000261691;-0.00595531;0.000182161;-0.00595586;2.06007e-05;-0.00595963;1.07305e-05
708000;-0.00555938;0.00116814;-0.00632619;0.00088106;-0.00610763;0.000261438;-0.00595837;0.000182074;-0.00595564;2.05864e-05;-0.00595955;1.07234e-05
709000;-0.00555154;0.0011665;-0.00631727;0.000879818;-0.00610505;0.000261203;-0.00596243;0.000182005;-0.00595547;2.05715e-05;-0.00595943;1.07155e-05
710000;-0.00554372;0.00116485;-0.00630837;0.000878579;-0.00610178;0.000260941;-0.00596085;0.000181833;-0.00595514;2.05558e-05;-0.00595918;1.07077e-05
711000;-0.00553593;0.00116322;-0.0062995;0.000877343;-0.00609868;0.000260687;-0.00596032;0.000181688;-0.00595495;2.05411e-05;-0.00595911;1.07005e-05
712000;-0.00552815;0.00116158;-0.00632242;0.00087832;-0.00611067;0.000260771;-0.00596657;0.000181666;-0.00595456;2.05255e-05;-0.00595887;1.0693e-05
713000;-0.0055204;0.00115995;-0.00631356;0.000877088;-0.00610362;0.000260423;-0.00596551;0.000181531;-0.00595466;2.05109e-05;-0.00595839;1.06852e-05
714000;-0.00551266;0.00115833;-0.0063364;0.000878057;-0.00611005;0.000260392;-0.00596688;0.000181425;-0.00595445;2.04964e-05;-0.00595856;1.06779e-05
715000;-0.00556823;0.00116334;-0.00632753;0.000876829;-0.00610825;0.00026017;-0.0059675;0.000181296;-0.00595447;2.04824e-05;-0.0059587;1.06708e-05
716000;-0.00556045;0.00116171;-0.0063187;0.000875605;-0.00611081;0.000260038;-0.00596666;0.000181146;-0.0059545;2.04674e-05;-0.00595863;1.06636e-05
717000;-0.0055527;0.00116009;-0.00634143;0.000876567;-0.00610583;0.000259767;-0.00596743;0.000181031;-0.00595394;2.04524e-05;-0.00595842;1.0656e-05
718000;-0.00554496;0.00115848;-0.0063326;0.000875346;-0.00610443;0.000259533;-0.00596483;0.000180858;-0.00595409;2.04396e-05;-0.00595844;1.06487e-05
719000;-0.00553725;0.00115687;-0.00635526;0.0008763;-0.00610482;0.000259366;-0.00596231;0.000180696;-0.00595385;2.04256e-05;-0.00595854;1.06416e-05
720000;-0.00552956;0.00115526;-0.00640927;0.000879403;-0.00610391;0.000259151;-0.0059621;0.000180563;-0.00595378;2.04122e-05;-0.00595859;1.06343e-05
721000;-0.00552189;0.00115366;-0.00643175;0.000880333;-0.00610019;0.000258877;-0.00595988;0.0001804;-0.00595352;2.03969e-05;-0.00595881;1.06273e-05
722000;-0.00551424;0.00115206;-0.00645417;0.000881255;-0.00609828;0.000258628;-0.00596217;0.000180296;-0.0059535;2.03822e-05;-0.00595882;1.06203e-05
723000;-0.00550662;0.00115047;-0.00647653;0.000882169;-0.00609288;0.000258339;-0.00596104;0.000180156;-0.00595349;2.03688e-05;-0.00595893;1.06132e-05
724000;-0.0055615;0.00115538;-0.00646759;0.00088095;-0.00609052;0.000258119;-0.00596326;0.000180062;-0.0059534;2.03551e-05;-0.00595906;1.06063e-05
725000;-0.00555383;0.00115379;-0.00648987;0.000881857;-0.00608763;0.000257877;-0.00596229;0.000179931;-0.00595299;2.03395e-05;-0.00595909;1.0599e-05
726000;-0.0056085;0.00115866;-0.00648093;0.000880643;-0.00609038;0.000257757;-0.00595722;0.000179737;-0.00595349;2.03268e-05;-0.00595917;1.05918e-05
727000;-0.00560078;0.00115706;-0.00650313;0.000881542;-0.0060929;0.000257636;-0.00595424;0.000179572;-0.00595364;2.0313e-05;-0.00595932;1.05845e-05
728000;-0.00559309;0.00115547;-0.0064942;0.000880332;-0.00610084;0.000257625;-0.00595055;0.000179399;-0.00595353;2.02985e-05;-0.00595895;1.05765e-05
729000;-0.00558542;0.00115389;-0.00648529;0.000879124;-0.00609636;0.000257334;-0.00595676;0.000179378;-0.00595447;2.02873e-05;-0.00595898;1.05695e-05
730000;-0.00557776;0.00115231;-0.0064764;0.00087792;-0.00609311;0.000257087;-0.0059579;0.000179264;-0.00595443;2.02745e-05;-0.00595907;1.05622e-05
731000;-0.00557013;0.00115073;-0.00646755;0.000876719;-0.00609391;0.000256895;-0.00595122;0.000179043;-0.00595498;2.02618e-05;-0.00595931;1.05563e-05
732000;-0.00556253;0.00114916;-0.00648961;0.000877613;-0.00609891;0.000256826;-0.00594755;0.000178853;-0.00595474;2.02478e-05;-0.00595923;1.05486e-05
733000;-0.00555494;0.00114759;-0.00648076;0.000876416;-0.00609478;0.000256543;-0.00594227;0.000178653;-0.00595484;2.02334e-05;-0.00595973;1.05422e-05
734000;-0.00554737;0.00114603;-0.00647193;0.000875222;-0.00608794;0.00025621;-0.00594496;0.000178589;-0.00595466;2.02196e-05;-0.00595942;1.05344e-05
735000;-0.00553982;0.00114447;-0.0064939;0.00087611;-0.00607966;0.000255862;-0.00594579;0.000178469;-0.00595491;2.02056e-05;-0.00595933;1.05273e-05
736000;-0.00553229;0.00114291;-0.00648508;0.000874919;-0.00608117;0.000255753;-0.00594159;0.000178268;-0.00595491;2.01919e-05;-0.00595927;1.05203e-05
737000;-0.00552479;0.00114136;-0.00647628;0.000873732;-0.00609115;0.000255829;-0.00594313;0.00017816;-0.00595504;2.01783e-05;-0.0059594;1.0514e-05
738000;-0.0055173;0.00113982;-0.0064675;0.000872549;-0.00609753;0.000255812;-0.00593807;0.000177952;-0.00595557;2.01657e-05;-0.00595937;1.05067e-05
739000;-0.00550984;0.00113828;-0.00645875;0.000871368;-0.00609622;0.00025559;-0.00593385;0.000177764;-0.00595533;2.01523e-05;-0.00595923;1.04997e-05
740000;-0.00550239;0.00113674;-0.00645002;0.000870191;-0.00609408;0.000255385;-0.00592948;0.000177576;-0.00595484;2.01382e-05;-0.00595953;1.04927e-05
741000;-0.00549496;0.0011352;-0.00647185;0.000871073;-0.00609355;0.000255198;-0.0059274;0.000177432;-0.00595505;2.01249e-05;-0.00595956;1.04859e-05
742000;-0.00548756;0.00113367;-0.0065241;0.000873992;-0.006091;0.000254975;-0.00593059;0.00017735;-0.00595509;2.01114e-05;-0.00595967;1.04794e-05
743000;-0.00548017;0.00113215;-0.00651532;0.000872815;-0.00609452;0.00025489;-0.00593168;0.000177234;-0.0059551;2.00977e-05;-0.00595937;1.04721e-05
744000;-0.00547281;0.00113063;-0.00650656;0.000871643;-0.00610351;0.000254887;-0.0059358;0.000177173;-0.00595597;2.00865e-05;-0.0059596;1.04654e-05
745000;-0.00546546;0.00112911;-0.00649783;0.000870473;-0.00609531;0.000254545;-0.00593534;0.000177058;-0.00595589;2.00723e-05;-0.00595936;1.04585e-05
746000;-0.00551878;0.00113384;-0.00648912;0.000869306;-0.0060921;0.000254301;-0.00593114;0.00017686;-0.00595587;2.00585e-05;-0.005959;1.04512e-05
747000;-0.00551139;0.00113232;-0.00648043;0.000868142;-0.00608921;0.000254074;-0.00593321;0.00017678;-0.00595606;2.00457e-05;-0.00595866;1.0444e-05
748000;-0.00550402;0.00113081;-0.00647176;0.000866982;-0.00609904;0.000254145;-0.00593672;0.000176728;-0.00595565;2.00323e-05;-0.00595879;1.04372e-05
749000;-0.00555708;0.00113549;-0.00646312;0.000865825;-0.00609893;0.00025397;-0.00593303;0.000176547;-0.00595512;2.00171e-05;-0.00595905;1.04303e-05
750000;-0.00554967;0.00113397;-0.00645451;0.00086467;-0.00609618;0.000253741;-0.00593128;0.000176397;-0.00595536;2.00045e-05;-0.00595922;1.04234e-05
751000;-0.00554228;0.00113246;-0.00647603;0.000865534;-0.00609247;0.000253478;-0.00592895;0.000176237;-0.00595578;1.9992e-05;-0.00595921;1.04167e-05
752000;-0.00553491;0.00113096;-0.00646742;0.000864383;-0.00609461;0.00025335;-0.00592838;0.000176121;-0.00595547;1.99782e-05;-0.00595923;1.04097e-05
753000;-0.00552756;0.00112946;-0.00645883;0.000863235;-0.0060895;0.000253082;-0.00592631;0.000175961;-0.005955;1.99638e-05;-0.00595921;1.04029e-05
754000;-0.00552023;0.00112796;-0.00648027;0.000864092;-0.0060872;0.000252853;-0.00592155;0.000175781;-0.00595466;1.995e-05;-0.00595926;1.0396e-05
755000;-0.00557284;0.00113257;-0.00647168;0.000862948;-0.00608168;0.000252568;-0.00591955;0.000175628;-0.00595428;1.99357e-05;-0.00595944;1.03891e-05
756000;-0.00556547;0.00113107;-0.00646312;0.000861807;-0.00608307;0.000252435;-0.00592085;0.000175548;-0.00595449;1.99238e-05;-0.00595957;1.03819e-05
757000;-0.00561788;0.00113563;-0.00645459;0.000860669;-0.00608317;0.000252274;-0.00591936;0.000175412;-0.00595448;1.99106e-05;-0.00595942;1.03748e-05
758000;-0.00561047;0.00113413;-0.00644607;0.000859533;-0.00607991;0.000252042;-0.00592223;0.000175359;-0.00595418;1.9897e-05;-0.00595931;1.03679e-05
759000;-0.00560308;0.00113264;-0.00643758;0.000858401;-0.00607841;0.000251819;-0.00592826;0.000175343;-0.00595449;1.98847e-05;-0.00595923;1.0361e-05
760000;-0.00559571;0.00113115;-0.00642911;0.000857272;-0.00607687;0.000251602;-0.00592811;0.000175208;-0.0059546;1.98721e-05;-0.00595957;1.03547e-05
761000;-0.0056478;0.00113566;-0.00648011;0.000860099;-0.00607311;0.000251341;-0.005932;0.000175149;-0.00595413;1.98576e-05;-0.0059597;1.03479e-05
762000;-0.00564039;0.00113417;-0.00647161;0.00085897;-0.00607456;0.000251236;-0.00592833;0.000174982;-0.00595394;1.98434e-05;-0.00595977;1.03413e-05
763000;-0.005633;0.00113268;-0.00646312;0.000857845;-0.00607615;0.000251087;-0.00593283;0.000174925;-0.00595445;1.98313e-05;-0.00595957;1.03342e-05
764000;-0.00562563;0.0011312;-0.00645466;0.000856722;-0.00607275;0.000250838;-0.00593452;0.000174844;-0.00595451;1.98189e-05;-0.00595923;1.03273e-05
765000;-0.00561827;0.00112972;-0.00644623;0.000855602;-0.00607553;0.000250731;-0.0059342;0.000174738;-0.00595417;1.98052e-05;-0.00595941;1.03207e-05
766000;-0.00561094;0.00112824;-0.00643781;0.000854485;-0.00607693;0.000250581;-0.00593363;0.00017461;-0.00595462;1.97928e-05;-0.00595941;1.03141e-05
767000;-0.00560362;0.00112677;-0.00642942;0.000853371;-0.00608349;0.000250579;-0.0059321;0.000174489;-0.00595488;1.97815e-05;-0.00595959;1.03075e-05
768000;-0.00565523;0.00113121;-0.00642105;0.00085226;-0.00608492;0.000250424;-0.00593082;0.000174354;-0.00595521;1.97696e-05;-0.00595935;1.03004e-05
769000;-0.00564788;0.00112974;-0.0064127;0.000851152;-0.00609013;0.000250367;-0.00593063;0.000174252;-0.00595501;1.97563e-05;-0.00595939;1.02932e-05
770000;-0.00564054;0.00112827;-0.00640437;0.000850047;-0.0060928;0.000250258;-0.00593108;0.000174135;-0.00595515;1.97434e-05;-0.00595943;1.02867e-05
771000;-0.00563323;0.00112681;-0.00639606;0.000848945;-0.00608975;0.000250024;-0.00593319;0.000174061;-0.00595563;1.97314e-05;-0.00595947;1.02799e-05
772000;-0.00562593;0.00112535;-0.00638778;0.000847845;-0.00609172;0.000249897;-0.00593257;0.000173946;-0.00595573;1.97182e-05;-0.00595946;1.02729e-05
773000;-0.00561865;0.0011239;-0.00640878;0.000848688;-0.00608622;0.000249618;-0.00593271;0.000173835;-0.00595538;1.97042e-05;-0.00595913;1.02656e-05
774000;-0.00561139;0.00112244;-0.0064005;0.000847591;-0.00608924;0.000249532;-0.00592976;0.000173663;-0.00595515;1.96913e-05;-0.00595909;1.02586e-05
775000;-0.00560415;0.001121;-0.00639224;0.000846498;-0.00608919;0.00024937;-0.00593034;0.000173565;-0.00595541;1.96789e-05;-0.00595898;1.02517e-05
776000;-0.00559693;0.00111955;-0.006384;0.000845407;-0.00608899;0.000249192;-0.00592954;0.000173447;-0.00595561;1.96663e-05;-0.00595905;1.02458e-05
777000;-0.00558973;0.00111811;-0.00637578;0.000844319;-0.00608748;0.000249026;-0.00592723;0.000173305;-0.00595573;1.96539e-05;-0.00595933;1.02394e-05
778000;-0.00558254;0.00111667;-0.00639667;0.000845157;-0.00608626;0.000248829;-0.0059307;0.00017323;-0.00595599;1.96418e-05;-0.00595975;1.02334e-05
779000;-0.00563346;0.00112103;-0.00638845;0.000844072;-0.00608169;0.000248551;-0.00593038;0.000173111;-0.00595586;1.96288e-05;-0.00595982;1.02271e-05
780000;-0.00562623;0.0011196;-0.00638026;0.00084299;-0.00608106;0.000248368;-0.00593486;0.000173091;-0.00595608;1.96167e-05;-0.00595981;1.02202e-05
781000;-0.00567696;0.00112391;-0.00637209;0.000841911;-0.00608211;0.000248252;-0.00593619;0.000173006;-0.00595623;1.96045e-05;-0.00595972;1.02133e-05
782000;-0.0056697;0.00112247;-0.00639287;0.000842743;-0.00608196;0.00024809;-0.00594275;0.000172995;-0.00595612;1.95918e-05;-0.00595971;1.02067e-05
783000;-0.00566246;0.00112104;-0.00638471;0.000841666;-0.0060759;0.000247796;-0.00594883;0.000172987;-0.00595593;1.95789e-05;-0.00595968;1.02004e-05
784000;-0.00565523;0.00111961;-0.00637656;0.000840593;-0.00608309;0.000247791;-0.00594928;0.000172888;-0.00595604;1.9566e-05;-0.00595958;1.01938e-05
785000;-0.00570566;0.00112387;-0.00636844;0.000839522;-0.00608111;0.000247604;-0.0059493;0.000172777;-0.0059557;1.95525e-05;-0.00595965;1.01876e-05
786000;-0.0056984;0.00112244;-0.00636034;0.000838454;-0.00607667;0.000247346;-0.00595027;0.000172665;-0.005956;1.95396e-05;-0.00595972;1.01811e-05
787000;-0.00569116;0.00112102;-0.00635226;0.000837389;-0.00608048;0.000247264;-0.00595546;0.000172624;-0.00595508;1.95259e-05;-0.00595968;1.01744e-05
788000;-0.00568394;0.0011196;-0.0063442;0.000836327;-0.00609088;0.00024733;-0.00595659;0.000172546;-0.00595572;1.95157e-05;-0.0059598;1.01678e-05
789000;-0.00567674;0.00111818;-0.00633616;0.000835267;-0.00609209;0.000247223;-0.00595512;0.000172412;-0.00595502;1.95018e-05;-0.00595963;1.01612e-05
790000;-0.00566955;0.00111676;-0.00632814;0.00083421;-0.00609931;0.000247183;-0.00595341;0.000172288;-0.00595453;1.94882e-05;-0.0059599;1.01552e-05
791000;-0.00566238;0.00111535;-0.00634873;0.000835037;-0.00609337;0.000246895;-0.0059521;0.000172161;-0.0059542;1.94748e-05;-0.00595986;1.01489e-05
792000;-0.00565523;0.00111394;-0.00634072;0.000833983;-0.00609465;0.000246792;-0.0059476;0.000171979;-0.00595339;1.94609e-05;-0.00595977;1.01418e-05
793000;-0.0056481;0.00111254;-0.00633272;0.000832932;-0.00609106;0.000246526;-0.00594416;0.000171825;-0.00595348;1.94491e-05;-0.00595992;1.01361e-05
794000;-0.00575495;0.0011223;-0.00632475;0.000831883;-0.0060911;0.000246373;-0.00594315;0.000171705;-0.00595403;1.94363e-05;-0.00596008;1.013e-05
795000;-0.00574771;0.00112089;-0.00634524;0.000832705;-0.00609163;0.000246239;-0.00594359;0.000171607;-0.0059541;1.94241e-05;-0.00596017;1.01241e-05
796000;-0.00574049;0.00111948;-0.00633727;0.000831659;-0.00608695;0.000245999;-0.00594256;0.000171492;-0.00595454;1.94123e-05;-0.00596026;1.01178e-05
797000;-0.00573329;0.00111808;-0.00632932;0.000830616;-0.00608835;0.000245903;-0.00594402;0.00017141;-0.00595389;1.93995e-05;-0.00596042;1.01119e-05
798000;-0.0057261;0.00111668;-0.00632139;0.000829575;-0.00608527;0.000245676;-0.00594164;0.000171269;-0.00595372;1.93868e-05;-0.00596047;1.01053e-05
799000;-0.00571893;0.00111528;-0.00634179;0.000830392;-0.0060863;0.000245564;-0.00593578;0.000171083;-0.00595332;1.9374e-05;-0.00596047;1.0099e-05
800000;-0.00571179;0.00111388;-0.00636214;0.000831203;-0.00608088;0.000245294;-0.0059411;0.000171058;-0.00595306;1.93609e-05;-0.00596041;1.00925e-05
801000;-0.00570466;0.00111249;-0.0063542;0.000830165;-0.00607329;0.000244988;-0.00593957;0.000170927;-0.00595357;1.93494e-05;-0.00596084;1.00865e-05
802000;-0.00569754;0.00111111;-0.00634627;0.00082913;-0.00606703;0.000244697;-0.00594277;0.00017088;-0.00595367;1.93371e-05;-0.005961;1.00803e-05
803000;-0.00569045;0.00110972;-0.00633837;0.000828098;-0.00606852;0.000244562;-0.00594741;0.000170852;-0.00595355;1.93254e-05;-0.0059608;1.00737e-05
804000;-0.00568337;0.00110834;-0.00633049;0.000827068;-0.00606367;0.000244316;-0.00595101;0.000170801;-0.00595294;1.93127e-05;-0.00596081;1.00671e-05
805000;-0.00573251;0.00111243;-0.00632262;0.000826041;-0.00606399;0.000244175;-0.00594433;0.000170595;-0.00595345;1.93008e-05;-0.00596076;1.00611e-05
806000;-0.0057254;0.00111105;-0.00631478;0.000825016;-0.00605908;0.000243899;-0.0059411;0.000170435;-0.00595369;1.92896e-05;-0.00596097;1.00553e-05
807000;-0.0057183;0.00110968;-0.00633498;0.000825823;-0.00605452;0.000243666;-0.00593374;0.000170224;-0.00595432;1.92782e-05;-0.00596112;1.00495e-05
808000;-0.00582321;0.00111911;-0.00632714;0.000824801;-0.00606162;0.000243653;-0.00593826;0.00017018;-0.00595436;1.92665e-05;-0.00596101;1.00429e-05
809000;-0.00587194;0.00112309;-0.00631932;0.000823781;-0.00605893;0.000243445;-0.0059375;0.000170059;-0.00595459;1.92549e-05;-0.00596106;1.00366e-05
810000;-0.00586469;0.0011217;-0.00631152;0.000822764;-0.00605854;0.000243277;-0.00593603;0.000169933;-0.0059546;1.92432e-05;-0.00596121;1.00303e-05
811000;-0.00585746;0.00112032;-0.00633163;0.000823566;-0.00606342;0.000243188;-0.00593523;0.000169824;-0.00595454;1.92309e-05;-0.00596155;1.00247e-05
812000;-0.00585024;0.00111894;-0.00632383;0.000822551;-0.00607813;0.000243377;-0.00594229;0.000169818;-0.00595457;1.92183e-05;-0.00596142;1.00188e-05
813000;-0.00584305;0.00111757;-0.00631605;0.00082154;-0.0060796;0.000243261;-0.0059389;0.00016967;-0.00595531;1.92084e-05;-0.00596125;1.00128e-05
814000;-0.00583587;0.00111619;-0.00636387;0.000824136;-0.00607971;0.000243114;-0.00593652;0.000169531;-0.00595516;1.91964e-05;-0.00596124;1.00066e-05
815000;-0.00582871;0.00111482;-0.00635607;0.000823125;-0.00607926;0.000242955;-0.00593458;0.000169393;-0.00595536;1.91854e-05;-0.00596137;1.00004e-05
816000;-0.00582156;0.00111346;-0.00634828;0.000822117;-0.00607424;0.000242704;-0.00593006;0.000169229;-0.00595596;1.91748e-05;-0.00596145;9.99398e-06
817000;-0.00581444;0.00111209;-0.00634051;0.000821111;-0.00607737;0.000242631;-0.00592985;0.000169117;-0.00595641;1.91646e-05;-0.00596151;9.98823e-06
818000;-0.00580733;0.00111073;-0.00633276;0.000820107;-0.00607791;0.000242484;-0.00592703;0.000168959;-0.00595651;1.91522e-05;-0.00596179;9.98219e-06
819000;-0.00580024;0.00110938;-0.00632502;0.000819106;-0.00607356;0.000242233;-0.00592274;0.000168787;-0.00595637;1.91398e-05;-0.00596183;9.97613e-06
820000;-0.00579317;0.00110803;-0.00631731;0.000818107;-0.0060736;0.000242056;-0.00592494;0.000168713;-0.00595672;1.91284e-05;-0.0059618;9.96977e-06
821000;-0.00584122;0.00111193;-0.00630962;0.000817111;-0.00606913;0.000241829;-0.0059232;0.000168593;-0.00595675;1.91165e-05;-0.00596175;9.96348e-06
822000;-0.00583411;0.00111058;-0.00641202;0.000823212;-0.00608065;0.000241912;-0.00592808;0.000168546;-0.00595646;1.91043e-05;-0.00596153;9.95698e-06
823000;-0.00582702;0.00110923;-0.00640423;0.000822211;-0.00607728;0.000241687;-0.00592883;0.000168448;-0.00595662;1.90936e-05;-0.00596174;9.95133e-06
824000;-0.00581995;0.00110788;-0.00642391;0.000822974;-0.00606991;0.000241394;-0.00592965;0.000168352;-0.005956;1.90809e-05;-0.00596191;9.94563e-06
825000;-0.00586773;0.00111175;-0.00641612;0.000821976;-0.0060705;0.000241245;-0.00592672;0.000168201;-0.00595565;1.90686e-05;-0.00596183;9.93915e-06
826000;-0.00586063;0.0011104;-0.00640835;0.000820981;-0.00606575;0.000241007;-0.00592721;0.000168112;-0.00595606;1.90581e-05;-0.00596177;9.93294e-06
827000;-0.00585354;0.00110906;-0.00642796;0.000821738;-0.00606538;0.000240846;-0.00592834;0.000168028;-0.00595622;1.90468e-05;-0.00596181;9.92692e-06
828000;-0.00584647;0.00110772;-0.00642019;0.000820746;-0.00606442;0.000240666;-0.005927;0.000167909;-0.00595598;1.90348e-05;-0.00596181;9.92121e-06
829000;-0.00583942;0.00110638;-0.00641245;0.000819756;-0.00606489;0.000240537;-0.00592644;0.000167784;-0.00595595;1.90234e-05;-0.00596208;9.91563e-06
830000;-0.00588689;0.0011102;-0.00643198;0.000820508;-0.00606882;0.000240452;-0.00592814;0.000167712;-0.00595626;1.90129e-05;-0.00596212;9.90976e-06
831000;-0.00587981;0.00110887;-0.00645146;0.000821255;-0.00606993;0.000240351;-0.00592857;0.000167604;-0.00595655;1.9002e-05;-0.00596201;9.90367e-06
832000;-0.00587274;0.00110753;-0.0064437;0.000820268;-0.00606263;0.000240062;-0.0059243;0.00016745;-0.0059558;1.89895e-05;-0.00596221;9.89844e-06
833000;-0.00586569;0.0011062;-0.00643597;0.000819284;-0.00607169;0.000240133;-0.00592276;0.000167338;-0.00595572;1.89777e-05;-0.00596222;9.8921e-06
834000;-0.00591291;0.00110998;-0.00642825;0.000818301;-0.00607115;0.000239971;-0.00592054;0.000167207;-0.00595587;1.89673e-05;-0.00596202;9.88605e-06
835000;-0.00590583;0.00110865;-0.00642055;0.000817322;-0.00606388;0.000239684;-0.00592577;0.000167172;-0.00595597;1.89569e-05;-0.00596214;9.88015e-06
836000;-0.00589876;0.00110733;-0.00641287;0.000816344;-0.00606249;0.000239536;-0.00592867;0.00016711;-0.00595588;1.89454e-05;-0.00596213;9.87407e-06
837000;-0.00589171;0.001106;-0.00640521;0.000815369;-0.00606844;0.00023953;-0.00593062;0.000167045;-0.00595526;1.89337e-05;-0.00596204;9.86801e-06
838000;-0.00588468;0.00110468;-0.00639757;0.000814396;-0.0060761;0.000239534;-0.00593449;0.000167007;-0.00595498;1.89218e-05;-0.0059618;9.86194e-06
839000;-0.00587767;0.00110337;-0.00638994;0.000813425;-0.00606966;0.000239254;-0.00593606;0.000166919;-0.00595471;1.89099e-05;-0.00596195;9.85649e-06
840000;-0.00592453;0.0011071;-0.00638234;0.000812457;-0.00607111;0.000239138;-0.00593276;0.000166775;-0.00595398;1.88975e-05;-0.00596205;9.85056e-06
841000;-0.00597128;0.00111079;-0.00640164;0.000813201;-0.00607407;0.000239037;-0.00593045;0.000166643;-0.00595434;1.8887e-05;-0.00596178;9.84444e-06
842000;-0.00596419;0.00110948;-0.00642091;0.000813939;-0.00607309;0.000238858;-0.00592842;0.00016652;-0.00595441;1.88754e-05;-0.00596166;9.83837e-06
843000;-0.00595711;0.00110816;-0.00641329;0.000812974;-0.00607267;0.000238705;-0.00592738;0.000166396;-0.00595432;1.88642e-05;-0.00596162;9.83273e-06
844000;-0.00595006;0.00110685;-0.00640569;0.000812011;-0.00607754;0.00023866;-0.00592691;0.000166301;-0.00595475;1.88531e-05;-0.0059615;9.82654e-06
845000;-0.00594301;0.00110554;-0.00639811;0.00081105;-0.00607714;0.000238508;-0.0059258;0.000166168;-0.00595488;1.88416e-05;-0.00596147;9.82073e-06
846000;-0.00598947;0.00110919;-0.00639055;0.000810092;-0.00607578;0.00023832;-0.00592548;0.000166076;-0.00595479;1.88299e-05;-0.00596163;9.81541e-06
847000;-0.0059824;0.00110788;-0.006383;0.000809135;-0.00607897;0.000238229;-0.00592724;0.000166009;-0.00595447;1.88184e-05;-0.0059617;9.80932e-06
848000;-0.00597534;0.00110658;-0.00637548;0.000808181;-0.00608452;0.000238197;-0.00592953;0.00016594;-0.00595426;1.88073e-05;-0.00596155;9.80334e-06
849000;-0.0059683;0.00110527;-0.00636797;0.000807229;-0.00608384;0.000238035;-0.0059308;0.000165856;-0.00595429;1.87963e-05;-0.00596186;9.79781e-06
850000;-0.00596128;0.00110397;-0.00636047;0.00080628;-0.00607958;0.000237823;-0.00592804;0.000165717;-0.00595435;1.8785e-05;-0.00596203;9.79207e-06
851000;-0.00600744;0.00110759;-0.006353;0.000805333;-0.00607785;0.000237662;-0.00592643;0.000165591;-0.00595424;1.87732e-05;-0.00596191;9.78643e-06
852000;-0.00600039;0.00110629;-0.00637209;0.000806068;-0.00607617;0.000237503;-0.0059283;0.000165522;-0.00595417;1.87624e-05;-0.00596207;9.78115e-06
853000;-0.00599335;0.00110499;-0.00636462;0.000805123;-0.00607605;0.000237333;-0.00592566;0.000165386;-0.00595457;1.87518e-05;-0.00596207;9.7754e-06
854000;-0.00598634;0.0011037;-0.00638366;0.000805854;-0.00608193;0.00023733;-0.00592288;0.000165245;-0.0059544;1.87406e-05;-0.00596217;9.76983e-06
855000;-0.00597933;0.00110241;-0.00637619;0.000804911;-0.00607749;0.00023711;-0.00592642;0.000165185;-0.00595434;1.87285e-05;-0.0059621;9.76409e-06
856000;-0.0060252;0.00110598;-0.00636874;0.000803971;-0.00607552;0.00023694;-0.00592774;0.000165109;-0.00595422;1.87182e-05;-0.00596216;9.75805e-06
857000;-0.00601817;0.00110469;-0.00636131;0.000803033;-0.00607363;0.000236773;-0.00592575;0.000164976;-0.00595386;1.87064e-05;-0.00596203;9.75182e-06
858000;-0.00606389;0.00110823;-0.00638026;0.000803759;-0.00606656;0.000236497;-0.00592398;0.000164849;-0.00595408;1.86958e-05;-0.00596208;9.74634e-06
859000;-0.00605683;0.00110694;-0.00637284;0.000802824;-0.00606236;0.000236289;-0.00592146;0.000164719;-0.00595404;1.86851e-05;-0.00596193;9.74071e-06
860000;-0.00604979;0.00110565;-0.00636543;0.00080189;-0.00606328;0.000236189;-0.00592003;0.0001646;-0.00595416;1.86738e-05;-0.00596194;9.73469e-06
861000;-0.00604276;0.00110437;-0.00635803;0.000800959;-0.00605624;0.000235915;-0.00592089;0.000164517;-0.00595453;1.86632e-05;-0.00596174;9.72908e-06
862000;-0.00603575;0.00110309;-0.00635066;0.00080003;-0.00605565;0.000235754;-0.00592098;0.000164425;-0.00595472;1.86524e-05;-0.00596183;9.72367e-06
863000;-0.00602875;0.00110181;-0.0063433;0.000799103;-0.00605676;0.000235661;-0.00591911;0.000164307;-0.00595475;1.86413e-05;-0.00596174;9.71791e-06
864000;-0.00602178;0.00110053;-0.00633596;0.000798178;-0.00605584;0.00023549;-0.00591392;0.000164137;-0.00595478;1.8631e-05;-0.0059619;9.71222e-06
865000;-0.00601482;0.00109926;-0.00632863;0.000797256;-0.00605239;0.000235284;-0.00591136;0.000164003;-0.00595483;1.8621e-05;-0.00596179;9.7064e-06
866000;-0.00600787;0.00109799;-0.00632132;0.000796335;-0.00604789;0.000235064;-0.00591277;0.000163933;-0.00595535;1.8612e-05;-0.00596155;9.70062e-06
867000;-0.00600094;0.00109673;-0.00631403;0.000795417;-0.00605286;0.000235034;-0.00591673;0.000163885;-0.00595515;1.86003e-05;-0.00596145;9.69512e-06
868000;-0.00599403;0.00109546;-0.00633282;0.00079614;-0.00605088;0.00023484;-0.00591479;0.000163767;-0.00595489;1.8589e-05;-0.00596131;9.68919e-06
869000;-0.00598713;0.0010942;-0.00632553;0.000795224;-0.00605428;0.000234797;-0.00591076;0.000163615;-0.0059554;1.85782e-05;-0.00596123;9.68358e-06
870000;-0.00598025;0.00109294;-0.00631826;0.00079431;-0.00605011;0.00023459;-0.0059133;0.000163558;-0.00595533;1.85671e-05;-0.00596133;9.67799e-06
871000;-0.00597338;0.00109169;-0.00633698;0.000795029;-0.00605076;0.000234481;-0.00591413;0.000163472;-0.00595548;1.85569e-05;-0.00596125;9.67275e-06
872000;-0.00596653;0.00109044;-0.00632971;0.000794117;-0.00604771;0.000234275;-0.00591814;0.00016345;-0.00595614;1.85468e-05;-0.00596151;9.66759e-06
873000;-0.0059597;0.00108919;-0.00632246;0.000793208;-0.00604885;0.000234145;-0.00592078;0.000163383;-0.00595654;1.85364e-05;-0.00596147;9.66175e-06
874000;-0.00595288;0.00108794;-0.00634111;0.000793922;-0.00604323;0.000233892;-0.00591958;0.00016327;-0.00595692;1.85274e-05;-0.00596171;9.65671e-06
875000;-0.00599778;0.00109141;-0.00633386;0.000793014;-0.00604075;0.00023371;-0.00591685;0.000163148;-0.00595726;1.85166e-05;-0.00596178;9.65125e-06
876000;-0.00599093;0.00109017;-0.00632663;0.000792109;-0.006041;0.000233588;-0.00591325;0.000163006;-0.00595751;1.8506e-05;-0.00596185;9.64583e-06
877000;-0.0059841;0.00108892;-0.00631942;0.000791206;-0.00603641;0.000233365;-0.00591564;0.000162945;-0.00595706;1.84951e-05;-0.00596192;9.64076e-06
878000;-0.00597729;0.00108768;-0.00633798;0.000791916;-0.00603972;0.000233284;-0.00591199;0.000162798;-0.00595736;1.84848e-05;-0.00596176;9.63493e-06
879000;-0.00597049;0.00108645;-0.00633077;0.000791015;-0.00604144;0.000233181;-0.00590527;0.000162613;-0.00595697;1.84732e-05;-0.00596167;9.62922e-06
880000;-0.0059637;0.00108521;-0.00632358;0.000790116;-0.00604248;0.000233089;-0.0059081;0.000162559;-0.00595722;1.84628e-05;-0.00596154;9.62411e-06
881000;-0.00595693;0.00108398;-0.0063164;0.00078922;-0.0060406;0.000232927;-0.00590853;0.000162476;-0.00595702;1.84521e-05;-0.00596159;9.61868e-06
882000;-0.00595018;0.00108275;-0.00633489;0.000789925;-0.00603817;0.000232743;-0.00590779;0.000162379;-0.00595737;1.84423e-05;-0.0059618;9.61313e-06
883000;-0.00594344;0.00108153;-0.00632771;0.000789031;-0.00604187;0.000232675;-0.00590702;0.000162266;-0.00595735;1.84318e-05;-0.00596186;9.608e-06
884000;-0.00603907;0.00108957;-0.00632056;0.000788138;-0.00604452;0.000232598;-0.00590574;0.000162169;-0.00595787;1.84219e-05;-0.00596182;9.60235e-06
885000;-0.00603225;0.00108834;-0.00631341;0.000787248;-0.00604864;0.000232539;-0.00590149;0.00016202;-0.00595813;1.84121e-05;-0.00596174;9.59735e-06
886000;-0.00602544;0.00108711;-0.00630629;0.000786359;-0.0060469;0.000232363;-0.00589712;0.000161869;-0.00595783;1.84015e-05;-0.005962;9.59206e-06
887000;-0.00601865;0.00108589;-0.00629918;0.000785473;-0.00604764;0.000232261;-0.00589595;0.00016176;-0.00595812;1.83909e-05;-0.00596235;9.58707e-06
888000;-0.00601187;0.00108467;-0.00629208;0.000784589;-0.00604477;0.000232066;-0.00589874;0.000161711;-0.0059579;1.83808e-05;-0.00596208;9.58129e-06
889000;-0.00600511;0.00108345;-0.00628501;0.000783706;-0.00604187;0.000231869;-0.00590309;0.000161676;-0.00595827;1.8371e-05;-0.0059622;9.57601e-06
890000;-0.00599836;0.00108223;-0.00627795;0.000782826;-0.00604645;0.000231831;-0.00590386;0.000161593;-0.00595796;1.83602e-05;-0.0059626;9.57084e-06
891000;-0.00599163;0.00108101;-0.00629629;0.000783528;-0.0060466;0.000231704;-0.00590869;0.000161568;-0.00595787;1.83496e-05;-0.00596265;9.56567e-06
892000;-0.00598491;0.0010798;-0.00628923;0.00078265;-0.00604747;0.000231586;-0.00590401;0.00016141;-0.00595788;1.83395e-05;-0.00596278;9.56077e-06
893000;-0.00597821;0.00107859;-0.00628219;0.000781773;-0.00604524;0.000231414;-0.00590726;0.000161376;-0.00595749;1.83292e-05;-0.00596268;9.55528e-06
894000;-0.00597152;0.00107739;-0.00627516;0.000780899;-0.00605073;0.000231405;-0.00590684;0.000161269;-0.00595744;1.83189e-05;-0.00596276;9.55006e-06
895000;-0.00596485;0.00107618;-0.00629342;0.000781597;-0.00605045;0.000231274;-0.00590364;0.000161136;-0.00595741;1.83088e-05;-0.00596271;9.5446e-06
896000;-0.00595819;0.00107498;-0.0062864;0.000780725;-0.00604736;0.000231071;-0.00590471;0.00016106;-0.00595736;1.82985e-05;-0.00596293;9.53947e-06
897000;-0.00595155;0.00107378;-0.00632983;0.00078298;-0.00604842;0.000230982;-0.00590649;0.000161001;-0.00595756;1.8289e-05;-0.00596304;9.53441e-06
898000;-0.00594492;0.00107259;-0.00632278;0.000782108;-0.00604855;0.000230859;-0.00590568;0.00016089;-0.00595742;1.82779e-05;-0.005963;9.52946e-06
899000;-0.00593831;0.0010714;-0.00631575;0.000781238;-0.00604681;0.000230675;-0.00590334;0.00016076;-0.00595754;1.82682e-05;-0.00596308;9.52439e-06
900000;-0.00593171;0.0010702;-0.00630873;0.00078037;-0.00604906;0.000230589;-0.00590031;0.000160632;-0.00595691;1.82571e-05;-0.00596319;9.51927e-06
901000;-0.00592513;0.00106902;-0.00630173;0.000779504;-0.00605363;0.000230551;-0.00589616;0.000160488;-0.00595655;1.82467e-05;-0.00596327;9.51429e-06
902000;-0.00591856;0.00106783;-0.00629474;0.00077864;-0.00605757;0.000230532;-0.00589778;0.00016042;-0.00595667;1.82367e-05;-0.00596347;9.50928e-06
903000;-0.00591201;0.00106665;-0.00628777;0.000777778;-0.0060639;0.000230523;-0.00589599;0.0001603;-0.00595675;1.82263e-05;-0.00596333;9.50381e-06
904000;-0.00595551;0.00106997;-0.00630584;0.000778463;-0.00605918;0.000230301;-0.00589876;0.00016025;-0.00595677;1.82164e-05;-0.00596333;9.49859e-06
905000;-0.00594893;0.00106879;-0.00629887;0.000777603;-0.00606493;0.000230278;-0.00589952;0.000160171;-0.0059566;1.82056e-05;-0.00596353;9.49309e-06
906000;-0.00594236;0.00106761;-0.00629192;0.000776745;-0.00606517;0.00023016;-0.00589811;0.000160062;-0.00595662;1.81955e-05;-0.00596377;9.48786e-06
907000;-0.00598569;0.00107091;-0.00628498;0.000775889;-0.00606774;0.000230061;-0.00589547;0.000159933;-0.00595687;1.81862e-05;-0.00596365;9.4826e-06
908000;-0.0059791;0.00106973;-0.00627806;0.000775034;-0.00606811;0.000229948;-0.00589196;0.000159794;-0.00595657;1.81753e-05;-0.00596374;9.47736e-06
909000;-0.0060223;0.00107299;-0.00627115;0.000774182;-0.00606586;0.000229779;-0.00589358;0.000159732;-0.00595669;1.8165e-05;-0.00596388;9.47263e-06
910000;-0.00601568;0.00107181;-0.00626426;0.000773331;-0.0060696;0.000229712;-0.00589262;0.000159631;-0.00595648;1.81545e-05;-0.00596393;9.4673e-06
911000;-0.00600907;0.00107064;-0.00625738;0.000772483;-0.00606556;0.000229518;-0.0058923;0.00015954;-0.00595657;1.81444e-05;-0.00596374;9.46218e-06
912000;-0.00600249;0.00106946;-0.00627533;0.000773165;-0.00606702;0.000229449;-0.00589254;0.00015945;-0.00595706;1.81352e-05;-0.00596385;9.45725e-06
913000;-0.00599591;0.00106829;-0.00626845;0.000772318;-0.0060687;0.000229365;-0.00589317;0.000159381;-0.00595761;1.81264e-05;-0.00596409;9.4522e-06
914000;-0.00598935;0.00106712;-0.00626159;0.000771473;-0.00607543;0.000229372;-0.00589384;0.00015931;-0.00595758;1.81166e-05;-0.00596405;9.4468e-06
915000;-0.0059828;0.00106596;-0.00625475;0.00077063;-0.00607358;0.000229217;-0.00589066;0.00015918;-0.00595717;1.81057e-05;-0.00596431;9.44168e-06
916000;-0.00597627;0.00106479;-0.00624792;0.000769789;-0.00606963;0.000229027;-0.00588742;0.000159047;-0.00595747;1.80965e-05;-0.00596457;9.437e-06
917000;-0.00596976;0.00106363;-0.00624111;0.00076895;-0.00606772;0.000228872;-0.00588506;0.00015893;-0.00595719;1.80856e-05;-0.00596441;9.43164e-06
918000;-0.00596325;0.00106247;-0.00623431;0.000768112;-0.00606599;0.00022869;-0.00588565;0.000158859;-0.00595733;1.80766e-05;-0.00596425;9.42629e-06
919000;-0.00595676;0.00106132;-0.00622753;0.000767276;-0.00606353;0.000228514;-0.00588582;0.000158776;-0.00595731;1.80658e-05;-0.00596435;9.42148e-06
920000;-0.00595029;0.00106016;-0.00622076;0.000766442;-0.00606169;0.000228361;-0.00588172;0.000158636;-0.00595734;1.80561e-05;-0.00596416;9.41575e-06
921000;-0.00594383;0.00105901;-0.00623856;0.000767122;-0.00606207;0.000228252;-0.00588307;0.00015857;-0.00595754;1.80462e-05;-0.00596417;9.41051e-06
922000;-0.00593738;0.00105786;-0.0062318;0.00076629;-0.00605549;0.000228005;-0.00588453;0.000158506;-0.00595706;1.80354e-05;-0.00596427;9.40489e-06
923000;-0.00593095;0.00105672;-0.00622505;0.00076546;-0.00605442;0.000227884;-0.00588555;0.000158431;-0.00595695;1.80257e-05;-0.00596434;9.39976e-06
924000;-0.00592453;0.00105558;-0.00621831;0.000764631;-0.00605661;0.000227802;-0.00588962;0.000158394;-0.0059572;1.80164e-05;-0.00596431;9.3945e-06
925000;-0.00591813;0.00105443;-0.00621159;0.000763805;-0.0060592;0.000227736;-0.00588926;0.000158313;-0.00595692;1.80056e-05;-0.00596447;9.38972e-06
926000;-0.00591173;0.0010533;-0.00620488;0.00076298;-0.0060673;0.000227751;-0.00589034;0.000158246;-0.00595721;1.79962e-05;-0.00596435;9.38432e-06
927000;-0.00590536;0.00105216;-0.00619819;0.000762157;-0.00606615;0.000227627;-0.00589284;0.000158195;-0.00595729;1.79868e-05;-0.00596428;9.37906e-06
928000;-0.00589899;0.00105103;-0.00619151;0.000761336;-0.00606067;0.000227392;-0.00589574;0.000158144;-0.00595744;1.79768e-05;-0.00596456;9.37435e-06
929000;-0.00589264;0.00104989;-0.00618484;0.000760516;-0.00606074;0.000227276;-0.00589485;0.000158038;-0.00595781;1.79672e-05;-0.00596435;9.36927e-06
930000;-0.00588631;0.00104877;-0.00617819;0.000759699;-0.00605765;0.000227085;-0.005894;0.000157937;-0.00595739;1.79568e-05;-0.00596448;9.36426e-06
931000;-0.00587999;0.00104764;-0.00622015;0.000761864;-0.00605319;0.000226876;-0.00589109;0.000157805;-0.00595732;1.7947e-05;-0.00596466;9.35928e-06
932000;-0.00587368;0.00104651;-0.00621348;0.000761047;-0.00605731;0.000226827;-0.00588991;0.000157717;-0.00595792;1.7938e-05;-0.00596475;9.35445e-06
933000;-0.00586738;0.00104539;-0.00620682;0.000760231;-0.00605775;0.00022672;-0.00589132;0.000157658;-0.00595817;1.79283e-05;-0.00596503;9.34992e-06
934000;-0.0058611;0.00104427;-0.00622439;0.000760899;-0.00605806;0.000226612;-0.00588711;0.000157517;-0.00595822;1.79195e-05;-0.0059651;9.34505e-06
935000;-0.00590322;0.00104746;-0.00624193;0.000761562;-0.00605821;0.00022648;-0.00588549;0.000157415;-0.00595827;1.79099e-05;-0.00596484;9.33952e-06
936000;-0.00589691;0.00104634;-0.00623526;0.000760748;-0.00605521;0.000226294;-0.00588752;0.000157345;-0.0059582;1.79001e-05;-0.00596495;9.33438e-06
937000;-0.00589062;0.00104522;-0.0062286;0.000759937;-0.0060534;0.000226118;-0.00588233;0.000157193;-0.00595782;1.78899e-05;-0.00596483;9.32921e-06
938000;-0.00588434;0.00104411;-0.00622196;0.000759126;-0.00604694;0.000225877;-0.00587769;0.000157041;-0.00595786;1.78798e-05;-0.00596489;9.32403e-06
939000;-0.00587807;0.001043;-0.00621534;0.000758318;-0.00604185;0.000225652;-0.00588067;0.000156997;-0.00595763;1.78697e-05;-0.00596489;9.31918e-06
940000;-0.00587182;0.00104189;-0.00620872;0.000757512;-0.00604226;0.000225522;-0.00588574;0.00015698;-0.00595774;1.78602e-05;-0.00596496;9.31448e-06
941000;-0.00586558;0.00104078;-0.00620213;0.000756707;-0.00604099;0.000225395;-0.00588756;0.000156906;-0.00595739;1.78505e-05;-0.00596476;9.3094e-06
942000;-0.00585935;0.00103968;-0.00621956;0.000757367;-0.00603785;0.000225201;-0.0058845;0.000156782;-0.00595711;1.7841e-05;-0.00596476;9.3049e-06
943000;-0.00585314;0.00103857;-0.00623695;0.000758022;-0.00603912;0.00022513;-0.00588342;0.000156674;-0.0059572;1.78308e-05;-0.0059646;9.29964e-06
944000;-0.00584694;0.00103747;-0.00623034;0.000757219;-0.00604016;0.000225031;-0.00588206;0.00015657;-0.00595719;1.7822e-05;-0.0059645;9.29493e-06
945000;-0.00584075;0.00103638;-0.00622375;0.000756418;-0.00604717;0.000225052;-0.00588296;0.00015651;-0.00595737;1.78128e-05;-0.00596461;9.29033e-06
946000;-0.00583458;0.00103528;-0.00621717;0.000755619;-0.00604721;0.000224933;-0.00588211;0.000156406;-0.00595724;1.78027e-05;-0.00596452;9.28531e-06
947000;-0.00587619;0.00103842;-0.00623449;0.000756271;-0.00604736;0.000224819;-0.0058814;0.000156316;-0.00595702;1.77935e-05;-0.00596457;9.28056e-06
948000;-0.00586999;0.00103732;-0.00625178;0.000756919;-0.00604952;0.000224745;-0.00588463;0.000156277;-0.0059572;1.77839e-05;-0.00596461;9.27576e-06
949000;-0.0058638;0.00103623;-0.00624519;0.000756121;-0.00604766;0.000224577;-0.00588481;0.000156189;-0.00595734;1.77746e-05;-0.00596466;9.271e-06
950000;-0.00585763;0.00103514;-0.00623862;0.000755325;-0.00604463;0.00022439;-0.00588769;0.000156148;-0.0059574;1.77651e-05;-0.00596459;9.26589e-06
951000;-0.00589905;0.00103824;-0.00623206;0.000754531;-0.00604035;0.000224191;-0.00588597;0.000156041;-0.00595717;1.77552e-05;-0.00596439;9.26089e-06
952000;-0.00589285;0.00103715;-0.00622551;0.000753739;-0.00604135;0.00022409;-0.00588814;0.000155987;-0.00595768;1.77471e-05;-0.00596463;9.25618e-06
953000;-0.00588667;0.00103606;-0.00621898;0.000752948;-0.006041;0.00022396;-0.00588512;0.000155859;-0.00595727;1.77372e-05;-0.00596479;9.25157e-06
954000;-0.00588049;0.00103498;-0.00623617;0.000753592;-0.0060406;0.000223827;-0.00588499;0.000155777;-0.00595714;1.77286e-05;-0.00596455;9.24636e-06
955000;-0.00587434;0.00103389;-0.00622964;0.000752803;-0.00603427;0.000223593;-0.00588225;0.000155664;-0.00595746;1.77195e-05;-0.00596446;9.24162e-06
956000;-0.00586819;0.00103281;-0.00627045;0.000754869;-0.00602796;0.00022336;-0.00587954;0.000155541;-0.00595754;1.77107e-05;-0.0059646;9.23671e-06
957000;-0.00586206;0.00103173;-0.0062639;0.000754081;-0.00602496;0.00022318;-0.00587616;0.000155412;-0.00595701;1.77013e-05;-0.00596433;9.2318e-06
958000;-0.00585594;0.00103066;-0.00630458;0.00075613;-0.00602129;0.000223006;-0.00587396;0.000155292;-0.00595724;1.76924e-05;-0.00596455;9.22722e-06
959000;-0.00589701;0.00103372;-0.0063216;0.000756754;-0.00601958;0.000222865;-0.00587476;0.000155219;-0.00595751;1.76835e-05;-0.00596468;9.22271e-06
960000;-0.00589087;0.00103265;-0.00631501;0.000755966;-0.00601962;0.00022273;-0.00587263;0.0001551;-0.00595772;1.76744e-05;-0.00596466;9.21762e-06
961000;-0.00588474;0.00103157;-0.00633198;0.000756587;-0.00601336;0.000222499;-0.00587061;0.000154992;-0.00595759;1.76649e-05;-0.00596449;9.21281e-06
962000;-0.00587862;0.0010305;-0.0063254;0.000755801;-0.00601165;0.000222357;-0.00586906;0.000154896;-0.0059579;1.7656e-05;-0.00596431;9.20785e-06
963000;-0.00587252;0.00102943;-0.00631883;0.000755016;-0.00601349;0.000222274;-0.00586733;0.00015479;-0.0059575;1.76466e-05;-0.0059644;9.20307e-06
964000;-0.00591336;0.00103247;-0.00631227;0.000754233;-0.00601371;0.000222166;-0.00587154;0.000154752;-0.00595753;1.76379e-05;-0.00596457;9.1985e-06
965000;-0.00590723;0.0010314;-0.00630573;0.000753451;-0.00601392;0.000222057;-0.0058711;0.000154673;-0.00595752;1.7629e-05;-0.00596452;9.19364e-06
966000;-0.00590111;0.00103033;-0.0062992;0.000752671;-0.00600975;0.000221864;-0.0058709;0.000154599;-0.00595712;1.76194e-05;-0.0059645;9.18864e-06
967000;-0.00589501;0.00102927;-0.00629269;0.000751893;-0.00601224;0.000221803;-0.00587072;0.000154509;-0.00595664;1.76097e-05;-0.00596468;9.18402e-06
968000;-0.00588892;0.0010282;-0.00628619;0.000751116;-0.00600918;0.000221617;-0.00587422;0.000154477;-0.00595639;1.75999e-05;-0.00596495;9.17935e-06
969000;-0.00588284;0.00102714;-0.00630305;0.000751734;-0.00600734;0.000221471;-0.00587551;0.00015441;-0.00595614;1.75902e-05;-0.00596491;9.1745e-06
970000;-0.00587678;0.00102608;-0.00631987;0.000752349;-0.00600761;0.000221365;-0.00587282;0.00015429;-0.00595601;1.7581e-05;-0.00596492;9.16973e-06
971000;-0.00587073;0.00102503;-0.00631336;0.000751574;-0.00600373;0.000221183;-0.00587457;0.000154221;-0.00595588;1.75711e-05;-0.00596485;9.16509e-06
972000;-0.00586469;0.00102397;-0.00630687;0.000750801;-0.00599756;0.000220956;-0.00587301;0.000154126;-0.00595629;1.75627e-05;-0.00596477;9.16026e-06
973000;-0.00585866;0.00102292;-0.00630038;0.000750029;-0.00600044;0.000220883;-0.00587273;0.00015405;-0.0059563;1.75543e-05;-0.00596493;9.15564e-06
974000;-0.00585264;0.00102187;-0.00629392;0.000749259;-0.00599767;0.000220709;-0.00587092;0.000153944;-0.00595618;1.75453e-05;-0.00596493;9.15124e-06
975000;-0.00584664;0.00102082;-0.00628746;0.000748491;-0.00600211;0.000220685;-0.00586867;0.000153827;-0.00595633;1.75367e-05;-0.005965;9.14649e-06
976000;-0.00584065;0.00101977;-0.00628102;0.000747724;-0.00600162;0.000220558;-0.00587189;0.000153787;-0.00595634;1.75275e-05;-0.00596499;9.14206e-06
977000;-0.00583467;0.00101873;-0.00627459;0.000746959;-0.00599889;0.000220371;-0.00587723;0.000153769;-0.0059567;1.75187e-05;-0.00596514;9.1376e-06
978000;-0.00582871;0.00101769;-0.00626817;0.000746195;-0.0059978;0.000220224;-0.00588013;0.000153717;-0.0059566;1.7509e-05;-0.00596525;9.13294e-06
979000;-0.00582275;0.00101665;-0.00628488;0.000746807;-0.0060022;0.00022017;-0.00587912;0.000153627;-0.00595651;1.74997e-05;-0.00596545;9.12829e-06
980000;-0.00581681;0.00101561;-0.00630155;0.000747415;-0.00600308;0.000220055;-0.00587515;0.000153497;-0.00595612;1.74894e-05;-0.00596562;9.12378e-06
981000;-0.00581088;0.00101458;-0.00629512;0.000746653;-0.0060052;0.000219981;-0.00587715;0.000153445;-0.00595582;1.748e-05;-0.00596574;9.11923e-06
982000;-0.00580497;0.00101354;-0.00628871;0.000745893;-0.0060073;0.000219914;-0.00587787;0.000153372;-0.00595587;1.74711e-05;-0.00596555;9.11466e-06
983000;-0.00579906;0.00101251;-0.00630533;0.000746497;-0.00600961;0.000219846;-0.00587788;0.000153291;-0.00595591;1.74622e-05;-0.00596567;9.11026e-06
984000;-0.00583914;0.00101549;-0.00629892;0.000745738;-0.0060035;0.000219623;-0.00588087;0.000153253;-0.00595647;1.74549e-05;-0.00596548;9.10541e-06
985000;-0.00583322;0.00101446;-0.00629252;0.000744982;-0.00600349;0.000219508;-0.00588438;0.000153215;-0.00595611;1.74455e-05;-0.00596544;9.10076e-06
986000;-0.0058273;0.00101343;-0.00628614;0.000744226;-0.00599973;0.000219333;-0.00588504;0.000153153;-0.00595571;1.74361e-05;-0.00596541;9.09646e-06
987000;-0.0058214;0.0010124;-0.00627977;0.000743472;-0.00599882;0.000219195;-0.00588659;0.000153087;-0.00595589;1.74271e-05;-0.00596531;9.09173e-06
988000;-0.0058155;0.00101138;-0.00627342;0.00074272;-0.00599778;0.000219052;-0.00588807;0.000153033;-0.00595633;1.74191e-05;-0.00596531;9.08713e-06
989000;-0.00580962;0.00101036;-0.00628995;0.000743321;-0.00599562;0.000218898;-0.00589487;0.000153058;-0.00595631;1.74104e-05;-0.00596519;9.08231e-06
990000;-0.00580376;0.00100934;-0.00628359;0.00074257;-0.0059969;0.000218804;-0.00589597;0.000152995;-0.00595651;1.74019e-05;-0.005965;9.07719e-06
991000;-0.0057979;0.00100832;-0.00630008;0.000743168;-0.00599521;0.000218645;-0.00589307;0.000152882;-0.00595654;1.73938e-05;-0.00596491;9.07225e-06
992000;-0.00583766;0.00101126;-0.00629373;0.000742419;-0.00599285;0.000218485;-0.00589126;0.000152783;-0.00595646;1.7385e-05;-0.00596506;9.06791e-06
993000;-0.00583178;0.00101024;-0.00628739;0.000741672;-0.00598682;0.000218266;-0.0058859;0.000152634;-0.00595576;1.73752e-05;-0.00596508;9.06317e-06
994000;-0.00582591;0.00100922;-0.00628106;0.000740926;-0.00598833;0.000218187;-0.00588247;0.000152519;-0.00595595;1.73671e-05;-0.00596503;9.05866e-06
995000;-0.00582006;0.00100821;-0.00627475;0.000740181;-0.00598389;0.00021799;-0.00588353;0.000152456;-0.00595636;1.73593e-05;-0.00596522;9.05377e-06
996000;-0.00581422;0.0010072;-0.00626845;0.000739438;-0.00598357;0.000217866;-0.0058802;0.000152334;-0.00595615;1.73499e-05;-0.00596538;9.04961e-06
997000;-0.00580838;0.00100619;-0.00626216;0.000738697;-0.00598655;0.000217826;-0.00587854;0.00015224;-0.00595668;1.73424e-05;-0.00596525;9.04439e-06
998000;-0.00580256;0.00100518;-0.00630122;0.000740625;-0.00598433;0.000217675;-0.00587804;0.00015216;-0.00595666;1.73339e-05;-0.00596509;9.03986e-06
999000;-0.00579676;0.00100417;-0.00629491;0.000739883;-0.00599009;0.000217667;-0.00587745;0.00015208;-0.00595688;1.73253e-05;-0.00596485;9.03506e-06
1000000;-0.00579096;0.00100317;-0.00628862;0.000739144;-0.00598611;0.000217485;-0.00587456;0.000151968;-0.00595723;1.73176e-05;-0.00596481;9.03039e-06
