Nb sim;DF;IC_DF ;DF_anti;IC_DF_anti ;DF_d;IC_DF_d ;DF_d_anti;IC_DF_d_anti;Tan;IC_Tan ;Tan_anti;IC_Tan_anti ;Mall;IC_Mall ;Mall_anti;IC_Mall_anti
10000;0.677172;0.0170248;0.678814;0.00770799;0.675172;0.0173668;0.680198;0.00764976;0.673276;0.0171217;0.683437;0.00766408;0.68694;0.0412952;0.687347;0.0275567
11000;0.678258;0.0163463;0.678053;0.00737821;0.675443;0.0164565;0.681666;0.00732826;0.674635;0.0163202;0.685894;0.00736475;0.679579;0.0392513;0.677805;0.0258065
12000;0.680783;0.0156406;0.676619;0.00704513;0.672903;0.0156844;0.680298;0.0069909;0.674678;0.0156886;0.686872;0.00705068;0.67213;0.0369473;0.672745;0.024622
13000;0.681047;0.0150065;0.677146;0.00678044;0.673207;0.0150848;0.679346;0.00673872;0.676061;0.0150999;0.685565;0.00679191;0.678294;0.0359066;0.670621;0.0235554
14000;0.674882;0.0143844;0.676845;0.00654082;0.671345;0.0145994;0.680384;0.00651044;0.671533;0.0144899;0.686932;0.00657235;0.677024;0.0342719;0.671699;0.0225215
15000;0.675672;0.0138924;0.677834;0.00637321;0.670795;0.0140735;0.680483;0.0063425;0.671814;0.0140009;0.686507;0.00634872;0.683324;0.0333945;0.670207;0.0215491
16000;0.678639;0.0134926;0.678398;0.00618655;0.671539;0.0136222;0.680256;0.00613863;0.674811;0.0135925;0.686679;0.00614431;0.681059;0.0321373;0.671643;0.0208302
17000;0.680395;0.0131128;0.678884;0.00597956;0.672759;0.013223;0.681103;0.00596072;0.674784;0.0131409;0.68598;0.00594161;0.684358;0.0315757;0.669087;0.0199883
18000;0.683663;0.0127725;0.679255;0.00580158;0.674268;0.0128303;0.680983;0.00581505;0.67478;0.0127667;0.684823;0.00577211;0.681606;0.0304627;0.667189;0.0192915
19000;0.684618;0.0124468;0.679348;0.00565072;0.673817;0.0125104;0.681244;0.00564088;0.676668;0.0124714;0.6849;0.00561556;0.686815;0.029986;0.669931;0.0189399
20000;0.685036;0.0121529;0.67901;0.00549875;0.67432;0.0121608;0.681443;0.00550089;0.674602;0.0121083;0.684113;0.00546145;0.688334;0.029343;0.672478;0.0186447
21000;0.686319;0.0118732;0.67824;0.00535373;0.672849;0.0118457;0.68042;0.00536916;0.673293;0.0117882;0.683686;0.005341;0.68639;0.0285035;0.668884;0.0180147
22000;0.687687;0.0116065;0.678652;0.00522803;0.67228;0.0115769;0.680365;0.00523324;0.672953;0.0115222;0.684384;0.0052221;0.688078;0.0282826;0.670678;0.0176761
23000;0.684479;0.01132;0.678792;0.00509375;0.673854;0.0113511;0.6799;0.00510735;0.673781;0.0112655;0.68349;0.00509414;0.688233;0.0276878;0.667494;0.0171625
24000;0.685479;0.0110875;0.679188;0.00499204;0.67534;0.0111123;0.680249;0.00500983;0.673871;0.0110253;0.683403;0.00498995;0.688336;0.0270695;0.669805;0.0168434
25000;0.685949;0.0108782;0.678731;0.00487959;0.67538;0.0108753;0.681647;0.0049264;0.674366;0.0108148;0.68344;0.00488149;0.688742;0.0263993;0.669246;0.0164662
26000;0.687056;0.0106609;0.679206;0.00477074;0.674893;0.0106779;0.681307;0.00482435;0.675524;0.010598;0.683424;0.00478325;0.687027;0.0257935;0.672289;0.016162
27000;0.687185;0.010464;0.679443;0.00467717;0.675358;0.0104783;0.682073;0.00473173;0.674252;0.0103927;0.683231;0.00468213;0.683944;0.0250555;0.672683;0.0158255
28000;0.686014;0.0102616;0.679727;0.00459154;0.67621;0.0102756;0.682359;0.0046468;0.674381;0.0101991;0.683364;0.00459869;0.68692;0.0247114;0.67357;0.0155689
29000;0.685876;0.0100857;0.679621;0.00450875;0.676793;0.0100906;0.681221;0.00456146;0.675166;0.0100283;0.683147;0.00451341;0.687789;0.0242808;0.672661;0.0152798
30000;0.688273;0.00993048;0.679464;0.00442796;0.677204;0.00991744;0.681048;0.00447732;0.675268;0.00986541;0.683101;0.00445163;0.68593;0.0237867;0.67292;0.0150487
31000;0.688227;0.00977282;0.678508;0.00434948;0.676306;0.00974878;0.681553;0.00440769;0.676237;0.00972752;0.68275;0.00439056;0.68491;0.0233981;0.670051;0.0147545
32000;0.689466;0.00963401;0.679132;0.00429194;0.676514;0.00958973;0.682057;0.00433331;0.676812;0.00960512;0.683521;0.00432808;0.683956;0.0229649;0.668793;0.0144586
33000;0.690075;0.00950249;0.67915;0.00422883;0.676836;0.00944564;0.682571;0.00427364;0.676245;0.00945273;0.683588;0.00425752;0.684965;0.0226359;0.666793;0.0142043
34000;0.689306;0.00936504;0.678536;0.00416423;0.678729;0.00934033;0.682835;0.00420762;0.676477;0.00930374;0.682961;0.0041978;0.683181;0.0221576;0.665147;0.0139237
35000;0.688468;0.00921579;0.678827;0.00410593;0.677434;0.00918895;0.682319;0.00414147;0.676831;0.00917036;0.682841;0.00413426;0.683418;0.0217979;0.666162;0.0137319
36000;0.689189;0.0090908;0.678961;0.00404829;0.677211;0.00905517;0.681691;0.00407169;0.676023;0.00905098;0.682628;0.00408734;0.68514;0.0214938;0.665022;0.0134761
37000;0.688797;0.00896458;0.678576;0.00399239;0.67721;0.00892118;0.681583;0.00401151;0.67671;0.00893053;0.682509;0.00402822;0.684058;0.0212125;0.665082;0.013317
38000;0.688716;0.00883631;0.678779;0.00394509;0.677991;0.00879755;0.682027;0.00396985;0.676136;0.00880485;0.682378;0.0039747;0.685132;0.0209589;0.664509;0.0131255
39000;0.687954;0.00870743;0.678986;0.00389867;0.679103;0.00870522;0.681835;0.00391239;0.676495;0.00869367;0.682622;0.00392651;0.685162;0.0207416;0.665107;0.0130071
40000;0.687376;0.008607;0.679058;0.00384265;0.67797;0.00858391;0.682048;0.00386228;0.676354;0.00857807;0.682368;0.00387291;0.681598;0.0203504;0.667271;0.0129675
41000;0.686842;0.00849551;0.679358;0.00379649;0.679154;0.00848048;0.682259;0.00381812;0.67745;0.00847531;0.681895;0.00382232;0.681944;0.0201284;0.667075;0.0128081
42000;0.686982;0.00839617;0.679521;0.00374911;0.678921;0.00837593;0.681408;0.00376829;0.676748;0.00836689;0.681635;0.00377251;0.684334;0.0199123;0.668268;0.0126663
43000;0.687442;0.00830177;0.67962;0.0037123;0.679099;0.00827953;0.681085;0.00372578;0.675892;0.00826566;0.681848;0.00373131;0.683758;0.0196645;0.66989;0.0125306
44000;0.687428;0.00820432;0.679861;0.00367282;0.677981;0.00817386;0.681214;0.00368341;0.676322;0.00816719;0.681831;0.00368852;0.683569;0.0193966;0.670247;0.0124421
45000;0.686728;0.00811084;0.679921;0.00362752;0.677798;0.00808554;0.681214;0.003635;0.677574;0.00809308;0.682146;0.00364988;0.68639;0.0194965;0.670326;0.0122905
46000;0.686688;0.00801993;0.680072;0.00358397;0.676732;0.00799012;0.681513;0.00359266;0.679326;0.00801161;0.682106;0.00360857;0.688222;0.0193188;0.670477;0.0121563
47000;0.686728;0.00793282;0.679968;0.00354726;0.676997;0.00790639;0.681481;0.00355815;0.679221;0.0079333;0.682212;0.0035684;0.690618;0.019204;0.669916;0.0120122
48000;0.687433;0.00785681;0.679995;0.00350603;0.677505;0.0078331;0.681493;0.00352059;0.67867;0.00783891;0.682267;0.00352821;0.689434;0.0189596;0.670904;0.0119566
49000;0.687783;0.00778286;0.680142;0.00346807;0.677533;0.0077625;0.681449;0.00348041;0.678893;0.00776279;0.682021;0.00348687;0.688931;0.0187602;0.672407;0.0118833
50000;0.687331;0.00770323;0.680289;0.00343031;0.677813;0.00768374;0.681776;0.00344601;0.678549;0.00768903;0.682317;0.00345822;0.689139;0.0185975;0.670991;0.0117185
51000;0.686611;0.00762471;0.680132;0.00339369;0.677933;0.00760006;0.681438;0.00340761;0.678325;0.00760886;0.681994;0.00341945;0.689277;0.0183908;0.670261;0.0115787
52000;0.686459;0.00754947;0.67992;0.0033566;0.677649;0.00752306;0.681445;0.00337282;0.678395;0.00753944;0.681774;0.00338712;0.689008;0.0181824;0.669987;0.0114881
53000;0.686004;0.00747525;0.680164;0.00332675;0.677484;0.0074545;0.681139;0.00334229;0.67791;0.00746338;0.681803;0.00335068;0.687841;0.0179395;0.671112;0.0113911
54000;0.686455;0.00740769;0.680048;0.00329261;0.677075;0.00738047;0.680784;0.00331123;0.678769;0.00739519;0.681758;0.00331809;0.68865;0.0177359;0.670569;0.0112625
55000;0.687008;0.0073441;0.680049;0.00326156;0.676827;0.00731215;0.680869;0.00328131;0.678479;0.0073195;0.681659;0.00328785;0.68781;0.0175231;0.671502;0.0111622
56000;0.686672;0.00727224;0.679658;0.00322982;0.676653;0.00724529;0.680894;0.00325119;0.678347;0.00725685;0.681414;0.00325476;0.688116;0.0173479;0.671594;0.011079
57000;0.686301;0.00721163;0.68008;0.00320624;0.677587;0.00719213;0.681221;0.00322308;0.679118;0.00719848;0.681668;0.00323086;0.688059;0.0171636;0.670509;0.0109569
58000;0.685355;0.00715199;0.679877;0.00318038;0.677642;0.00712698;0.681566;0.003195;0.679247;0.00713782;0.681541;0.0032005;0.686923;0.0169489;0.670197;0.0108583
59000;0.684893;0.00708587;0.679857;0.00314929;0.676886;0.00705899;0.681843;0.00316795;0.679999;0.00708024;0.681618;0.00317387;0.690758;0.0170156;0.670327;0.010801
60000;0.684197;0.00702455;0.679757;0.00312262;0.676833;0.00699666;0.681569;0.00314025;0.679804;0.00702174;0.681799;0.00315207;0.691536;0.0168696;0.670389;0.0107167
61000;0.684351;0.0069694;0.679669;0.0030949;0.677581;0.0069414;0.68135;0.00311572;0.6802;0.0069721;0.681776;0.00312483;0.690807;0.0167113;0.669287;0.0105969
62000;0.6843;0.00690845;0.679692;0.00306936;0.677818;0.00688383;0.68132;0.00308696;0.680631;0.00691788;0.681722;0.00309853;0.690508;0.016561;0.668849;0.0105022
63000;0.683802;0.00684973;0.680029;0.00305092;0.677601;0.00682926;0.681179;0.00306201;0.681523;0.00687021;0.681647;0.0030723;0.691496;0.0164893;0.669831;0.0104383
64000;0.683459;0.00679118;0.680108;0.00302599;0.677782;0.00678286;0.681352;0.0030384;0.681464;0.00680986;0.681661;0.00305015;0.690579;0.0163436;0.669421;0.0103258
65000;0.683711;0.00674159;0.68017;0.00300243;0.678226;0.00672723;0.68137;0.00301302;0.681442;0.00674998;0.681773;0.00302222;0.690975;0.0162262;0.669885;0.0102503
66000;0.684011;0.00669184;0.680332;0.00297844;0.678502;0.00667406;0.681399;0.00298997;0.681212;0.0067004;0.681791;0.0029988;0.691287;0.0161167;0.670375;0.0101851
67000;0.684443;0.00664294;0.680751;0.00295925;0.678599;0.00662622;0.681237;0.00296351;0.680471;0.00664444;0.68191;0.00297883;0.693024;0.0160657;0.66945;0.0101003
68000;0.684155;0.00659198;0.68086;0.00293682;0.678915;0.00658268;0.681133;0.00293876;0.680576;0.00659583;0.681668;0.00295791;0.692534;0.0159698;0.669626;0.010041
69000;0.684613;0.0065447;0.680869;0.00291445;0.67903;0.00653588;0.680883;0.00291709;0.680216;0.00654605;0.681773;0.00293851;0.691518;0.0158063;0.670002;0.00996299
70000;0.684949;0.00650235;0.680468;0.00289199;0.679038;0.00648993;0.680921;0.00289437;0.680203;0.0065039;0.68195;0.00292232;0.690675;0.0156548;0.669808;0.00989664
71000;0.685038;0.00646047;0.680385;0.00287053;0.678797;0.00644418;0.680815;0.00287075;0.680133;0.00646289;0.681845;0.00290053;0.690696;0.0155406;0.669161;0.00980759
72000;0.685293;0.00641569;0.680384;0.0028552;0.678867;0.00640065;0.6809;0.00284923;0.680169;0.00641732;0.681826;0.002879;0.689702;0.0153894;0.669424;0.0097415
73000;0.685433;0.00637024;0.680539;0.00283623;0.678916;0.00635683;0.680758;0.00283088;0.679892;0.00637031;0.681999;0.00285739;0.691579;0.0154191;0.669837;0.00967199
74000;0.685478;0.00633006;0.680775;0.00281859;0.679135;0.00631818;0.680794;0.00281062;0.679462;0.00632481;0.681811;0.00283691;0.691626;0.0152986;0.669684;0.00961943
75000;0.685489;0.00628719;0.680608;0.00279909;0.679283;0.00627405;0.680679;0.0027912;0.679537;0.00628181;0.681738;0.00281863;0.69129;0.0151938;0.669024;0.00954082
76000;0.686068;0.00624877;0.680529;0.00278072;0.679685;0.00623364;0.680702;0.00276946;0.679856;0.00624236;0.682051;0.00280054;0.691399;0.0150734;0.668326;0.00946697
77000;0.68623;0.00620599;0.680234;0.00276028;0.67965;0.00619062;0.680659;0.00274966;0.679586;0.00620228;0.681907;0.00278184;0.690399;0.0149349;0.669292;0.00941983
78000;0.686327;0.00616297;0.680244;0.00274355;0.680029;0.00615254;0.680653;0.00273076;0.679848;0.00616423;0.681815;0.0027622;0.689975;0.014802;0.669802;0.00936158
79000;0.686324;0.00612658;0.679935;0.0027234;0.679981;0.00611652;0.680735;0.00271773;0.679897;0.00612546;0.682073;0.0027471;0.689447;0.0146898;0.669756;0.00929557
80000;0.68635;0.00608602;0.679992;0.00270595;0.679853;0.00608521;0.680865;0.00270077;0.679454;0.00608324;0.681992;0.00272945;0.68838;0.0145591;0.669648;0.00924002
81000;0.685869;0.00604642;0.679892;0.00268721;0.680189;0.00604535;0.680873;0.00268219;0.679641;0.00604652;0.681787;0.00271019;0.689158;0.0144517;0.669645;0.00917929
82000;0.686191;0.00600832;0.68001;0.00267046;0.680196;0.00600985;0.680941;0.00266681;0.679798;0.00600846;0.681847;0.00269278;0.68865;0.0143439;0.668808;0.00911246
83000;0.685927;0.00597266;0.68012;0.00265369;0.680349;0.00597339;0.680834;0.00265044;0.679888;0.00597114;0.68174;0.00267473;0.688172;0.014239;0.668921;0.00905375
84000;0.685525;0.00593962;0.680013;0.00263936;0.680066;0.00593434;0.680892;0.00263604;0.679862;0.00593405;0.6817;0.00265909;0.689793;0.014184;0.669311;0.0090076
85000;0.685416;0.00590101;0.679846;0.00262185;0.680053;0.00589963;0.680854;0.0026218;0.679852;0.00589927;0.681593;0.00264286;0.689598;0.0140855;0.669628;0.0089865
86000;0.685376;0.0058671;0.679643;0.00260644;0.679828;0.0058659;0.681006;0.00260736;0.680099;0.00586666;0.681658;0.00262732;0.688367;0.0139593;0.670801;0.00895278
87000;0.685372;0.00583373;0.679781;0.00259262;0.679611;0.00583271;0.681099;0.00259412;0.680424;0.00583237;0.681679;0.00261184;0.688727;0.013899;0.671163;0.00891696
88000;0.685765;0.00580143;0.679758;0.00257617;0.679718;0.00579914;0.681063;0.0025785;0.68053;0.00579688;0.681567;0.00259685;0.687565;0.0138134;0.670935;0.00887152
89000;0.685614;0.00576847;0.679725;0.00256195;0.679656;0.00576629;0.680963;0.00256237;0.680301;0.00576119;0.681731;0.00258134;0.686334;0.0136995;0.671267;0.00882031
90000;0.686344;0.00574148;0.679881;0.00255114;0.679721;0.0057351;0.680957;0.00254813;0.680158;0.00572612;0.682018;0.00256855;0.685324;0.0135947;0.671105;0.00875572
91000;0.685937;0.00570599;0.680013;0.00253852;0.679698;0.00570292;0.680721;0.00253192;0.679989;0.00569259;0.681684;0.00255393;0.684432;0.0135041;0.67092;0.00870547
92000;0.68612;0.0056746;0.67996;0.00252485;0.680062;0.00567293;0.680742;0.00252108;0.679852;0.00566123;0.681522;0.00253879;0.684727;0.0134108;0.67157;0.00868198
93000;0.68676;0.00564814;0.68016;0.00251268;0.680221;0.00564194;0.680725;0.00250755;0.67945;0.00562991;0.681256;0.00252514;0.684102;0.0133261;0.671474;0.00862839
94000;0.687243;0.00562157;0.680184;0.0024982;0.680352;0.00561295;0.680701;0.00249415;0.679865;0.00560144;0.680924;0.00251077;0.684431;0.0132346;0.671544;0.00857888
95000;0.686984;0.00559103;0.680041;0.00248364;0.680382;0.00558179;0.680679;0.00248113;0.68001;0.00557598;0.680911;0.00249694;0.684709;0.0131586;0.671768;0.00855102
96000;0.686655;0.00555877;0.679912;0.00246977;0.680337;0.00555331;0.680623;0.00246862;0.679932;0.00554509;0.680955;0.00248367;0.684724;0.0131007;0.671625;0.00850172
97000;0.686146;0.00552709;0.680025;0.00245699;0.680426;0.00552748;0.680444;0.00245364;0.679907;0.00551616;0.681031;0.00247095;0.684545;0.0130167;0.672538;0.00857024
98000;0.686174;0.00550038;0.680131;0.00244372;0.680361;0.00549758;0.680327;0.00244278;0.679523;0.00548662;0.681162;0.00245882;0.684265;0.0129503;0.672191;0.00851871
99000;0.686192;0.00547385;0.680355;0.00243231;0.680177;0.00546903;0.680382;0.00243309;0.679569;0.00545978;0.681339;0.002447;0.683871;0.0128696;0.672568;0.00847755
100000;0.686291;0.00544826;0.680287;0.0024216;0.680595;0.00544455;0.680391;0.00242008;0.679934;0.00543192;0.68133;0.00243485;0.684271;0.0128255;0.673647;0.00845224
101000;0.686451;0.00542569;0.680189;0.00241113;0.680907;0.00541804;0.680313;0.00240772;0.679716;0.00540405;0.681257;0.00242208;0.683574;0.0127415;0.674512;0.00844632
102000;0.686711;0.00539926;0.680135;0.00239944;0.680543;0.0053882;0.680195;0.00239475;0.679616;0.0053764;0.681246;0.00240938;0.683765;0.0126777;0.67492;0.00840302
103000;0.687106;0.0053792;0.680126;0.00238708;0.680248;0.00536186;0.680148;0.00238362;0.679221;0.0053503;0.681305;0.00240046;0.682888;0.0126076;0.674894;0.00836878
104000;0.68663;0.00534956;0.680164;0.00237521;0.680374;0.00533581;0.67998;0.00237131;0.679051;0.00532428;0.681501;0.00239091;0.682162;0.0125351;0.674444;0.00832889
105000;0.686664;0.0053258;0.680159;0.00236493;0.680709;0.00531181;0.680043;0.00235939;0.678866;0.0052977;0.681482;0.00237801;0.682691;0.0124877;0.675041;0.0083029
106000;0.686204;0.00529885;0.680066;0.00235217;0.680795;0.00528752;0.68012;0.00235004;0.67887;0.00527346;0.68141;0.00236679;0.682983;0.0124336;0.675163;0.00828169
107000;0.686443;0.00527293;0.680058;0.00234064;0.680819;0.00526206;0.679969;0.00233831;0.679204;0.00524867;0.68155;0.0023561;0.683346;0.012366;0.675137;0.00823624
108000;0.686789;0.00524939;0.68001;0.00232916;0.681369;0.00523831;0.680175;0.00232943;0.679306;0.00522353;0.681575;0.00234427;0.683212;0.0122965;0.675029;0.0081886
109000;0.686736;0.00522894;0.679964;0.00231785;0.681382;0.00521385;0.680264;0.00231841;0.679126;0.00519746;0.681592;0.00233256;0.683333;0.0122316;0.674691;0.00815746
110000;0.687183;0.00520783;0.680068;0.00230612;0.681459;0.00518892;0.680195;0.00230747;0.678917;0.00517193;0.681386;0.00232135;0.683148;0.0121734;0.674564;0.00812125
111000;0.687073;0.00518348;0.680034;0.00229545;0.681767;0.00516457;0.680145;0.00229658;0.679317;0.00514971;0.681634;0.002314;0.682393;0.0121045;0.674788;0.00810312
112000;0.686338;0.00515772;0.680097;0.00228503;0.681702;0.00513956;0.680266;0.0022872;0.679568;0.00512768;0.681325;0.00230141;0.681657;0.012029;0.675473;0.00816804
113000;0.686423;0.00513687;0.680239;0.00227495;0.681686;0.00511602;0.680261;0.00227685;0.679814;0.0051058;0.681438;0.00229083;0.681757;0.0119709;0.675388;0.00812918
114000;0.686413;0.00511484;0.68008;0.00226427;0.681242;0.00509206;0.680349;0.00226665;0.679664;0.00508068;0.68137;0.00227947;0.681637;0.011905;0.675554;0.00809014
115000;0.686317;0.00509381;0.680219;0.00225494;0.681566;0.00507116;0.68027;0.00225704;0.679639;0.00505846;0.681445;0.00226912;0.680925;0.0118442;0.675689;0.00806847
116000;0.686089;0.00507043;0.680102;0.00224448;0.68164;0.0050499;0.680438;0.00224861;0.679962;0.00503709;0.681383;0.00225856;0.680892;0.01178;0.675673;0.00802224
117000;0.685534;0.005047;0.680056;0.00223377;0.681518;0.00502697;0.680648;0.00223867;0.679664;0.0050137;0.681213;0.00224857;0.681314;0.011736;0.67556;0.00798185
118000;0.685415;0.00502602;0.680098;0.00222328;0.68158;0.00500615;0.680565;0.00222947;0.679508;0.00499088;0.681442;0.00224088;0.682243;0.0117149;0.675505;0.00794785
119000;0.685027;0.00500241;0.680058;0.00221304;0.681767;0.00498506;0.680615;0.0022207;0.679871;0.00497173;0.68166;0.0022324;0.681554;0.0116431;0.675621;0.00791066
120000;0.68482;0.00498071;0.680058;0.00220329;0.68193;0.00496465;0.680681;0.00221117;0.679536;0.00495034;0.681669;0.00222308;0.681285;0.0115808;0.675687;0.0078855
121000;0.684916;0.0049589;0.680098;0.00219377;0.681798;0.00494682;0.680524;0.00220119;0.6801;0.00493189;0.681699;0.00221309;0.681186;0.0115463;0.675616;0.00785715
122000;0.684784;0.00493641;0.680112;0.00218444;0.681689;0.00492623;0.680478;0.0021923;0.679866;0.00490876;0.68178;0.00220471;0.681959;0.0114955;0.675985;0.00782812
123000;0.684491;0.0049155;0.680189;0.00217632;0.681893;0.00490793;0.680327;0.00218261;0.679457;0.0048856;0.681873;0.00219556;0.682121;0.0114585;0.675377;0.00778611
124000;0.684747;0.00489851;0.680191;0.00216681;0.681801;0.00488757;0.680302;0.00217355;0.679508;0.00486761;0.681853;0.00218752;0.682527;0.0114207;0.675327;0.00775317
125000;0.68455;0.00487836;0.680189;0.00215792;0.682147;0.00486658;0.680255;0.00216438;0.679076;0.00484702;0.681806;0.00217807;0.681727;0.01137;0.67558;0.00771959
126000;0.684756;0.00486333;0.680137;0.00214826;0.681858;0.00484621;0.680129;0.00215553;0.679088;0.00482624;0.681788;0.00216929;0.681529;0.0113156;0.675486;0.0076815
127000;0.684866;0.00484493;0.680094;0.0021396;0.681683;0.00482576;0.680007;0.00214581;0.679498;0.00480771;0.681758;0.00216196;0.681672;0.0112677;0.675096;0.00764164
128000;0.684753;0.00482536;0.680068;0.00213187;0.681632;0.00480705;0.679971;0.00213856;0.679453;0.00478887;0.681924;0.00215335;0.681901;0.0112375;0.675337;0.00762075
129000;0.684555;0.00480688;0.679915;0.00212388;0.681783;0.00479014;0.68016;0.00213163;0.679295;0.00477023;0.681797;0.00214489;0.681167;0.0111882;0.675653;0.0075884
130000;0.684507;0.0047881;0.679896;0.00211589;0.681815;0.00477176;0.68007;0.0021225;0.679193;0.00475491;0.681677;0.00213632;0.680728;0.0111379;0.675033;0.0075463
131000;0.684459;0.00476953;0.679939;0.00210811;0.681846;0.00475411;0.680012;0.00211517;0.678763;0.0047354;0.681716;0.00212914;0.681141;0.0111059;0.675248;0.00752312
132000;0.684127;0.00475002;0.679919;0.00210017;0.682399;0.00473814;0.679988;0.00210803;0.678875;0.00471797;0.681734;0.00212007;0.681489;0.0110628;0.675437;0.00750155
133000;0.683852;0.00473151;0.67995;0.00209094;0.682372;0.00471902;0.680162;0.00210045;0.678803;0.00469907;0.68174;0.00211113;0.681664;0.0110126;0.67532;0.00746772
134000;0.683817;0.0047129;0.680114;0.00208228;0.682425;0.00470208;0.680154;0.00209379;0.678549;0.00468188;0.681691;0.00210246;0.681712;0.0109573;0.675023;0.00743421
135000;0.683669;0.00469438;0.680171;0.0020738;0.682138;0.00468336;0.680179;0.00208764;0.678456;0.00466518;0.68165;0.00209463;0.681715;0.0109094;0.674918;0.00739764
136000;0.683798;0.00467624;0.680034;0.00206545;0.681906;0.0046655;0.680309;0.00208031;0.678482;0.00464714;0.681587;0.00208596;0.681172;0.0108543;0.675456;0.00738131
137000;0.684055;0.00465965;0.679908;0.00205768;0.681674;0.00464772;0.680281;0.00207154;0.678396;0.00463037;0.681596;0.00207879;0.681268;0.0108118;0.675975;0.0073611
138000;0.684349;0.00464372;0.67987;0.00204895;0.681922;0.00463023;0.680245;0.00206366;0.678173;0.00461228;0.68159;0.00207056;0.680966;0.0107594;0.675733;0.00732618
139000;0.684567;0.00462793;0.679963;0.00204142;0.681745;0.00461335;0.680239;0.00205552;0.678198;0.00459486;0.681692;0.00206268;0.680172;0.0107137;0.675606;0.00729595
140000;0.684205;0.00460927;0.679966;0.00203422;0.681523;0.00459551;0.680302;0.00204771;0.678463;0.00458058;0.68173;0.00205528;0.681211;0.0106979;0.675804;0.00726803
141000;0.684363;0.00459262;0.679998;0.00202675;0.681321;0.00457968;0.680381;0.00204034;0.678273;0.00456412;0.681511;0.00204788;0.68279;0.0106835;0.675743;0.00723563
142000;0.684041;0.00457501;0.680003;0.0020207;0.681122;0.00456167;0.680468;0.00203325;0.678544;0.0045485;0.681464;0.00204097;0.681704;0.0106328;0.675525;0.00720775
143000;0.683973;0.00455953;0.679975;0.00201387;0.681241;0.00454593;0.680364;0.0020256;0.678722;0.00453197;0.681438;0.00203352;0.681162;0.0105878;0.675298;0.00717702
144000;0.683852;0.00454341;0.679935;0.00200704;0.681192;0.00452936;0.680277;0.00201863;0.678664;0.00451614;0.68152;0.00202663;0.681811;0.0105744;0.675547;0.00717486
145000;0.683914;0.00452924;0.679965;0.00199961;0.681042;0.00451354;0.68026;0.00201278;0.678494;0.00449962;0.68131;0.00201951;0.681832;0.0105352;0.676436;0.00716488
146000;0.683564;0.00451135;0.679937;0.00199246;0.680789;0.00449691;0.680178;0.00200501;0.678619;0.0044834;0.681218;0.00201265;0.682427;0.010514;0.676417;0.00713529
147000;0.68349;0.00449506;0.679886;0.00198508;0.681031;0.0044819;0.679963;0.0019984;0.678635;0.00446924;0.681067;0.00200543;0.682335;0.010482;0.676915;0.00712864
148000;0.683423;0.00447805;0.679924;0.00197802;0.681055;0.00446646;0.679948;0.00199154;0.678347;0.00445261;0.680993;0.00199866;0.682527;0.0104411;0.676762;0.00709938
149000;0.683394;0.00446365;0.679857;0.00197065;0.681433;0.00445298;0.679738;0.00198414;0.678295;0.00443798;0.680962;0.00199249;0.682502;0.0104023;0.677001;0.00707219
150000;0.682998;0.00444688;0.679891;0.00196376;0.68166;0.00443839;0.679621;0.00197706;0.678502;0.00442364;0.680848;0.00198586;0.682489;0.0103652;0.676374;0.00704174
151000;0.683101;0.00443192;0.679805;0.0019564;0.681485;0.00442545;0.679521;0.00197092;0.678374;0.00440855;0.680811;0.00197944;0.682053;0.0103196;0.676581;0.00703141
152000;0.683003;0.00441642;0.679707;0.00194889;0.681585;0.00441094;0.679536;0.001964;0.678362;0.0043941;0.680966;0.00197301;0.682155;0.010283;0.676566;0.00701041
153000;0.683019;0.00440318;0.67965;0.00194283;0.681551;0.00439602;0.679498;0.00195675;0.678235;0.00438056;0.680965;0.00196599;0.682203;0.0102525;0.676662;0.0069867
154000;0.682873;0.00438723;0.679545;0.00193635;0.68137;0.0043814;0.679586;0.00195024;0.678483;0.00436716;0.680959;0.00195992;0.682306;0.0102126;0.676431;0.00695786
155000;0.683061;0.00437354;0.679492;0.00193088;0.681371;0.00436684;0.679595;0.00194454;0.678354;0.00435303;0.680975;0.00195358;0.68253;0.0101729;0.676458;0.00693228
156000;0.682882;0.00435912;0.679451;0.00192526;0.68123;0.0043522;0.679701;0.00193731;0.678288;0.00433833;0.681009;0.00194646;0.682185;0.0101338;0.676742;0.00691007
157000;0.682752;0.0043455;0.6795;0.00191989;0.680967;0.00433767;0.679635;0.00193125;0.678263;0.0043245;0.681066;0.00194006;0.682532;0.0101007;0.677196;0.00689806
158000;0.682685;0.00433159;0.679558;0.00191309;0.681213;0.00432493;0.679565;0.00192539;0.678084;0.00430954;0.681231;0.00193382;0.682362;0.0100624;0.677623;0.00689342
159000;0.682467;0.00431794;0.679608;0.00190658;0.68112;0.00431045;0.67949;0.00191865;0.67813;0.00429736;0.681222;0.00192717;0.682373;0.0100349;0.677593;0.00686474
160000;0.682195;0.00430311;0.679536;0.00190092;0.68104;0.0042977;0.679365;0.00191222;0.67804;0.00428364;0.681135;0.00192118;0.682718;0.0100083;0.677729;0.00684391
161000;0.682046;0.00428866;0.679589;0.00189525;0.681163;0.00428424;0.679367;0.00190587;0.67829;0.00427029;0.681067;0.0019147;0.68226;0.00997327;0.678209;0.00682934
162000;0.681885;0.0042759;0.679548;0.00188907;0.681074;0.00427006;0.679308;0.00189943;0.678423;0.00425696;0.681116;0.0019085;0.683119;0.00995575;0.678117;0.00680284
163000;0.681398;0.0042616;0.679537;0.0018832;0.680991;0.00425688;0.679353;0.00189418;0.678485;0.00424359;0.681087;0.0019035;0.682851;0.00992239;0.677798;0.00677644
164000;0.681299;0.00425011;0.67948;0.0018774;0.681036;0.00424383;0.679218;0.00188771;0.678423;0.00423137;0.681093;0.00189764;0.683055;0.00991515;0.677682;0.0067523
165000;0.681355;0.00423884;0.679564;0.00187268;0.68117;0.00423116;0.679242;0.00188192;0.678385;0.00421894;0.681039;0.0018916;0.683461;0.00989478;0.677623;0.00672827
166000;0.68118;0.00422511;0.679453;0.00186692;0.681357;0.00421949;0.679347;0.00187669;0.678159;0.00420618;0.680989;0.00188619;0.68318;0.00985495;0.67748;0.00670492
167000;0.681159;0.00421226;0.679436;0.00186215;0.681365;0.00420655;0.679324;0.00187056;0.6781;0.00419371;0.68083;0.00187989;0.683061;0.0098195;0.676958;0.00667624
168000;0.681362;0.00420087;0.679589;0.00185709;0.681602;0.00419313;0.679317;0.00186443;0.678019;0.00418116;0.680733;0.0018749;0.682303;0.00977725;0.677389;0.00666137
169000;0.681204;0.00418801;0.679559;0.001852;0.681631;0.0041814;0.679337;0.00185889;0.678047;0.00417014;0.680759;0.00186937;0.682473;0.00975311;0.677337;0.00664326
170000;0.681093;0.00417503;0.6797;0.00184704;0.68152;0.00416856;0.679333;0.00185328;0.678168;0.00415986;0.68079;0.00186369;0.682475;0.00972579;0.677402;0.0066271
171000;0.680906;0.0041627;0.679703;0.00184176;0.681734;0.0041573;0.679445;0.00184723;0.677895;0.00414672;0.680803;0.00185826;0.682404;0.00969748;0.677288;0.00660717
172000;0.680939;0.00415035;0.67978;0.00183706;0.681771;0.004145;0.679362;0.00184168;0.678292;0.00413709;0.680709;0.00185241;0.682923;0.00967145;0.677059;0.00658581
173000;0.680825;0.00413676;0.679757;0.0018321;0.681454;0.00413126;0.679378;0.00183648;0.678643;0.00412557;0.680745;0.00184733;0.683549;0.00966262;0.677088;0.00656353
174000;0.68072;0.00412478;0.679623;0.00182646;0.681282;0.00411844;0.679471;0.00183099;0.678668;0.00411351;0.680735;0.00184117;0.682904;0.0096274;0.677166;0.00654515
175000;0.680694;0.00411268;0.679574;0.00182132;0.681201;0.00410671;0.679539;0.00182622;0.67849;0.00410059;0.680682;0.00183549;0.682774;0.00959814;0.677297;0.0065307
176000;0.680637;0.00410032;0.679623;0.0018157;0.68117;0.00409409;0.679535;0.00182153;0.678353;0.00408965;0.680697;0.00183012;0.682764;0.00956732;0.677503;0.00651371
177000;0.680473;0.00408771;0.679592;0.0018108;0.68122;0.0040825;0.67951;0.00181644;0.678475;0.00407855;0.680799;0.0018247;0.683005;0.00955272;0.67737;0.00649253
178000;0.680616;0.00407647;0.679545;0.00180584;0.681042;0.00407041;0.679503;0.00181093;0.678475;0.00406702;0.680726;0.001819;0.682855;0.00951913;0.677194;0.00647493
179000;0.680805;0.00406587;0.679513;0.0018011;0.680931;0.00405761;0.679436;0.00180568;0.678472;0.00405519;0.680778;0.00181513;0.683286;0.0095172;0.677103;0.00645134
180000;0.680686;0.0040533;0.679532;0.00179683;0.681031;0.00404717;0.679458;0.001801;0.67825;0.00404291;0.680782;0.00180956;0.683015;0.00948791;0.677359;0.00643243
181000;0.68088;0.00404276;0.679512;0.00179205;0.681226;0.00403641;0.679413;0.00179549;0.678363;0.00403178;0.68071;0.00180421;0.683025;0.00945906;0.67754;0.00641717
182000;0.680918;0.00403185;0.679459;0.00178652;0.681442;0.00402584;0.679386;0.00179022;0.678711;0.00402254;0.680741;0.00179889;0.683139;0.00943332;0.677378;0.00639839
183000;0.681142;0.00402153;0.679493;0.00178142;0.681375;0.00401498;0.679398;0.00178463;0.678431;0.00401109;0.680673;0.00179353;0.682587;0.00939715;0.677244;0.0063787
184000;0.680853;0.00400984;0.679444;0.0017763;0.681204;0.00400385;0.679398;0.00177997;0.678348;0.00400036;0.680558;0.00178824;0.682112;0.00936399;0.677402;0.00636092
185000;0.680719;0.00399842;0.679507;0.00177131;0.681219;0.00399296;0.679461;0.00177497;0.678549;0.00399074;0.680594;0.0017832;0.681727;0.00932738;0.677353;0.00634269
186000;0.680744;0.00398743;0.679546;0.00176621;0.681635;0.00398379;0.679501;0.00177003;0.678498;0.00398014;0.680573;0.00177809;0.681894;0.00930045;0.677218;0.00632473
187000;0.680906;0.00397649;0.679502;0.00176256;0.681586;0.00397266;0.679468;0.00176458;0.678415;0.00396905;0.680601;0.00177304;0.682031;0.00927541;0.677324;0.0063059
188000;0.68076;0.00396631;0.679445;0.00175812;0.681456;0.00396213;0.679583;0.00175968;0.678416;0.00395985;0.68061;0.00176847;0.681951;0.00925067;0.67768;0.00629256
189000;0.680713;0.00395574;0.679483;0.00175335;0.681325;0.00395057;0.679632;0.00175511;0.678582;0.0039494;0.680763;0.00176421;0.681976;0.00922278;0.67761;0.00627484
190000;0.680791;0.00394554;0.679413;0.00175164;0.681435;0.00393955;0.67963;0.0017505;0.678398;0.00393944;0.680781;0.00175996;0.682411;0.00920608;0.677471;0.00625472
191000;0.681023;0.00393603;0.679403;0.00174703;0.681329;0.00393012;0.679672;0.00174585;0.678291;0.00392843;0.680811;0.00175509;0.682282;0.00917934;0.677318;0.0062342
192000;0.681238;0.00392698;0.67949;0.00174304;0.681486;0.00391955;0.679614;0.0017419;0.678121;0.00391678;0.680702;0.00174989;0.682314;0.00916041;0.677407;0.00621736
193000;0.681301;0.00391665;0.679345;0.00173923;0.681641;0.00390971;0.679701;0.00173878;0.678281;0.0039058;0.680678;0.00174514;0.682729;0.00914244;0.677571;0.00619968
194000;0.681239;0.00390667;0.679417;0.0017348;0.681609;0.00390067;0.679707;0.00173429;0.678134;0.0038943;0.6808;0.00174141;0.683122;0.00913588;0.67759;0.00617971
195000;0.681241;0.003896;0.679382;0.00173033;0.681571;0.0038914;0.679723;0.00172925;0.678081;0.00388434;0.680807;0.0017365;0.682858;0.00910965;0.678057;0.00616677
196000;0.681131;0.00388531;0.679378;0.00172548;0.681639;0.00388174;0.679708;0.00172457;0.678159;0.00387424;0.680845;0.00173234;0.683051;0.00908573;0.6783;0.00615007
197000;0.680991;0.00387468;0.679359;0.00172135;0.681748;0.0038726;0.679622;0.00171971;0.67792;0.0038629;0.680912;0.00172786;0.682429;0.00905425;0.678072;0.00613681
198000;0.680995;0.00386431;0.67935;0.00171708;0.681825;0.00386341;0.679561;0.00171531;0.678058;0.0038527;0.680908;0.0017232;0.682119;0.00902481;0.677848;0.00611672
199000;0.68104;0.00385416;0.679428;0.00171299;0.681599;0.00385261;0.679506;0.00171132;0.678075;0.00384314;0.680886;0.00171836;0.682353;0.00900118;0.677443;0.00609791
200000;0.680876;0.00384475;0.679239;0.00170874;0.681717;0.00384356;0.679534;0.00170659;0.677885;0.00383335;0.680848;0.00171401;0.682335;0.00898043;0.677251;0.00607903
201000;0.68079;0.00383413;0.679208;0.00170432;0.681914;0.00383382;0.679478;0.00170181;0.677957;0.00382417;0.680787;0.00170945;0.682196;0.00895152;0.677227;0.00606588
202000;0.680651;0.00382376;0.679286;0.00169997;0.681754;0.0038232;0.679591;0.00169796;0.677933;0.00381426;0.680697;0.0017049;0.68262;0.00894271;0.677166;0.00605282
203000;0.68063;0.00381443;0.679178;0.00169558;0.681636;0.00381433;0.679618;0.00169394;0.677848;0.00380534;0.680644;0.00170077;0.682561;0.0089165;0.677078;0.00603562
204000;0.680862;0.00380541;0.679171;0.00169139;0.681929;0.00380631;0.679642;0.00168995;0.67804;0.00379646;0.68065;0.00169659;0.682287;0.00888576;0.676861;0.0060187
205000;0.680955;0.00379573;0.679141;0.00168674;0.682066;0.00379779;0.679557;0.00168607;0.678099;0.00378767;0.68063;0.00169223;0.682503;0.0088634;0.677114;0.00600605
206000;0.680921;0.003786;0.679115;0.00168268;0.682239;0.00378922;0.679519;0.00168182;0.678362;0.00377832;0.680617;0.00168783;0.682396;0.00884567;0.677063;0.00598877
207000;0.681165;0.00377747;0.679116;0.00167876;0.682062;0.00377902;0.679618;0.00167805;0.6783;0.00376888;0.680561;0.00168322;0.682146;0.0088236;0.676699;0.00596977
208000;0.681188;0.00376784;0.679178;0.00167426;0.681993;0.00376939;0.679588;0.00167388;0.678177;0.00375974;0.680499;0.00167937;0.682147;0.00879862;0.67657;0.00595389
209000;0.680925;0.00375764;0.679165;0.00167028;0.682068;0.00376132;0.679532;0.0016702;0.678299;0.00375153;0.680565;0.00167552;0.681347;0.00876677;0.676563;0.00594215
210000;0.681021;0.00374903;0.679217;0.0016665;0.682088;0.00375198;0.679517;0.00166622;0.678549;0.00374248;0.680416;0.00167114;0.680999;0.00873852;0.676503;0.00592282
211000;0.681182;0.003741;0.679272;0.00166262;0.681944;0.00374279;0.679497;0.00166232;0.678589;0.00373328;0.6803;0.00166681;0.680916;0.00871414;0.676407;0.0059078
212000;0.681185;0.00373127;0.679283;0.0016587;0.681928;0.00373354;0.679601;0.00165876;0.678538;0.00372363;0.680209;0.00166267;0.68118;0.00870772;0.676454;0.00589553
213000;0.681077;0.0037224;0.679206;0.001654;0.682137;0.00372503;0.679607;0.00165475;0.678407;0.003715;0.680226;0.00165879;0.680788;0.00867856;0.676028;0.00587612
214000;0.681005;0.00371308;0.679251;0.0016505;0.682199;0.00371577;0.679605;0.00165179;0.678365;0.00370579;0.680177;0.00165597;0.680599;0.00865613;0.676092;0.00586363
215000;0.681096;0.00370541;0.679264;0.00164728;0.682299;0.00370707;0.679471;0.00164758;0.678115;0.00369668;0.680178;0.00165154;0.680877;0.00864044;0.675861;0.00584619
216000;0.681127;0.00369657;0.679344;0.00164345;0.682094;0.00369823;0.679485;0.00164432;0.678141;0.00368742;0.680082;0.00164756;0.680814;0.00862605;0.675818;0.00582996
217000;0.681137;0.00368825;0.67938;0.00163963;0.681875;0.00368962;0.67956;0.00164075;0.678076;0.00367827;0.680042;0.00164361;0.680995;0.00860434;0.675468;0.00581233
218000;0.680913;0.00367895;0.679376;0.00163559;0.681929;0.00368124;0.679516;0.00163649;0.678041;0.00367113;0.679981;0.00164067;0.681343;0.00858748;0.675181;0.00579829
219000;0.680878;0.003671;0.679436;0.00163198;0.681711;0.0036718;0.67949;0.00163259;0.677942;0.00366292;0.680016;0.00163689;0.680814;0.00856606;0.675128;0.00578182
220000;0.681001;0.00366276;0.679507;0.00162833;0.681762;0.00366372;0.679461;0.00162858;0.677894;0.00365473;0.680009;0.0016332;0.680885;0.00854374;0.675327;0.00576985
221000;0.680886;0.00365423;0.679487;0.00162438;0.681696;0.00365491;0.679452;0.00162575;0.67803;0.0036471;0.680048;0.00162943;0.681183;0.00852695;0.675167;0.00575398
222000;0.680897;0.00364679;0.679443;0.00162069;0.681608;0.0036468;0.679434;0.0016221;0.678168;0.00363938;0.680033;0.00162568;0.6809;0.00850524;0.675255;0.0057392
223000;0.680856;0.00363826;0.679411;0.00161692;0.681705;0.00363955;0.679451;0.00161847;0.677807;0.00363021;0.680047;0.00162175;0.680431;0.00847817;0.674993;0.00572301
224000;0.680931;0.00363003;0.67937;0.00161333;0.681431;0.00363051;0.679448;0.0016152;0.677742;0.00362189;0.680107;0.00161827;0.680478;0.00846136;0.674922;0.00570857
225000;0.680858;0.00362182;0.679397;0.00160991;0.681522;0.00362228;0.679403;0.00161153;0.677889;0.00361415;0.680156;0.00161464;0.680382;0.00844143;0.675213;0.00569883
226000;0.680684;0.0036135;0.679354;0.00160615;0.681453;0.0036132;0.679493;0.00160827;0.677912;0.00360661;0.68019;0.00161148;0.680574;0.00842835;0.675374;0.00569189
227000;0.68053;0.00360431;0.679416;0.00160224;0.681556;0.00360616;0.67952;0.00160479;0.677757;0.00359814;0.680239;0.00160811;0.680604;0.00840752;0.675461;0.00567879
228000;0.68052;0.00359629;0.679554;0.00159947;0.681454;0.00359796;0.679535;0.00160156;0.677787;0.00359049;0.68028;0.00160467;0.680251;0.00838309;0.675356;0.00566492
229000;0.680547;0.00358824;0.679527;0.0015963;0.681451;0.00358983;0.679503;0.00159839;0.677702;0.00358197;0.680351;0.00160142;0.680796;0.00837796;0.675259;0.00565095
230000;0.680283;0.00357996;0.679554;0.0015929;0.681462;0.0035829;0.679459;0.00159449;0.677675;0.00357397;0.680325;0.00159764;0.680968;0.00836129;0.675399;0.00563836
231000;0.680374;0.0035726;0.679542;0.00158917;0.681226;0.00357539;0.679425;0.00159057;0.677414;0.00356526;0.680377;0.00159404;0.680674;0.00834311;0.675409;0.00562653
232000;0.680461;0.0035656;0.679517;0.00158565;0.681275;0.0035679;0.679321;0.00158692;0.677472;0.00355728;0.680334;0.00159034;0.680926;0.00832583;0.675327;0.00561154
233000;0.680144;0.00355686;0.679502;0.00158218;0.681197;0.0035598;0.679315;0.00158338;0.677552;0.00354971;0.680316;0.00158678;0.681023;0.00830462;0.67519;0.00559602
234000;0.680116;0.00354894;0.679626;0.00157865;0.681384;0.00355326;0.679311;0.00157978;0.677424;0.00354181;0.680348;0.00158297;0.680934;0.00829455;0.675412;0.00558597
235000;0.6801;0.00354187;0.679638;0.00157541;0.681288;0.00354498;0.679201;0.00157603;0.677502;0.00353367;0.680332;0.00157948;0.681247;0.00827857;0.675284;0.00557197
236000;0.680107;0.00353374;0.679665;0.00157252;0.681064;0.00353706;0.679174;0.00157263;0.677481;0.00352609;0.680305;0.00157603;0.681737;0.00827351;0.675348;0.00555887
237000;0.680079;0.00352584;0.6796;0.00156918;0.681214;0.00353006;0.679163;0.00156977;0.677161;0.00351823;0.680257;0.00157279;0.681929;0.0082528;0.675351;0.00554715
238000;0.679861;0.00351784;0.679603;0.00156598;0.681223;0.00352246;0.67919;0.00156669;0.677039;0.00351051;0.680266;0.0015693;0.6824;0.00823883;0.675034;0.00553254
239000;0.679838;0.00351094;0.679564;0.00156302;0.681372;0.0035149;0.679214;0.00156306;0.677106;0.00350315;0.6802;0.00156613;0.68251;0.00822099;0.675303;0.00552524
240000;0.679763;0.00350387;0.679595;0.00156;0.68144;0.00350884;0.679199;0.00155977;0.677097;0.00349582;0.680308;0.00156339;0.682244;0.0081986;0.675096;0.005514
241000;0.679636;0.00349665;0.679516;0.00155627;0.681535;0.00350181;0.679197;0.00155628;0.677323;0.0034899;0.680304;0.00156043;0.682335;0.00817949;0.675086;0.00550182
242000;0.679579;0.00348983;0.679549;0.00155275;0.681466;0.00349507;0.679198;0.00155311;0.677618;0.00348369;0.680348;0.00155724;0.682193;0.00816482;0.675234;0.00548961
243000;0.679583;0.00348308;0.67957;0.00155021;0.681361;0.00348755;0.679194;0.00155004;0.677696;0.00347653;0.680254;0.00155371;0.682554;0.00815146;0.675221;0.00547685
244000;0.679639;0.00347661;0.67958;0.00154691;0.681315;0.00348057;0.679157;0.00154671;0.67792;0.00346996;0.680193;0.0015505;0.682618;0.00813115;0.675274;0.00546805
245000;0.679629;0.0034696;0.679563;0.00154354;0.681333;0.00347338;0.67917;0.00154335;0.677954;0.00346256;0.68016;0.00154709;0.683054;0.00812245;0.675001;0.00545343
246000;0.679485;0.00346238;0.679553;0.00154049;0.681324;0.00346583;0.679165;0.00154034;0.67783;0.00345501;0.68013;0.00154419;0.683154;0.0081052;0.674896;0.00544235
247000;0.679346;0.0034549;0.679571;0.0015374;0.681287;0.003459;0.679125;0.0015379;0.678043;0.00344822;0.680084;0.00154089;0.68271;0.00808144;0.674628;0.00542831
248000;0.679475;0.00344841;0.679567;0.0015342;0.681345;0.00345152;0.679178;0.00153468;0.678071;0.00344112;0.680098;0.00153741;0.682292;0.00806052;0.674452;0.0054156
249000;0.679614;0.00344228;0.679547;0.00153128;0.681281;0.00344466;0.679207;0.00153204;0.678069;0.00343467;0.680155;0.00153404;0.682072;0.00804047;0.674362;0.00540706
250000;0.6796;0.00343503;0.679605;0.00152788;0.681288;0.00343783;0.679292;0.00152945;0.678028;0.00342715;0.680186;0.00153075;0.681758;0.00801802;0.6743;0.00539506
251000;0.679535;0.00342813;0.679691;0.00152518;0.681249;0.0034309;0.679227;0.00152584;0.678178;0.00342099;0.680248;0.00152819;0.6813;0.00799422;0.674269;0.00538285
252000;0.679564;0.00342133;0.679684;0.00152182;0.681363;0.00342574;0.679226;0.00152323;0.678114;0.00341412;0.680312;0.00152507;0.68126;0.00797622;0.674329;0.00537268
253000;0.679611;0.00341515;0.679672;0.00151855;0.681428;0.00341952;0.679287;0.00152027;0.677997;0.00340695;0.680223;0.00152187;0.681441;0.00796183;0.674218;0.00536037
254000;0.679769;0.00340935;0.679632;0.00151554;0.681257;0.0034125;0.67926;0.00151702;0.677977;0.00340016;0.680208;0.00151863;0.681971;0.00795347;0.674188;0.00534793
255000;0.679966;0.00340309;0.679711;0.00151266;0.681253;0.00340601;0.679286;0.00151414;0.678081;0.0033938;0.680193;0.00151531;0.681881;0.00794264;0.674545;0.00533888
256000;0.680041;0.00339695;0.679718;0.00150949;0.681126;0.00339881;0.679273;0.00151088;0.677834;0.00338614;0.680159;0.00151191;0.681958;0.00793178;0.67476;0.00532805
257000;0.680199;0.00339049;0.679765;0.00150664;0.681322;0.00339223;0.679303;0.00150816;0.677815;0.00337898;0.680199;0.0015087;0.681982;0.0079158;0.674951;0.00531834
258000;0.680172;0.00338396;0.679761;0.00150397;0.681294;0.00338527;0.679323;0.00150495;0.677794;0.00337242;0.68018;0.00150602;0.681924;0.00789887;0.675061;0.00530745
259000;0.680084;0.00337734;0.679805;0.00150158;0.681224;0.0033792;0.679336;0.00150185;0.677613;0.0033651;0.680199;0.00150338;0.681795;0.0078797;0.674772;0.00529611
260000;0.68008;0.00337139;0.679896;0.00149904;0.681208;0.00337279;0.679314;0.00149845;0.677732;0.00335972;0.680252;0.00150024;0.682014;0.0078753;0.674809;0.00528557
261000;0.680199;0.0033653;0.679884;0.00149623;0.681142;0.0033658;0.679352;0.00149584;0.677806;0.00335325;0.680278;0.00149791;0.682405;0.00786415;0.674975;0.00527839
262000;0.680167;0.00335955;0.679834;0.00149314;0.681179;0.00335943;0.679334;0.00149284;0.677852;0.00334738;0.680201;0.00149501;0.682819;0.00786023;0.675074;0.00526896
263000;0.680053;0.00335265;0.679867;0.00149034;0.681373;0.00335339;0.679334;0.00148999;0.677817;0.00334086;0.680254;0.00149223;0.68267;0.00783994;0.674794;0.00525493
264000;0.680114;0.00334663;0.679819;0.00148712;0.681332;0.00334707;0.679345;0.00148724;0.67772;0.00333482;0.680314;0.00148938;0.683015;0.00782723;0.674863;0.00524675
265000;0.680136;0.00334019;0.679806;0.00148418;0.681461;0.00334136;0.679286;0.0014842;0.677665;0.0033283;0.680388;0.00148673;0.682882;0.00780997;0.67482;0.00523491
266000;0.679976;0.00333351;0.679813;0.00148125;0.681478;0.00333458;0.679319;0.00148182;0.677578;0.00332171;0.680455;0.00148402;0.682787;0.0077938;0.674866;0.00522642
267000;0.680024;0.00332675;0.679914;0.00147899;0.681499;0.00332796;0.679379;0.00147942;0.677684;0.00331525;0.6804;0.00148097;0.682921;0.00777935;0.67455;0.00521329
268000;0.68005;0.00332052;0.679934;0.00147625;0.681524;0.00332109;0.679392;0.00147646;0.677628;0.00330919;0.680344;0.00147811;0.682391;0.00775672;0.674338;0.00520119
269000;0.680109;0.00331411;0.679857;0.00147348;0.681682;0.00331534;0.67944;0.00147384;0.67773;0.00330338;0.680344;0.00147542;0.682093;0.00773815;0.674145;0.00519072
270000;0.679807;0.00330741;0.679889;0.00147059;0.681532;0.00330869;0.679421;0.00147107;0.677676;0.00329698;0.680295;0.00147265;0.682367;0.00772659;0.674417;0.00518164
271000;0.679674;0.00330088;0.679984;0.00146794;0.681553;0.0033025;0.679465;0.00146855;0.677701;0.00329122;0.680274;0.00146998;0.682157;0.00771012;0.674484;0.00517201
272000;0.6796;0.00329467;0.679912;0.00146493;0.681542;0.0032958;0.679446;0.00146587;0.677825;0.00328542;0.680334;0.00146718;0.681861;0.00769235;0.674507;0.00516174
273000;0.679396;0.00328822;0.679954;0.00146241;0.681769;0.00329046;0.679456;0.00146301;0.677847;0.00327936;0.680454;0.00146443;0.682048;0.00768252;0.674741;0.00515165
274000;0.679502;0.00328216;0.680018;0.00145976;0.681847;0.00328478;0.679411;0.00146006;0.677822;0.00327309;0.680482;0.00146183;0.682164;0.00766882;0.674755;0.00514094
275000;0.679368;0.00327538;0.680009;0.00145715;0.681801;0.00327887;0.679423;0.00145764;0.67794;0.00326715;0.680586;0.00145935;0.682128;0.00765435;0.674724;0.00512837
276000;0.679519;0.00326984;0.679933;0.00145484;0.681852;0.00327309;0.679423;0.00145499;0.677945;0.00326078;0.680568;0.00145678;0.682211;0.00764035;0.6745;0.00511696
277000;0.679441;0.00326401;0.67996;0.00145295;0.681797;0.00326703;0.679431;0.00145218;0.677995;0.00325464;0.680521;0.00145379;0.682304;0.00762529;0.674472;0.00511005
278000;0.679342;0.00325725;0.679944;0.00145047;0.68175;0.00326089;0.679395;0.00144941;0.678049;0.003249;0.680443;0.00145098;0.682174;0.00760988;0.674338;0.00509789
279000;0.679278;0.00325118;0.679934;0.00144778;0.68188;0.0032557;0.679419;0.00144698;0.678217;0.00324356;0.680467;0.00144827;0.682124;0.00759726;0.674311;0.00508915
280000;0.67916;0.00324511;0.679911;0.00144524;0.68196;0.00325027;0.679369;0.00144428;0.678277;0.00323749;0.680416;0.00144532;0.682229;0.00758454;0.674232;0.00507787
281000;0.679249;0.00323979;0.67999;0.00144291;0.681938;0.00324443;0.679448;0.00144166;0.678248;0.00323142;0.680435;0.00144236;0.682285;0.00757357;0.674101;0.00506791
282000;0.679103;0.00323332;0.679978;0.00144037;0.681956;0.00323817;0.679367;0.0014388;0.678313;0.00322606;0.680464;0.00144051;0.682619;0.00755958;0.674333;0.00506221
283000;0.679115;0.00322735;0.679979;0.00143782;0.681887;0.00323301;0.679322;0.00143604;0.678327;0.00322006;0.680425;0.00143756;0.683007;0.00754809;0.674494;0.00505353
284000;0.679085;0.00322183;0.680018;0.00143529;0.681904;0.00322782;0.679391;0.00143363;0.678426;0.00321432;0.68038;0.00143474;0.682764;0.00753122;0.67444;0.00504395
285000;0.678912;0.00321539;0.680086;0.0014333;0.681983;0.0032222;0.679375;0.00143099;0.678528;0.00320874;0.680343;0.00143211;0.683219;0.00751941;0.674442;0.00503426
286000;0.678874;0.00321109;0.680082;0.00143095;0.681909;0.0032161;0.679409;0.00142864;0.678547;0.00320288;0.680413;0.00143018;0.683659;0.00752129;0.67452;0.00502553
287000;0.678998;0.00320598;0.680142;0.00142838;0.681846;0.00321011;0.679395;0.00142606;0.678662;0.0031974;0.680422;0.00142781;0.683741;0.00751324;0.67445;0.00501644
288000;0.678885;0.00320007;0.68014;0.00142613;0.681641;0.00320365;0.679326;0.00142352;0.678688;0.00319189;0.680502;0.00142537;0.68351;0.00749778;0.674317;0.00500531
289000;0.678906;0.00319416;0.680129;0.00142362;0.681624;0.00319778;0.679408;0.00142119;0.678822;0.00318683;0.680486;0.00142266;0.683685;0.00748322;0.674286;0.00499878
290000;0.678609;0.00318824;0.680117;0.00142166;0.68183;0.00319219;0.67937;0.00141905;0.678829;0.00318139;0.680489;0.00142035;0.683729;0.00747081;0.67465;0.00499478
291000;0.678599;0.00318287;0.680197;0.00141914;0.681854;0.00318668;0.679359;0.00141652;0.678782;0.00317586;0.680496;0.00141772;0.683491;0.00745363;0.674727;0.0049852
292000;0.678733;0.00317832;0.680143;0.00141662;0.681848;0.00318121;0.679366;0.00141425;0.678656;0.00317021;0.680512;0.00141537;0.683308;0.00743556;0.674608;0.00497649
293000;0.678821;0.00317347;0.680179;0.00141429;0.681908;0.00317564;0.679353;0.00141213;0.678524;0.00316466;0.680438;0.00141282;0.683258;0.0074246;0.67479;0.00497151
294000;0.678971;0.00316862;0.680192;0.00141166;0.68182;0.0031699;0.679372;0.00141002;0.67866;0.00315929;0.680454;0.00141034;0.683063;0.00740762;0.674901;0.00496553
295000;0.678887;0.00316247;0.680143;0.0014096;0.681907;0.00316448;0.679438;0.001408;0.67874;0.00315447;0.680393;0.00140751;0.683187;0.00739561;0.674896;0.00495635
296000;0.678889;0.00315707;0.68013;0.00140733;0.681834;0.00315867;0.679403;0.00140567;0.678697;0.0031491;0.680394;0.00140573;0.683271;0.00738247;0.674867;0.00494718
297000;0.679043;0.0031521;0.680122;0.001405;0.681795;0.00315392;0.679414;0.00140384;0.678665;0.003144;0.680446;0.00140358;0.682972;0.00736817;0.675066;0.00494087
298000;0.678988;0.00314672;0.680104;0.00140275;0.681861;0.003149;0.67942;0.00140151;0.678567;0.00313874;0.680441;0.00140113;0.682633;0.00735143;0.674994;0.00493167
299000;0.679059;0.00314234;0.680121;0.00140051;0.681855;0.00314365;0.679388;0.00139903;0.678522;0.00313318;0.680448;0.00139872;0.682405;0.00733443;0.675108;0.00492593
300000;0.678921;0.00313651;0.680072;0.00139787;0.681874;0.00313839;0.679377;0.00139657;0.678576;0.00312801;0.680442;0.0013964;0.682662;0.00733781;0.675328;0.00491803
301000;0.679032;0.00313112;0.680046;0.00139559;0.68175;0.0031331;0.679371;0.00139415;0.678781;0.00312359;0.680492;0.00139408;0.682249;0.00732205;0.675277;0.00490902
302000;0.678946;0.0031256;0.680067;0.00139342;0.681639;0.00312766;0.679379;0.00139163;0.678938;0.00311867;0.680491;0.00139165;0.682246;0.00731003;0.675241;0.00489966
303000;0.678846;0.0031203;0.680122;0.00139159;0.681483;0.00312177;0.679367;0.00138982;0.678919;0.00311463;0.680541;0.00138901;0.682038;0.00729615;0.675109;0.00489028
304000;0.678819;0.00311528;0.6801;0.00138907;0.681412;0.00311629;0.679377;0.00138766;0.678832;0.00310915;0.68058;0.00138656;0.681643;0.00728138;0.675035;0.0048841
305000;0.678868;0.00311017;0.680159;0.00138697;0.681393;0.0031108;0.6794;0.00138526;0.678936;0.0031045;0.680545;0.00138437;0.681649;0.00726793;0.674951;0.00487517
306000;0.678932;0.00310512;0.68018;0.00138438;0.681298;0.00310569;0.679386;0.00138299;0.679017;0.00309988;0.680512;0.00138192;0.681755;0.00725608;0.674872;0.00487024
307000;0.67895;0.00309993;0.680126;0.00138208;0.681392;0.00310074;0.679355;0.00138079;0.678974;0.00309434;0.680493;0.00137935;0.681614;0.00724165;0.675171;0.00486757
308000;0.67888;0.0030942;0.680142;0.00137999;0.681264;0.00309518;0.679352;0.00137836;0.678865;0.00308883;0.680519;0.00137714;0.681559;0.00722717;0.675327;0.00486254
309000;0.678847;0.00308877;0.680156;0.00137773;0.681207;0.00308989;0.679429;0.00137642;0.679061;0.00308429;0.680464;0.00137481;0.681732;0.00721609;0.675375;0.00485549
310000;0.678738;0.00308344;0.680213;0.00137577;0.681444;0.0030853;0.679492;0.00137438;0.679082;0.00307914;0.680445;0.00137253;0.681886;0.00720418;0.675458;0.00484717
311000;0.678635;0.00307831;0.68024;0.00137394;0.681549;0.00308054;0.679498;0.00137201;0.679061;0.00307421;0.680462;0.00137062;0.681557;0.00719067;0.675462;0.00483919
312000;0.678747;0.00307352;0.680285;0.00137184;0.681519;0.00307539;0.679525;0.00136965;0.679175;0.00306936;0.680435;0.00136841;0.681539;0.0071817;0.675536;0.0048333
313000;0.678651;0.00306861;0.680321;0.00136961;0.68158;0.0030706;0.679533;0.00136704;0.679114;0.00306432;0.680491;0.00136628;0.681951;0.00717218;0.675445;0.00482347
314000;0.678629;0.00306369;0.680254;0.00136746;0.681586;0.00306524;0.679506;0.00136455;0.679057;0.00305945;0.68052;0.00136421;0.682008;0.00716068;0.675439;0.004815
315000;0.67867;0.00305882;0.680281;0.00136512;0.681609;0.00306054;0.679521;0.00136243;0.67922;0.00305487;0.680546;0.00136229;0.681662;0.00714422;0.675316;0.00480672
316000;0.678618;0.00305393;0.680331;0.00136315;0.681549;0.0030553;0.679582;0.00136058;0.67917;0.00304963;0.680591;0.00136006;0.681929;0.00713401;0.675303;0.00479791
317000;0.678731;0.00304949;0.68032;0.00136074;0.681542;0.00305021;0.679548;0.00135812;0.67909;0.00304453;0.680571;0.00135785;0.681709;0.00711962;0.675353;0.00479276
318000;0.678604;0.00304416;0.680407;0.00135874;0.681658;0.00304612;0.67949;0.0013558;0.679064;0.00303933;0.680561;0.00135549;0.681458;0.00710545;0.675682;0.00478743
319000;0.678628;0.00303954;0.680373;0.00135623;0.681709;0.00304175;0.679481;0.0013536;0.67891;0.00303423;0.680543;0.00135359;0.681647;0.00710363;0.675842;0.00478206
320000;0.678541;0.00303464;0.680365;0.00135403;0.681639;0.00303738;0.679536;0.0013519;0.678761;0.00302918;0.680493;0.0013515;0.681997;0.00709726;0.675877;0.00477554
321000;0.678497;0.00303019;0.680413;0.00135193;0.681654;0.00303281;0.679438;0.0013496;0.678737;0.00302425;0.680521;0.00134958;0.682436;0.00709153;0.675897;0.00477146
322000;0.678483;0.00302546;0.68043;0.00134961;0.681652;0.00302803;0.67944;0.00134764;0.678806;0.00301955;0.680526;0.00134737;0.682169;0.00707803;0.6758;0.0047637
323000;0.678343;0.00302023;0.680442;0.00134741;0.681651;0.00302318;0.679366;0.00134528;0.678792;0.0030148;0.680539;0.00134537;0.682254;0.00706606;0.675808;0.00475591
324000;0.678401;0.00301548;0.680426;0.00134553;0.681535;0.00301858;0.679323;0.00134306;0.678849;0.00301018;0.680529;0.0013434;0.682131;0.00705191;0.675925;0.00475017
325000;0.678237;0.00301062;0.680444;0.00134344;0.68158;0.00301387;0.679337;0.00134079;0.678786;0.00300557;0.680502;0.00134118;0.682143;0.00704267;0.675865;0.00474036
326000;0.678369;0.00300707;0.680453;0.00134138;0.681485;0.003009;0.679396;0.00133891;0.678881;0.00300067;0.680551;0.00133902;0.681912;0.00702931;0.675857;0.00473222
327000;0.678323;0.00300281;0.680495;0.00133912;0.681429;0.00300442;0.679362;0.00133669;0.678869;0.00299604;0.680518;0.00133747;0.681685;0.00701473;0.675942;0.00472561
328000;0.678391;0.0029985;0.68046;0.00133681;0.681329;0.00299988;0.6793;0.00133447;0.679026;0.00299169;0.680488;0.00133521;0.681786;0.00700557;0.675741;0.00471607
329000;0.67834;0.00299374;0.680422;0.00133459;0.681316;0.00299511;0.679244;0.00133227;0.679065;0.00298784;0.680469;0.00133315;0.681912;0.00699721;0.675934;0.00471015
330000;0.678422;0.00298947;0.680401;0.00133239;0.681246;0.00299051;0.67921;0.00133008;0.679055;0.00298316;0.680494;0.00133136;0.681911;0.00698655;0.675834;0.00470083
331000;0.678335;0.00298426;0.680429;0.00133041;0.681175;0.00298608;0.679167;0.00132758;0.679022;0.00297836;0.680513;0.0013295;0.68196;0.00697817;0.675718;0.00469369
332000;0.678164;0.00297947;0.680442;0.00132862;0.681207;0.00298183;0.679148;0.00132541;0.679134;0.00297374;0.680504;0.0013274;0.682142;0.00697036;0.67582;0.00468725
333000;0.678379;0.00297548;0.680439;0.00132636;0.681104;0.00297728;0.67917;0.00132362;0.679297;0.00296946;0.680532;0.00132563;0.682009;0.00695639;0.67563;0.0046784
334000;0.678451;0.00297112;0.680429;0.00132413;0.681072;0.0029727;0.679226;0.00132202;0.679146;0.00296496;0.680535;0.00132377;0.681999;0.00694883;0.67551;0.0046705
335000;0.678402;0.00296618;0.68047;0.0013223;0.68113;0.00296809;0.679177;0.00132011;0.679318;0.00296153;0.68049;0.00132179;0.682185;0.00694966;0.675485;0.00466427
336000;0.678481;0.00296193;0.680483;0.00132041;0.68123;0.00296414;0.67919;0.00131831;0.679292;0.0029573;0.6805;0.00131985;0.682324;0.00694267;0.675555;0.00465719
337000;0.678504;0.00295732;0.68054;0.00131878;0.681253;0.00296012;0.679177;0.00131646;0.679139;0.00295264;0.680455;0.00131761;0.682858;0.00694459;0.675622;0.00465072
338000;0.678432;0.00295265;0.680538;0.00131705;0.681391;0.00295617;0.679163;0.00131429;0.679085;0.00294823;0.680442;0.0013157;0.68269;0.0069323;0.675479;0.00464306
339000;0.678412;0.00294832;0.680523;0.00131531;0.681513;0.00295237;0.679202;0.00131226;0.679003;0.00294422;0.680458;0.00131409;0.682361;0.00691645;0.675536;0.00463669
340000;0.678445;0.00294413;0.680526;0.00131314;0.681391;0.00294791;0.679185;0.00131027;0.678948;0.00294018;0.6805;0.00131199;0.682324;0.00690546;0.675747;0.00463232
341000;0.678547;0.00293965;0.680467;0.00131085;0.681389;0.00294339;0.679184;0.00130829;0.678833;0.00293519;0.680527;0.00130984;0.682586;0.00690173;0.675878;0.00462625
342000;0.678529;0.00293522;0.680499;0.00130899;0.681421;0.00293932;0.679177;0.00130639;0.67867;0.00293073;0.680516;0.00130788;0.682244;0.00688778;0.675858;0.00461773
343000;0.678508;0.00293065;0.680488;0.00130742;0.681459;0.00293517;0.679103;0.00130435;0.678718;0.00292643;0.680547;0.00130586;0.682211;0.00687803;0.675742;0.00460995
344000;0.67873;0.00292674;0.68053;0.00130537;0.681397;0.00293048;0.679074;0.00130241;0.678761;0.00292218;0.680496;0.00130371;0.682181;0.00686555;0.675571;0.00460147
345000;0.678758;0.00292248;0.680541;0.00130353;0.681397;0.00292593;0.67907;0.00130059;0.678873;0.00291829;0.680517;0.00130187;0.682094;0.00685283;0.675471;0.00459388
346000;0.678728;0.00291817;0.680537;0.00130172;0.68129;0.00292145;0.679035;0.00129858;0.678889;0.00291411;0.680502;0.00130005;0.682492;0.0068457;0.675512;0.00458712
347000;0.678603;0.00291382;0.680514;0.00129975;0.681272;0.00291729;0.678967;0.00129694;0.679042;0.0029102;0.680458;0.0012983;0.682607;0.00684092;0.675445;0.00458008
348000;0.67861;0.00290962;0.680485;0.0012977;0.681349;0.00291351;0.678933;0.00129506;0.679016;0.00290577;0.680484;0.00129639;0.682565;0.0068286;0.675299;0.00457415
349000;0.678624;0.00290529;0.680519;0.00129576;0.681192;0.00290872;0.678892;0.00129291;0.679004;0.00290183;0.680471;0.00129459;0.68272;0.00682245;0.675359;0.00456676
350000;0.678625;0.00290113;0.680514;0.00129399;0.681268;0.00290506;0.678872;0.00129101;0.679106;0.00289775;0.680446;0.00129243;0.683071;0.00681474;0.675187;0.004558
351000;0.678803;0.0028973;0.680507;0.00129195;0.681401;0.00290097;0.678821;0.00128927;0.679143;0.00289352;0.680459;0.00129051;0.682964;0.00680356;0.675283;0.00455829
352000;0.678831;0.00289322;0.680449;0.00129012;0.681404;0.00289652;0.678858;0.00128743;0.679089;0.00288918;0.680416;0.00128867;0.68291;0.00679572;0.675377;0.00455341
353000;0.678772;0.00288895;0.680437;0.00128806;0.681424;0.00289267;0.678897;0.00128562;0.679189;0.00288545;0.680406;0.00128692;0.683275;0.00679531;0.675481;0.00454792
354000;0.678508;0.0028842;0.680448;0.00128634;0.681287;0.00288833;0.6789;0.00128356;0.679138;0.0028812;0.680381;0.00128484;0.68328;0.00678565;0.675393;0.0045401
355000;0.67843;0.00287982;0.680464;0.0012848;0.681371;0.00288476;0.678887;0.00128172;0.679192;0.0028772;0.68033;0.00128285;0.683268;0.00677357;0.675214;0.00453128
356000;0.67849;0.00287642;0.680432;0.00128279;0.681251;0.00288048;0.678906;0.00128024;0.679223;0.00287324;0.680372;0.0012811;0.68302;0.00676348;0.675202;0.0045244
357000;0.678331;0.00287193;0.680401;0.00128112;0.681273;0.00287641;0.678927;0.00127877;0.679244;0.00286913;0.680367;0.00127964;0.683113;0.00675426;0.675393;0.00451816
358000;0.678389;0.00286797;0.680426;0.0012794;0.681271;0.00287242;0.678928;0.00127678;0.67925;0.00286525;0.680393;0.00127823;0.683147;0.00674467;0.675487;0.00451148
359000;0.67853;0.00286393;0.680425;0.00127766;0.681286;0.00286812;0.678924;0.00127503;0.679299;0.00286121;0.680364;0.00127638;0.683403;0.00674531;0.675614;0.00450488
360000;0.678538;0.00285961;0.680386;0.00127602;0.681184;0.00286374;0.678919;0.00127332;0.679178;0.0028571;0.680407;0.00127478;0.683606;0.00673776;0.675661;0.00449872
361000;0.678447;0.00285536;0.680457;0.00127452;0.681153;0.0028598;0.67898;0.00127187;0.679191;0.00285321;0.680396;0.00127318;0.683493;0.00672776;0.675556;0.00449096
362000;0.678619;0.00285133;0.68049;0.00127281;0.681262;0.00285638;0.679017;0.00126984;0.679208;0.00284928;0.680371;0.00127142;0.683364;0.00671889;0.67568;0.00448626
363000;0.678672;0.00284746;0.680485;0.00127092;0.681203;0.00285226;0.678972;0.00126807;0.679297;0.00284538;0.680448;0.00126986;0.683226;0.00670924;0.675543;0.00447918
364000;0.678714;0.00284358;0.680492;0.00126915;0.681166;0.00284801;0.678967;0.00126618;0.679292;0.00284136;0.680482;0.00126806;0.683077;0.00670219;0.675552;0.00447244
365000;0.678706;0.00283945;0.680498;0.00126735;0.681076;0.00284405;0.678934;0.00126446;0.67944;0.00283774;0.680502;0.00126653;0.683197;0.00669438;0.675695;0.00446692
366000;0.678716;0.00283596;0.680534;0.00126587;0.681126;0.00284052;0.678932;0.00126271;0.67945;0.00283411;0.680538;0.00126509;0.682984;0.00668233;0.675803;0.00446263
367000;0.678747;0.0028319;0.680507;0.00126428;0.681089;0.00283638;0.678957;0.00126108;0.679443;0.00283039;0.680487;0.00126334;0.682958;0.00667196;0.675488;0.00445435
368000;0.678669;0.00282778;0.680533;0.00126247;0.681184;0.00283268;0.678958;0.00125914;0.679494;0.00282667;0.680483;0.00126185;0.683002;0.00666207;0.675525;0.00445079
369000;0.678546;0.0028238;0.680533;0.00126076;0.681191;0.00282841;0.67896;0.00125723;0.679538;0.00282283;0.680527;0.00126045;0.683009;0.00665348;0.675573;0.00444607
370000;0.67851;0.00281969;0.680451;0.001259;0.681292;0.00282484;0.67896;0.00125565;0.679583;0.00281898;0.680524;0.00125866;0.683459;0.00664656;0.675642;0.00443951
371000;0.678521;0.00281596;0.680409;0.00125707;0.68135;0.00282123;0.678931;0.00125391;0.679551;0.00281509;0.680452;0.00125692;0.6834;0.00663706;0.675644;0.00443387
372000;0.678467;0.0028122;0.680371;0.00125524;0.681287;0.00281737;0.678893;0.00125194;0.679578;0.00281152;0.680439;0.00125514;0.683403;0.00663146;0.675552;0.004427
373000;0.678524;0.00280884;0.680391;0.00125361;0.681266;0.00281354;0.678902;0.00125024;0.679509;0.00280766;0.680439;0.00125332;0.683559;0.0066247;0.675371;0.00441842
374000;0.678502;0.00280492;0.680346;0.00125177;0.681239;0.00280993;0.67892;0.00124845;0.679419;0.00280362;0.680421;0.00125186;0.683586;0.00661775;0.675249;0.00441232
375000;0.67847;0.00280099;0.680366;0.00125005;0.681333;0.00280614;0.678912;0.00124694;0.679488;0.00279974;0.680434;0.00125032;0.683381;0.00660708;0.675153;0.00440565
376000;0.678555;0.00279801;0.6804;0.00124864;0.681493;0.00280274;0.678939;0.00124539;0.679499;0.00279634;0.680337;0.00124852;0.683205;0.0065955;0.675202;0.00439998
377000;0.678619;0.00279454;0.680381;0.00124684;0.68141;0.00279881;0.678929;0.00124377;0.679514;0.00279238;0.680331;0.00124681;0.682907;0.00658227;0.675478;0.00439643
378000;0.678612;0.00279123;0.680383;0.00124518;0.681304;0.00279482;0.678917;0.00124216;0.679586;0.00278882;0.680305;0.00124514;0.682605;0.00657519;0.675622;0.00439186
379000;0.678629;0.00278733;0.680397;0.00124349;0.681368;0.00279113;0.678896;0.00124052;0.679584;0.00278523;0.680269;0.00124351;0.682891;0.00656981;0.675661;0.0043883
380000;0.678582;0.00278372;0.680385;0.00124209;0.681451;0.00278777;0.678916;0.00123881;0.679693;0.00278191;0.680265;0.00124185;0.683302;0.00656542;0.675726;0.00438195
381000;0.678697;0.00278105;0.680344;0.00124048;0.681398;0.00278399;0.678884;0.00123706;0.67961;0.00277808;0.680282;0.00124002;0.683294;0.00655602;0.675659;0.00437668
382000;0.67879;0.00277739;0.680342;0.00123881;0.681417;0.00278024;0.678874;0.00123528;0.679704;0.00277499;0.680277;0.00123812;0.683224;0.00654715;0.675855;0.00437218
383000;0.678802;0.00277352;0.680312;0.00123711;0.681536;0.00277697;0.678875;0.00123379;0.679693;0.00277128;0.680263;0.00123631;0.683346;0.00653867;0.67585;0.00436717
384000;0.678856;0.00276974;0.680255;0.00123537;0.681525;0.00277306;0.678861;0.00123212;0.679649;0.00276748;0.680254;0.00123455;0.683145;0.00652704;0.675898;0.00436239
385000;0.678809;0.00276568;0.680226;0.00123374;0.681328;0.00276913;0.678846;0.0012305;0.67965;0.00276394;0.680272;0.00123296;0.682903;0.00651582;0.67605;0.00435884
386000;0.678709;0.00276193;0.680215;0.0012321;0.681361;0.00276547;0.678826;0.00122909;0.679606;0.00276015;0.680235;0.00123126;0.682868;0.00650453;0.676107;0.00435354
387000;0.678785;0.00275843;0.680219;0.00123031;0.681398;0.00276176;0.678802;0.00122742;0.679692;0.00275726;0.680229;0.00122961;0.682914;0.00649598;0.676112;0.00434788
388000;0.67874;0.00275484;0.680227;0.00122865;0.681477;0.00275828;0.678837;0.00122591;0.679867;0.00275422;0.680208;0.00122788;0.683042;0.00649137;0.676169;0.00434133
389000;0.678805;0.00275153;0.680243;0.00122716;0.68166;0.00275472;0.678823;0.00122441;0.679993;0.00275085;0.68018;0.00122616;0.683008;0.00648387;0.675993;0.00433601
390000;0.678771;0.00274786;0.680216;0.00122562;0.681722;0.00275097;0.678839;0.00122294;0.680049;0.00274736;0.680126;0.00122451;0.683035;0.00647505;0.6761;0.00433102
391000;0.678845;0.00274449;0.680212;0.00122388;0.681728;0.00274796;0.678859;0.00122142;0.680041;0.00274384;0.680141;0.00122287;0.683054;0.00646635;0.676124;0.00432458
392000;0.678889;0.00274111;0.680184;0.00122219;0.681711;0.00274434;0.678809;0.00121982;0.680108;0.00274063;0.680159;0.00122156;0.683262;0.00645992;0.676122;0.00431912
393000;0.678944;0.00273772;0.680174;0.00122049;0.681696;0.00274064;0.678822;0.00121801;0.680118;0.00273704;0.680178;0.00122009;0.683518;0.00645774;0.675989;0.00431202
394000;0.679055;0.0027342;0.680176;0.00121879;0.681674;0.00273703;0.678836;0.0012163;0.680052;0.00273353;0.680185;0.00121831;0.683256;0.00644619;0.675926;0.00430662
395000;0.679175;0.00273116;0.680182;0.00121748;0.681789;0.00273369;0.678842;0.00121448;0.680171;0.00273017;0.680214;0.00121706;0.68298;0.00643591;0.675864;0.00430002
396000;0.679156;0.00272766;0.68017;0.00121591;0.681693;0.00272989;0.678861;0.00121286;0.680176;0.00272689;0.680198;0.00121559;0.682741;0.00642485;0.675773;0.00429348
397000;0.679162;0.00272378;0.680225;0.00121452;0.681563;0.00272604;0.678787;0.00121115;0.680147;0.00272323;0.680178;0.00121393;0.682992;0.0064168;0.67598;0.00428756
398000;0.679123;0.0027201;0.680208;0.00121295;0.681546;0.00272249;0.67882;0.00120976;0.680169;0.00272015;0.68023;0.00121242;0.682875;0.0064092;0.675932;0.0042815
399000;0.67917;0.00271645;0.680145;0.00121136;0.681513;0.00271886;0.678855;0.00120829;0.680099;0.00271671;0.680263;0.0012109;0.682907;0.00640282;0.675984;0.00427684
400000;0.679074;0.0027128;0.680181;0.00120983;0.681564;0.00271602;0.678898;0.00120695;0.680048;0.00271296;0.680218;0.00120928;0.682952;0.00639307;0.675907;0.00427074
401000;0.679113;0.00270987;0.680173;0.00120807;0.681575;0.00271286;0.678875;0.00120531;0.6801;0.0027096;0.680224;0.00120783;0.682895;0.00638401;0.675775;0.00426416
402000;0.67907;0.00270658;0.680178;0.00120656;0.681543;0.00270953;0.678843;0.00120361;0.680061;0.00270628;0.680264;0.00120649;0.683019;0.00637604;0.675744;0.0042607
403000;0.679063;0.00270325;0.680153;0.00120518;0.681442;0.00270573;0.678849;0.00120199;0.680091;0.00270298;0.680248;0.00120483;0.683299;0.00637086;0.675823;0.00425603
404000;0.679093;0.00269976;0.680099;0.00120369;0.681458;0.00270266;0.678829;0.0012003;0.680119;0.00269955;0.680229;0.00120345;0.683069;0.00635946;0.675863;0.00425077
405000;0.679123;0.00269671;0.680001;0.00120202;0.681573;0.00269951;0.678904;0.00119903;0.680244;0.00269629;0.680241;0.00120201;0.682934;0.00635219;0.675979;0.00424806
406000;0.679206;0.00269378;0.680017;0.00120036;0.681571;0.002696;0.678914;0.00119757;0.680285;0.00269303;0.680193;0.00120038;0.682845;0.00634448;0.676052;0.00424321
407000;0.679065;0.00269007;0.680095;0.00119884;0.681508;0.00269254;0.678922;0.00119613;0.680218;0.00268969;0.680155;0.00119885;0.682753;0.00633588;0.676124;0.00423891
408000;0.679055;0.00268675;0.680086;0.00119742;0.681524;0.00268994;0.678966;0.00119502;0.680197;0.00268613;0.680145;0.00119731;0.682823;0.00632644;0.675966;0.00423199
409000;0.679179;0.0026839;0.680065;0.00119604;0.681613;0.00268697;0.678987;0.00119353;0.680132;0.00268315;0.680128;0.00119586;0.682737;0.00631826;0.675895;0.00422604
410000;0.679048;0.00268031;0.68009;0.00119482;0.681608;0.00268338;0.678976;0.00119201;0.680101;0.00268022;0.680126;0.00119441;0.682503;0.00630807;0.67591;0.00421974
411000;0.679143;0.00267727;0.68003;0.00119343;0.681611;0.00268041;0.678976;0.00119074;0.680101;0.00267691;0.680126;0.00119299;0.682725;0.00630336;0.675862;0.00421484
412000;0.679167;0.00267412;0.680104;0.001192;0.681648;0.00267726;0.678981;0.00118944;0.679977;0.00267332;0.680145;0.00119207;0.682742;0.00629651;0.675885;0.00421107
413000;0.679189;0.00267084;0.680099;0.00119066;0.681766;0.00267401;0.678998;0.00118807;0.679965;0.00267045;0.68015;0.00119091;0.682837;0.00628894;0.675906;0.00420566
414000;0.679203;0.00266758;0.680089;0.00118918;0.68177;0.00267066;0.678983;0.00118656;0.679942;0.00266724;0.680167;0.00118945;0.68282;0.00627958;0.676033;0.00420096
415000;0.679187;0.00266425;0.680057;0.00118766;0.681705;0.00266706;0.678955;0.00118495;0.679913;0.00266407;0.680154;0.00118804;0.68316;0.00627421;0.675871;0.00419435
416000;0.679104;0.00266089;0.680093;0.00118628;0.681754;0.00266363;0.678952;0.00118364;0.679935;0.00266102;0.68015;0.00118652;0.682871;0.00626367;0.675814;0.00418895
417000;0.679109;0.00265766;0.680046;0.00118486;0.681723;0.00266064;0.678945;0.00118213;0.679847;0.00265773;0.680163;0.00118508;0.682626;0.00625384;0.675839;0.00418366
418000;0.679133;0.00265447;0.679979;0.00118347;0.681732;0.00265744;0.678937;0.00118063;0.679878;0.00265477;0.680138;0.00118371;0.682411;0.00624501;0.675677;0.0041768
419000;0.679115;0.00265138;0.679987;0.00118196;0.681662;0.00265403;0.67892;0.00117928;0.679847;0.00265132;0.68018;0.00118226;0.682222;0.00623544;0.675728;0.00417241
420000;0.678986;0.00264787;0.680026;0.00118046;0.681612;0.00265086;0.678928;0.0011778;0.67992;0.00264823;0.680186;0.00118133;0.681938;0.00622473;0.675822;0.00416896
421000;0.678946;0.00264449;0.680024;0.00117912;0.681611;0.00264759;0.678988;0.00117657;0.679953;0.00264512;0.680238;0.00117994;0.681958;0.00621761;0.675756;0.00416284
422000;0.678894;0.00264174;0.680048;0.00117801;0.681389;0.00264404;0.678994;0.00117509;0.679864;0.00264198;0.680193;0.00117838;0.68186;0.00620869;0.675771;0.00415913
423000;0.678863;0.00263833;0.680024;0.00117675;0.681459;0.00264153;0.678968;0.0011735;0.679828;0.00263884;0.680209;0.00117715;0.682123;0.00620458;0.675633;0.00415237
424000;0.67884;0.00263532;0.680009;0.00117545;0.681465;0.00263833;0.679025;0.00117215;0.679768;0.00263586;0.680205;0.00117566;0.682128;0.00619707;0.67569;0.00414758
425000;0.678873;0.00263203;0.680023;0.00117414;0.681502;0.00263546;0.678994;0.00117063;0.679879;0.00263285;0.680213;0.00117417;0.681998;0.00618657;0.675706;0.00414259
426000;0.678932;0.00262908;0.680045;0.00117285;0.681614;0.00263249;0.679029;0.00116957;0.679863;0.00262943;0.680204;0.00117277;0.681845;0.0061771;0.675673;0.00413773
427000;0.678967;0.0026262;0.680116;0.00117177;0.681615;0.00262943;0.679017;0.00116818;0.679845;0.00262617;0.680191;0.0011714;0.681709;0.00616861;0.675748;0.00413239
428000;0.678986;0.00262313;0.680115;0.0011705;0.681623;0.00262653;0.678975;0.00116663;0.679876;0.00262314;0.680237;0.00117021;0.681741;0.00616044;0.675668;0.00412692
429000;0.678938;0.00261986;0.680117;0.00116914;0.681532;0.00262333;0.678995;0.00116522;0.679759;0.0026201;0.680267;0.00116884;0.681726;0.00615381;0.675838;0.00412237
430000;0.678892;0.00261695;0.680102;0.0011678;0.68142;0.00262009;0.679003;0.00116371;0.679933;0.00261722;0.680241;0.00116742;0.681599;0.0061476;0.675865;0.004118
431000;0.678869;0.00261382;0.680128;0.00116636;0.681367;0.00261715;0.679007;0.00116226;0.679895;0.00261407;0.680276;0.00116653;0.681404;0.00613919;0.675861;0.00411267
432000;0.6789;0.00261108;0.680124;0.00116485;0.681271;0.00261405;0.678988;0.00116082;0.679875;0.00261079;0.680292;0.00116532;0.681223;0.00612991;0.67594;0.00410777
433000;0.678757;0.00260777;0.68012;0.00116363;0.681228;0.00261076;0.679002;0.00115952;0.679771;0.00260747;0.680296;0.00116406;0.681275;0.00612164;0.675908;0.00410162
434000;0.678721;0.00260473;0.680135;0.00116232;0.681127;0.00260756;0.678985;0.00115832;0.679858;0.00260496;0.680326;0.00116282;0.681248;0.00611314;0.675898;0.00409633
435000;0.678758;0.00260185;0.680136;0.001161;0.681189;0.0026047;0.678957;0.00115701;0.679868;0.00260188;0.680272;0.00116132;0.681105;0.00610368;0.675942;0.00409241
436000;0.678595;0.00259852;0.680169;0.00115982;0.681236;0.00260192;0.678907;0.00115557;0.679863;0.00259877;0.680237;0.00115982;0.680998;0.00609532;0.67595;0.00408699
437000;0.678528;0.00259537;0.680183;0.00115847;0.681264;0.00259917;0.678909;0.00115422;0.679866;0.00259568;0.680218;0.00115851;0.68115;0.00608996;0.675903;0.00408245
438000;0.67854;0.00259251;0.680201;0.00115737;0.681243;0.00259623;0.678905;0.00115295;0.679833;0.00259262;0.680242;0.00115723;0.681263;0.00608242;0.675842;0.00407709
439000;0.67857;0.0025897;0.680208;0.00115609;0.681327;0.00259385;0.678964;0.00115169;0.679761;0.00258951;0.680253;0.00115594;0.681049;0.00607381;0.67582;0.00407195
440000;0.678483;0.00258641;0.680262;0.00115462;0.681286;0.00259099;0.678983;0.00115027;0.679759;0.00258671;0.680291;0.00115466;0.681231;0.00606996;0.675651;0.00406596
441000;0.678486;0.00258312;0.680233;0.00115343;0.681366;0.00258821;0.679006;0.00114902;0.679679;0.00258356;0.680242;0.0011532;0.681362;0.00606359;0.67558;0.00406041
442000;0.678485;0.00257999;0.680232;0.001152;0.681278;0.00258508;0.678951;0.00114757;0.679554;0.00258027;0.680265;0.00115185;0.68132;0.00605744;0.675579;0.00405589
443000;0.678474;0.00257688;0.680287;0.00115065;0.68122;0.00258217;0.678933;0.00114631;0.679594;0.00257716;0.680296;0.0011506;0.681304;0.00605025;0.675636;0.00405113
444000;0.678494;0.002574;0.680299;0.00114934;0.681238;0.00257898;0.678921;0.00114495;0.679625;0.00257401;0.680347;0.00114937;0.681263;0.00604324;0.675563;0.00404569
445000;0.678594;0.00257141;0.680283;0.0011481;0.681305;0.00257626;0.678951;0.00114353;0.679747;0.00257127;0.680298;0.00114794;0.68121;0.00603647;0.675527;0.00404168
446000;0.678493;0.00256826;0.680267;0.00114695;0.681268;0.00257338;0.678931;0.00114205;0.679665;0.00256838;0.680321;0.00114668;0.681304;0.00602848;0.675528;0.00403697
447000;0.678469;0.00256522;0.680324;0.00114576;0.681337;0.00257075;0.67895;0.0011407;0.679664;0.00256565;0.680369;0.00114552;0.6813;0.00601984;0.675535;0.004032
448000;0.678499;0.00256276;0.680362;0.00114439;0.681395;0.00256805;0.67895;0.00113927;0.679725;0.00256271;0.68038;0.00114429;0.681474;0.00601406;0.675495;0.00402762
449000;0.678523;0.00255998;0.680375;0.00114308;0.6814;0.00256505;0.678962;0.00113802;0.679709;0.00255971;0.680357;0.00114295;0.681504;0.0060057;0.67547;0.00402181
450000;0.678419;0.00255718;0.680391;0.00114178;0.6814;0.00256205;0.678946;0.00113656;0.679737;0.00255664;0.68038;0.00114163;0.681388;0.00599846;0.675484;0.00401724
451000;0.678501;0.00255438;0.680437;0.00114071;0.681428;0.00255903;0.67894;0.00113534;0.679753;0.00255389;0.680344;0.00114048;0.681375;0.00599064;0.675317;0.00401136
452000;0.67854;0.00255138;0.680501;0.00113962;0.681468;0.00255615;0.678992;0.00113397;0.679742;0.00255083;0.680307;0.00113901;0.681325;0.00598229;0.67529;0.00400577
453000;0.678528;0.00254864;0.680466;0.00113847;0.68146;0.00255343;0.679018;0.00113274;0.679638;0.00254787;0.680262;0.0011377;0.681333;0.00597481;0.675294;0.00400073
454000;0.678517;0.00254584;0.680488;0.00113782;0.681465;0.00255056;0.67904;0.00113164;0.679628;0.00254499;0.680266;0.00113634;0.681015;0.00596498;0.675436;0.00399641
455000;0.678491;0.00254286;0.680481;0.00113647;0.681482;0.00254747;0.679007;0.00113034;0.679679;0.00254238;0.680273;0.00113524;0.681261;0.00596036;0.675414;0.00399097
456000;0.678551;0.00254028;0.680462;0.00113507;0.681545;0.00254462;0.679018;0.00112909;0.679645;0.00253951;0.680249;0.00113387;0.681347;0.00595335;0.675333;0.00398557
457000;0.678655;0.00253764;0.680458;0.00113381;0.681526;0.00254155;0.679031;0.00112789;0.679602;0.00253656;0.680278;0.00113285;0.681184;0.00594619;0.675323;0.00398066
458000;0.678688;0.00253495;0.680482;0.00113278;0.681556;0.00253876;0.67904;0.00112678;0.679588;0.00253367;0.680285;0.00113167;0.680979;0.00593747;0.67539;0.00397781
459000;0.678624;0.00253193;0.680512;0.00113154;0.681646;0.00253628;0.679002;0.00112551;0.67958;0.00253108;0.680277;0.00113042;0.681175;0.00593416;0.67538;0.00397273
460000;0.678659;0.0025292;0.680481;0.00113029;0.681661;0.00253357;0.678999;0.00112427;0.679339;0.00252795;0.68033;0.00112951;0.681054;0.00592613;0.675556;0.00396994
461000;0.678731;0.00252677;0.680488;0.00112901;0.681698;0.00253087;0.678998;0.00112301;0.679311;0.00252514;0.680344;0.00112833;0.681177;0.00592063;0.675522;0.0039655
462000;0.678799;0.00252434;0.680472;0.00112775;0.681726;0.00252817;0.679039;0.00112185;0.679261;0.00252225;0.680353;0.0011273;0.681154;0.00591256;0.675484;0.00396107
463000;0.678822;0.00252183;0.680448;0.00112642;0.68178;0.00252535;0.678974;0.00112044;0.67926;0.00251936;0.680353;0.00112614;0.681104;0.00590517;0.675594;0.00395811
464000;0.678767;0.00251915;0.680469;0.00112526;0.681826;0.00252273;0.678967;0.00111912;0.679299;0.00251661;0.680376;0.00112475;0.681227;0.00590248;0.675592;0.00395298
465000;0.678798;0.0025164;0.6805;0.00112417;0.681895;0.00251989;0.678965;0.0011178;0.679314;0.00251398;0.680379;0.00112341;0.681153;0.00589506;0.675561;0.00394883
466000;0.678794;0.00251364;0.680488;0.00112306;0.681868;0.00251724;0.678961;0.0011166;0.679305;0.00251135;0.680359;0.00112233;0.681316;0.00589099;0.675626;0.00394437
467000;0.678758;0.00251074;0.680485;0.00112187;0.68189;0.00251464;0.678963;0.00111544;0.679247;0.00250837;0.680396;0.0011214;0.681253;0.0058837;0.675755;0.00394173
468000;0.678717;0.00250784;0.680503;0.00112083;0.681858;0.00251211;0.678954;0.00111407;0.679277;0.0025058;0.680413;0.00112037;0.681164;0.0058752;0.675715;0.00393712
469000;0.678655;0.00250497;0.680441;0.00111953;0.681878;0.00250943;0.678925;0.00111297;0.679259;0.002503;0.680431;0.00111904;0.680989;0.00586757;0.675805;0.00393296
470000;0.678603;0.00250214;0.680459;0.00111826;0.681874;0.00250687;0.678922;0.00111173;0.679198;0.00250036;0.68043;0.0011177;0.681146;0.0058609;0.675887;0.00392921
471000;0.678554;0.00249944;0.680513;0.00111715;0.681956;0.00250448;0.678923;0.00111059;0.679196;0.00249772;0.680421;0.00111638;0.681058;0.00585277;0.675788;0.00392422
472000;0.67861;0.00249681;0.680539;0.00111596;0.682025;0.00250198;0.678892;0.00110931;0.679266;0.00249508;0.680392;0.00111527;0.681043;0.00584608;0.675736;0.00391936
473000;0.678562;0.00249385;0.680522;0.00111452;0.68195;0.00249914;0.678928;0.00110819;0.679213;0.00249233;0.680417;0.00111413;0.680939;0.005839;0.675721;0.00391546
474000;0.678536;0.0024911;0.680531;0.00111337;0.681914;0.00249635;0.679002;0.00110726;0.679197;0.00248977;0.680415;0.00111292;0.680925;0.005832;0.675688;0.00391134
475000;0.678569;0.00248856;0.680531;0.00111225;0.681885;0.00249366;0.679019;0.00110617;0.679173;0.00248704;0.680434;0.00111183;0.680901;0.00582569;0.675617;0.00390626
476000;0.678592;0.00248626;0.680556;0.00111122;0.682004;0.00249135;0.678976;0.00110499;0.679229;0.00248464;0.680436;0.00111056;0.680723;0.00581657;0.675601;0.00390109
477000;0.678509;0.00248344;0.680525;0.0011099;0.682008;0.00248874;0.678986;0.00110392;0.679183;0.00248186;0.680461;0.00110938;0.680789;0.00581364;0.675619;0.00389663
478000;0.678473;0.00248054;0.680556;0.00110877;0.682025;0.00248597;0.67898;0.00110277;0.679269;0.00247923;0.680441;0.00110813;0.680516;0.00580466;0.675569;0.00389138
479000;0.678518;0.0024781;0.680547;0.00110768;0.682;0.00248312;0.67901;0.00110175;0.679337;0.00247665;0.680453;0.00110681;0.680579;0.00580041;0.675723;0.00388871
480000;0.678586;0.00247579;0.680544;0.00110648;0.681924;0.00248035;0.678979;0.00110057;0.679375;0.00247404;0.680474;0.00110572;0.680454;0.00579197;0.6758;0.00388398
481000;0.678436;0.00247285;0.680571;0.00110537;0.681854;0.0024775;0.679009;0.00109944;0.679457;0.00247177;0.68046;0.00110468;0.680665;0.00579046;0.675926;0.00388165
482000;0.678558;0.00247057;0.680592;0.00110424;0.681765;0.00247468;0.678974;0.0010982;0.679516;0.00246933;0.680473;0.00110355;0.680375;0.00578183;0.675846;0.00387904
483000;0.678591;0.00246797;0.680554;0.00110303;0.681797;0.00247247;0.679012;0.00109708;0.679586;0.00246692;0.680483;0.0011023;0.68005;0.00577354;0.675864;0.00387399
484000;0.678607;0.00246558;0.680548;0.00110188;0.681823;0.00247016;0.679007;0.00109593;0.679542;0.00246411;0.680468;0.00110132;0.679825;0.00576603;0.675915;0.00386985
485000;0.678582;0.00246298;0.680551;0.00110075;0.681772;0.00246767;0.67903;0.0010949;0.679548;0.00246145;0.680445;0.00110014;0.67987;0.00576066;0.675984;0.00386571
486000;0.678657;0.00246082;0.680538;0.00109956;0.681812;0.00246525;0.678982;0.00109378;0.679442;0.00245883;0.680449;0.00109902;0.679947;0.00575717;0.675929;0.00386435
487000;0.678696;0.00245827;0.680539;0.00109844;0.681824;0.00246263;0.678966;0.00109253;0.679402;0.002456;0.680483;0.00109809;0.679888;0.00575028;0.675891;0.00386001
488000;0.678664;0.00245569;0.680535;0.0010972;0.681973;0.00246055;0.678958;0.00109161;0.679472;0.0024535;0.680502;0.00109707;0.679858;0.0057436;0.675893;0.00385566
489000;0.678644;0.0024533;0.680569;0.0010964;0.681995;0.00245805;0.678911;0.00109051;0.67954;0.0024512;0.680485;0.00109581;0.680016;0.00574212;0.675875;0.003851
490000;0.678637;0.00245072;0.680532;0.00109522;0.681952;0.00245557;0.678921;0.00108934;0.679535;0.00244873;0.680444;0.00109468;0.680025;0.00573512;0.67589;0.00384738
491000;0.67872;0.00244826;0.680536;0.00109397;0.681929;0.002453;0.678914;0.00108821;0.679527;0.00244624;0.68042;0.00109343;0.679961;0.00572748;0.67589;0.00384263
492000;0.67873;0.00244592;0.68053;0.00109292;0.681886;0.00245051;0.678922;0.00108711;0.679586;0.00244363;0.680425;0.00109225;0.67995;0.0057215;0.675939;0.00383889
493000;0.678801;0.00244356;0.68052;0.00109171;0.681876;0.00244819;0.678905;0.00108584;0.679643;0.00244106;0.680412;0.0010911;0.680004;0.00571533;0.675813;0.00383449
494000;0.678873;0.00244123;0.680541;0.00109085;0.681823;0.0024455;0.678945;0.00108477;0.679608;0.00243833;0.680406;0.00109002;0.680059;0.00570837;0.675779;0.00383035
495000;0.678776;0.00243875;0.680543;0.00108968;0.681802;0.00244296;0.678964;0.00108362;0.679553;0.00243552;0.680386;0.00108886;0.679883;0.00570085;0.675847;0.00382712
496000;0.678841;0.00243619;0.680514;0.00108861;0.681785;0.00244031;0.678971;0.00108272;0.679495;0.00243287;0.680382;0.00108781;0.679852;0.00569488;0.675864;0.00382354
497000;0.678877;0.00243387;0.680488;0.00108762;0.6818;0.0024379;0.678951;0.00108147;0.679539;0.00243066;0.680348;0.00108669;0.679825;0.00568921;0.67579;0.00381899
498000;0.678823;0.00243144;0.680488;0.00108653;0.681874;0.00243544;0.678954;0.00108041;0.679544;0.00242859;0.680324;0.00108548;0.679625;0.00568269;0.675791;0.00381483
499000;0.678843;0.00242888;0.680489;0.00108549;0.681885;0.00243302;0.678982;0.00107931;0.679609;0.00242615;0.68033;0.0010843;0.679763;0.00567878;0.675729;0.00381076
500000;0.678888;0.00242669;0.680514;0.00108446;0.681833;0.00243039;0.678967;0.0010782;0.679531;0.00242361;0.680369;0.00108328;0.679624;0.00567085;0.67567;0.00380599
501000;0.678891;0.00242441;0.680511;0.00108329;0.681731;0.00242774;0.678956;0.00107698;0.679471;0.00242115;0.680364;0.0010823;0.679858;0.00566805;0.675698;0.00380139
502000;0.678909;0.00242206;0.680514;0.00108219;0.681755;0.00242533;0.678958;0.00107593;0.67954;0.002419;0.680361;0.00108121;0.679862;0.00566121;0.675807;0.00379915
503000;0.678942;0.00241962;0.680524;0.0010811;0.681749;0.00242307;0.678981;0.00107502;0.679566;0.00241651;0.680383;0.00108013;0.679794;0.00565451;0.675755;0.00379542
504000;0.678913;0.00241718;0.680552;0.00107995;0.68174;0.0024207;0.67896;0.00107401;0.67957;0.0024141;0.680368;0.00107914;0.679706;0.00564794;0.675777;0.00379112
505000;0.678985;0.00241484;0.680592;0.00107897;0.681698;0.00241804;0.67896;0.00107289;0.679512;0.00241165;0.680388;0.00107803;0.679908;0.00564351;0.675646;0.00378702
506000;0.679079;0.00241261;0.680621;0.00107799;0.681609;0.00241548;0.67894;0.00107177;0.679543;0.00240935;0.680393;0.00107688;0.67998;0.0056379;0.675604;0.00378274
507000;0.679124;0.00241026;0.680632;0.00107693;0.681574;0.0024132;0.678908;0.00107077;0.679568;0.0024069;0.680446;0.00107606;0.679889;0.00563055;0.675565;0.00377839
508000;0.679159;0.00240794;0.680661;0.00107592;0.681633;0.00241098;0.678884;0.00106961;0.67961;0.00240444;0.680459;0.00107514;0.679922;0.00562391;0.675484;0.00377346
509000;0.679231;0.00240616;0.68068;0.0010749;0.681552;0.0024084;0.67885;0.00106848;0.679608;0.00240208;0.680466;0.00107421;0.679976;0.00561916;0.675624;0.0037708
510000;0.679169;0.00240364;0.680725;0.00107378;0.681617;0.00240611;0.678885;0.00106747;0.679711;0.00239974;0.680475;0.00107323;0.679938;0.0056129;0.675652;0.00376687
511000;0.679195;0.00240115;0.680705;0.00107272;0.681611;0.00240371;0.678847;0.00106629;0.679704;0.00239733;0.68045;0.00107212;0.679948;0.00560789;0.675725;0.003763
512000;0.679187;0.00239881;0.680703;0.00107171;0.681614;0.00240131;0.6789;0.0010655;0.679759;0.00239491;0.680425;0.00107094;0.680047;0.00560335;0.675777;0.00375899
513000;0.67909;0.00239626;0.680722;0.00107065;0.681627;0.00239913;0.678876;0.00106435;0.679751;0.0023924;0.68045;0.00106999;0.67986;0.00559683;0.675842;0.00375571
514000;0.679187;0.00239425;0.680727;0.00106947;0.681662;0.00239676;0.678827;0.00106312;0.679792;0.00239004;0.680464;0.00106897;0.679976;0.00559191;0.675948;0.00375238
515000;0.67908;0.00239164;0.680705;0.00106828;0.681623;0.00239413;0.678842;0.00106205;0.67972;0.00238759;0.680478;0.00106802;0.67995;0.00558614;0.675941;0.0037497
516000;0.679087;0.00238915;0.680723;0.00106743;0.681655;0.00239184;0.678807;0.0010611;0.679744;0.00238517;0.680506;0.001067;0.679853;0.00558011;0.676019;0.00374663
517000;0.67902;0.00238679;0.68072;0.00106645;0.681582;0.00238936;0.67882;0.00106014;0.679739;0.00238282;0.6805;0.00106597;0.680079;0.00558448;0.675971;0.00374167
518000;0.679096;0.00238452;0.680713;0.00106545;0.681527;0.00238687;0.678818;0.00105909;0.679704;0.0023804;0.680526;0.00106481;0.680068;0.00557947;0.675964;0.00373742
519000;0.679077;0.00238198;0.680688;0.0010644;0.681457;0.00238431;0.678781;0.001058;0.679685;0.00237801;0.680519;0.00106371;0.680237;0.00557729;0.675897;0.00373294
520000;0.679142;0.00237976;0.680704;0.00106343;0.681522;0.00238211;0.678779;0.0010571;0.679566;0.00237561;0.680556;0.00106266;0.680342;0.00557298;0.675777;0.00372826
521000;0.679065;0.00237725;0.680718;0.00106252;0.681504;0.00237974;0.678827;0.00105619;0.679521;0.00237349;0.680527;0.00106174;0.680393;0.00556841;0.67569;0.00372395
522000;0.679069;0.00237489;0.680695;0.00106143;0.681586;0.00237722;0.678822;0.00105515;0.67953;0.0023713;0.680536;0.0010608;0.680345;0.00556162;0.675684;0.00372171
523000;0.679098;0.0023726;0.680679;0.00106023;0.681651;0.00237508;0.678836;0.00105425;0.679516;0.00236906;0.680547;0.00105978;0.680564;0.00555671;0.675713;0.00371776
524000;0.679172;0.00237035;0.68068;0.00105933;0.681689;0.00237291;0.678822;0.00105313;0.679466;0.00236649;0.680569;0.00105875;0.680582;0.00555018;0.675638;0.00371466
525000;0.679138;0.00236821;0.680655;0.00105834;0.681726;0.00237101;0.678817;0.00105219;0.679471;0.00236427;0.680623;0.00105783;0.680565;0.00554787;0.675849;0.00371234
526000;0.679132;0.00236587;0.680666;0.00105744;0.681719;0.00236886;0.678817;0.00105103;0.67954;0.00236208;0.680617;0.00105689;0.680519;0.00554128;0.675839;0.00370996
527000;0.679159;0.00236331;0.68065;0.00105636;0.681776;0.00236682;0.678807;0.00104988;0.679499;0.0023595;0.680628;0.00105598;0.680726;0.00553873;0.675791;0.00370627
528000;0.67916;0.00236111;0.680629;0.00105544;0.681774;0.00236458;0.678781;0.00104868;0.679529;0.00235729;0.680652;0.00105521;0.680953;0.00553491;0.675858;0.00370309
529000;0.679166;0.00235864;0.680625;0.0010546;0.681803;0.00236257;0.678736;0.00104761;0.679559;0.00235511;0.680689;0.00105437;0.680908;0.00553017;0.675817;0.00369912
530000;0.679174;0.00235652;0.680646;0.00105361;0.681754;0.00236026;0.678729;0.00104658;0.679568;0.00235322;0.680682;0.00105323;0.681027;0.00552496;0.6759;0.00369714
531000;0.679205;0.00235433;0.680644;0.00105258;0.681835;0.00235823;0.678735;0.00104538;0.679548;0.00235078;0.680677;0.00105198;0.680988;0.00552897;0.675761;0.00369304
532000;0.679158;0.00235204;0.680623;0.00105164;0.681921;0.00235615;0.67877;0.00104432;0.679511;0.00234864;0.680656;0.00105092;0.681023;0.00552482;0.675771;0.00368938
533000;0.67919;0.00234978;0.68062;0.00105069;0.681872;0.00235413;0.678762;0.00104336;0.679425;0.00234617;0.68068;0.00104998;0.681069;0.00552068;0.67582;0.00368566
534000;0.679178;0.00234739;0.680672;0.00104978;0.681779;0.00235194;0.678764;0.00104233;0.679451;0.00234383;0.680685;0.00104902;0.681183;0.00551686;0.675881;0.00368205
535000;0.67918;0.00234522;0.680691;0.00104874;0.681833;0.00234974;0.678768;0.00104148;0.679553;0.0023419;0.680661;0.00104799;0.681077;0.00551029;0.675769;0.00367771
536000;0.679251;0.00234315;0.680723;0.00104787;0.6818;0.00234748;0.678742;0.00104044;0.679663;0.00233988;0.680664;0.0010471;0.68097;0.00550431;0.675905;0.00367491
537000;0.679303;0.00234095;0.680715;0.00104689;0.681842;0.00234519;0.678763;0.00103939;0.67958;0.00233755;0.680646;0.00104596;0.680948;0.00549873;0.675925;0.00367106
538000;0.679349;0.00233876;0.680709;0.00104588;0.681828;0.00234294;0.678756;0.00103842;0.6795;0.00233515;0.680643;0.0010449;0.680846;0.00549137;0.675864;0.0036682
539000;0.679299;0.00233641;0.680699;0.0010451;0.681876;0.00234076;0.678764;0.00103738;0.679513;0.00233286;0.680592;0.00104393;0.680663;0.00548461;0.676016;0.00366634
540000;0.679338;0.00233442;0.68071;0.0010443;0.681813;0.00233863;0.678741;0.00103638;0.679445;0.0023306;0.68051;0.0010428;0.680717;0.00548276;0.676064;0.00366305
541000;0.67934;0.00233238;0.680687;0.00104337;0.681747;0.00233648;0.678754;0.00103547;0.679376;0.00232833;0.680502;0.0010417;0.680952;0.00548152;0.676175;0.00365943
542000;0.679327;0.00232999;0.680632;0.00104225;0.681729;0.00233428;0.678734;0.00103438;0.679352;0.00232608;0.680509;0.00104052;0.68091;0.00547589;0.676227;0.0036564
543000;0.679348;0.00232786;0.680648;0.00104129;0.681683;0.00233187;0.678725;0.00103347;0.679379;0.00232386;0.680506;0.00103958;0.680806;0.00546949;0.676227;0.00365282
544000;0.679412;0.00232582;0.680616;0.00104035;0.681683;0.00232968;0.678728;0.00103249;0.679408;0.00232178;0.680524;0.00103868;0.681044;0.00546688;0.676121;0.00364924
545000;0.679369;0.00232334;0.68061;0.00103945;0.681707;0.00232758;0.678749;0.00103158;0.679425;0.00231969;0.680562;0.0010378;0.680918;0.00546153;0.676127;0.00364552
546000;0.679316;0.00232085;0.680614;0.0010385;0.681712;0.00232537;0.678742;0.00103071;0.67943;0.0023176;0.680597;0.00103699;0.680817;0.00545514;0.676171;0.0036426
547000;0.679356;0.00231888;0.680578;0.00103758;0.681683;0.00232298;0.67877;0.00102983;0.679398;0.00231549;0.680602;0.00103617;0.680725;0.00544885;0.676289;0.00364096
548000;0.679263;0.00231663;0.680607;0.00103672;0.681647;0.00232074;0.67873;0.00102886;0.679414;0.00231339;0.680597;0.00103523;0.680864;0.00544325;0.67625;0.00363716
549000;0.679332;0.00231468;0.680588;0.00103583;0.681682;0.00231866;0.678686;0.00102775;0.679415;0.00231121;0.680589;0.00103436;0.680897;0.00543721;0.676196;0.00363391
550000;0.679329;0.00231237;0.680555;0.00103487;0.681611;0.00231639;0.678666;0.00102675;0.679367;0.00230896;0.680585;0.00103342;0.681108;0.00543278;0.676311;0.00363044
551000;0.679259;0.00231014;0.680587;0.00103395;0.681631;0.00231457;0.678649;0.00102585;0.679433;0.00230704;0.680634;0.00103251;0.681209;0.00542815;0.676189;0.00362622
552000;0.679216;0.00230789;0.68059;0.00103301;0.681596;0.00231238;0.678652;0.00102483;0.679428;0.00230493;0.680619;0.00103168;0.681411;0.00542368;0.676202;0.00362316
553000;0.679213;0.0023059;0.680633;0.00103216;0.681579;0.0023102;0.678646;0.00102377;0.679412;0.00230277;0.680617;0.0010307;0.681358;0.00541733;0.676308;0.00361938
554000;0.679251;0.00230373;0.680605;0.00103116;0.681671;0.00230874;0.678633;0.00102284;0.679397;0.00230068;0.680606;0.00102972;0.681517;0.00541254;0.676258;0.00361639
555000;0.679214;0.00230153;0.680604;0.00103028;0.681721;0.00230659;0.678623;0.00102184;0.679438;0.0022987;0.680585;0.00102879;0.681464;0.00540689;0.676205;0.00361278
556000;0.679257;0.00229965;0.680588;0.00102923;0.681771;0.00230451;0.678616;0.00102087;0.679532;0.00229677;0.680592;0.00102782;0.681277;0.00540089;0.67612;0.00360916
557000;0.679263;0.00229747;0.680574;0.0010283;0.681825;0.00230266;0.678629;0.00101994;0.679506;0.00229464;0.680576;0.00102694;0.681009;0.00539395;0.676144;0.00360669
558000;0.679332;0.00229611;0.680591;0.00102735;0.681858;0.00230064;0.678629;0.0010191;0.679459;0.00229264;0.68061;0.00102627;0.681048;0.00539004;0.676303;0.00360392
559000;0.679416;0.00229421;0.680571;0.00102635;0.681857;0.00229889;0.678601;0.00101809;0.679605;0.00229101;0.680591;0.00102533;0.681079;0.00538668;0.676294;0.00359998
560000;0.679399;0.00229218;0.680564;0.00102528;0.681828;0.00229669;0.678557;0.00101707;0.679616;0.00228902;0.680547;0.00102441;0.681175;0.00538266;0.676335;0.00359639
561000;0.679448;0.0022902;0.680566;0.00102437;0.681835;0.00229476;0.678549;0.0010162;0.679682;0.00228704;0.680557;0.00102355;0.681062;0.00537706;0.676276;0.00359224
562000;0.679395;0.00228803;0.680588;0.00102348;0.681861;0.00229266;0.678582;0.00101535;0.679668;0.00228491;0.680545;0.00102253;0.681037;0.00537175;0.676334;0.00358968
563000;0.679407;0.00228592;0.680587;0.0010224;0.681902;0.00229069;0.678597;0.00101445;0.679595;0.00228262;0.680551;0.00102173;0.681057;0.00536633;0.676387;0.00358769
564000;0.679424;0.00228394;0.680568;0.00102141;0.681888;0.00228865;0.678616;0.00101361;0.679577;0.0022806;0.680564;0.0010208;0.680881;0.00536047;0.676482;0.00358422
565000;0.679446;0.00228193;0.680567;0.00102061;0.681917;0.00228655;0.678648;0.00101269;0.67956;0.00227845;0.680529;0.00101992;0.680918;0.00535604;0.676453;0.00357979
566000;0.679386;0.00227985;0.680559;0.00101974;0.682014;0.00228459;0.678667;0.00101179;0.67958;0.0022764;0.680556;0.00101907;0.680913;0.00534999;0.676463;0.00357642
567000;0.679367;0.0022779;0.680543;0.0010189;0.682155;0.00228266;0.678684;0.00101098;0.679552;0.00227429;0.680549;0.0010182;0.680699;0.00534315;0.676498;0.00357295
568000;0.679377;0.00227591;0.680554;0.00101805;0.682109;0.00228068;0.678697;0.00101011;0.679531;0.00227214;0.680528;0.00101734;0.680712;0.00533903;0.676568;0.00356955
569000;0.679368;0.00227396;0.680508;0.00101716;0.682059;0.00227851;0.678695;0.00100928;0.679569;0.00227044;0.680592;0.0010166;0.680968;0.0053382;0.676487;0.00356602
570000;0.679393;0.00227197;0.680489;0.00101627;0.68206;0.00227655;0.678683;0.00100833;0.679517;0.00226847;0.680599;0.00101569;0.680903;0.00533281;0.676488;0.00356279
571000;0.679443;0.00226995;0.680505;0.00101537;0.682045;0.00227463;0.678724;0.00100783;0.679533;0.00226667;0.680584;0.00101472;0.680857;0.00532721;0.67647;0.00356
572000;0.679439;0.00226782;0.680509;0.00101441;0.682044;0.00227254;0.678701;0.00100696;0.679571;0.00226472;0.680568;0.00101383;0.680931;0.00532518;0.676487;0.0035566
573000;0.679502;0.002266;0.680491;0.0010134;0.682088;0.00227052;0.678663;0.00100592;0.67956;0.00226278;0.680561;0.00101296;0.681233;0.00532663;0.676437;0.00355334
574000;0.67951;0.00226398;0.680492;0.00101254;0.682192;0.0022686;0.678681;0.00100497;0.679562;0.00226069;0.680533;0.00101199;0.681341;0.00532302;0.676385;0.00354948
575000;0.679498;0.00226207;0.680483;0.00101158;0.682159;0.00226656;0.678693;0.00100409;0.679562;0.00225865;0.6805;0.00101107;0.681394;0.00531895;0.676309;0.00354576
576000;0.67946;0.00225992;0.680493;0.00101084;0.682052;0.00226434;0.678679;0.00100312;0.679636;0.00225674;0.680507;0.0010103;0.681453;0.00531437;0.676358;0.0035428
577000;0.679455;0.00225789;0.680529;0.00101013;0.682068;0.00226238;0.678661;0.00100218;0.679669;0.00225497;0.680465;0.00100946;0.681254;0.00530742;0.676389;0.00354006
578000;0.679428;0.00225592;0.680538;0.00100936;0.682095;0.00226044;0.67866;0.00100129;0.679699;0.00225318;0.680459;0.00100857;0.681395;0.00530453;0.676449;0.00353767
579000;0.679369;0.00225406;0.680566;0.00100853;0.682169;0.00225852;0.678671;0.00100036;0.679738;0.00225119;0.680493;0.00100789;0.681499;0.00530069;0.676509;0.00353486
580000;0.679417;0.00225226;0.680567;0.00100767;0.682098;0.00225639;0.678642;0.000999419;0.679722;0.00224924;0.68051;0.00100692;0.681411;0.00529589;0.676506;0.00353161
581000;0.679391;0.00225027;0.680574;0.00100686;0.682218;0.00225474;0.678629;0.000998475;0.679726;0.00224727;0.68051;0.00100596;0.681393;0.00529062;0.676456;0.00352821
582000;0.679459;0.00224858;0.68059;0.00100592;0.682204;0.00225271;0.678595;0.000997592;0.679691;0.00224533;0.680509;0.00100518;0.681304;0.00528446;0.676524;0.00352639
583000;0.679427;0.00224673;0.680562;0.00100501;0.682126;0.00225064;0.678567;0.000996671;0.679703;0.00224337;0.680527;0.00100434;0.681291;0.00527904;0.676604;0.00352394
584000;0.679449;0.00224483;0.680553;0.00100421;0.682094;0.00224851;0.678544;0.00099584;0.679738;0.00224153;0.680539;0.00100342;0.681335;0.00527563;0.676543;0.0035205
585000;0.679436;0.0022429;0.680516;0.0010033;0.682194;0.00224675;0.678536;0.000994964;0.679724;0.00223942;0.680537;0.00100248;0.681398;0.00527045;0.67648;0.00351724
586000;0.67941;0.00224103;0.680568;0.00100253;0.682182;0.00224474;0.678526;0.000994144;0.679721;0.00223748;0.680545;0.00100166;0.681429;0.00526567;0.676458;0.00351405
587000;0.679368;0.00223914;0.680593;0.00100165;0.682232;0.00224277;0.678533;0.000993272;0.679747;0.00223563;0.680535;0.0010007;0.681406;0.00526279;0.676446;0.0035109
588000;0.679399;0.00223728;0.680595;0.00100088;0.682167;0.00224057;0.678498;0.000992314;0.679683;0.00223355;0.680524;0.000999734;0.681401;0.00525724;0.676492;0.00350789
589000;0.679353;0.00223531;0.680617;0.00100006;0.682165;0.00223895;0.678483;0.000991493;0.679658;0.00223167;0.680507;0.000998873;0.681318;0.0052522;0.67636;0.00350367
590000;0.679411;0.00223347;0.680602;0.000999177;0.682198;0.00223705;0.678495;0.000990689;0.679686;0.00222979;0.680487;0.000998094;0.681364;0.00524797;0.676418;0.00350012
591000;0.679394;0.00223156;0.68063;0.000998395;0.682228;0.00223515;0.678499;0.000989882;0.679702;0.00222783;0.680489;0.000997245;0.681445;0.00524282;0.676514;0.00349812
592000;0.679317;0.00222962;0.680648;0.000997528;0.682243;0.00223318;0.678481;0.000989036;0.679736;0.00222614;0.68051;0.000996407;0.681435;0.00523806;0.676498;0.00349499
593000;0.679466;0.0022281;0.680614;0.000996611;0.682292;0.00223142;0.678478;0.000988102;0.679661;0.00222409;0.680494;0.000995467;0.681744;0.00524284;0.676489;0.00349181
594000;0.679433;0.00222601;0.680615;0.000995756;0.682304;0.00222949;0.678456;0.000987223;0.67966;0.00222208;0.68048;0.000994512;0.681963;0.00524356;0.676447;0.00348831
595000;0.679432;0.0022242;0.680612;0.000994884;0.68228;0.00222769;0.678438;0.000986343;0.67957;0.00221997;0.680492;0.000993921;0.682033;0.0052383;0.676441;0.00348522
596000;0.679474;0.00222237;0.680657;0.000994102;0.682302;0.00222588;0.678424;0.000985486;0.679551;0.00221823;0.680484;0.000993077;0.682005;0.0052329;0.676449;0.00348191
597000;0.679534;0.0022205;0.680628;0.000993307;0.682355;0.00222427;0.67845;0.00098459;0.679561;0.00221651;0.680469;0.000992216;0.682048;0.00522891;0.676417;0.00347859
598000;0.679468;0.00221853;0.680606;0.000992554;0.682255;0.00222224;0.678431;0.000983745;0.679491;0.00221458;0.680463;0.000991442;0.682199;0.00522729;0.676376;0.00347513
599000;0.679504;0.00221672;0.680584;0.000991742;0.682184;0.00222017;0.678414;0.000982879;0.679497;0.00221268;0.680461;0.000990607;0.682067;0.00522343;0.676291;0.00347167
600000;0.679588;0.00221498;0.680581;0.000990887;0.682196;0.00221847;0.67839;0.000982074;0.679564;0.00221103;0.68046;0.00098973;0.681944;0.00521731;0.676405;0.00346925
601000;0.679574;0.00221309;0.680578;0.000990071;0.682196;0.00221655;0.678401;0.000981397;0.679512;0.00220894;0.680444;0.00098892;0.682007;0.00521267;0.67642;0.00346705
602000;0.679579;0.00221113;0.680617;0.000989295;0.682129;0.00221453;0.678403;0.000980701;0.679439;0.00220682;0.680441;0.000988135;0.68199;0.00520752;0.676343;0.00346388
603000;0.679559;0.00220931;0.680595;0.000988558;0.682034;0.00221239;0.678396;0.00097979;0.679452;0.00220499;0.680451;0.00098729;0.682045;0.0052034;0.676404;0.00346077
604000;0.679538;0.00220743;0.680576;0.000987655;0.681961;0.0022104;0.678388;0.000978972;0.679365;0.00220298;0.680474;0.000986469;0.681939;0.0051976;0.676314;0.00345718
605000;0.67951;0.00220557;0.680575;0.000986775;0.682024;0.00220864;0.678387;0.000978113;0.679279;0.00220098;0.680469;0.000985661;0.681739;0.0051911;0.676224;0.00345343
606000;0.679554;0.00220408;0.680562;0.0009859;0.682074;0.00220701;0.67838;0.000977316;0.679328;0.00219932;0.680476;0.000984886;0.681739;0.00518568;0.676146;0.00344981
607000;0.679535;0.00220223;0.680546;0.000985051;0.682081;0.00220527;0.678369;0.000976466;0.679304;0.00219766;0.680459;0.000984023;0.681763;0.00518174;0.676094;0.00344788
608000;0.679558;0.00220051;0.680529;0.000984281;0.682091;0.00220357;0.678377;0.000975611;0.679214;0.00219567;0.680445;0.000983194;0.681765;0.00517748;0.676057;0.00344435
609000;0.679499;0.00219867;0.680541;0.000983664;0.682123;0.00220182;0.678341;0.00097477;0.679153;0.00219383;0.680434;0.000982327;0.681722;0.00517242;0.676133;0.00344283
610000;0.679461;0.00219692;0.680553;0.000982833;0.682138;0.00220011;0.678317;0.000973834;0.679129;0.00219192;0.6804;0.000981545;0.681822;0.00516907;0.676128;0.00343933
611000;0.679358;0.00219491;0.68056;0.000981905;0.682183;0.00219835;0.678308;0.000972991;0.679181;0.00219025;0.68035;0.000980696;0.681771;0.0051637;0.676098;0.0034358
612000;0.679387;0.00219331;0.680568;0.000981054;0.68215;0.00219652;0.678341;0.000972306;0.679222;0.00218844;0.680326;0.000979851;0.681823;0.0051595;0.676379;0.00343498
613000;0.679375;0.00219154;0.680613;0.000980294;0.682107;0.00219463;0.678371;0.000971471;0.679163;0.00218638;0.68034;0.000979073;0.681966;0.00515491;0.676467;0.00343219
614000;0.679324;0.00218958;0.680589;0.000979364;0.682068;0.00219288;0.678364;0.0009706;0.679188;0.00218446;0.680343;0.000978173;0.682005;0.00515128;0.67651;0.0034301
615000;0.679314;0.00218786;0.68057;0.000978541;0.682025;0.00219094;0.678316;0.000969839;0.679173;0.00218261;0.680345;0.000977369;0.682153;0.00514797;0.676447;0.00342664
616000;0.679281;0.00218602;0.68057;0.000977626;0.682012;0.00218907;0.678297;0.000969073;0.679158;0.00218077;0.680334;0.000976541;0.682045;0.00514297;0.676523;0.00342382
617000;0.679308;0.00218432;0.680639;0.00097687;0.682081;0.00218749;0.678326;0.000968373;0.67915;0.0021789;0.680358;0.00097578;0.682059;0.00513788;0.676673;0.00342114
618000;0.679298;0.00218247;0.680636;0.000976043;0.682096;0.00218557;0.678345;0.000967724;0.679122;0.00217708;0.68034;0.000975068;0.682077;0.00513447;0.67673;0.00341858
619000;0.679291;0.00218061;0.68064;0.000975318;0.682083;0.00218376;0.67832;0.000966945;0.679127;0.00217521;0.68035;0.000974442;0.682038;0.00512945;0.676773;0.00341567
620000;0.679296;0.0021789;0.680644;0.00097455;0.68201;0.002182;0.678319;0.00096622;0.679169;0.00217337;0.680349;0.000973751;0.682099;0.00512577;0.676737;0.00341287
621000;0.67931;0.00217724;0.680639;0.000973772;0.681975;0.00218008;0.678332;0.00096545;0.679164;0.00217155;0.680336;0.00097294;0.682202;0.00512404;0.676848;0.0034109
622000;0.679324;0.0021755;0.680631;0.000972879;0.681978;0.00217837;0.678291;0.000964593;0.679211;0.0021699;0.680338;0.000972134;0.682114;0.00511858;0.67696;0.00340846
623000;0.679281;0.00217391;0.680675;0.000972147;0.682057;0.00217666;0.678305;0.000963834;0.679187;0.00216797;0.680303;0.000971234;0.682158;0.0051153;0.676953;0.00340592
624000;0.679253;0.00217197;0.680671;0.000971362;0.682064;0.00217497;0.67828;0.000963017;0.679181;0.00216646;0.680325;0.00097054;0.682085;0.00511036;0.676916;0.00340403
625000;0.679225;0.00217004;0.680671;0.000970599;0.682056;0.00217311;0.678294;0.000962208;0.679217;0.0021648;0.680326;0.000969719;0.681905;0.00510439;0.677063;0.00340359
626000;0.679168;0.00216819;0.680659;0.000969836;0.682057;0.00217135;0.678297;0.000961417;0.67926;0.00216312;0.680346;0.000969101;0.681847;0.00509964;0.677091;0.00340051
627000;0.679122;0.00216647;0.680691;0.000969116;0.682077;0.00216951;0.678293;0.000960613;0.679239;0.00216142;0.680322;0.000968265;0.681876;0.00509805;0.677073;0.00339739
628000;0.679198;0.00216501;0.680637;0.000968244;0.682063;0.00216787;0.678328;0.000959952;0.679272;0.00215976;0.680339;0.00096753;0.681945;0.00509388;0.677214;0.00339556
629000;0.67921;0.00216316;0.680617;0.00096746;0.68205;0.0021661;0.678329;0.000959155;0.679194;0.00215791;0.680345;0.000966808;0.681698;0.00508805;0.677291;0.00339394
630000;0.679159;0.00216134;0.680618;0.000966809;0.682023;0.00216432;0.678361;0.00095849;0.679197;0.00215618;0.680358;0.000966038;0.681788;0.00508561;0.677154;0.00339072
631000;0.679065;0.00215953;0.680637;0.000965962;0.682028;0.00216261;0.678359;0.000957669;0.679117;0.00215428;0.680383;0.000965295;0.681747;0.00508203;0.677105;0.00338752
632000;0.67909;0.00215776;0.680588;0.000965082;0.682039;0.00216089;0.678352;0.000956991;0.679112;0.00215267;0.680409;0.000964508;0.681947;0.00508022;0.677142;0.00338541
633000;0.679062;0.00215594;0.680604;0.000964268;0.681995;0.00215917;0.678343;0.000956244;0.6792;0.00215142;0.680369;0.000963614;0.681972;0.00507831;0.677086;0.00338235
634000;0.679159;0.00215434;0.680618;0.000963474;0.68198;0.00215746;0.678296;0.000955481;0.679239;0.00214971;0.680397;0.000962849;0.682055;0.00507577;0.67697;0.00337875
635000;0.679242;0.00215291;0.680592;0.000962653;0.681923;0.00215595;0.678321;0.000954816;0.679228;0.00214799;0.680379;0.000962155;0.682174;0.00507218;0.676931;0.00337561
636000;0.679197;0.00215109;0.6806;0.000961876;0.681939;0.0021542;0.678338;0.000953957;0.679269;0.00214633;0.68038;0.000961357;0.68237;0.00507192;0.676956;0.00337361
637000;0.67918;0.00214936;0.680601;0.000961227;0.681913;0.00215244;0.678333;0.000953227;0.679163;0.00214454;0.680368;0.000960555;0.682297;0.00506656;0.676804;0.0033696
638000;0.679173;0.00214764;0.680599;0.000960535;0.681953;0.0021509;0.678346;0.000952464;0.679204;0.00214306;0.680373;0.000959779;0.682456;0.00506344;0.676885;0.00336799
639000;0.679205;0.00214601;0.680599;0.000959727;0.681984;0.00214913;0.678347;0.000951651;0.679191;0.00214137;0.680347;0.000958997;0.682465;0.00505869;0.677039;0.00336605
640000;0.679224;0.00214421;0.680584;0.000958975;0.681914;0.00214735;0.678334;0.000950822;0.679102;0.00213951;0.680341;0.000958131;0.682361;0.00505364;0.67708;0.00336318
641000;0.679301;0.00214251;0.680581;0.000958178;0.681834;0.00214567;0.678331;0.000950037;0.67918;0.00213791;0.680352;0.000957572;0.682306;0.00504938;0.677064;0.0033601
642000;0.679241;0.00214087;0.680569;0.000957452;0.681877;0.00214395;0.678337;0.000949224;0.679177;0.00213643;0.680336;0.000956725;0.682407;0.0050463;0.676966;0.00335657
643000;0.679268;0.00213921;0.680569;0.000956729;0.681853;0.00214222;0.678302;0.000948457;0.679211;0.00213493;0.680326;0.000955995;0.682304;0.00504099;0.676914;0.00335342
644000;0.679294;0.00213751;0.680571;0.000955972;0.68179;0.00214046;0.678333;0.000947851;0.679328;0.00213341;0.680313;0.000955269;0.682231;0.00503566;0.676801;0.00335002
645000;0.679263;0.00213586;0.680556;0.000955311;0.681746;0.00213874;0.678318;0.000947116;0.679309;0.00213177;0.6803;0.000954391;0.682184;0.00503191;0.676819;0.00334725
646000;0.679276;0.00213427;0.680572;0.00095454;0.681703;0.00213709;0.678323;0.000946255;0.679297;0.00213006;0.680296;0.000953592;0.68211;0.00502701;0.676772;0.00334407
647000;0.679352;0.00213287;0.680575;0.000953875;0.68168;0.00213539;0.678341;0.000945542;0.679353;0.00212859;0.680292;0.000952795;0.682119;0.00502359;0.676737;0.00334078
648000;0.679307;0.0021311;0.680595;0.00095327;0.681619;0.00213363;0.678348;0.000944819;0.679327;0.0021269;0.6803;0.000951989;0.68221;0.00502066;0.676797;0.00333911
649000;0.67928;0.00212946;0.680603;0.000952499;0.681675;0.002132;0.678325;0.000943997;0.679265;0.00212522;0.680304;0.000951255;0.682135;0.00501608;0.676817;0.00333679
650000;0.679277;0.0021277;0.680603;0.000951858;0.681692;0.0021303;0.678335;0.000943298;0.679198;0.00212341;0.680326;0.000950583;0.682103;0.00501217;0.676809;0.0033345
651000;0.679303;0.002126;0.680619;0.000951118;0.681702;0.00212873;0.678358;0.000942645;0.679144;0.00212174;0.680335;0.000949878;0.68224;0.00500822;0.676785;0.00333157
652000;0.67934;0.00212444;0.680623;0.000950319;0.681737;0.002127;0.678388;0.000942054;0.679095;0.00211988;0.680365;0.000949232;0.682073;0.00500308;0.676934;0.00333022
653000;0.679383;0.00212294;0.680602;0.00094955;0.681809;0.00212545;0.678389;0.000941299;0.679107;0.0021183;0.680379;0.000948616;0.68195;0.00499852;0.676862;0.0033275
654000;0.679451;0.00212153;0.680611;0.000948859;0.681872;0.00212418;0.678383;0.000940515;0.679084;0.00211671;0.680353;0.000947876;0.681839;0.0049938;0.676854;0.00332448
655000;0.679471;0.00212003;0.680619;0.000948127;0.681908;0.00212264;0.678368;0.000939765;0.679062;0.00211524;0.680377;0.000947168;0.681731;0.00498861;0.676843;0.00332145
656000;0.679547;0.00211868;0.680621;0.000947328;0.681827;0.00212084;0.678391;0.000939031;0.679045;0.00211362;0.680397;0.000946496;0.681818;0.00498716;0.676768;0.0033187
657000;0.679508;0.0021169;0.680624;0.000946647;0.681802;0.00211929;0.678383;0.00093831;0.679037;0.002112;0.68039;0.00094577;0.681611;0.00498234;0.676616;0.00331527
658000;0.679507;0.00211542;0.680601;0.000945961;0.681799;0.00211763;0.678377;0.000937587;0.679057;0.00211061;0.680404;0.000945137;0.681534;0.00497805;0.676576;0.00331266
659000;0.679582;0.00211396;0.680564;0.000945138;0.681778;0.002116;0.6784;0.000936858;0.679062;0.00210902;0.6804;0.000944447;0.681732;0.00497465;0.676567;0.00330982
660000;0.679581;0.00211234;0.680559;0.000944386;0.681788;0.00211464;0.678401;0.000936087;0.679096;0.00210733;0.680394;0.000943707;0.681754;0.00497105;0.676712;0.00330781
661000;0.679608;0.00211084;0.680592;0.000943712;0.681765;0.00211304;0.678384;0.000935312;0.679088;0.00210581;0.680376;0.000942995;0.681735;0.0049676;0.676644;0.00330437
662000;0.679646;0.00210933;0.680569;0.000943005;0.68177;0.00211149;0.678389;0.000934529;0.679083;0.00210411;0.680375;0.000942212;0.681706;0.0049631;0.676752;0.00330233
663000;0.679674;0.00210766;0.680567;0.000942245;0.681787;0.00210995;0.678382;0.000933838;0.679145;0.0021026;0.680368;0.000941514;0.681664;0.00495966;0.676667;0.00329895
664000;0.67968;0.0021061;0.680559;0.000941509;0.681865;0.00210887;0.678375;0.000933203;0.67919;0.00210094;0.680361;0.000940828;0.681663;0.00495542;0.676688;0.00329648
665000;0.679722;0.0021044;0.680563;0.000940807;0.68189;0.00210742;0.678376;0.000932629;0.679165;0.00209928;0.680359;0.000940058;0.681676;0.00495084;0.676732;0.00329488
666000;0.679785;0.00210284;0.680564;0.000940002;0.681837;0.0021058;0.67838;0.000931981;0.679165;0.00209752;0.68038;0.000939367;0.681626;0.00494654;0.676725;0.0032922
667000;0.679791;0.00210119;0.68056;0.000939256;0.681833;0.00210415;0.67839;0.000931223;0.679159;0.00209587;0.680371;0.000938673;0.681744;0.00494288;0.676713;0.00328963
668000;0.679802;0.00209959;0.680589;0.000938644;0.681856;0.00210262;0.678405;0.000930507;0.679206;0.0020945;0.68038;0.000937977;0.681735;0.00493867;0.676757;0.00328731
669000;0.679763;0.00209785;0.680592;0.000938005;0.68188;0.00210109;0.678394;0.000929692;0.679156;0.00209287;0.680394;0.000937371;0.681643;0.00493377;0.676897;0.0032852
670000;0.679735;0.00209631;0.680589;0.000937225;0.681824;0.00209937;0.678417;0.000929093;0.679141;0.00209131;0.680397;0.00093668;0.681718;0.00493026;0.676927;0.00328327
671000;0.679673;0.00209455;0.680617;0.000936524;0.681831;0.00209795;0.678437;0.000928387;0.67913;0.00208973;0.680389;0.000935984;0.681635;0.00492561;0.676924;0.00328025
672000;0.679609;0.0020929;0.680609;0.00093577;0.681916;0.00209669;0.678431;0.000927699;0.67918;0.00208826;0.680401;0.000935403;0.681543;0.00492058;0.676862;0.00327739
673000;0.679633;0.00209118;0.680604;0.000935051;0.681899;0.00209505;0.678421;0.000926976;0.679195;0.00208673;0.680407;0.000934759;0.681714;0.0049182;0.676782;0.00327402
674000;0.679625;0.00208965;0.680555;0.000934297;0.681848;0.0020936;0.678447;0.000926385;0.679249;0.00208516;0.68042;0.000933983;0.681727;0.00491518;0.676767;0.00327177
675000;0.679625;0.00208807;0.680562;0.0009336;0.68182;0.00209194;0.678455;0.000925761;0.679227;0.00208354;0.680407;0.000933285;0.681846;0.00491272;0.676783;0.0032697
676000;0.679628;0.00208655;0.680567;0.000932928;0.681809;0.00209038;0.678443;0.000925008;0.679296;0.00208202;0.680393;0.000932523;0.681872;0.00490835;0.676691;0.00326658
677000;0.679644;0.00208508;0.680557;0.000932155;0.68177;0.0020887;0.678426;0.000924293;0.679277;0.00208042;0.680392;0.000931793;0.681721;0.00490309;0.676696;0.00326371
678000;0.679656;0.00208356;0.68056;0.00093142;0.681756;0.00208717;0.678389;0.000923553;0.679278;0.00207894;0.680372;0.000931029;0.681904;0.004901;0.676681;0.00326126
679000;0.679627;0.00208198;0.680558;0.000930679;0.681758;0.00208564;0.678369;0.00092283;0.679297;0.0020774;0.680388;0.000930446;0.681892;0.00489683;0.676574;0.00325809
680000;0.679605;0.00208035;0.680574;0.000929977;0.68172;0.00208414;0.678387;0.000922152;0.679264;0.00207595;0.680394;0.000929735;0.681832;0.00489263;0.676596;0.00325514
681000;0.679619;0.00207878;0.680579;0.00092923;0.681745;0.00208266;0.678398;0.000921549;0.679277;0.00207452;0.68037;0.000928941;0.681757;0.00488791;0.676586;0.00325256
682000;0.679584;0.0020773;0.680593;0.000928565;0.681731;0.00208119;0.678393;0.000920843;0.679272;0.00207296;0.680386;0.000928292;0.68183;0.00488477;0.676642;0.00324957
683000;0.679606;0.00207583;0.680606;0.000927918;0.681759;0.0020797;0.678393;0.000920224;0.679226;0.00207131;0.680395;0.000927683;0.681803;0.00488122;0.67654;0.00324678
684000;0.67962;0.00207426;0.680619;0.000927247;0.681767;0.00207816;0.678406;0.000919573;0.679239;0.00206985;0.680396;0.000927031;0.681792;0.00487678;0.676596;0.00324486
685000;0.679661;0.00207292;0.680638;0.000926587;0.681732;0.00207663;0.678396;0.000918901;0.679285;0.00206846;0.680403;0.000926309;0.681645;0.00487175;0.676742;0.00324277
686000;0.679651;0.00207147;0.680653;0.000925937;0.681728;0.00207491;0.678373;0.000918169;0.679241;0.00206724;0.680403;0.000925633;0.681782;0.00486886;0.676756;0.00324048
687000;0.6797;0.00207018;0.680647;0.000925324;0.681684;0.00207332;0.67837;0.000917543;0.679295;0.00206575;0.680402;0.000924945;0.681739;0.00486472;0.676852;0.00323867
688000;0.679677;0.00206851;0.680641;0.000924772;0.681734;0.00207203;0.678346;0.000916852;0.679271;0.00206422;0.680407;0.000924253;0.681957;0.00486168;0.676828;0.00323606
689000;0.679684;0.00206697;0.680651;0.000924118;0.681722;0.00207068;0.67835;0.000916188;0.67929;0.00206275;0.680438;0.000923597;0.681942;0.00485785;0.676871;0.00323382
690000;0.679695;0.00206545;0.680626;0.000923387;0.681716;0.00206923;0.678372;0.000915516;0.679236;0.00206124;0.680438;0.000922921;0.682126;0.00485513;0.676928;0.00323162
691000;0.679714;0.00206404;0.680583;0.000922659;0.68172;0.00206758;0.678395;0.000914777;0.679199;0.00205962;0.680417;0.000922182;0.681953;0.00485043;0.676936;0.00322966
692000;0.679679;0.00206245;0.680578;0.000921999;0.681785;0.00206626;0.678382;0.000914061;0.679211;0.00205824;0.680397;0.000921564;0.681982;0.00484694;0.676907;0.00322722
693000;0.679588;0.00206077;0.680567;0.000921302;0.681758;0.00206458;0.678388;0.000913422;0.679248;0.0020569;0.680358;0.00092086;0.681994;0.0048431;0.676973;0.00322507
694000;0.67957;0.00205933;0.68056;0.000920717;0.681725;0.00206306;0.678377;0.000912775;0.679235;0.00205534;0.680385;0.0009202;0.681981;0.00483932;0.676958;0.00322255
695000;0.679562;0.00205798;0.680529;0.000919996;0.681702;0.00206164;0.678416;0.000912263;0.679224;0.00205375;0.680376;0.000919646;0.68191;0.00483686;0.676961;0.00322002
696000;0.679563;0.00205661;0.680517;0.000919397;0.681678;0.00206013;0.678384;0.000911624;0.679274;0.00205229;0.680362;0.000918992;0.681964;0.00483485;0.676849;0.00321671
697000;0.679566;0.00205514;0.680541;0.000918746;0.681693;0.0020586;0.678382;0.000911027;0.679285;0.00205081;0.680345;0.000918309;0.68194;0.00483094;0.676758;0.0032137
698000;0.679543;0.00205367;0.680565;0.000918146;0.681709;0.00205706;0.678386;0.000910316;0.679309;0.00204941;0.68034;0.0009177;0.682007;0.00483089;0.676794;0.00321132
699000;0.679543;0.00205218;0.680525;0.000917389;0.681754;0.00205573;0.678379;0.000909629;0.679296;0.00204805;0.680341;0.000917126;0.681988;0.00482747;0.676762;0.0032091
700000;0.679599;0.00205086;0.680527;0.000916774;0.681734;0.00205423;0.67837;0.000908994;0.679337;0.00204687;0.680351;0.000916502;0.681999;0.00482375;0.676672;0.00320639
701000;0.679576;0.00204935;0.680516;0.000916113;0.681666;0.00205284;0.678352;0.000908291;0.679339;0.00204535;0.680341;0.000915801;0.681932;0.00481938;0.676609;0.00320358
702000;0.679601;0.00204783;0.680526;0.000915423;0.681591;0.0020513;0.678358;0.000907692;0.67936;0.00204391;0.680347;0.000915145;0.681814;0.00481488;0.67651;0.00320073
703000;0.679613;0.00204639;0.680541;0.000914716;0.681589;0.00204989;0.678367;0.000907044;0.679412;0.00204256;0.680354;0.000914521;0.681854;0.00481164;0.676589;0.00319859
704000;0.679668;0.00204498;0.680553;0.000914124;0.681599;0.00204834;0.678391;0.000906468;0.679392;0.00204116;0.680377;0.000913964;0.681891;0.00480805;0.676551;0.00319597
705000;0.679641;0.00204347;0.680551;0.000913472;0.681565;0.00204678;0.678378;0.000905754;0.679459;0.00203984;0.680415;0.000913353;0.681927;0.00480376;0.676484;0.00319333
706000;0.679667;0.0020419;0.680531;0.000912836;0.681496;0.00204513;0.678364;0.000905147;0.679446;0.00203829;0.680403;0.000912945;0.681891;0.00480048;0.676571;0.00319144
707000;0.679721;0.0020405;0.680518;0.000912219;0.681558;0.00204379;0.678346;0.000904538;0.679487;0.00203679;0.680402;0.000912229;0.681999;0.00479877;0.676649;0.00318979
708000;0.679803;0.00203923;0.680518;0.000911551;0.681558;0.00204232;0.678372;0.000903899;0.679461;0.00203527;0.680393;0.000911548;0.682072;0.00479661;0.676751;0.00318805
709000;0.679811;0.00203804;0.680537;0.000910957;0.681536;0.00204081;0.678353;0.000903252;0.679458;0.00203381;0.680378;0.000910897;0.681938;0.00479236;0.676791;0.00318611
710000;0.679905;0.00203668;0.680537;0.000910314;0.681521;0.00203924;0.678336;0.000902542;0.679474;0.00203244;0.680376;0.000910241;0.68204;0.0047915;0.676875;0.003184
711000;0.679964;0.00203539;0.680512;0.000909638;0.681488;0.00203777;0.678312;0.000901853;0.679436;0.00203085;0.680395;0.000909597;0.681994;0.00478749;0.676819;0.00318173
712000;0.679988;0.00203406;0.680494;0.000908962;0.681509;0.0020364;0.678319;0.000901174;0.679414;0.00202935;0.680401;0.000908999;0.682028;0.00478438;0.676721;0.0031787
713000;0.679964;0.00203256;0.680506;0.000908309;0.681477;0.00203494;0.678332;0.000900561;0.679455;0.00202806;0.68041;0.000908308;0.681953;0.00478015;0.67683;0.00317708
714000;0.679957;0.00203123;0.680497;0.000907662;0.681502;0.00203344;0.67835;0.000899954;0.679399;0.00202643;0.680407;0.000907651;0.681948;0.00477695;0.676949;0.00317733
715000;0.679975;0.00202993;0.6805;0.000907039;0.681526;0.00203205;0.678346;0.000899341;0.679442;0.00202496;0.680433;0.000907042;0.681852;0.00477255;0.676968;0.00317484
716000;0.679964;0.00202868;0.680491;0.00090633;0.681514;0.00203047;0.678359;0.000898892;0.679461;0.00202353;0.680437;0.000906377;0.68182;0.00476888;0.677026;0.00317261
717000;0.679888;0.00202722;0.680473;0.000905609;0.681507;0.00202906;0.678362;0.000898378;0.679431;0.002022;0.680443;0.000905787;0.681875;0.00476485;0.676962;0.00316983
718000;0.679832;0.00202559;0.680481;0.000904942;0.681477;0.00202771;0.678386;0.000897941;0.679459;0.00202065;0.680455;0.000905183;0.681913;0.00476155;0.676899;0.00316735
719000;0.679798;0.00202411;0.6805;0.000904408;0.68151;0.00202633;0.678424;0.000897463;0.679469;0.00201929;0.680448;0.000904469;0.681948;0.00475876;0.676969;0.0031663
720000;0.67978;0.00202266;0.680478;0.000903704;0.681524;0.00202493;0.678434;0.000896843;0.679455;0.00201785;0.680462;0.000903853;0.681904;0.00475499;0.676923;0.00316365
721000;0.67976;0.00202117;0.680445;0.000903018;0.681533;0.00202355;0.678411;0.000896195;0.679437;0.00201647;0.680465;0.000903114;0.681832;0.00475152;0.676802;0.00316083
722000;0.679765;0.00201983;0.680452;0.000902427;0.681481;0.002022;0.678414;0.000895608;0.679481;0.00201504;0.680467;0.000902454;0.681872;0.00474833;0.676708;0.00315816
723000;0.67975;0.00201822;0.680472;0.000901879;0.681521;0.00202052;0.678423;0.000894945;0.679433;0.00201356;0.680455;0.000901779;0.681843;0.00474529;0.676636;0.00315544
724000;0.67974;0.00201687;0.68049;0.000901203;0.681512;0.00201912;0.678412;0.000894281;0.679399;0.00201209;0.680457;0.000901204;0.681879;0.00474255;0.676589;0.00315295
725000;0.679789;0.00201561;0.680479;0.000900522;0.681496;0.00201771;0.678407;0.000893669;0.679403;0.00201062;0.68045;0.000900531;0.681916;0.00473854;0.67653;0.00315
726000;0.679772;0.00201424;0.680483;0.000899886;0.681545;0.00201639;0.678411;0.000893061;0.679452;0.00200923;0.680447;0.000899874;0.682018;0.0047354;0.676434;0.0031471
727000;0.679776;0.00201284;0.680473;0.00089933;0.681488;0.00201484;0.678433;0.000892382;0.679445;0.00200777;0.680475;0.000899333;0.681869;0.00473052;0.676479;0.00314553
728000;0.679764;0.0020116;0.680474;0.000898711;0.681467;0.0020135;0.67841;0.00089171;0.679442;0.00200643;0.680483;0.000898801;0.681936;0.00472852;0.676502;0.00314285
729000;0.679733;0.0020102;0.68047;0.000898017;0.681529;0.00201223;0.678408;0.000891101;0.679465;0.00200501;0.680493;0.000898223;0.681898;0.00472416;0.676582;0.00314131
730000;0.679704;0.00200875;0.680493;0.000897436;0.681512;0.00201093;0.678432;0.000890524;0.679405;0.00200356;0.680481;0.000897567;0.68186;0.00472034;0.67662;0.00313963
731000;0.679665;0.00200722;0.680503;0.000896845;0.681434;0.00200941;0.678438;0.000889883;0.679462;0.0020022;0.680487;0.000896992;0.681815;0.0047179;0.676538;0.00313716
732000;0.67965;0.00200579;0.680504;0.000896207;0.681414;0.00200809;0.678436;0.000889313;0.679477;0.00200091;0.68049;0.000896388;0.681892;0.00471641;0.676531;0.00313485
733000;0.67969;0.00200446;0.680524;0.000895653;0.681406;0.00200659;0.678452;0.000888741;0.679473;0.00199956;0.680469;0.000895675;0.681897;0.00471273;0.676485;0.00313208
734000;0.679646;0.00200292;0.68053;0.000895069;0.681426;0.00200509;0.678429;0.000888101;0.67949;0.00199815;0.680452;0.000894963;0.681681;0.00470799;0.676504;0.00313025
735000;0.679703;0.00200184;0.680512;0.000894472;0.681416;0.00200367;0.678428;0.000887545;0.679483;0.00199677;0.680462;0.000894321;0.681697;0.0047053;0.67643;0.00312787
736000;0.679704;0.00200052;0.680529;0.000893827;0.681475;0.00200232;0.678426;0.000886977;0.679422;0.00199531;0.680471;0.000893744;0.681586;0.0047021;0.67646;0.0031253
737000;0.67971;0.00199919;0.68056;0.00089332;0.68145;0.00200113;0.678427;0.000886454;0.679307;0.00199387;0.680454;0.000893121;0.681534;0.00469892;0.676548;0.00312395
738000;0.679682;0.00199794;0.68055;0.000892719;0.681463;0.00199996;0.678428;0.000885909;0.679262;0.00199246;0.680475;0.000892458;0.681533;0.00469597;0.67646;0.00312163
739000;0.679698;0.00199659;0.680558;0.00089207;0.681496;0.00199865;0.678406;0.000885333;0.679226;0.001991;0.680489;0.000891779;0.681623;0.00469325;0.676311;0.00311867
740000;0.679718;0.00199527;0.680584;0.000891495;0.681533;0.0019975;0.678427;0.000884749;0.679287;0.0019898;0.680478;0.000891198;0.681672;0.00469061;0.676389;0.0031163
741000;0.679737;0.00199391;0.680596;0.00089088;0.681581;0.00199619;0.678423;0.00088411;0.679335;0.00198842;0.680478;0.000890587;0.681664;0.00468993;0.676306;0.00311358
742000;0.679732;0.00199255;0.680603;0.000890192;0.681587;0.00199491;0.678399;0.000883456;0.679303;0.00198706;0.680453;0.000889926;0.68169;0.00468655;0.676245;0.00311112
743000;0.6797;0.00199113;0.680615;0.000889644;0.681608;0.00199359;0.678394;0.000882777;0.679275;0.00198564;0.680484;0.000889349;0.681757;0.00468349;0.676299;0.00310887
744000;0.679656;0.00198976;0.680615;0.000889021;0.681564;0.00199217;0.678411;0.000882177;0.679325;0.00198438;0.680468;0.000888683;0.681761;0.00467979;0.676283;0.00310658
745000;0.679675;0.00198855;0.680629;0.0008884;0.68158;0.00199083;0.678409;0.000881622;0.679299;0.00198294;0.680492;0.000888143;0.68177;0.00467704;0.676301;0.0031041
746000;0.679671;0.00198724;0.680628;0.00088783;0.681569;0.00198956;0.678424;0.000881127;0.679283;0.00198173;0.680515;0.000887659;0.681738;0.00467306;0.676424;0.003104
747000;0.679673;0.00198581;0.680647;0.000887256;0.681525;0.00198826;0.67841;0.000880541;0.679303;0.00198036;0.680499;0.000886998;0.681763;0.00466959;0.676409;0.00310162
748000;0.679645;0.0019844;0.680647;0.000886598;0.681527;0.00198692;0.678395;0.00087998;0.679368;0.00197919;0.680483;0.000886374;0.681738;0.00466582;0.676424;0.00309912
749000;0.679621;0.00198302;0.68065;0.000886021;0.681572;0.00198567;0.678412;0.000879564;0.679324;0.00197794;0.680482;0.000885751;0.681792;0.00466289;0.676352;0.00309633
750000;0.679564;0.00198165;0.680686;0.000885446;0.681607;0.00198441;0.678412;0.000879031;0.679325;0.00197674;0.680486;0.000885166;0.681864;0.00465986;0.676413;0.00309423
751000;0.67964;0.00198063;0.680702;0.000884873;0.681616;0.001983;0.678399;0.00087844;0.679335;0.00197534;0.680467;0.000884594;0.682019;0.0046573;0.676391;0.00309172
752000;0.679673;0.00197932;0.680706;0.000884298;0.681665;0.00198169;0.678389;0.000877808;0.679344;0.00197404;0.680435;0.000884073;0.68183;0.00465245;0.676382;0.00308938
753000;0.679731;0.0019781;0.680705;0.000883708;0.681772;0.00198052;0.678391;0.000877204;0.679304;0.00197266;0.680444;0.000883446;0.681845;0.00464982;0.676345;0.00308698
754000;0.679679;0.00197678;0.680699;0.000883119;0.681689;0.00197902;0.678404;0.000876543;0.679319;0.00197142;0.680444;0.000882824;0.681794;0.00464611;0.676405;0.00308593
755000;0.679675;0.0019755;0.680667;0.000882483;0.681542;0.00197754;0.678406;0.000875996;0.67929;0.00196998;0.680421;0.00088218;0.681754;0.00464221;0.676336;0.00308394
756000;0.679696;0.0019743;0.680668;0.000881845;0.681524;0.0019762;0.678397;0.000875429;0.679344;0.00196873;0.680426;0.000881676;0.68176;0.00463863;0.676371;0.00308169
757000;0.679738;0.00197301;0.680642;0.000881186;0.681576;0.00197524;0.678364;0.000874705;0.679325;0.00196732;0.680463;0.000881155;0.68175;0.00463491;0.676446;0.00307998
758000;0.679739;0.00197168;0.680639;0.000880583;0.681592;0.00197388;0.678361;0.000874145;0.67931;0.00196602;0.680486;0.000880607;0.681758;0.00463124;0.676373;0.00307751
759000;0.679691;0.00197027;0.680615;0.000879938;0.681623;0.00197267;0.678381;0.00087362;0.679331;0.00196476;0.680476;0.000880013;0.681874;0.00462904;0.676323;0.00307502
760000;0.679684;0.00196894;0.680617;0.000879354;0.681634;0.00197129;0.678417;0.000873069;0.679329;0.00196342;0.680474;0.000879433;0.682107;0.00462812;0.676271;0.00307265
761000;0.679696;0.00196772;0.6806;0.000878718;0.681598;0.00196997;0.678421;0.000872467;0.679349;0.00196209;0.680467;0.000878784;0.682073;0.00462401;0.676194;0.00307005
762000;0.679781;0.00196668;0.680589;0.00087809;0.681594;0.00196879;0.678394;0.000871864;0.679427;0.00196093;0.680464;0.000878236;0.682083;0.00462234;0.676223;0.00306785
763000;0.679714;0.00196536;0.680592;0.000877514;0.681651;0.00196753;0.678408;0.000871272;0.679398;0.00195946;0.680424;0.000877664;0.681987;0.00461868;0.676272;0.00306646
764000;0.679659;0.00196398;0.680584;0.000876927;0.681604;0.00196613;0.678411;0.000870696;0.679456;0.00195833;0.680412;0.00087709;0.68182;0.00461457;0.676309;0.00306392
765000;0.679652;0.00196255;0.680574;0.00087632;0.681552;0.00196488;0.678394;0.000870058;0.679502;0.0019572;0.680395;0.000876442;0.681831;0.00461061;0.676275;0.00306159
766000;0.679645;0.00196134;0.680581;0.00087575;0.68152;0.00196352;0.678358;0.000869399;0.679499;0.00195595;0.68041;0.000875878;0.6818;0.00460749;0.676344;0.00305989
767000;0.6796;0.00195991;0.680579;0.000875148;0.681453;0.00196214;0.678376;0.000868789;0.679457;0.00195454;0.680426;0.000875476;0.681679;0.0046031;0.676426;0.0030583
768000;0.67969;0.00195866;0.680576;0.00087466;0.681453;0.00196091;0.678392;0.000868186;0.679451;0.00195321;0.68043;0.000874916;0.68162;0.00460035;0.676433;0.0030561
769000;0.679651;0.00195742;0.680583;0.000874059;0.681446;0.0019597;0.678395;0.000867661;0.679456;0.00195195;0.680431;0.000874312;0.681482;0.00459726;0.676395;0.00305332
770000;0.679579;0.00195603;0.680586;0.000873457;0.681405;0.0019583;0.678393;0.000867075;0.679482;0.00195077;0.680408;0.000873691;0.681569;0.00459485;0.676293;0.00305093
771000;0.679577;0.00195472;0.680577;0.000872834;0.681434;0.00195715;0.678397;0.000866507;0.679465;0.00194952;0.680392;0.000873071;0.68152;0.00459143;0.676172;0.00304867
772000;0.679534;0.00195349;0.68059;0.000872286;0.681432;0.00195594;0.678399;0.000865897;0.679462;0.0019483;0.680406;0.00087256;0.681404;0.00458829;0.676151;0.0030471
773000;0.679547;0.00195228;0.680593;0.000871739;0.681406;0.00195462;0.678407;0.000865273;0.679479;0.0019471;0.680421;0.000872049;0.681409;0.0045856;0.676182;0.003045
774000;0.679479;0.00195088;0.680599;0.000871199;0.681332;0.00195322;0.678404;0.000864625;0.679411;0.00194572;0.68044;0.000871426;0.681487;0.00458348;0.676115;0.00304265
775000;0.679509;0.00194971;0.680602;0.000870628;0.681402;0.00195221;0.678392;0.000864052;0.679389;0.00194431;0.680445;0.000870861;0.681538;0.00458053;0.676221;0.00304091
776000;0.679511;0.00194838;0.680577;0.000870029;0.681405;0.00195095;0.678357;0.000863403;0.67946;0.00194324;0.680449;0.00087029;0.681536;0.00457688;0.676143;0.00303832
777000;0.679501;0.0019471;0.680588;0.000869578;0.681437;0.00194981;0.678374;0.000862821;0.679472;0.00194207;0.680437;0.000869707;0.681535;0.00457369;0.676076;0.00303601
778000;0.679538;0.00194587;0.680563;0.00086898;0.681439;0.00194867;0.678398;0.000862359;0.679493;0.00194086;0.680435;0.000869068;0.681502;0.00456979;0.676132;0.00303423
779000;0.679511;0.00194468;0.680531;0.000868347;0.681463;0.00194742;0.678405;0.000861761;0.679497;0.00193967;0.680443;0.00086856;0.681593;0.00456714;0.676122;0.00303222
780000;0.679547;0.00194346;0.680505;0.000867753;0.681435;0.00194617;0.678404;0.000861234;0.679447;0.0019383;0.680426;0.000867963;0.68162;0.00456429;0.676143;0.00303036
781000;0.679573;0.00194218;0.68051;0.000867198;0.681441;0.00194489;0.67838;0.000860622;0.679467;0.00193701;0.680409;0.000867393;0.681715;0.00456115;0.676093;0.00302791
782000;0.679523;0.00194087;0.680495;0.000866663;0.681462;0.00194365;0.678374;0.000860051;0.679545;0.00193587;0.680388;0.000866779;0.681582;0.004557;0.676139;0.00302608
783000;0.679483;0.00193957;0.680519;0.000866156;0.681495;0.00194247;0.678359;0.000859507;0.679535;0.0019347;0.680407;0.000866179;0.681558;0.00455372;0.676058;0.00302368
784000;0.679449;0.00193844;0.680521;0.000865577;0.681509;0.00194119;0.678361;0.000858922;0.679484;0.00193342;0.680411;0.000865557;0.681495;0.00455146;0.675995;0.00302138
785000;0.67947;0.00193724;0.680518;0.000865026;0.681445;0.00193997;0.678354;0.000858418;0.679449;0.00193222;0.680412;0.00086505;0.681502;0.00454848;0.676096;0.00301993
786000;0.679432;0.0019359;0.680537;0.000864491;0.681465;0.00193874;0.67836;0.000857958;0.679468;0.00193104;0.680396;0.000864466;0.681453;0.00454476;0.676133;0.00301819
787000;0.679481;0.00193471;0.680534;0.000863914;0.681441;0.00193741;0.678389;0.000857442;0.679486;0.00192991;0.680418;0.000863959;0.681334;0.00454139;0.676145;0.00301597
788000;0.679527;0.00193366;0.680541;0.000863322;0.681474;0.00193624;0.678374;0.000856855;0.679477;0.00192864;0.680414;0.000863411;0.681358;0.00453873;0.676179;0.00301388
789000;0.679496;0.00193232;0.680521;0.00086273;0.681496;0.00193509;0.678371;0.000856349;0.679492;0.00192748;0.680408;0.000862803;0.681395;0.00453518;0.676174;0.00301173
790000;0.679496;0.00193107;0.680501;0.000862168;0.681506;0.00193389;0.678391;0.000855841;0.679478;0.00192623;0.680373;0.000862281;0.68143;0.00453308;0.676254;0.00301002
791000;0.679508;0.00192976;0.680482;0.000861637;0.681517;0.00193261;0.678405;0.0008553;0.679533;0.00192515;0.68037;0.000861711;0.681527;0.00453307;0.676248;0.00300801
792000;0.679565;0.00192875;0.680496;0.00086109;0.681454;0.00193113;0.678389;0.000854797;0.67953;0.00192396;0.680363;0.000861211;0.681587;0.00453028;0.676321;0.00300659
793000;0.679585;0.00192761;0.680493;0.000860612;0.68151;0.00192999;0.678369;0.000854281;0.679587;0.00192282;0.680347;0.000860631;0.681483;0.00452709;0.676328;0.00300473
794000;0.679595;0.00192671;0.680517;0.000860056;0.681578;0.00192887;0.678378;0.00085375;0.679591;0.00192164;0.680322;0.000860084;0.681517;0.00452507;0.67632;0.00300288
795000;0.679602;0.00192564;0.680515;0.000859473;0.681522;0.00192755;0.678396;0.000853183;0.6796;0.00192036;0.680339;0.000859545;0.681471;0.00452335;0.676358;0.00300116
796000;0.679627;0.0019245;0.680512;0.000858911;0.681594;0.00192652;0.67837;0.000852593;0.679593;0.00191913;0.680346;0.000858966;0.68148;0.0045197;0.676377;0.00299913
797000;0.679639;0.00192328;0.680545;0.00085844;0.681642;0.00192533;0.678367;0.000852095;0.67962;0.00191807;0.680334;0.000858368;0.681318;0.00451577;0.676418;0.00299721
798000;0.679645;0.00192206;0.680556;0.000858007;0.681569;0.00192408;0.678372;0.000851526;0.679587;0.00191683;0.680343;0.000857778;0.681406;0.00451366;0.676342;0.00299459
799000;0.679664;0.0019211;0.680569;0.000857495;0.681586;0.00192298;0.678376;0.000851109;0.679572;0.00191563;0.680351;0.000857183;0.681301;0.00451034;0.67633;0.00299283
800000;0.679619;0.00191981;0.680578;0.000856996;0.681621;0.00192181;0.678368;0.000850537;0.679616;0.0019146;0.680352;0.000856598;0.68139;0.00450828;0.676369;0.00299132
801000;0.67962;0.00191854;0.680573;0.00085638;0.681535;0.00192049;0.678371;0.000850009;0.679658;0.00191343;0.680334;0.000856061;0.681303;0.00450439;0.676432;0.0029893
802000;0.679648;0.00191734;0.680558;0.000855776;0.681518;0.00191929;0.678375;0.000849481;0.679653;0.00191216;0.680353;0.000855529;0.681321;0.00450184;0.676426;0.00298733
803000;0.679627;0.00191604;0.680556;0.000855249;0.681482;0.0019181;0.678387;0.000848943;0.679602;0.00191091;0.680367;0.000855036;0.681378;0.00449914;0.67644;0.00298577
804000;0.679593;0.00191478;0.680534;0.000854692;0.681511;0.00191693;0.678409;0.000848484;0.679611;0.00190974;0.680371;0.00085448;0.681443;0.00449684;0.676401;0.00298345
805000;0.679607;0.00191354;0.68055;0.000854252;0.681532;0.00191566;0.678402;0.00084794;0.679601;0.00190851;0.680373;0.000853985;0.681523;0.00449475;0.676402;0.00298142
806000;0.67963;0.00191237;0.68058;0.00085378;0.681539;0.00191465;0.678413;0.000847372;0.679599;0.0019073;0.680382;0.000853417;0.681454;0.00449167;0.676519;0.00297989
807000;0.679617;0.00191118;0.680594;0.000853247;0.681546;0.00191337;0.67841;0.000846891;0.679626;0.0019062;0.680369;0.000852889;0.681532;0.00448857;0.676487;0.00297772
808000;0.679542;0.00190982;0.680588;0.000852829;0.681546;0.0019122;0.678412;0.000846397;0.679631;0.00190506;0.680405;0.000852351;0.681532;0.0044856;0.676524;0.00297617
809000;0.679512;0.00190866;0.680569;0.000852253;0.681526;0.00191095;0.678444;0.000846081;0.679628;0.00190385;0.680394;0.000851776;0.681528;0.00448192;0.676503;0.00297415
810000;0.67956;0.00190757;0.680568;0.000851719;0.681454;0.00190963;0.678438;0.000845489;0.679634;0.00190263;0.680395;0.000851243;0.681513;0.00447907;0.676439;0.00297195
811000;0.67958;0.00190628;0.680533;0.000851137;0.681399;0.00190846;0.678442;0.000844931;0.679656;0.00190156;0.680381;0.000850706;0.68148;0.00447706;0.676474;0.00297016
812000;0.679587;0.00190511;0.68053;0.000850614;0.681409;0.00190723;0.678451;0.000844469;0.679625;0.00190028;0.680383;0.000850151;0.681571;0.00447528;0.676529;0.00296874
813000;0.679625;0.00190426;0.680561;0.000850162;0.681439;0.00190614;0.678443;0.000843891;0.679635;0.00189898;0.680362;0.000849605;0.681675;0.00447393;0.676459;0.0029664
814000;0.679631;0.00190307;0.680571;0.000849673;0.681472;0.00190502;0.678469;0.000843413;0.679669;0.00189788;0.680352;0.000849174;0.681639;0.00447059;0.676472;0.0029645
815000;0.679645;0.00190192;0.680578;0.000849153;0.681455;0.0019038;0.678462;0.000843106;0.679722;0.0018969;0.680356;0.000848664;0.681651;0.0044674;0.676395;0.00296211
816000;0.679643;0.00190084;0.68058;0.000848655;0.681465;0.00190278;0.678474;0.000842624;0.679715;0.00189578;0.680337;0.000848179;0.681686;0.00446429;0.676393;0.00296003
817000;0.679596;0.00189955;0.680594;0.000848167;0.681482;0.00190161;0.678464;0.00084206;0.679735;0.00189463;0.680327;0.000847657;0.681544;0.00446051;0.676311;0.00295789
818000;0.679578;0.0018983;0.680599;0.000847643;0.681458;0.00190043;0.678508;0.000841748;0.679763;0.00189361;0.68033;0.000847113;0.681606;0.00445923;0.67633;0.0029567
819000;0.679614;0.00189723;0.680619;0.0008471;0.681446;0.00189925;0.678481;0.000841205;0.679732;0.00189239;0.680318;0.000846581;0.681515;0.00445544;0.67629;0.00295471
820000;0.679664;0.00189629;0.680602;0.000846619;0.68142;0.00189805;0.678502;0.000840699;0.67981;0.00189134;0.680323;0.000846055;0.681373;0.00445173;0.676275;0.00295277
821000;0.679651;0.00189505;0.680598;0.00084612;0.681439;0.00189687;0.678484;0.000840096;0.679801;0.00189014;0.680316;0.000845575;0.681384;0.00444959;0.676281;0.00295084
822000;0.679613;0.00189386;0.68063;0.000845648;0.681492;0.00189579;0.678498;0.000839548;0.679779;0.00188891;0.680312;0.000844989;0.681296;0.00444594;0.676353;0.00294954
823000;0.679594;0.00189273;0.680633;0.00084512;0.681502;0.00189461;0.678522;0.000839074;0.679802;0.00188777;0.680342;0.000844475;0.681412;0.00444438;0.676438;0.0029479
824000;0.679584;0.00189155;0.680628;0.000844625;0.681479;0.00189346;0.678531;0.000838554;0.679848;0.0018867;0.680343;0.000843992;0.681435;0.00444129;0.676529;0.00294667
825000;0.67961;0.00189039;0.680622;0.000844106;0.681458;0.00189228;0.678515;0.000837994;0.679848;0.00188561;0.680364;0.000843515;0.681442;0.00443833;0.676577;0.00294539
826000;0.679576;0.00188917;0.680636;0.000843682;0.681404;0.00189113;0.678505;0.000837466;0.679791;0.00188433;0.680367;0.000843036;0.681478;0.00443727;0.676562;0.00294341
827000;0.679604;0.00188806;0.680633;0.000843131;0.681407;0.0018899;0.678527;0.000837036;0.679761;0.00188305;0.680391;0.000842608;0.681484;0.00443502;0.676519;0.00294128
828000;0.679561;0.0018869;0.680629;0.000842661;0.681427;0.00188881;0.678509;0.000836447;0.679703;0.00188179;0.680394;0.00084206;0.681463;0.00443269;0.676505;0.00293918
829000;0.679591;0.0018858;0.680609;0.000842154;0.68139;0.00188767;0.678518;0.000835909;0.679741;0.00188063;0.680373;0.000841511;0.681424;0.00442938;0.676426;0.00293687
830000;0.679615;0.00188474;0.680593;0.00084163;0.681437;0.00188658;0.678521;0.000835432;0.679738;0.00187949;0.680395;0.000840966;0.681472;0.00442662;0.676487;0.00293503
831000;0.679624;0.00188357;0.680594;0.000841132;0.681383;0.00188555;0.678533;0.000835045;0.679702;0.0018782;0.68038;0.000840578;0.681408;0.00442334;0.676526;0.00293328
832000;0.6797;0.00188257;0.680588;0.000840676;0.681378;0.00188441;0.678521;0.000834528;0.679663;0.00187695;0.680367;0.000840035;0.681354;0.00442081;0.676425;0.00293078
833000;0.67976;0.0018815;0.680587;0.000840125;0.68129;0.00188316;0.678511;0.000833966;0.679691;0.00187596;0.680359;0.000839539;0.681294;0.00441724;0.676423;0.00292896
834000;0.679801;0.0018804;0.680595;0.000839585;0.681242;0.00188188;0.678498;0.000833411;0.679623;0.00187468;0.680357;0.000839026;0.681397;0.00441469;0.67645;0.00292735
835000;0.679846;0.00187932;0.680588;0.000839088;0.681196;0.0018807;0.678493;0.000832932;0.679669;0.00187363;0.680353;0.000838512;0.681364;0.00441179;0.676555;0.00292623
836000;0.679857;0.00187823;0.680582;0.000838596;0.681242;0.0018796;0.678498;0.000832418;0.67967;0.00187257;0.680357;0.000838009;0.681372;0.00440878;0.676522;0.00292429
837000;0.67983;0.00187715;0.680586;0.000838103;0.681285;0.00187852;0.678504;0.000831877;0.679713;0.00187143;0.680379;0.000837555;0.681403;0.00440894;0.67654;0.00292271
838000;0.679878;0.00187611;0.680592;0.000837559;0.681327;0.00187752;0.678496;0.000831341;0.679757;0.00187032;0.680389;0.000837058;0.681308;0.00440518;0.676408;0.00292042
839000;0.679882;0.00187498;0.6806;0.000837095;0.681279;0.00187644;0.67851;0.000830816;0.679764;0.00186923;0.680386;0.000836503;0.681322;0.00440254;0.676423;0.00291865
840000;0.679889;0.00187384;0.680626;0.000836725;0.681277;0.00187529;0.678519;0.000830289;0.679767;0.00186811;0.680391;0.000836028;0.681363;0.00439989;0.676455;0.00291704
841000;0.679925;0.00187281;0.680633;0.000836145;0.681234;0.00187417;0.678511;0.000829803;0.679769;0.00186689;0.680392;0.000835505;0.681235;0.00439619;0.676432;0.00291526
842000;0.679948;0.0018718;0.680621;0.00083563;0.681233;0.0018731;0.678502;0.000829339;0.679827;0.00186589;0.680416;0.000834976;0.681236;0.00439375;0.676437;0.00291328
843000;0.679973;0.0018708;0.68063;0.000835149;0.681196;0.00187196;0.678495;0.00082883;0.679817;0.0018648;0.6804;0.00083449;0.681291;0.00439115;0.6764;0.00291098
844000;0.680063;0.00186984;0.680625;0.000834626;0.68128;0.0018709;0.678473;0.000828342;0.679846;0.00186368;0.680397;0.000834012;0.681222;0.00438805;0.676473;0.00291025
845000;0.680023;0.00186871;0.680638;0.00083411;0.681306;0.00186982;0.678492;0.000827829;0.679798;0.00186255;0.680358;0.000833466;0.681164;0.0043848;0.676499;0.00290876
846000;0.68002;0.00186767;0.68063;0.000833626;0.681309;0.00186874;0.678486;0.000827317;0.679835;0.00186148;0.680346;0.000832918;0.681095;0.00438137;0.676403;0.00290673
847000;0.680013;0.00186651;0.680642;0.000833116;0.681318;0.00186775;0.678468;0.000826827;0.679864;0.00186048;0.680373;0.000832408;0.681006;0.00437777;0.676358;0.00290456
848000;0.680059;0.00186544;0.680652;0.000832669;0.681339;0.00186663;0.678474;0.000826329;0.679832;0.00185948;0.6804;0.000831954;0.680879;0.00437412;0.676443;0.00290348
849000;0.68006;0.00186428;0.680645;0.000832199;0.681338;0.00186552;0.678467;0.00082581;0.679841;0.00185839;0.680409;0.0008315;0.680879;0.00437092;0.676441;0.00290182
850000;0.680093;0.00186331;0.680643;0.000831686;0.681367;0.00186455;0.678479;0.000825295;0.679815;0.0018572;0.680389;0.000831007;0.680854;0.00436774;0.676466;0.00290078
851000;0.680037;0.00186213;0.680646;0.000831192;0.681381;0.00186357;0.678481;0.000824848;0.679864;0.00185627;0.680385;0.000830488;0.680996;0.00436722;0.67645;0.00289879
852000;0.679995;0.00186097;0.680646;0.00083061;0.681413;0.00186243;0.678475;0.000824309;0.67981;0.0018551;0.68041;0.000830134;0.681118;0.00436541;0.676416;0.00289802
853000;0.680002;0.00185996;0.680658;0.000830131;0.681406;0.00186133;0.678481;0.000823799;0.679796;0.00185399;0.680433;0.000829632;0.681172;0.00436268;0.676381;0.00289608
854000;0.680012;0.00185887;0.68067;0.000829645;0.681389;0.00186023;0.678461;0.000823277;0.679777;0.00185288;0.68044;0.000829176;0.681216;0.00436022;0.676387;0.00289426
855000;0.679967;0.00185768;0.680663;0.000829176;0.681355;0.00185916;0.678468;0.00082281;0.679766;0.00185178;0.680445;0.000828701;0.681268;0.00435784;0.676364;0.00289249
856000;0.679925;0.00185647;0.680671;0.000828635;0.681317;0.00185797;0.678455;0.00082242;0.679762;0.00185063;0.680458;0.000828293;0.681381;0.0043555;0.676321;0.00289068
857000;0.679923;0.00185533;0.680661;0.000828101;0.681251;0.00185669;0.678465;0.000821967;0.679745;0.00184961;0.680443;0.000827875;0.681369;0.00435281;0.676371;0.00288912
858000;0.679937;0.00185422;0.680666;0.000827593;0.681281;0.00185569;0.67847;0.000821475;0.679728;0.00184842;0.680451;0.000827405;0.681234;0.0043494;0.67646;0.00288776
859000;0.679902;0.00185308;0.680645;0.00082715;0.681343;0.00185466;0.678473;0.000821091;0.679734;0.00184744;0.680449;0.00082697;0.681156;0.00434697;0.676545;0.00288769
860000;0.679942;0.001852;0.680659;0.000826651;0.681321;0.00185347;0.678473;0.000820746;0.679697;0.00184633;0.680432;0.000826419;0.681161;0.00434479;0.676549;0.00288574
861000;0.679941;0.00185097;0.680676;0.000826107;0.681339;0.00185246;0.678477;0.000820262;0.679685;0.00184515;0.680438;0.000825941;0.681165;0.00434201;0.676454;0.00288366
862000;0.679931;0.00184997;0.680673;0.000825733;0.681372;0.00185145;0.678457;0.000819771;0.67966;0.0018441;0.680449;0.000825527;0.681076;0.00433868;0.676388;0.00288146
863000;0.679957;0.00184893;0.680694;0.000825302;0.68136;0.00185035;0.678468;0.000819253;0.679575;0.00184295;0.680428;0.000825052;0.68112;0.00433698;0.676372;0.00287974
864000;0.68002;0.00184798;0.680708;0.000824862;0.68137;0.00184936;0.678503;0.000818895;0.679589;0.00184185;0.680446;0.000824611;0.681129;0.00433497;0.676385;0.0028781
865000;0.680025;0.00184689;0.68071;0.000824423;0.681357;0.00184836;0.678495;0.000818392;0.679554;0.00184073;0.680459;0.000824154;0.68105;0.00433171;0.676348;0.00287623
866000;0.680066;0.00184596;0.680696;0.000823991;0.68132;0.00184719;0.67851;0.000817942;0.679598;0.00183981;0.68045;0.000823676;0.681022;0.00432914;0.67637;0.00287515
867000;0.680108;0.0018449;0.680699;0.00082351;0.681322;0.00184614;0.678521;0.000817458;0.67959;0.00183871;0.680439;0.000823162;0.681039;0.00432641;0.676371;0.0028741
868000;0.680123;0.00184385;0.68069;0.000823046;0.68132;0.00184497;0.678514;0.000816938;0.679554;0.00183765;0.680435;0.000822709;0.681027;0.00432367;0.676325;0.00287233
869000;0.68013;0.00184287;0.680688;0.00082253;0.681323;0.00184397;0.678512;0.000816519;0.679563;0.00183667;0.680428;0.000822163;0.680974;0.00432053;0.676328;0.00287024
870000;0.680142;0.00184189;0.680684;0.000822105;0.681376;0.00184309;0.67854;0.000816096;0.679567;0.00183574;0.680423;0.000821625;0.681097;0.00431874;0.676362;0.00286849
871000;0.680081;0.00184074;0.680676;0.000821606;0.681313;0.00184209;0.678531;0.000815563;0.679567;0.00183474;0.680403;0.000821116;0.680937;0.00431517;0.676366;0.00286668
872000;0.680114;0.00183968;0.680665;0.000821153;0.681314;0.00184099;0.678523;0.000815099;0.67955;0.00183368;0.680427;0.000820683;0.681027;0.00431317;0.676411;0.00286554
873000;0.680093;0.0018386;0.680662;0.000820588;0.681349;0.0018401;0.678532;0.000814622;0.679546;0.0018327;0.680416;0.000820185;0.681174;0.00431122;0.676432;0.00286431
874000;0.680079;0.00183755;0.680663;0.000820175;0.68131;0.00183907;0.678537;0.000814194;0.67951;0.00183161;0.680428;0.000819747;0.681147;0.00430862;0.676447;0.00286312
875000;0.68004;0.00183645;0.680685;0.000819748;0.681323;0.00183799;0.678543;0.00081372;0.679544;0.00183051;0.680418;0.000819241;0.681135;0.00430533;0.676454;0.0028615
876000;0.680044;0.00183546;0.680676;0.000819225;0.681306;0.00183695;0.678518;0.000813213;0.67953;0.00182951;0.680416;0.000818751;0.681062;0.00430289;0.676383;0.00285932
877000;0.680101;0.00183441;0.680689;0.00081872;0.681329;0.00183605;0.678527;0.000812744;0.679512;0.00182843;0.680408;0.000818275;0.681025;0.00430031;0.676381;0.0028574
878000;0.68008;0.00183336;0.680711;0.000818309;0.681287;0.001835;0.678517;0.000812268;0.679476;0.00182729;0.680421;0.000817825;0.680932;0.0042972;0.67651;0.00285687
879000;0.68011;0.00183225;0.680723;0.000817927;0.681288;0.00183398;0.678516;0.000811755;0.679439;0.00182622;0.68041;0.000817394;0.681036;0.00429561;0.676569;0.0028562
880000;0.680133;0.00183123;0.680729;0.000817429;0.681295;0.00183293;0.678502;0.000811245;0.679439;0.00182522;0.680403;0.000816921;0.681069;0.00429351;0.676519;0.00285409
881000;0.680161;0.00183023;0.680719;0.000816986;0.681263;0.00183189;0.678507;0.000810778;0.679426;0.00182415;0.680376;0.00081643;0.68107;0.00429046;0.676587;0.00285249
882000;0.680162;0.00182923;0.680726;0.000816536;0.681212;0.00183074;0.678513;0.000810281;0.679572;0.00182338;0.680367;0.000815914;0.681133;0.00428829;0.676633;0.00285102
883000;0.680161;0.00182815;0.680722;0.000816137;0.681219;0.00182971;0.678507;0.000809802;0.679614;0.00182233;0.680384;0.000815479;0.681272;0.0042869;0.676616;0.00284904
884000;0.680118;0.00182706;0.680709;0.000815635;0.681218;0.00182869;0.678504;0.00080932;0.679572;0.00182121;0.680397;0.000815004;0.6811;0.00428363;0.676634;0.00284744
885000;0.680129;0.00182596;0.680711;0.000815234;0.681177;0.0018276;0.678501;0.000808825;0.679579;0.00182027;0.680391;0.000814465;0.681013;0.00428028;0.676591;0.0028454
886000;0.680113;0.00182496;0.68071;0.000814741;0.681223;0.00182655;0.678505;0.000808351;0.679519;0.00181922;0.680373;0.000814007;0.681008;0.00427768;0.676563;0.00284338
887000;0.680145;0.0018239;0.680698;0.00081424;0.681262;0.0018255;0.678528;0.000807941;0.679573;0.00181831;0.680373;0.000813538;0.681134;0.00427558;0.676603;0.00284247
888000;0.680148;0.00182289;0.6807;0.000813814;0.681251;0.00182445;0.678525;0.000807438;0.679452;0.00181715;0.680361;0.000812971;0.681014;0.00427217;0.676524;0.00284032
889000;0.680161;0.00182189;0.680691;0.000813356;0.681276;0.00182355;0.67854;0.000806989;0.679474;0.00181622;0.680355;0.000812521;0.680926;0.00427007;0.676517;0.00283909
890000;0.680133;0.00182089;0.680699;0.000812943;0.681249;0.00182245;0.678526;0.000806553;0.679515;0.00181525;0.680351;0.000812179;0.68089;0.00426767;0.676457;0.00283742
891000;0.680129;0.00181993;0.680696;0.000812482;0.681194;0.00182146;0.67856;0.000806264;0.679586;0.00181438;0.680338;0.000811726;0.680749;0.00426443;0.676524;0.00283575
892000;0.680164;0.00181884;0.680679;0.00081196;0.681163;0.00182034;0.678548;0.000805791;0.679596;0.00181336;0.680328;0.00081128;0.680631;0.00426167;0.67645;0.00283391
893000;0.680155;0.00181781;0.680682;0.000811494;0.681186;0.00181944;0.678557;0.000805449;0.679603;0.00181235;0.680315;0.000810826;0.680512;0.00425847;0.676469;0.00283226
894000;0.680149;0.00181673;0.680672;0.00081101;0.681221;0.0018186;0.67856;0.000805039;0.679584;0.00181146;0.680336;0.000810455;0.680633;0.00425656;0.676463;0.00283067
895000;0.680083;0.00181565;0.680697;0.000810624;0.681203;0.00181748;0.67857;0.000804679;0.679614;0.0018105;0.680336;0.000809966;0.680671;0.00425474;0.676489;0.00282966
896000;0.68005;0.00181458;0.680714;0.000810213;0.681201;0.00181639;0.678563;0.000804193;0.679607;0.00180957;0.68031;0.000809482;0.68058;0.00425162;0.676598;0.00282821
897000;0.680094;0.00181361;0.680717;0.000809778;0.68121;0.00181541;0.678547;0.000803732;0.679601;0.00180857;0.68031;0.000809093;0.680542;0.00424854;0.676567;0.00282672
898000;0.680061;0.00181252;0.680726;0.000809295;0.6812;0.00181431;0.678542;0.000803306;0.679597;0.00180754;0.680325;0.00080869;0.680617;0.00424663;0.676513;0.00282498
899000;0.680084;0.00181158;0.680706;0.000808793;0.681218;0.00181325;0.678556;0.000802846;0.679583;0.00180658;0.680308;0.000808159;0.680567;0.00424393;0.676558;0.00282342
900000;0.680132;0.00181061;0.680696;0.000808348;0.681221;0.00181222;0.678562;0.000802486;0.679575;0.00180554;0.680285;0.000807746;0.680646;0.0042426;0.67659;0.00282181
901000;0.680152;0.00180961;0.680694;0.000807855;0.681277;0.00181125;0.67858;0.000802042;0.679644;0.0018046;0.680263;0.00080723;0.680772;0.0042403;0.67658;0.00282001
902000;0.680161;0.00180867;0.680689;0.00080737;0.6812;0.00181016;0.678596;0.000801637;0.679609;0.0018035;0.680241;0.000806737;0.680736;0.00423837;0.676625;0.00281874
903000;0.680157;0.00180769;0.680669;0.000806865;0.681212;0.00180915;0.67861;0.000801249;0.679599;0.00180241;0.680257;0.000806366;0.680688;0.00423586;0.676564;0.00281724
904000;0.680208;0.00180684;0.680683;0.000806479;0.681193;0.0018081;0.678629;0.000800907;0.679595;0.00180138;0.680229;0.000805877;0.680653;0.00423381;0.676564;0.00281549
905000;0.680216;0.00180582;0.680696;0.00080604;0.681162;0.00180706;0.678639;0.000800463;0.67959;0.00180036;0.680234;0.000805411;0.680632;0.0042312;0.676585;0.0028137
906000;0.680217;0.00180487;0.68069;0.000805551;0.681133;0.00180604;0.678634;0.000799979;0.679544;0.00179931;0.680245;0.000804911;0.680634;0.00422906;0.67657;0.00281209
907000;0.680214;0.00180382;0.680693;0.000805065;0.681168;0.00180497;0.678626;0.0007995;0.679551;0.00179831;0.680239;0.000804445;0.680601;0.00422653;0.676653;0.00281077
908000;0.680216;0.00180282;0.680705;0.000804665;0.681163;0.00180397;0.67861;0.000799099;0.679543;0.00179739;0.680247;0.000804027;0.680519;0.00422311;0.676631;0.00280892
909000;0.680237;0.00180174;0.680691;0.000804149;0.681243;0.00180305;0.678614;0.000798674;0.679528;0.00179633;0.680246;0.000803512;0.680537;0.00422021;0.676644;0.00280731
910000;0.680255;0.00180078;0.680692;0.000803708;0.681221;0.00180203;0.678619;0.000798183;0.679513;0.0017953;0.680264;0.000803119;0.680505;0.00421835;0.676639;0.00280559
911000;0.680288;0.0017998;0.680667;0.000803281;0.68123;0.00180098;0.678611;0.000797788;0.679477;0.00179433;0.680265;0.000802711;0.680557;0.00421632;0.67662;0.00280412
912000;0.680295;0.00179879;0.68066;0.000802776;0.681269;0.00180012;0.678589;0.000797365;0.679449;0.00179335;0.680244;0.000802244;0.680553;0.00421366;0.67661;0.00280236
913000;0.680313;0.00179786;0.680663;0.000802438;0.681254;0.0017991;0.678588;0.000796874;0.679449;0.00179237;0.680248;0.000801811;0.680698;0.00421172;0.676574;0.0028006
914000;0.680354;0.00179691;0.680637;0.000801996;0.681225;0.00179803;0.678576;0.000796434;0.679446;0.00179139;0.68027;0.000801364;0.680629;0.00420877;0.676678;0.00279965
915000;0.680347;0.001796;0.680634;0.000801597;0.681213;0.00179702;0.678589;0.000796036;0.679423;0.00179033;0.680272;0.000800914;0.680531;0.00420565;0.676746;0.00279825
916000;0.680299;0.001795;0.680627;0.000801123;0.681222;0.00179601;0.67858;0.000795684;0.679412;0.00178937;0.68028;0.000800502;0.680546;0.00420319;0.676749;0.00279767
917000;0.680259;0.00179393;0.680624;0.000800687;0.681272;0.00179507;0.67858;0.000795201;0.679423;0.00178836;0.680271;0.000800022;0.68047;0.00420036;0.676721;0.00279607
918000;0.680255;0.00179292;0.680623;0.000800273;0.681227;0.001794;0.678579;0.000794787;0.679441;0.00178735;0.680268;0.000799564;0.680495;0.00419801;0.676666;0.00279409
919000;0.680258;0.00179196;0.680638;0.000799845;0.681227;0.00179305;0.678557;0.000794287;0.679473;0.00178641;0.680281;0.000799122;0.680566;0.00419618;0.676697;0.00279301
920000;0.680304;0.00179102;0.680609;0.000799409;0.681264;0.00179215;0.678543;0.000793815;0.679493;0.00178549;0.680269;0.000798731;0.680474;0.00419283;0.676717;0.00279126
921000;0.680376;0.0017902;0.680622;0.00079903;0.681255;0.00179107;0.678535;0.000793367;0.679503;0.00178445;0.680275;0.000798428;0.680496;0.00419128;0.676728;0.0027901
922000;0.680334;0.00178923;0.680641;0.00079865;0.681286;0.00179012;0.67853;0.000792874;0.679534;0.00178356;0.680292;0.000798041;0.680526;0.00418881;0.676717;0.00278876
923000;0.680335;0.00178827;0.680651;0.000798214;0.681332;0.00178913;0.678515;0.000792429;0.679525;0.00178255;0.680276;0.000797592;0.680428;0.00418592;0.676675;0.00278727
924000;0.680407;0.0017874;0.680645;0.000797744;0.68136;0.00178816;0.678515;0.000792025;0.679528;0.00178153;0.680259;0.000797114;0.680535;0.00418734;0.67662;0.00278532
925000;0.680393;0.00178638;0.680658;0.000797323;0.68133;0.00178718;0.678496;0.000791561;0.67958;0.00178053;0.680263;0.000796667;0.680612;0.00418621;0.676593;0.00278351
926000;0.680422;0.00178548;0.680629;0.000796827;0.681326;0.00178627;0.678496;0.000791147;0.679558;0.00177961;0.680266;0.000796192;0.680772;0.00418543;0.676618;0.0027821
927000;0.680417;0.00178442;0.680638;0.000796378;0.681348;0.00178545;0.678495;0.000790694;0.679538;0.00177854;0.680239;0.000795771;0.680748;0.00418257;0.676564;0.00278031
928000;0.680412;0.00178351;0.680651;0.000796031;0.681371;0.00178456;0.6785;0.000790228;0.679484;0.00177747;0.680246;0.000795343;0.680694;0.00417968;0.67652;0.00277862
929000;0.680445;0.00178262;0.680661;0.000795625;0.681362;0.00178354;0.678506;0.000789816;0.679487;0.00177653;0.680243;0.000794924;0.680629;0.00417663;0.676514;0.00277708
930000;0.680471;0.00178169;0.680653;0.000795172;0.681385;0.00178254;0.678535;0.000789446;0.679526;0.00177566;0.680237;0.000794447;0.680613;0.0041738;0.676633;0.00277665
931000;0.680441;0.00178074;0.68064;0.000794724;0.681392;0.00178156;0.678547;0.000789;0.679498;0.00177463;0.680231;0.000794007;0.680709;0.00417184;0.676636;0.00277515
932000;0.680483;0.00177983;0.680628;0.000794258;0.681348;0.00178052;0.678548;0.000788584;0.679499;0.0017737;0.680231;0.000793599;0.680811;0.00417144;0.676626;0.00277319
933000;0.680461;0.00177888;0.680604;0.000793796;0.68135;0.00177961;0.678555;0.000788217;0.679491;0.00177286;0.680223;0.000793182;0.680814;0.00416899;0.676584;0.00277173
934000;0.680455;0.00177798;0.680585;0.000793393;0.681356;0.00177862;0.678539;0.000787736;0.679534;0.00177195;0.680213;0.000792745;0.680696;0.0041658;0.676662;0.00277079
935000;0.680477;0.0017771;0.680586;0.000792994;0.681369;0.00177778;0.678537;0.000787302;0.679509;0.00177097;0.680193;0.00079227;0.68068;0.00416309;0.676614;0.00276927
936000;0.68043;0.00177607;0.680564;0.000792546;0.681366;0.00177674;0.678522;0.00078692;0.6795;0.00177004;0.680184;0.000791907;0.680589;0.00416007;0.676577;0.00276762
937000;0.680385;0.00177507;0.680574;0.000792141;0.68138;0.00177582;0.678517;0.000786461;0.679464;0.00176902;0.680176;0.000791504;0.680543;0.00415712;0.67658;0.00276624
938000;0.680366;0.00177402;0.680581;0.000791743;0.681402;0.00177497;0.678517;0.000785981;0.679502;0.00176823;0.680179;0.000791037;0.680692;0.00415567;0.676578;0.00276451
939000;0.680382;0.00177307;0.68058;0.000791304;0.681387;0.00177397;0.678502;0.000785522;0.679487;0.00176722;0.68017;0.000790694;0.680749;0.00415317;0.676574;0.00276284
940000;0.68043;0.00177241;0.680577;0.000790851;0.681371;0.00177308;0.678507;0.000785128;0.679518;0.00176634;0.680177;0.000790381;0.680707;0.00415073;0.676623;0.00276103
941000;0.680432;0.00177153;0.68059;0.00079047;0.681349;0.00177208;0.678508;0.000784829;0.679479;0.00176528;0.680192;0.000789933;0.680649;0.00414841;0.676604;0.00275924
942000;0.680432;0.00177059;0.680593;0.000790047;0.681322;0.00177108;0.678499;0.000784418;0.67943;0.00176425;0.680187;0.000789496;0.680583;0.00414554;0.676634;0.00275805
943000;0.680454;0.00176966;0.680608;0.000789607;0.68133;0.0017702;0.678486;0.000783981;0.679497;0.00176343;0.680168;0.000789056;0.680512;0.00414252;0.676576;0.00275626
944000;0.680442;0.0017687;0.680632;0.000789151;0.681272;0.00176915;0.678482;0.00078353;0.679507;0.00176251;0.680174;0.000788613;0.680532;0.00414041;0.676495;0.00275444
945000;0.680439;0.00176781;0.680615;0.000788712;0.681317;0.00176826;0.678499;0.000783195;0.679491;0.00176157;0.680163;0.00078822;0.680498;0.00413772;0.676555;0.00275383
946000;0.680428;0.00176682;0.680614;0.000788258;0.681235;0.0017672;0.678487;0.00078277;0.679457;0.00176057;0.680162;0.000787774;0.680333;0.00413492;0.67658;0.00275295
947000;0.680436;0.00176583;0.680621;0.000787962;0.681223;0.00176622;0.678477;0.00078228;0.679398;0.00175956;0.680143;0.000787446;0.680363;0.00413265;0.676561;0.00275126
948000;0.680452;0.0017649;0.68062;0.000787556;0.681193;0.00176526;0.678476;0.00078185;0.679406;0.00175862;0.68015;0.000787114;0.68038;0.00413033;0.676598;0.00274998
949000;0.680468;0.00176404;0.680623;0.000787181;0.681181;0.00176425;0.67847;0.000781437;0.679416;0.00175764;0.680166;0.000786757;0.680378;0.00412817;0.676556;0.00274846
950000;0.680484;0.00176307;0.680619;0.000786744;0.681159;0.00176332;0.678481;0.000781012;0.679329;0.00175659;0.680161;0.000786374;0.680592;0.00412913;0.676625;0.00274722
951000;0.6805;0.0017621;0.680618;0.000786316;0.681115;0.0017622;0.678477;0.0007806;0.679327;0.00175569;0.680181;0.000786013;0.680677;0.00412694;0.67665;0.00274579
952000;0.680506;0.00176114;0.680605;0.000785877;0.681134;0.00176128;0.678477;0.000780154;0.679302;0.00175469;0.680152;0.000785635;0.680619;0.00412522;0.676666;0.00274456
953000;0.680464;0.0017601;0.68062;0.000785469;0.681124;0.00176029;0.67847;0.000779768;0.679298;0.00175378;0.68017;0.000785241;0.68058;0.00412252;0.676696;0.00274309
954000;0.680464;0.00175916;0.680634;0.000785049;0.681172;0.00175951;0.678449;0.000779344;0.679266;0.00175276;0.680183;0.000784864;0.680555;0.00411979;0.676718;0.00274162
955000;0.680491;0.00175829;0.680629;0.00078471;0.681154;0.00175852;0.678458;0.000779005;0.679299;0.00175187;0.680163;0.000784475;0.68059;0.00411743;0.676721;0.00274018
956000;0.680476;0.0017573;0.680614;0.000784269;0.681212;0.00175764;0.678467;0.000778553;0.679274;0.0017509;0.680146;0.000784027;0.680531;0.0041145;0.676676;0.00273856
957000;0.680477;0.0017564;0.680623;0.00078389;0.681205;0.00175674;0.678451;0.000778184;0.679261;0.00175002;0.680126;0.000783608;0.680554;0.00411221;0.67658;0.00273651
958000;0.680459;0.00175539;0.680604;0.000783465;0.68126;0.00175588;0.678467;0.000777747;0.679271;0.00174912;0.680135;0.000783271;0.680688;0.00411142;0.676587;0.00273485
959000;0.680485;0.00175454;0.680591;0.000783019;0.681225;0.0017549;0.67847;0.000777392;0.679273;0.00174817;0.680143;0.000782876;0.680856;0.00411034;0.676556;0.00273318
960000;0.680468;0.00175361;0.68058;0.000782613;0.68124;0.00175402;0.678475;0.000776958;0.679241;0.00174723;0.680157;0.000782466;0.680789;0.00410747;0.6766;0.00273189
961000;0.680448;0.00175264;0.680599;0.00078223;0.681245;0.0017531;0.678468;0.000776499;0.679248;0.00174626;0.680149;0.000782004;0.680656;0.00410466;0.676606;0.00273025
962000;0.680481;0.00175178;0.680607;0.000781834;0.68123;0.00175209;0.678467;0.000776076;0.679245;0.00174537;0.680157;0.000781614;0.68075;0.00410384;0.676588;0.0027285
963000;0.680475;0.00175082;0.680584;0.000781393;0.681227;0.00175124;0.678473;0.000775695;0.679204;0.00174443;0.68014;0.000781207;0.680716;0.00410102;0.676588;0.00272741
964000;0.680471;0.0017499;0.680607;0.000781055;0.681216;0.00175026;0.678463;0.000775308;0.679209;0.00174352;0.680157;0.00078088;0.680718;0.00409922;0.676566;0.00272575
965000;0.680501;0.00174901;0.68063;0.000780705;0.681226;0.00174942;0.678492;0.000774916;0.679235;0.00174257;0.680175;0.000780503;0.680666;0.00409661;0.676559;0.00272403
966000;0.68045;0.00174801;0.680648;0.000780316;0.681274;0.00174862;0.678493;0.000774489;0.679144;0.00174158;0.680154;0.000780058;0.680555;0.00409362;0.676575;0.00272246
967000;0.680441;0.00174715;0.68064;0.000779925;0.681245;0.00174772;0.678487;0.000774058;0.679157;0.00174068;0.680159;0.000779628;0.680512;0.00409094;0.676579;0.00272119
968000;0.680427;0.00174622;0.680641;0.000779475;0.681248;0.00174683;0.6785;0.00077368;0.679107;0.00173975;0.680175;0.000779287;0.680382;0.00408792;0.676549;0.00271959
969000;0.680394;0.00174522;0.680644;0.000779072;0.681225;0.00174591;0.678516;0.000773259;0.679108;0.00173882;0.680187;0.000778903;0.680382;0.00408563;0.6765;0.00271809
970000;0.680381;0.00174421;0.680638;0.00077863;0.681252;0.00174507;0.678546;0.000772899;0.679095;0.00173793;0.6802;0.000778546;0.680395;0.0040844;0.67657;0.00271717
971000;0.680406;0.00174328;0.680635;0.000778173;0.681194;0.00174411;0.678532;0.000772453;0.679075;0.00173693;0.680211;0.000778129;0.680292;0.00408163;0.676639;0.00271662
972000;0.680459;0.0017424;0.680638;0.000777856;0.681209;0.0017433;0.678525;0.000772061;0.679128;0.00173628;0.680221;0.000777818;0.68031;0.0040793;0.676651;0.0027153
973000;0.680479;0.00174155;0.680655;0.000777494;0.681295;0.00174253;0.678517;0.000771626;0.679144;0.00173545;0.680221;0.000777438;0.680282;0.00407669;0.676625;0.00271364
974000;0.680526;0.00174076;0.680666;0.000777048;0.681304;0.00174161;0.678492;0.00077118;0.6791;0.00173442;0.680193;0.000777;0.680361;0.00407481;0.676585;0.00271218
975000;0.680519;0.00173989;0.680664;0.000776658;0.681288;0.00174075;0.678479;0.000770762;0.679108;0.00173356;0.68021;0.000776666;0.68039;0.00407251;0.676587;0.00271061
976000;0.680483;0.00173895;0.68066;0.000776248;0.681298;0.00173993;0.678464;0.000770324;0.679088;0.00173261;0.680218;0.000776236;0.680355;0.00406973;0.676526;0.00270894
977000;0.680479;0.00173807;0.680659;0.000775813;0.681322;0.00173903;0.678493;0.000769969;0.679093;0.00173167;0.680209;0.000775782;0.680304;0.00406701;0.676521;0.00270723
978000;0.680483;0.0017373;0.680655;0.000775433;0.681292;0.00173805;0.678501;0.000769606;0.679072;0.0017307;0.680195;0.000775319;0.680339;0.00406524;0.676501;0.00270551
979000;0.680488;0.00173652;0.680666;0.000775031;0.681315;0.00173726;0.678495;0.000769208;0.679071;0.00172972;0.680217;0.000774962;0.680459;0.00406427;0.6765;0.00270421
980000;0.680488;0.00173564;0.680648;0.00077459;0.681343;0.00173651;0.678484;0.000768776;0.679084;0.00172884;0.680227;0.000774573;0.68052;0.0040622;0.676562;0.00270298
981000;0.680462;0.00173475;0.680666;0.000774182;0.681335;0.00173558;0.678498;0.000768438;0.679115;0.00172801;0.680237;0.000774224;0.680478;0.00405989;0.676554;0.00270143
982000;0.680443;0.00173378;0.680679;0.00077381;0.681278;0.00173468;0.678484;0.000768094;0.679132;0.00172724;0.680234;0.000773815;0.680509;0.0040578;0.676608;0.0027003
983000;0.680482;0.00173298;0.680696;0.000773364;0.681251;0.00173386;0.678484;0.000767698;0.679163;0.00172632;0.680239;0.000773416;0.680594;0.00405621;0.676577;0.00269915
984000;0.680447;0.0017321;0.680698;0.000772954;0.681226;0.00173294;0.67848;0.000767295;0.679138;0.00172541;0.680245;0.000773;0.680585;0.00405359;0.676599;0.0026977
985000;0.680453;0.00173131;0.680684;0.000772539;0.681249;0.00173211;0.678479;0.000766947;0.679155;0.00172462;0.680242;0.000772602;0.680514;0.00405099;0.676589;0.00269613
986000;0.680445;0.00173042;0.680702;0.000772177;0.681298;0.00173133;0.678474;0.000766551;0.67916;0.00172378;0.680235;0.00077218;0.680528;0.00404874;0.676552;0.00269463
987000;0.680436;0.00172959;0.680699;0.000771757;0.681321;0.00173048;0.678483;0.000766128;0.679193;0.00172295;0.680215;0.00077173;0.680507;0.00404672;0.676573;0.00269304
988000;0.680446;0.00172867;0.6807;0.000771327;0.681298;0.00172961;0.678505;0.000765822;0.679233;0.00172212;0.68023;0.00077135;0.680621;0.00404552;0.676573;0.00269167
989000;0.680462;0.00172775;0.680691;0.000770912;0.681304;0.00172887;0.678507;0.000765411;0.679245;0.00172122;0.680246;0.000770992;0.680628;0.00404323;0.676563;0.00269055
990000;0.680444;0.00172687;0.680697;0.0007705;0.681254;0.00172796;0.678487;0.000765038;0.679228;0.00172039;0.680233;0.000770571;0.680552;0.00404046;0.676504;0.00268897
991000;0.680491;0.00172604;0.68069;0.000770108;0.681266;0.00172711;0.678509;0.000764673;0.679274;0.00171972;0.68026;0.000770207;0.680608;0.0040387;0.676507;0.00268739
992000;0.680445;0.00172506;0.680677;0.000769704;0.681254;0.00172616;0.678501;0.000764288;0.679273;0.00171887;0.680239;0.000769886;0.680546;0.00403574;0.676356;0.00268542
993000;0.68047;0.00172419;0.680675;0.000769294;0.681263;0.00172531;0.678479;0.00076389;0.679281;0.00171798;0.680231;0.000769539;0.680446;0.00403302;0.676345;0.00268397
994000;0.680435;0.00172333;0.680699;0.000768937;0.681256;0.00172446;0.678481;0.000763501;0.679278;0.00171703;0.680237;0.000769145;0.680492;0.00403122;0.676339;0.00268258
995000;0.680403;0.00172236;0.680682;0.000768479;0.681259;0.00172361;0.6785;0.00076318;0.679234;0.0017161;0.680228;0.000768764;0.680519;0.00402943;0.676375;0.00268118
996000;0.680407;0.00172144;0.680689;0.000768041;0.681255;0.00172288;0.678504;0.000762809;0.679199;0.0017152;0.680229;0.000768364;0.680506;0.00402674;0.676353;0.00267958
997000;0.680451;0.00172059;0.68069;0.000767685;0.681223;0.00172198;0.678516;0.000762426;0.679192;0.0017143;0.680237;0.000767939;0.680475;0.00402469;0.676408;0.0026786
998000;0.680442;0.00171975;0.680685;0.000767354;0.681187;0.00172108;0.67851;0.000762049;0.679165;0.00171339;0.680234;0.000767567;0.680581;0.00402608;0.676452;0.0026772
999000;0.680416;0.00171886;0.680696;0.000766956;0.681199;0.00172028;0.678525;0.000761761;0.67915;0.00171255;0.680241;0.000767184;0.680456;0.00402333;0.676425;0.00267566
1000000;0.680419;0.00171802;0.680683;0.000766581;0.681247;0.00171946;0.678526;0.000761357;0.679126;0.00171162;0.680262;0.000766836;0.680467;0.00402078;0.676472;0.00267473
