Nb sim;DF;IC_DF ;DF_anti;IC_DF_anti ;DF_d;IC_DF_d ;DF_d_anti;IC_DF_d_anti;Mall;IC_Mall ;Mall_anti;IC_Mall_anti
10000;0;0;0.0113105;0.00991208;0.00615804;0.00296834;0.00625037;0.00211196;0.00597839;0.000173609;0.00604509;8.94534e-05
11000;0;0;0.0102822;0.00901114;0.00644378;0.00280517;0.00597785;0.00194968;0.00595369;0.000165428;0.00602791;8.53772e-05
12000;0;0;0.00942539;0.00826034;0.00697521;0.00269674;0.00586213;0.00182612;0.00593877;0.000158593;0.00600825;8.16677e-05
13000;0;0;0.00870036;0.00762503;0.00696777;0.00254635;0.00598476;0.00173866;0.0059653;0.000152384;0.00600542;7.86732e-05
14000;0;0;0.00807891;0.00708046;0.00771769;0.00250638;0.00594208;0.0016465;0.00595524;0.000146765;0.00600633;7.58908e-05
15000;0;0;0.00904837;0.007239;0.00775334;0.00240212;0.00597523;0.00157494;0.00592146;0.000141319;0.00599697;7.33385e-05
16000;0;0;0.00848285;0.00678663;0.00769646;0.00230352;0.00593833;0.00150211;0.00593517;0.000136735;0.00599904;7.11084e-05
17000;0;0;0.00798386;0.00638748;0.00760322;0.00219925;0.00587258;0.00143573;0.00595043;0.00013285;0.00599714;6.88872e-05
18000;0;0;0.00754031;0.00603267;0.00766728;0.00213243;0.00573562;0.00136939;0.00592615;0.000128948;0.00600121;6.70084e-05
19000;0.00238115;0.00466706;0.0095246;0.006599;0.00772729;0.00207095;0.00556149;0.00130937;0.00594516;0.000125526;0.00600304;6.52498e-05
20000;0.00226209;0.0044337;0.00904837;0.00626911;0.0074311;0.00197157;0.00550324;0.00125852;0.00595585;0.000122481;0.00599162;6.35163e-05
21000;0.00215437;0.00422257;0.00969469;0.00633266;0.00743475;0.00191516;0.00559423;0.00122759;0.00594819;0.000119213;0.00598617;6.19568e-05
22000;0.00205645;0.00403064;0.00925402;0.00604486;0.00729749;0.00184916;0.00562128;0.0011889;0.00596068;0.000116504;0.00598547;6.06434e-05
23000;0.00196704;0.00385539;0.00983519;0.00609472;0.00713158;0.00178182;0.00577455;0.00116697;0.00595788;0.00011377;0.00598979;5.9482e-05
24000;0.00188508;0.00369475;0.00942539;0.00584082;0.00719275;0.00173932;0.0057471;0.00113417;0.00596517;0.000111562;0.0059997;5.83995e-05
25000;0.00180967;0.00354696;0.00904837;0.00560723;0.00725627;0.00170518;0.00561053;0.00109648;0.00596592;0.000109436;0.00599839;5.71458e-05
26000;0.00174007;0.00341054;0.00870036;0.00539161;0.00723149;0.00166093;0.00568558;0.00107441;0.00599431;0.000107619;0.00600272;5.60609e-05
27000;0.00167562;0.00328422;0.00921594;0.00544526;0.00723618;0.00162161;0.00572023;0.00105337;0.00598948;0.000105487;0.0059921;5.4925e-05
28000;0.00161578;0.00316693;0.00969469;0.00548421;0.0071417;0.00158011;0.00567527;0.0010277;0.00597928;0.00010352;0.00599574;5.39776e-05
29000;0.00156006;0.00305773;0.00936039;0.00529513;0.00692384;0.0015267;0.00584816;0.00101726;0.00598442;0.000101879;0.00598593;5.30136e-05
30000;0.00150806;0.0029558;0.00904837;0.00511866;0.00691762;0.00149761;0.00576856;0.000988978;0.0059996;0.000100231;0.00598553;5.20961e-05
31000;0.00145942;0.00286045;0.00875649;0.00495357;0.00682563;0.00146068;0.00558248;0.000957142;0.00599973;9.85617e-05;0.00598434;5.11693e-05
32000;0.00141381;0.00277106;0.00918976;0.00499467;0.00706143;0.0014514;0.00553263;0.000935487;0.00600502;9.71361e-05;0.00598023;5.03e-05
33000;0.00137097;0.00268709;0.00891128;0.00484334;0.00694469;0.00141448;0.00554378;0.00091956;0.00601652;9.56915e-05;0.00597981;4.9527e-05
34000;0.00133064;0.00260806;0.0093145;0.0048783;0.00705432;0.00140046;0.00561818;0.000906329;0.00602491;9.43525e-05;0.00598562;4.88395e-05
35000;0.00129262;0.00253354;0.00904837;0.00473895;0.00704542;0.00137434;0.00555748;0.000886266;0.0060172;9.30207e-05;0.00598267;4.81112e-05
36000;0.00125672;0.00246317;0.00879703;0.00460733;0.00711986;0.0013583;0.00551916;0.000868491;0.00600992;9.16771e-05;0.00598445;4.74407e-05
37000;0.00122275;0.0023966;0.00978203;0.00479222;0.00699754;0.00132524;0.00542083;0.000848178;0.00600638;9.04094e-05;0.00598009;4.6801e-05
38000;0.00119058;0.00233353;0.0095246;0.00466613;0.00685777;0.00129332;0.00543432;0.000835568;0.00600595;8.91551e-05;0.00598566;4.62274e-05
39000;0.00116005;0.00227369;0.00986041;0.00468638;0.00696064;0.00128096;0.00542374;0.000822332;0.00599955;8.79239e-05;0.0059802;4.56186e-05
40000;0.00113105;0.00221685;0.0096139;0.00456924;0.0068594;0.00125344;0.00533502;0.000804608;0.00599919;8.68459e-05;0.00597894;4.50044e-05
41000;0.00110346;0.00216278;0.00937941;0.00445782;0.00678183;0.00122917;0.00535821;0.0007939;0.00598789;8.56876e-05;0.00598177;4.44653e-05
42000;0.00107719;0.00211129;0.00915609;0.0043517;0.00672234;0.0012084;0.00538758;0.00078396;0.00598425;8.46112e-05;0.00598657;4.39653e-05
43000;0.00105214;0.00206219;0.00894316;0.00425052;0.00667491;0.00118992;0.00538323;0.000773103;0.00599013;8.35404e-05;0.00598385;4.34164e-05
44000;0.00102822;0.00201532;0.00873991;0.00415393;0.00664585;0.00117123;0.00539658;0.000764856;0.00599761;8.2609e-05;0.00598123;4.29167e-05
45000;0.00100537;0.00197053;0.00854569;0.00406164;0.0066011;0.00115411;0.0053448;0.000752055;0.00599401;8.17185e-05;0.00598361;4.24545e-05
46000;0.000983519;0.0019277;0.00835991;0.00397336;0.00650456;0.00113278;0.00532309;0.000741092;0.00599384;8.08273e-05;0.00598389;4.1991e-05
47000;0.000962593;0.00188668;0.00818204;0.00388883;0.00638811;0.00110953;0.00536101;0.000733069;0.0059901;7.9908e-05;0.00598157;4.15254e-05
48000;0.000942539;0.00184738;0.00801158;0.00380783;0.0063604;0.00109362;0.00534585;0.000723221;0.00598455;7.89943e-05;0.00598013;4.11038e-05
49000;0.000923303;0.00180967;0.00784808;0.00373013;0.00633994;0.00107899;0.00535199;0.000714627;0.00598682;7.82173e-05;0.00598103;4.06581e-05
50000;0.000904837;0.00177348;0.00769112;0.00365554;0.00624231;0.00105897;0.0054293;0.000710593;0.00599022;7.75119e-05;0.00598193;4.02301e-05
51000;0.000887096;0.00173871;0.00798386;0.00368774;0.00622501;0.00104523;0.00541628;0.000701582;0.00599275;7.67314e-05;0.00598147;3.98352e-05
52000;0.000870036;0.00170527;0.00870036;0.0038124;0.00627466;0.00103644;0.00543951;0.000695609;0.00599493;7.60514e-05;0.00598401;3.94791e-05
53000;0.00085362;0.0016731;0.0085362;0.00374048;0.006285;0.00102727;0.00542769;0.000687229;0.00600104;7.53676e-05;0.00598136;3.91096e-05
54000;0.000837812;0.00164211;0.00921594;0.00385035;0.0063566;0.00102204;0.00541723;0.000679222;0.00599623;7.46152e-05;0.00597903;3.87586e-05
55000;0.000822579;0.00161226;0.00904837;0.00378035;0.00637714;0.0010132;0.00536999;0.000669676;0.00598368;7.38752e-05;0.00597641;3.83781e-05
56000;0.000807891;0.00158347;0.0088868;0.00371286;0.00637408;0.00100314;0.00544546;0.000666651;0.00598092;7.32185e-05;0.00596975;3.80009e-05
57000;0.000793717;0.00155569;0.00873089;0.00364773;0.0064429;0.000998541;0.00551985;0.000663935;0.00598574;7.26361e-05;0.00596949;3.76677e-05
58000;0.000780032;0.00152886;0.00897037;0.00366539;0.00639764;0.000986019;0.0055646;0.000659235;0.00598945;7.20435e-05;0.0059703;3.73701e-05
59000;0.000766811;0.00150295;0.00920174;0.00368074;0.00645333;0.000980361;0.00556677;0.000652189;0.00598681;7.14054e-05;0.00597292;3.708e-05
60000;0.000754031;0.0014779;0.00942539;0.00369401;0.00634578;0.000964044;0.00560888;0.000648262;0.00599492;7.0854e-05;0.00597313;3.67705e-05
61000;0.00074167;0.00145367;0.0100125;0.00377595;0.00628176;0.000949984;0.00564566;0.000644072;0.0059996;7.03386e-05;0.00597;3.64505e-05
62000;0.000729708;0.00143023;0.00985105;0.00371506;0.00622438;0.000937064;0.00564149;0.000637516;0.00599874;6.97552e-05;0.00596932;3.61804e-05
63000;0.000718125;0.00140752;0.0100537;0.00372316;0.00616243;0.000923726;0.00569237;0.000634243;0.00599279;6.91687e-05;0.005967;3.58954e-05
64000;0.000706904;0.00138553;0.0102501;0.00372984;0.00611725;0.000912399;0.00565487;0.000627045;0.00599077;6.85959e-05;0.00596552;3.56178e-05
65000;0.000696029;0.00136422;0.0100924;0.00367247;0.00611198;0.000903986;0.00569335;0.000623398;0.00599226;6.8081e-05;0.00596571;3.53473e-05
66000;0.000685483;0.00134355;0.0099395;0.00361684;0.0061156;0.000896931;0.00574943;0.000620092;0.00600173;6.76073e-05;0.00597145;3.50899e-05
67000;0.000675252;0.00132349;0.0101288;0.00362375;0.00604639;0.000884611;0.00571585;0.000612883;0.00600103;6.70636e-05;0.00597137;3.48076e-05
68000;0.000665322;0.00130403;0.00997982;0.00357047;0.00605389;0.000876909;0.00577475;0.000610633;0.00599005;6.65196e-05;0.00596991;3.45513e-05
69000;0.00131136;0.00181744;0.00983519;0.00351874;0.0060941;0.000872161;0.00575352;0.000604957;0.00598953;6.6046e-05;0.00597125;3.43153e-05
70000;0.00129262;0.00179147;0.00969469;0.00346848;0.00603487;0.000861437;0.00581876;0.000603476;0.00598786;6.5572e-05;0.00597236;3.40766e-05
71000;0.00127442;0.00176624;0.00955814;0.00341964;0.00611387;0.000861473;0.00578589;0.000597567;0.00599046;6.51602e-05;0.0059738;3.38304e-05
72000;0.00125672;0.00174171;0.00942539;0.00337215;0.00611919;0.000855668;0.00578496;0.000593368;0.00599028;6.47035e-05;0.00597266;3.36009e-05
73000;0.0012395;0.00171785;0.00929627;0.00332597;0.0061379;0.000849451;0.00576478;0.000588152;0.00598934;6.42622e-05;0.00597268;3.33512e-05
74000;0.00122275;0.00169464;0.00947634;0.00333524;0.00613266;0.000842751;0.00573372;0.000581894;0.00598663;6.3818e-05;0.00597485;3.31373e-05
75000;0.00180967;0.00204781;0.00995321;0.00339523;0.00613635;0.000837116;0.00572806;0.000577189;0.00599293;6.34489e-05;0.00597221;3.2904e-05
76000;0.00178586;0.00202087;0.0104175;0.00345056;0.00610442;0.000828909;0.00571854;0.000572243;0.00599305;6.30333e-05;0.00596804;3.26607e-05
77000;0.00176267;0.00199462;0.0102822;0.00340576;0.00610372;0.000822993;0.00572205;0.000568289;0.00598813;6.2592e-05;0.00596557;3.24502e-05
78000;0.00174007;0.00196905;0.0101504;0.00336211;0.00614841;0.0008213;0.00572993;0.000564814;0.00598466;6.21655e-05;0.00596591;3.22425e-05
79000;0.00171805;0.00194413;0.0100219;0.00331956;0.00609618;0.000812459;0.00574458;0.000561058;0.00598369;6.17701e-05;0.00596541;3.20407e-05
80000;0.00169657;0.00191983;0.00989666;0.00327807;0.00604576;0.000803898;0.00569697;0.000555079;0.00598715;6.138e-05;0.00596319;3.18322e-05
81000;0.00223417;0.00218944;0.00977448;0.00323761;0.00609017;0.000801014;0.00573909;0.000552834;0.00598928;6.10138e-05;0.00596132;3.16382e-05
82000;0.00220692;0.00216274;0.00993114;0.00324348;0.00611519;0.000797557;0.00576952;0.000550563;0.00598793;6.06229e-05;0.0059644;3.14624e-05
83000;0.00218033;0.00213669;0.010084;0.00324859;0.00608813;0.000790749;0.00575794;0.000546401;0.00599024;6.02805e-05;0.00596516;3.12784e-05
84000;0.00215437;0.00211125;0.0102333;0.003253;0.00610941;0.000786744;0.00573863;0.000541762;0.00598376;5.98651e-05;0.00596522;3.10818e-05
85000;0.00266129;0.00233267;0.0101129;0.00321473;0.00609634;0.000780337;0.0057276;0.000537884;0.00598418;5.94933e-05;0.00596532;3.08973e-05
86000;0.00263034;0.00230554;0.0099953;0.00317736;0.00603332;0.000771427;0.00573837;0.000535235;0.00598025;5.91101e-05;0.00596227;3.07076e-05
87000;0.00260011;0.00227904;0.0101404;0.00318189;0.00608485;0.000770088;0.00569544;0.000530093;0.00597633;5.87466e-05;0.00596268;3.05454e-05
88000;0.00257056;0.00225314;0.0100252;0.00314574;0.00606453;0.00076439;0.00571874;0.000527383;0.00597746;5.84103e-05;0.0059637;3.03828e-05
89000;0.00254168;0.00222783;0.00991254;0.0031104;0.0060345;0.000757695;0.00573308;0.000524858;0.005977;5.80736e-05;0.00596331;3.02102e-05
90000;0.00251344;0.00220308;0.0100537;0.00311501;0.00605907;0.000754717;0.0056834;0.000519762;0.00598026;5.77757e-05;0.0059624;3.00529e-05
91000;0.00248582;0.00217887;0.00994327;0.00308079;0.0060578;0.00075007;0.00569619;0.000517681;0.00598032;5.74515e-05;0.00596339;2.98886e-05
92000;0.0024588;0.00215518;0.00983519;0.00304731;0.00603757;0.000744601;0.00572963;0.000516301;0.00598215;5.71594e-05;0.00596549;2.97342e-05
93000;0.00243236;0.00213201;0.00972943;0.00301455;0.00608125;0.00074232;0.00573425;0.000513554;0.0059766;5.68559e-05;0.00596399;2.95706e-05
94000;0.00240648;0.00210933;0.0101072;0.00305611;0.00610773;0.000739895;0.00569653;0.000509129;0.00597019;5.65032e-05;0.00596556;2.94203e-05
95000;0.00238115;0.00208713;0.0100008;0.00302395;0.0060936;0.000735409;0.00569201;0.000506195;0.00597335;5.62289e-05;0.00596678;2.92581e-05
96000;0.00235635;0.00206539;0.0103679;0.00306284;0.00612492;0.000733672;0.00572337;0.000504499;0.00597649;5.59673e-05;0.00596807;2.9116e-05
97000;0.00233206;0.00204409;0.010261;0.00303127;0.00615597;0.000731098;0.00572161;0.000501539;0.00597604;5.56671e-05;0.00596759;2.8957e-05
98000;0.00230826;0.00202324;0.0101563;0.00300035;0.00609865;0.000723727;0.00575849;0.000500381;0.00597715;5.54059e-05;0.00596739;2.88023e-05
99000;0.00228494;0.0020028;0.0100537;0.00297005;0.0060972;0.000719988;0.00582741;0.000500269;0.00597323;5.50908e-05;0.00596722;2.86692e-05
100000;0.00226209;0.00198277;0.00995321;0.00294035;0.00608267;0.000714955;0.00587593;0.000499744;0.00597136;5.48094e-05;0.00596524;2.8523e-05
101000;0.00268764;0.0021505;0.00985466;0.00291125;0.00605632;0.000709487;0.00585141;0.000495942;0.00597391;5.45371e-05;0.005968;2.83939e-05
102000;0.00266129;0.00212942;0.00997982;0.00291527;0.00602623;0.000703736;0.0058378;0.000492646;0.00597565;5.42953e-05;0.00596866;2.82559e-05
103000;0.00263545;0.00210875;0.00988293;0.00288697;0.00598406;0.000697642;0.00585181;0.000490773;0.00597868;5.40501e-05;0.00596659;2.81104e-05
104000;0.00261011;0.00208847;0.0100054;0.0028908;0.00601058;0.000695881;0.00584867;0.000487948;0.00597912;5.37861e-05;0.00596402;2.79697e-05
105000;0.003447;0.00238857;0.00991012;0.00286328;0.00600875;0.000692103;0.00586729;0.000486229;0.005982;5.35326e-05;0.00596527;2.7837e-05
106000;0.00341448;0.00236604;0.00981663;0.00283627;0.00599164;0.000687762;0.00589171;0.000484849;0.00598795;5.33071e-05;0.00596599;2.77043e-05
107000;0.00338257;0.00234392;0.0101477;0.00287017;0.00600173;0.000684575;0.0058559;0.000481074;0.00599004;5.30654e-05;0.00596638;2.75812e-05
108000;0.00335125;0.00232222;0.0102632;0.00287306;0.0059807;0.00068009;0.00582507;0.000477458;0.0059889;5.28125e-05;0.00596722;2.74549e-05
109000;0.00373557;0.00244048;0.010169;0.00284671;0.00597252;0.000675963;0.00585819;0.000476266;0.00599119;5.25777e-05;0.00596629;2.73222e-05
110000;0.00370161;0.0024183;0.0100766;0.00282083;0.00597573;0.000673043;0.00590149;0.000475769;0.00599001;5.2346e-05;0.00596655;2.71909e-05
111000;0.00366826;0.00239651;0.00998582;0.00279542;0.00593646;0.000667594;0.00589478;0.0004731;0.00599419;5.21455e-05;0.00596747;2.70607e-05
112000;0.00363551;0.00237511;0.00989666;0.00277047;0.00590289;0.00066273;0.00589418;0.00047079;0.00598927;5.18891e-05;0.0059688;2.69425e-05
113000;0.00360333;0.0023541;0.00980908;0.00274596;0.00591914;0.00066028;0.00591846;0.000469399;0.00598983;5.16463e-05;0.00596731;2.68237e-05
114000;0.00357173;0.00233345;0.00972303;0.00272188;0.00592354;0.000657631;0.00590319;0.000466691;0.00599146;5.14383e-05;0.00596726;2.6704e-05
115000;0.00354067;0.00231316;0.00963849;0.00269821;0.00591604;0.000653134;0.00585882;0.000462842;0.00599142;5.1218e-05;0.00596668;2.65876e-05
116000;0.00351015;0.00229322;0.0095554;0.00267496;0.00594345;0.000651666;0.00589633;0.000461564;0.00599129;5.09768e-05;0.0059666;2.64678e-05
117000;0.00348014;0.00227362;0.00947373;0.0026521;0.00597082;0.000650637;0.00587787;0.000458572;0.00599187;5.07444e-05;0.00596609;2.63544e-05
118000;0.00345065;0.00225435;0.00939344;0.00262963;0.00593898;0.000646173;0.00586579;0.000455998;0.00599089;5.0526e-05;0.00596617;2.6245e-05
119000;0.00380184;0.00235631;0.0093145;0.00260753;0.00602776;0.00064778;0.0058649;0.000453831;0.00599173;5.03223e-05;0.00596641;2.61283e-05
120000;0.00377016;0.00233668;0.00942539;0.00261205;0.0060523;0.000646584;0.00587182;0.000452022;0.00598725;5.0092e-05;0.00596631;2.60262e-05
121000;0.0041129;0.00243047;0.00990834;0.00266702;0.00609268;0.00064613;0.00585344;0.000449453;0.00598585;4.98714e-05;0.00596687;2.59206e-05
122000;0.00407919;0.00241055;0.00982713;0.00264516;0.00607581;0.000642484;0.00590563;0.000449302;0.00598671;4.96675e-05;0.0059657;2.58151e-05
123000;0.00404602;0.00239095;0.00974723;0.00262366;0.00604995;0.000638118;0.00588275;0.000446557;0.00598669;4.94691e-05;0.00596599;2.57131e-05
124000;0.00401339;0.00237167;0.00985105;0.00262693;0.00600116;0.000632979;0.00587673;0.000444432;0.00598813;4.92659e-05;0.00596668;2.56089e-05
125000;0.00398128;0.00235269;0.00977224;0.00260592;0.00600867;0.000631078;0.00586729;0.000442409;0.00598334;4.90358e-05;0.00596733;2.55025e-05
126000;0.00430875;0.0024378;0.00969469;0.00258524;0.00597628;0.000626501;0.00585755;0.000440183;0.00598857;4.8874e-05;0.0059682;2.5402e-05
127000;0.00427482;0.0024186;0.00961835;0.00256489;0.0059785;0.000623637;0.00590352;0.00043988;0.00598823;4.86846e-05;0.00596733;2.52986e-05
128000;0.00424143;0.00239971;0.00954321;0.00254486;0.00596239;0.000620286;0.0059038;0.000438096;0.00598987;4.84984e-05;0.00596819;2.51954e-05
129000;0.00420855;0.00238111;0.00946923;0.00252513;0.00593856;0.000616529;0.00592437;0.000436968;0.00599164;4.83067e-05;0.00596857;2.51018e-05
130000;0.00417617;0.00236279;0.0095704;0.0025288;0.00596256;0.000614904;0.00592068;0.00043479;0.00599336;4.81231e-05;0.00596856;2.5003e-05
131000;0.00414429;0.00234476;0.00949734;0.0025095;0.00591705;0.000610217;0.00596083;0.000434439;0.00599185;4.79474e-05;0.00596885;2.49065e-05
132000;0.0041129;0.00232699;0.00942539;0.00249049;0.00588855;0.00060644;0.00594434;0.000431989;0.00599159;4.77698e-05;0.00596892;2.48144e-05
133000;0.00408197;0.0023095;0.00935452;0.00247177;0.00588147;0.00060356;0.00595217;0.000430572;0.00599197;4.75968e-05;0.00596745;2.47174e-05
134000;0.00438914;0.00238586;0.00928471;0.00245333;0.00586072;0.000600021;0.00596154;0.000429014;0.00599359;4.74425e-05;0.00596788;2.46241e-05
135000;0.00435662;0.00236818;0.00921594;0.00243516;0.00582974;0.000596077;0.00595824;0.000427345;0.00599269;4.72506e-05;0.00596522;2.45348e-05
136000;0.00432459;0.00235077;0.00914817;0.00241726;0.00585177;0.000595108;0.00598214;0.000426562;0.00599372;4.70817e-05;0.00596494;2.44375e-05
137000;0.00429302;0.00233361;0.0090814;0.00239962;0.00586615;0.000593473;0.00596036;0.00042421;0.0059939;4.68924e-05;0.00596726;2.43517e-05
138000;0.00426192;0.0023167;0.00901559;0.00238223;0.00585416;0.000590735;0.00595952;0.000422668;0.00599277;4.67208e-05;0.00596709;2.42641e-05
139000;0.00423125;0.00230004;0.00895073;0.0023651;0.00589403;0.000590172;0.00593126;0.00042012;0.00599238;4.65454e-05;0.00596836;2.4182e-05
140000;0.00420103;0.00228361;0.0088868;0.00234821;0.00591259;0.000589063;0.00592802;0.00041854;0.005989;4.63565e-05;0.00596829;2.41019e-05
141000;0.00417124;0.00226741;0.00914463;0.00237355;0.00588831;0.00058591;0.00592103;0.000416592;0.00599025;4.6205e-05;0.00596842;2.40134e-05
142000;0.00414186;0.00225145;0.00908023;0.00235684;0.00586027;0.00058238;0.00591294;0.000414964;0.00598946;4.60372e-05;0.00596823;2.39329e-05
143000;0.0041129;0.0022357;0.00901674;0.00234036;0.00585202;0.000579733;0.00592115;0.000413606;0.00598903;4.58767e-05;0.00596874;2.38453e-05
144000;0.00439852;0.00230398;0.00895412;0.00232411;0.00583587;0.000576716;0.00593085;0.000412331;0.00598721;4.57155e-05;0.00596842;2.37619e-05
145000;0.00436818;0.00228809;0.00889237;0.00230809;0.00582949;0.000574655;0.00592359;0.000410602;0.00598788;4.5562e-05;0.00596764;2.36773e-05
146000;0.00433826;0.00227242;0.00883146;0.00229228;0.00584787;0.000573679;0.00592589;0.000409128;0.00598687;4.5387e-05;0.00596688;2.35971e-05
147000;0.00430875;0.00225696;0.00892527;0.00229657;0.00583953;0.000570991;0.00592844;0.000407806;0.00598812;4.52397e-05;0.00596652;2.35127e-05
148000;0.00427964;0.00224171;0.00886496;0.00228105;0.00581686;0.000568088;0.00596254;0.000407449;0.00598885;4.50907e-05;0.00596752;2.34299e-05
149000;0.00425091;0.00222667;0.00880546;0.00226575;0.00582903;0.00056658;0.00597516;0.000406339;0.00598839;4.49422e-05;0.0059679;2.33554e-05
150000;0.00422257;0.00221182;0.00889757;0.00226996;0.00585957;0.000566126;0.00597098;0.000404717;0.00598775;4.47889e-05;0.00596905;2.32767e-05
151000;0.00419461;0.00219718;0.00898845;0.00227395;0.00587553;0.000564993;0.00599233;0.00040404;0.00598491;4.4635e-05;0.00596852;2.31992e-05
152000;0.00416701;0.00218272;0.00892932;0.00225899;0.00584816;0.000561714;0.00596446;0.000401706;0.00598475;4.44926e-05;0.005968;2.31246e-05
153000;0.00413978;0.00216846;0.00887096;0.00224423;0.00582682;0.000558741;0.00596521;0.000400365;0.00598477;4.43504e-05;0.0059677;2.30446e-05
154000;0.00440668;0.00222998;0.00881335;0.00222966;0.00581601;0.000556374;0.00594215;0.000398359;0.0059853;4.4209e-05;0.0059664;2.29689e-05
155000;0.00437825;0.0022156;0.00890243;0.00223365;0.00585697;0.00055647;0.00594352;0.000396941;0.00598486;4.40656e-05;0.00596582;2.28985e-05
156000;0.00435018;0.0022014;0.00884537;0.00221934;0.00584648;0.000554193;0.0059419;0.000395524;0.00598417;4.39295e-05;0.00596513;2.28322e-05
157000;0.00432247;0.00218737;0.00893311;0.0022232;0.00583204;0.000551636;0.00597358;0.000395164;0.0059834;4.37929e-05;0.00596414;2.2757e-05
158000;0.00429511;0.00217353;0.00887657;0.00220913;0.00583865;0.000549959;0.00595801;0.000393351;0.00598252;4.36537e-05;0.00596288;2.26839e-05
159000;0.0042681;0.00215986;0.00882074;0.00219524;0.00583641;0.00054796;0.00596423;0.000392285;0.00598488;4.35242e-05;0.00596307;2.26102e-05
160000;0.00424143;0.00214636;0.00876561;0.00218152;0.00582067;0.000545429;0.00594747;0.000390295;0.00598901;4.34055e-05;0.00596335;2.25345e-05
161000;0.00421508;0.00213303;0.00871117;0.00216798;0.0058101;0.000543211;0.00596065;0.000389363;0.00598852;4.32711e-05;0.00596339;2.24674e-05
162000;0.00418906;0.00211987;0.0086574;0.0021546;0.00582137;0.000542029;0.00596244;0.000388044;0.00599119;4.31476e-05;0.00596445;2.24008e-05
163000;0.00444092;0.00217595;0.00860428;0.00214138;0.00582239;0.000540369;0.00593975;0.00038603;0.00598926;4.30094e-05;0.00596212;2.23301e-05
164000;0.00441384;0.00216268;0.00855182;0.00212832;0.0058307;0.000539358;0.00593222;0.000384559;0.00599167;4.28834e-05;0.00596222;2.22629e-05
165000;0.00438709;0.00214958;0.00863708;0.00213241;0.0058101;0.000536867;0.00592062;0.000382926;0.00599354;4.27509e-05;0.0059607;2.21952e-05
166000;0.00436066;0.00213663;0.00858505;0.00211957;0.0058264;0.000536054;0.00593661;0.000382316;0.0059919;4.26227e-05;0.00596106;2.21242e-05
167000;0.00433455;0.00212383;0.00853365;0.00210688;0.00582657;0.000534474;0.00594602;0.000381494;0.00599369;4.25073e-05;0.00596049;2.20556e-05
168000;0.00457805;0.00217616;0.00848285;0.00209434;0.00580577;0.000531989;0.00596769;0.000380961;0.00599128;4.23697e-05;0.00595867;2.19859e-05
169000;0.00455096;0.00216329;0.00856651;0.0020984;0.00579111;0.000529546;0.00596629;0.000379737;0.00598934;4.22403e-05;0.00595882;2.19229e-05
170000;0.00452419;0.00215056;0.00851612;0.00208606;0.00580971;0.000528621;0.00596063;0.000378316;0.00598887;4.2109e-05;0.00595828;2.18554e-05
171000;0.00449773;0.00213799;0.00846632;0.00207387;0.00581873;0.000527259;0.0059692;0.000377331;0.00598917;4.19866e-05;0.00595915;2.17953e-05
172000;0.00447158;0.00212556;0.00841709;0.00206181;0.0058165;0.000525465;0.00596393;0.000376058;0.00598827;4.18712e-05;0.00595892;2.17262e-05
173000;0.00444573;0.00211327;0.00836844;0.00204989;0.0058035;0.000523301;0.00594739;0.000374443;0.00598882;4.17547e-05;0.00595967;2.16679e-05
174000;0.00468019;0.00216203;0.00832034;0.00203812;0.00577886;0.000520576;0.00594436;0.000373144;0.00598672;4.16276e-05;0.0059596;2.16041e-05
175000;0.00465345;0.00214968;0.0082728;0.00202647;0.00580805;0.000520494;0.00597489;0.000373034;0.00598771;4.15074e-05;0.00596046;2.15417e-05
176000;0.00462701;0.00213747;0.00822579;0.00201496;0.00586745;0.000522045;0.00600465;0.000372747;0.00598672;4.13813e-05;0.00596013;2.14817e-05
177000;0.00460087;0.00212539;0.00817932;0.00200358;0.00589043;0.000521478;0.00598885;0.000371084;0.00598703;4.1261e-05;0.00596126;2.14258e-05
178000;0.00457502;0.00211345;0.00813337;0.00199232;0.00586132;0.00051861;0.00598485;0.000369922;0.00598471;4.11324e-05;0.00596221;2.13701e-05
179000;0.00454946;0.00210164;0.00821431;0.00199661;0.00585384;0.00051651;0.00597712;0.000368369;0.00598618;4.10212e-05;0.00596346;2.13123e-05
180000;0.00452419;0.00208997;0.00816867;0.00198552;0.00583071;0.000513972;0.00597298;0.000367223;0.00598658;4.09021e-05;0.00596238;2.12496e-05
181000;0.00449919;0.00207842;0.00812354;0.00197455;0.00582429;0.000512384;0.00595723;0.000365733;0.00598604;4.07907e-05;0.00596233;2.11913e-05
182000;0.00447447;0.002067;0.00807891;0.0019637;0.00583171;0.000510901;0.00594609;0.000364216;0.00598559;4.06726e-05;0.00596312;2.11321e-05
183000;0.00445002;0.00205571;0.00815837;0.00196793;0.00585104;0.000510134;0.00594657;0.00036326;0.005986;4.05648e-05;0.00596247;2.10736e-05
184000;0.00442584;0.00204454;0.00811403;0.00195724;0.00586272;0.000509177;0.00595983;0.000362592;0.00598699;4.04677e-05;0.00596211;2.10145e-05
185000;0.00440191;0.00203349;0.00807017;0.00194666;0.00586795;0.00050814;0.00596681;0.000361666;0.00598502;4.03505e-05;0.00596384;2.09626e-05
186000;0.00437825;0.00202255;0.00802678;0.0019362;0.00588251;0.000507454;0.00597194;0.000360675;0.00598577;4.02377e-05;0.00596364;2.09104e-05
187000;0.00435483;0.00201174;0.00810483;0.00194038;0.00588819;0.000506484;0.00598639;0.000360082;0.0059869;4.0146e-05;0.00596322;2.0856e-05
188000;0.00433167;0.00200104;0.00806172;0.00193006;0.00587914;0.000504769;0.00597466;0.000358729;0.00598843;4.00417e-05;0.00596326;2.07941e-05
189000;0.00430875;0.00199045;0.00801906;0.00191985;0.00586981;0.000503035;0.00598679;0.000358023;0.00598721;3.99316e-05;0.00596368;2.07417e-05
190000;0.00452419;0.00203423;0.00797686;0.00190974;0.00588537;0.00050209;0.00598716;0.000357093;0.00598643;3.98183e-05;0.00596335;2.06868e-05
191000;0.0045005;0.00202358;0.00793509;0.00189975;0.00587287;0.000500108;0.00599153;0.000356159;0.00598588;3.97093e-05;0.0059639;2.06318e-05
192000;0.00447706;0.00201304;0.00789376;0.00188985;0.00586134;0.000498237;0.00598448;0.000355013;0.00598713;3.96078e-05;0.00596358;2.0579e-05
193000;0.00445386;0.00200261;0.00785286;0.00188006;0.00584363;0.000496276;0.00598012;0.000353807;0.00598954;3.95152e-05;0.00596239;2.05227e-05
194000;0.0044309;0.00199229;0.00781238;0.00187037;0.00584683;0.000495203;0.00598591;0.000353048;0.00599116;3.94198e-05;0.00596261;2.04723e-05
195000;0.00440818;0.00198207;0.00777232;0.00186078;0.00584843;0.000493991;0.00597763;0.000351861;0.00599079;3.93143e-05;0.00596368;2.04213e-05
196000;0.00438569;0.00197196;0.00773267;0.00185129;0.00585697;0.000492954;0.00597206;0.000350794;0.00599013;3.92108e-05;0.0059638;2.03726e-05
197000;0.00436343;0.00196195;0.00769341;0.0018419;0.0058856;0.000492822;0.00597755;0.000350066;0.00598938;3.91093e-05;0.00596399;2.03162e-05
198000;0.00434139;0.00195204;0.00776881;0.00184622;0.00588578;0.00049154;0.0059801;0.000349224;0.00598819;3.90022e-05;0.00596346;2.02619e-05
199000;0.00431958;0.00194223;0.00772977;0.00183694;0.00588513;0.000490183;0.0059797;0.000348321;0.00598831;3.89065e-05;0.00596337;2.0212e-05
200000;0.00429798;0.00193252;0.00769112;0.00182776;0.00589108;0.000489368;0.00596362;0.000346963;0.00599003;3.88112e-05;0.00596237;2.01614e-05
201000;0.00427659;0.00192291;0.00765285;0.00181866;0.00588663;0.000487761;0.0059596;0.000345918;0.00599104;3.87194e-05;0.00596229;2.01152e-05
202000;0.00425542;0.00191339;0.00772695;0.00182292;0.00587545;0.000485987;0.00597023;0.000345351;0.00598993;3.86158e-05;0.00596138;2.00662e-05
203000;0.00423446;0.00190396;0.00768889;0.00181394;0.00589953;0.000485868;0.00597869;0.000344798;0.0059931;3.85344e-05;0.0059618;2.00206e-05
204000;0.0042137;0.00189463;0.0076512;0.00180505;0.00587604;0.000483606;0.00596673;0.000343541;0.00599506;3.84516e-05;0.00596168;1.99688e-05
205000;0.00419315;0.00188539;0.00761388;0.00179624;0.00592454;0.000484645;0.00598094;0.000343067;0.00599387;3.83527e-05;0.00596215;1.99186e-05
206000;0.00417279;0.00187623;0.00779654;0.00181324;0.00596309;0.00048529;0.00597825;0.000342116;0.00599505;3.82647e-05;0.00596116;1.98697e-05
207000;0.00415264;0.00186717;0.00786815;0.00181714;0.00595099;0.000483504;0.00598293;0.000341409;0.00599285;3.81695e-05;0.00596161;1.98269e-05
208000;0.00413267;0.0018582;0.00783032;0.0018084;0.00594306;0.000481898;0.00597504;0.000340388;0.00598963;3.80646e-05;0.005962;1.9783e-05
209000;0.0041129;0.0018493;0.00779286;0.00179975;0.00592544;0.000480061;0.00596832;0.000339321;0.00599077;3.79735e-05;0.0059635;1.97394e-05
210000;0.00409331;0.0018405;0.00775575;0.00179118;0.00592857;0.000479095;0.00595937;0.000338293;0.00598884;3.78759e-05;0.00596306;1.96898e-05
211000;0.00428833;0.00187936;0.00771899;0.0017827;0.00593459;0.000478075;0.00597286;0.00033793;0.00598827;3.77796e-05;0.00596275;1.96446e-05
212000;0.0042681;0.00187049;0.00768258;0.00177429;0.0059066;0.000475823;0.00597165;0.000337067;0.00598767;3.76891e-05;0.00596278;1.95956e-05
213000;0.00424806;0.00186171;0.00764651;0.00176596;0.00590146;0.000474339;0.00597496;0.000336209;0.00598999;3.76106e-05;0.00596241;1.95483e-05
214000;0.00443962;0.00189877;0.00761078;0.00175771;0.00589132;0.000472739;0.00596411;0.000335084;0.00599023;3.7521e-05;0.00596306;1.95041e-05
215000;0.00441897;0.00188994;0.00757538;0.00174954;0.00589403;0.000471708;0.00595526;0.000334067;0.00598937;3.74361e-05;0.00596251;1.94589e-05
216000;0.00439852;0.00188119;0.00764504;0.00175348;0.00589155;0.000470506;0.00594748;0.000333101;0.00598876;3.73428e-05;0.00596237;1.94114e-05
217000;0.00437825;0.00187252;0.00760981;0.00174541;0.00590188;0.000469793;0.00594825;0.000332175;0.005988;3.72509e-05;0.00596176;1.93639e-05
218000;0.00435816;0.00186393;0.0075749;0.0017374;0.00590457;0.000468902;0.00596807;0.000331903;0.00598699;3.71557e-05;0.00596135;1.93184e-05
219000;0.00433826;0.00185542;0.00754031;0.00172947;0.0059072;0.000467763;0.00595411;0.000330676;0.00598649;3.70726e-05;0.00596222;1.92741e-05
220000;0.00431854;0.00184699;0.00760886;0.00173336;0.00589954;0.000466425;0.00595805;0.000330034;0.00598669;3.69915e-05;0.0059617;1.92273e-05
221000;0.004299;0.00183863;0.00757443;0.00172551;0.00591007;0.000465806;0.00594048;0.000328804;0.00598705;3.69103e-05;0.00596191;1.91836e-05
222000;0.00427964;0.00183035;0.00754031;0.00171774;0.00593555;0.000465682;0.00594287;0.000328185;0.0059851;3.6819e-05;0.00596204;1.91405e-05
223000;0.00426045;0.00182214;0.00760794;0.00172155;0.00592509;0.000464198;0.00596354;0.000327884;0.00598594;3.67379e-05;0.0059615;1.9096e-05
224000;0.00424143;0.00181401;0.00757397;0.00171387;0.0059316;0.000463269;0.00593928;0.000326456;0.00598623;3.66589e-05;0.0059608;1.90493e-05
225000;0.00422257;0.00180594;0.00754031;0.00170625;0.00594998;0.000462901;0.00593427;0.000325518;0.00598649;3.65767e-05;0.00596134;1.90077e-05
226000;0.00420389;0.00179795;0.00750695;0.0016987;0.00592366;0.000460856;0.00592584;0.000324502;0.00598367;3.64853e-05;0.00596015;1.89645e-05
227000;0.00418537;0.00179003;0.00747388;0.00169122;0.00593688;0.000460454;0.00591366;0.000323466;0.00598356;3.64026e-05;0.00595916;1.89203e-05
228000;0.00416701;0.00178218;0.0074411;0.00168381;0.00595056;0.000459845;0.00591101;0.000322717;0.00598236;3.63208e-05;0.00595937;1.88797e-05
229000;0.00414882;0.0017744;0.0074086;0.00167645;0.00594083;0.000458446;0.0059131;0.000322105;0.00598191;3.62439e-05;0.00596022;1.88405e-05
230000;0.00432748;0.00180826;0.00737639;0.00166917;0.00594647;0.000457837;0.00591058;0.000321352;0.00598316;3.61683e-05;0.00596099;1.88013e-05
231000;0.00430875;0.00180043;0.00734446;0.00166194;0.00593424;0.00045628;0.00591395;0.000320805;0.00598599;3.61054e-05;0.00596157;1.87583e-05
232000;0.00429018;0.00179267;0.00750781;0.00167669;0.00595115;0.000455853;0.00592771;0.000320499;0.00598529;3.60265e-05;0.0059614;1.872e-05
233000;0.00427176;0.00178498;0.00747559;0.0016695;0.00594089;0.000454389;0.00593306;0.000319866;0.00598528;3.59498e-05;0.00596114;1.86823e-05
234000;0.00425351;0.00177735;0.00744364;0.00166236;0.00594411;0.00045339;0.00592201;0.00031891;0.00598634;3.58772e-05;0.00596066;1.86406e-05
235000;0.00423541;0.00176979;0.00741197;0.00165529;0.00591881;0.000451463;0.00590158;0.000317693;0.00598666;3.58005e-05;0.00596059;1.86024e-05
236000;0.00421746;0.00176229;0.00738056;0.00164828;0.00590947;0.000450079;0.00589198;0.000316751;0.00598603;3.57188e-05;0.00595994;1.85623e-05
237000;0.00419967;0.00175485;0.00744486;0.00165194;0.00590029;0.000448746;0.00590221;0.000316283;0.00598547;3.56347e-05;0.00595944;1.85237e-05
238000;0.00418202;0.00174748;0.00750863;0.00165551;0.00589131;0.000447408;0.00591776;0.000315977;0.00598494;3.55514e-05;0.00595939;1.84852e-05
239000;0.00416452;0.00174017;0.00757186;0.00165898;0.00589556;0.000446731;0.00594018;0.00031592;0.00598549;3.54806e-05;0.00595951;1.84484e-05
240000;0.00414717;0.00173292;0.00763457;0.00166236;0.00589074;0.00044571;0.00593519;0.000315201;0.00598552;3.54064e-05;0.00595953;1.84109e-05
241000;0.00412996;0.00172573;0.00769675;0.00166565;0.00589594;0.000444879;0.00593355;0.000314463;0.0059854;3.53343e-05;0.00595947;1.83721e-05
242000;0.0041129;0.0017186;0.00766495;0.00165877;0.00587157;0.000443043;0.00592274;0.000313491;0.00598411;3.52577e-05;0.00595979;1.83331e-05
243000;0.00409597;0.00171152;0.00772649;0.00166198;0.00584741;0.000441222;0.0059121;0.000312542;0.00598348;3.51808e-05;0.00595979;1.82962e-05
244000;0.00407919;0.00170451;0.00769483;0.00165517;0.00585639;0.000440635;0.00591805;0.000312083;0.00598289;3.51033e-05;0.00596136;1.82646e-05
245000;0.00406254;0.00169755;0.00775575;0.00165831;0.0058547;0.000439671;0.0059298;0.00031181;0.0059817;3.50243e-05;0.00596171;1.82279e-05
246000;0.00404602;0.00169065;0.00772422;0.00165157;0.00586039;0.000439151;0.005923;0.00031093;0.0059846;3.49599e-05;0.00596165;1.81918e-05
247000;0.00402964;0.00168381;0.00778453;0.00165465;0.00585492;0.000438113;0.00592653;0.000310359;0.0059851;3.48927e-05;0.0059607;1.8154e-05
248000;0.00401339;0.00167702;0.00784436;0.00165764;0.00584986;0.000436886;0.00593011;0.000309891;0.00598573;3.4826e-05;0.00596008;1.8117e-05
249000;0.00399727;0.00167028;0.00781285;0.00165098;0.00583559;0.000435508;0.00593791;0.000309409;0.0059866;3.47582e-05;0.00596016;1.80811e-05
250000;0.00398128;0.0016636;0.0077816;0.00164438;0.00582868;0.000434362;0.005931;0.000308564;0.00598541;3.4687e-05;0.00596042;1.80438e-05
251000;0.00396542;0.00165698;0.0077506;0.00163783;0.00582846;0.000433417;0.00593416;0.000308087;0.00598448;3.46175e-05;0.00596025;1.80082e-05
252000;0.00412922;0.00168749;0.00771984;0.00163133;0.00581535;0.000432143;0.00593263;0.000307423;0.0059847;3.45519e-05;0.0059606;1.7976e-05
253000;0.0041129;0.00168082;0.00768933;0.00162488;0.00580159;0.000430815;0.00592431;0.000306579;0.00598433;3.44848e-05;0.00596036;1.79388e-05
254000;0.0040967;0.0016742;0.00774812;0.00162787;0.00582807;0.000430959;0.00591232;0.000305668;0.00598581;3.44166e-05;0.00596134;1.7906e-05
255000;0.00408064;0.00166764;0.00771773;0.00162148;0.00582218;0.000429914;0.00593283;0.000305592;0.00598568;3.43465e-05;0.0059609;1.78698e-05
256000;0.0040647;0.00166112;0.00768758;0.00161515;0.00579944;0.000428237;0.00591837;0.000304601;0.00598567;3.42807e-05;0.00596152;1.78376e-05
257000;0.00404888;0.00165466;0.00774569;0.00161808;0.00581378;0.00042782;0.00591561;0.00030387;0.00598404;3.42109e-05;0.00596132;1.78007e-05
258000;0.00403319;0.00164825;0.00780335;0.00162094;0.00582872;0.000427472;0.00590536;0.000302955;0.00598257;3.41382e-05;0.00596113;1.77678e-05
259000;0.0041923;0.00167719;0.00777322;0.00161469;0.00586793;0.00042827;0.00590127;0.000302251;0.00598432;3.40762e-05;0.00596016;1.77333e-05
260000;0.00417617;0.00167074;0.00791733;0.00162644;0.00586203;0.00042708;0.00589482;0.000301482;0.00598321;3.40049e-05;0.00595965;1.76983e-05
261000;0.00416017;0.00166434;0.00788699;0.00162021;0.00584584;0.000425622;0.00589266;0.000300782;0.00598327;3.3941e-05;0.00595969;1.76629e-05
262000;0.00431697;0.00169218;0.00785689;0.00161403;0.00585397;0.000425096;0.00591142;0.000300725;0.00598314;3.3873e-05;0.0059597;1.76295e-05
263000;0.00430056;0.00168574;0.00782702;0.00160789;0.00585002;0.000424095;0.00592859;0.000300563;0.00598355;3.38078e-05;0.005959;1.75959e-05
264000;0.00428427;0.00167936;0.00779737;0.0016018;0.00583671;0.000422845;0.00594;0.000300356;0.00598334;3.37443e-05;0.00595856;1.75631e-05
265000;0.0042681;0.00167302;0.00776794;0.00159576;0.00583372;0.000421817;0.00593403;0.00029961;0.00598397;3.36803e-05;0.0059573;1.7525e-05
266000;0.00425206;0.00166673;0.00773874;0.00158976;0.00582967;0.000420781;0.00593564;0.000299056;0.00598342;3.362e-05;0.00595696;1.7492e-05
267000;0.00423613;0.00166049;0.00770976;0.00158381;0.00582335;0.00041976;0.00593173;0.000298399;0.00598242;3.35594e-05;0.00595743;1.74602e-05
268000;0.00422032;0.00165429;0.00768099;0.0015779;0.00582812;0.000419044;0.00593373;0.000297891;0.00598239;3.3498e-05;0.00595681;1.74254e-05
269000;0.00420463;0.00164814;0.00765244;0.00157204;0.00587147;0.000419922;0.00595244;0.000297791;0.00598152;3.34342e-05;0.00595774;1.73976e-05
270000;0.00435662;0.00167456;0.00762409;0.00156621;0.00589047;0.000419916;0.00594839;0.000297117;0.00598219;3.33738e-05;0.00595854;1.73678e-05
271000;0.00434055;0.00166838;0.00767943;0.00156898;0.00586873;0.000418369;0.00595083;0.000296596;0.00598067;3.33071e-05;0.00595686;1.73351e-05
272000;0.00432459;0.00166224;0.0076512;0.00156322;0.00587882;0.000418003;0.00595268;0.000296117;0.00598041;3.32451e-05;0.00595579;1.73006e-05
273000;0.00430875;0.00165615;0.00762317;0.00155749;0.00589989;0.000417903;0.00594568;0.000295395;0.00597867;3.31771e-05;0.00595603;1.72685e-05
274000;0.00445814;0.00168154;0.00759535;0.00155181;0.00588551;0.000416615;0.00594865;0.000294903;0.00597907;3.31172e-05;0.00595627;1.72379e-05
275000;0.00477096;0.00173636;0.00756773;0.00154617;0.00588866;0.000416035;0.00596378;0.000294709;0.00597769;3.30546e-05;0.00595682;1.72104e-05
276000;0.00475367;0.00173007;0.00762227;0.00154891;0.00589448;0.000415415;0.00597147;0.000294368;0.00597763;3.29921e-05;0.0059563;1.71783e-05
277000;0.00473651;0.00172383;0.00759475;0.00154332;0.00587913;0.000414079;0.00596874;0.000293774;0.00597848;3.29325e-05;0.00595693;1.71502e-05
278000;0.00471948;0.00171763;0.00756744;0.00153777;0.00587234;0.000413088;0.00595116;0.000292774;0.00597821;3.2874e-05;0.00595692;1.7118e-05
279000;0.00470256;0.00171147;0.00754031;0.00153226;0.00588754;0.000412677;0.00595747;0.000292444;0.00598035;3.28222e-05;0.00595695;1.7089e-05
280000;0.00468577;0.00170536;0.00751338;0.00152679;0.00587406;0.000411469;0.0059563;0.000291939;0.00597848;3.27561e-05;0.00595676;1.70582e-05
281000;0.00466909;0.00169929;0.00748664;0.00152136;0.00588294;0.000410885;0.00595403;0.000291319;0.00597826;3.26949e-05;0.00595595;1.70281e-05
282000;0.00465253;0.00169327;0.0074601;0.00151596;0.0058843;0.000410197;0.00596699;0.000291115;0.0059791;3.26377e-05;0.00595562;1.69968e-05
283000;0.00479596;0.00171612;0.00743373;0.00151061;0.00588289;0.000409349;0.00596903;0.000290626;0.00597807;3.25763e-05;0.00595527;1.69646e-05
284000;0.00477907;0.00171008;0.00740756;0.00150529;0.00587557;0.000408332;0.00596906;0.0002901;0.00597839;3.25179e-05;0.00595561;1.69356e-05
285000;0.00492105;0.00173225;0.00738157;0.00150001;0.00587434;0.000407554;0.005972;0.000289582;0.00597904;3.24639e-05;0.00595532;1.69077e-05
286000;0.00490384;0.00172619;0.00735576;0.00149476;0.00586912;0.000406505;0.00597235;0.000289102;0.00597838;3.24084e-05;0.00595485;1.68777e-05
287000;0.00488675;0.00172018;0.00733013;0.00148956;0.00586981;0.000405821;0.00597556;0.000288611;0.00597811;3.23483e-05;0.00595521;1.68476e-05
288000;0.00486978;0.0017142;0.00730468;0.00148438;0.00588342;0.000405621;0.00596956;0.000287974;0.00597848;3.22917e-05;0.00595514;1.68186e-05
289000;0.00485293;0.00170827;0.0072794;0.00147925;0.00588329;0.000404865;0.00597382;0.000287525;0.00598028;3.22401e-05;0.00595526;1.67887e-05
290000;0.0048362;0.00170238;0.0072543;0.00147415;0.00586906;0.000403645;0.00599206;0.000287469;0.00597975;3.21822e-05;0.00595499;1.67586e-05
291000;0.00481958;0.00169653;0.00722937;0.00146908;0.00586596;0.000402733;0.0060021;0.000287147;0.00597845;3.21265e-05;0.00595485;1.67277e-05
292000;0.00480308;0.00169072;0.00720461;0.00146405;0.00586398;0.000401886;0.0060355;0.000287426;0.00597744;3.20685e-05;0.00595446;1.66986e-05
293000;0.00478668;0.00168495;0.00718002;0.00145906;0.00586311;0.000401113;0.00605182;0.000287288;0.00597816;3.20117e-05;0.00595467;1.66721e-05
294000;0.0047704;0.00167922;0.0071556;0.0014541;0.00588411;0.000400979;0.00606085;0.000287063;0.00597738;3.19575e-05;0.00595512;1.66442e-05
295000;0.00475423;0.00167353;0.00720803;0.00145693;0.00586836;0.000399705;0.0060568;0.000286425;0.00597609;3.19e-05;0.00595527;1.66165e-05
296000;0.00473817;0.00166788;0.00718368;0.00145201;0.00588077;0.000399408;0.00605258;0.000285826;0.00597575;3.18447e-05;0.00595583;1.65906e-05
297000;0.00472222;0.00166226;0.00723565;0.0014548;0.00588489;0.000398819;0.00604259;0.000285113;0.00597515;3.17931e-05;0.00595609;1.65622e-05
298000;0.00470637;0.00165668;0.00721137;0.00144992;0.00587206;0.000397712;0.00603867;0.000284547;0.00597498;3.17396e-05;0.00595568;1.65342e-05
299000;0.00469063;0.00165114;0.00718725;0.00144507;0.00587227;0.000397049;0.00605059;0.000284396;0.00597481;3.16826e-05;0.0059553;1.65058e-05
300000;0.00467499;0.00164564;0.0071633;0.00144025;0.00587851;0.000396577;0.00605224;0.000283939;0.00597544;3.16308e-05;0.00595517;1.64775e-05
301000;0.00465946;0.00164017;0.0071395;0.00143547;0.00587798;0.000395861;0.00605821;0.000283596;0.00597582;3.15743e-05;0.00595546;1.64509e-05
302000;0.00464403;0.00163474;0.00719076;0.00143823;0.00587045;0.00039493;0.0060503;0.000282921;0.00597668;3.15292e-05;0.00595538;1.64246e-05
303000;0.00477802;0.00165541;0.00716703;0.00143348;0.00587521;0.000394357;0.00605302;0.000282526;0.00597574;3.14733e-05;0.00595561;1.63983e-05
304000;0.0047623;0.00164997;0.00714345;0.00142876;0.00587404;0.000393656;0.0060695;0.000282379;0.00597627;3.14276e-05;0.00595541;1.63736e-05
305000;0.00474669;0.00164456;0.00712003;0.00142408;0.00588851;0.000393535;0.00607791;0.000282158;0.00597595;3.13777e-05;0.00595579;1.63451e-05
306000;0.00473118;0.00163919;0.00709676;0.00141943;0.00587496;0.000392409;0.00608778;0.00028192;0.005975;3.13231e-05;0.0059564;1.63199e-05
307000;0.00471577;0.00163385;0.00707365;0.00141481;0.00586016;0.000391224;0.00610592;0.000281895;0.00597563;3.1276e-05;0.0059558;1.62921e-05
308000;0.00470045;0.00162854;0.00705068;0.00141021;0.00586791;0.000390861;0.00611888;0.000281728;0.00597419;3.12245e-05;0.00595509;1.62636e-05
309000;0.00468524;0.00162327;0.00702786;0.00140565;0.00586508;0.000390037;0.0061276;0.00028147;0.00597461;3.11802e-05;0.00595444;1.62374e-05
310000;0.00467013;0.00161804;0.00700519;0.00140112;0.00586366;0.000389287;0.00612036;0.000280837;0.00597497;3.11343e-05;0.00595563;1.62134e-05
311000;0.00465511;0.00161283;0.00698267;0.00139661;0.00585665;0.000388392;0.00611473;0.000280253;0.00597433;3.10832e-05;0.00595576;1.61868e-05
312000;0.00464019;0.00160766;0.00703279;0.00139937;0.00585326;0.000387733;0.00612999;0.000280205;0.00597488;3.10378e-05;0.00595548;1.61604e-05
313000;0.00462537;0.00160253;0.00701032;0.0013949;0.00585834;0.000387228;0.00612479;0.000279611;0.00597584;3.09936e-05;0.005956;1.61361e-05
314000;0.00461064;0.00159743;0.006988;0.00139045;0.00584731;0.000386284;0.00612957;0.00027925;0.0059752;3.09447e-05;0.00595567;1.61104e-05
315000;0.004596;0.00159235;0.00696581;0.00138604;0.00582874;0.00038506;0.00612257;0.000278613;0.00597601;3.08964e-05;0.00595538;1.6084e-05
316000;0.00458146;0.00158732;0.00701535;0.00138876;0.0058103;0.000383843;0.00612459;0.00027819;0.00597612;3.08488e-05;0.00595475;1.60599e-05
317000;0.004567;0.00158231;0.00699322;0.00138438;0.00581573;0.000383351;0.00613594;0.000277978;0.00597613;3.07983e-05;0.00595436;1.60339e-05
318000;0.00455264;0.00157733;0.00697123;0.00138002;0.0058024;0.00038227;0.00614451;0.000277687;0.00597554;3.07519e-05;0.00595412;1.60063e-05
319000;0.00453837;0.00157239;0.00694938;0.0013757;0.00579204;0.000381381;0.00615175;0.000277352;0.00597446;3.06995e-05;0.00595421;1.59803e-05
320000;0.00452419;0.00156747;0.00692766;0.0013714;0.00579601;0.000381008;0.00614924;0.000276819;0.00597555;3.06538e-05;0.00595456;1.5956e-05
321000;0.00451009;0.00156259;0.00690608;0.00136713;0.00578748;0.000380054;0.00614508;0.000276285;0.00597531;3.06036e-05;0.0059548;1.59306e-05
322000;0.00449609;0.00155774;0.00688463;0.00136288;0.00580328;0.000379878;0.00613466;0.00027561;0.00597482;3.05536e-05;0.00595528;1.59045e-05
323000;0.00448217;0.00155292;0.00686332;0.00135866;0.00581143;0.000379592;0.00613753;0.000275185;0.00597501;3.05065e-05;0.0059554;1.58812e-05
324000;0.00446833;0.00154812;0.00684213;0.00135447;0.00581216;0.000379025;0.00614082;0.000274776;0.00597604;3.04625e-05;0.00595643;1.58585e-05
325000;0.00445458;0.00154336;0.00682108;0.0013503;0.00579993;0.000378021;0.00613566;0.000274212;0.00597489;3.04124e-05;0.00595726;1.5835e-05
326000;0.00444092;0.00153863;0.00680016;0.00134616;0.00578984;0.000377062;0.00612305;0.000273469;0.00597434;3.03678e-05;0.00595763;1.58133e-05
327000;0.00442734;0.00153392;0.00677936;0.00134205;0.00579931;0.000376849;0.00612632;0.000273131;0.00597405;3.03223e-05;0.00595716;1.57882e-05
328000;0.00441384;0.00152925;0.00675869;0.00133796;0.00579469;0.000375995;0.00612013;0.000272586;0.00597286;3.02745e-05;0.00595741;1.57654e-05
329000;0.00440043;0.0015246;0.00673815;0.00133389;0.00579919;0.00037549;0.00610508;0.000271816;0.00597265;3.0227e-05;0.00595665;1.57381e-05
330000;0.00438709;0.00151998;0.00671773;0.00132985;0.00579887;0.000374876;0.00609982;0.000271246;0.00597205;3.01801e-05;0.00595636;1.57156e-05
331000;0.00437384;0.00151539;0.00669744;0.00132583;0.0058063;0.000374553;0.00610956;0.000271004;0.00597103;3.01319e-05;0.00595697;1.56919e-05
332000;0.00436066;0.00151082;0.00667726;0.00132184;0.00580768;0.000374036;0.00610789;0.000270492;0.00596952;3.00825e-05;0.00595677;1.56695e-05
333000;0.00434757;0.00150629;0.00665721;0.00131787;0.0057965;0.000373115;0.00609969;0.000269878;0.00596835;3.00327e-05;0.00595719;1.56454e-05
334000;0.00433455;0.00150178;0.00663728;0.00131392;0.00578924;0.00037228;0.0061032;0.000269559;0.00596836;2.99879e-05;0.00595731;1.56209e-05
335000;0.00432161;0.00149729;0.00668499;0.00131667;0.00578959;0.000371712;0.00609939;0.000269059;0.00596771;2.99408e-05;0.00595773;1.55981e-05
336000;0.00430875;0.00149284;0.0066651;0.00131275;0.00578972;0.00037115;0.00610205;0.00026872;0.00596739;2.98962e-05;0.0059574;1.55761e-05
337000;0.00429596;0.00148841;0.00664532;0.00130885;0.00579587;0.000370774;0.00609571;0.00026818;0.00596743;2.9852e-05;0.00595687;1.55525e-05
338000;0.00428325;0.001484;0.00669258;0.00131155;0.00578427;0.000369837;0.00609455;0.00026774;0.00596742;2.98082e-05;0.00595707;1.553e-05
339000;0.00440408;0.00150257;0.00667284;0.00130769;0.00578098;0.000369242;0.00608376;0.000267092;0.00596679;2.97619e-05;0.00595637;1.55066e-05
340000;0.00439112;0.00149815;0.00671975;0.00131034;0.00578602;0.000368798;0.00607585;0.000266548;0.00596494;2.97112e-05;0.00595613;1.54847e-05
341000;0.00437825;0.00149375;0.00670004;0.0013065;0.00577407;0.000367848;0.00606733;0.000265983;0.00596439;2.96652e-05;0.00595599;1.54619e-05
342000;0.00436544;0.00148939;0.00668045;0.00130268;0.00578571;0.000367703;0.00606873;0.000265609;0.00596544;2.96295e-05;0.00595646;1.54395e-05
343000;0.00435272;0.00148504;0.00666098;0.00129888;0.0058103;0.000367962;0.00605914;0.000265021;0.00596454;2.95842e-05;0.00595664;1.54187e-05
344000;0.00447158;0.00150299;0.00664161;0.00129511;0.00582645;0.000368031;0.00605858;0.000264612;0.00596477;2.95408e-05;0.00595633;1.53962e-05
345000;0.00445862;0.00149864;0.00662236;0.00129135;0.00583571;0.000367704;0.00606509;0.00026439;0.00596495;2.94989e-05;0.00595593;1.53734e-05
346000;0.00444573;0.00149431;0.00660322;0.00128762;0.00584955;0.000367634;0.00606805;0.00026408;0.00596488;2.94528e-05;0.00595641;1.53522e-05
347000;0.00443292;0.00149;0.00658419;0.00128391;0.00584093;0.000366757;0.00607052;0.000263745;0.0059663;2.94125e-05;0.00595623;1.53304e-05
348000;0.00442018;0.00148572;0.00656527;0.00128022;0.00582851;0.000365804;0.00607734;0.000263509;0.00596758;2.93743e-05;0.00595653;1.53082e-05
349000;0.00440752;0.00148146;0.00654646;0.00127656;0.00583585;0.00036537;0.00607139;0.000262966;0.00596755;2.93304e-05;0.00595654;1.52846e-05
350000;0.00439492;0.00147723;0.00652776;0.00127291;0.0058388;0.000365005;0.00608009;0.000262796;0.00596686;2.92858e-05;0.0059568;1.52646e-05
351000;0.0043824;0.00147302;0.00650916;0.00126928;0.00583423;0.00036436;0.00610162;0.000262898;0.00596817;2.92512e-05;0.00595715;1.5243e-05
352000;0.00436995;0.00146884;0.00649067;0.00126568;0.00581765;0.000363326;0.00610636;0.000262637;0.00596647;2.92057e-05;0.00595739;1.52227e-05
353000;0.00435757;0.00146467;0.00653636;0.00126832;0.0058301;0.000363229;0.00610087;0.000262162;0.00596708;2.9163e-05;0.00595634;1.51999e-05
354000;0.00434526;0.00146054;0.0065818;0.00127092;0.00581927;0.000362372;0.00611175;0.000262014;0.00596627;2.9122e-05;0.00595642;1.51778e-05
355000;0.00433302;0.00145642;0.00656326;0.00126734;0.00581528;0.00036176;0.00611261;0.000261644;0.00596479;2.90758e-05;0.0059556;1.51559e-05
356000;0.00444794;0.00147353;0.00654482;0.00126378;0.00581207;0.000361204;0.00612565;0.0002615;0.00596447;2.90316e-05;0.00595486;1.51326e-05
357000;0.00456221;0.00149025;0.00652649;0.00126024;0.00583294;0.000361427;0.00612024;0.000261031;0.005965;2.89928e-05;0.0059551;1.51126e-05
358000;0.00454946;0.00148608;0.00663463;0.00126886;0.00583384;0.000360888;0.00612064;0.000260706;0.0059652;2.89518e-05;0.00595506;1.50906e-05
359000;0.00453679;0.00148195;0.00667916;0.00127134;0.00582923;0.000360256;0.00611282;0.00026015;0.00596553;2.89139e-05;0.00595561;1.5069e-05
360000;0.00452419;0.00147783;0.00666061;0.00126781;0.00583753;0.000360059;0.00610254;0.000259594;0.00596469;2.88707e-05;0.00595549;1.50472e-05
361000;0.00451165;0.00147374;0.00664216;0.0012643;0.00583138;0.000359351;0.00610561;0.000259262;0.00596576;2.88342e-05;0.00595602;1.50262e-05
362000;0.00449919;0.00146966;0.00662381;0.00126081;0.00584293;0.000359186;0.00610856;0.000258984;0.00596485;2.87903e-05;0.00595617;1.50042e-05
363000;0.0044868;0.00146562;0.00666788;0.00126325;0.00586156;0.000359289;0.00610942;0.000258626;0.00596396;2.87498e-05;0.00595647;1.49838e-05
364000;0.00447447;0.00146159;0.00664956;0.00125978;0.00585659;0.00035864;0.00611715;0.000258429;0.00596417;2.87102e-05;0.00595652;1.49626e-05
365000;0.00458616;0.00147769;0.00663134;0.00125633;0.00586382;0.000358399;0.00610924;0.000257921;0.0059637;2.86705e-05;0.00595683;1.49436e-05
366000;0.00457363;0.00147365;0.00667503;0.00125873;0.00587061;0.000358122;0.00610619;0.000257462;0.0059643;2.86321e-05;0.00595691;1.49221e-05
367000;0.00456117;0.00146964;0.00665684;0.0012553;0.0058607;0.00035725;0.00609387;0.000256834;0.00596503;2.85957e-05;0.00595694;1.49016e-05
368000;0.00454878;0.00146564;0.00663875;0.00125189;0.00585146;0.000356521;0.00609466;0.000256525;0.00596536;2.85603e-05;0.00595646;1.4881e-05
369000;0.00453645;0.00146167;0.00662076;0.0012485;0.0058573;0.000356198;0.00609223;0.000256129;0.00596557;2.85211e-05;0.00595704;1.48609e-05
370000;0.00452419;0.00145772;0.00666401;0.00125088;0.00585072;0.000355466;0.00608869;0.000255678;0.00596659;2.8484e-05;0.00595794;1.4841e-05
371000;0.00451199;0.00145379;0.00670702;0.00125321;0.00584157;0.000354746;0.00609388;0.00025544;0.00596579;2.84443e-05;0.00595792;1.4822e-05
372000;0.00449986;0.00144988;0.00668899;0.00124985;0.00583241;0.000353918;0.00608796;0.000254967;0.00596587;2.84082e-05;0.00595853;1.48031e-05
373000;0.0044878;0.001446;0.00667105;0.0012465;0.00583102;0.000353301;0.00608085;0.000254499;0.00596705;2.83745e-05;0.00595783;1.47829e-05
374000;0.0044758;0.00144213;0.00665322;0.00124316;0.00582174;0.000352574;0.00608379;0.000254228;0.00596575;2.83331e-05;0.00595778;1.47626e-05
375000;0.00446386;0.00143829;0.0066958;0.00124547;0.00581886;0.000352071;0.0060782;0.000253787;0.00596598;2.82934e-05;0.00595743;1.47427e-05
376000;0.00445199;0.00143446;0.00667799;0.00124216;0.0058304;0.000351848;0.00608485;0.000253556;0.00596566;2.82541e-05;0.00595756;1.47234e-05
377000;0.00456019;0.00144986;0.00666028;0.00123886;0.00581903;0.000351008;0.0060811;0.000253128;0.00596489;2.82135e-05;0.00595798;1.47066e-05
378000;0.00454812;0.00144602;0.00664266;0.00123559;0.00581871;0.000350524;0.00608666;0.000252916;0.00596407;2.81742e-05;0.00595769;1.46872e-05
379000;0.00453612;0.00144221;0.00662513;0.00123233;0.00581708;0.00034996;0.00607501;0.00025233;0.00596435;2.81369e-05;0.00595743;1.4667e-05
380000;0.00452419;0.00143841;0.00660769;0.00122908;0.00581268;0.000349368;0.00607853;0.000252096;0.00596454;2.81002e-05;0.00595756;1.46476e-05
381000;0.00451231;0.00143464;0.00659035;0.00122586;0.00581318;0.00034891;0.0060681;0.000251556;0.00596529;2.8062e-05;0.00595785;1.46288e-05
382000;0.0045005;0.00143088;0.00663232;0.00122814;0.00579796;0.000347998;0.00605865;0.000251014;0.0059652;2.80258e-05;0.0059585;1.46097e-05
383000;0.00448875;0.00142715;0.006615;0.00122494;0.00578669;0.000347172;0.00606148;0.000250746;0.00596539;2.79912e-05;0.00595819;1.45919e-05
384000;0.00447706;0.00142343;0.00665668;0.00122719;0.00578883;0.000346814;0.0060586;0.00025036;0.00596545;2.79534e-05;0.0059582;1.45737e-05
385000;0.00446543;0.00141973;0.00663939;0.001224;0.00579698;0.000346678;0.00606619;0.000250195;0.00596647;2.79195e-05;0.00595849;1.45556e-05
386000;0.00457107;0.00143457;0.0067394;0.00123158;0.00579729;0.000346217;0.00606288;0.000249752;0.0059662;2.78825e-05;0.00595852;1.45363e-05
387000;0.00455926;0.00143086;0.00672198;0.0012284;0.00580862;0.000346046;0.00607119;0.000249607;0.00596837;2.78515e-05;0.00595834;1.45173e-05
388000;0.00454751;0.00142717;0.00670466;0.00122524;0.00579365;0.000345156;0.00606896;0.000249205;0.0059678;2.7814e-05;0.00595833;1.44992e-05
389000;0.00465212;0.00144163;0.00668742;0.00122209;0.00578681;0.000344478;0.00607401;0.000249009;0.00596757;2.77761e-05;0.00595855;1.44804e-05
390000;0.0047562;0.0014558;0.00667028;0.00121895;0.0057735;0.000343609;0.00608631;0.000248902;0.00596861;2.77429e-05;0.00595868;1.44614e-05
391000;0.00474403;0.00145208;0.00665322;0.00121584;0.00578117;0.000343444;0.00608845;0.000248633;0.00596796;2.77051e-05;0.00595903;1.44439e-05
392000;0.00473193;0.00144837;0.00663624;0.00121274;0.00578239;0.000343058;0.00609389;0.000248434;0.00596786;2.76713e-05;0.00595927;1.44275e-05
393000;0.00471989;0.00144469;0.00667692;0.0012149;0.00578761;0.000342753;0.00608965;0.000248009;0.00596907;2.7639e-05;0.00595925;1.44095e-05
394000;0.00470791;0.00144102;0.00665997;0.00121181;0.00579497;0.000342574;0.00608548;0.000247631;0.00596826;2.76003e-05;0.00595972;1.43934e-05
395000;0.00469599;0.00143737;0.00664311;0.00120875;0.00579669;0.000342123;0.00608564;0.000247293;0.0059696;2.75687e-05;0.00595946;1.4374e-05
396000;0.00468413;0.00143374;0.00662633;0.00120569;0.00579877;0.000341788;0.00607646;0.000246769;0.00596905;2.75339e-05;0.00595963;1.43556e-05
397000;0.00467233;0.00143013;0.00660964;0.00120266;0.00579001;0.000341119;0.00607792;0.000246488;0.00596944;2.74976e-05;0.00595965;1.43373e-05
398000;0.00466059;0.00142654;0.00659304;0.00119964;0.00578081;0.00034035;0.00608064;0.000246205;0.00596927;2.74608e-05;0.00595965;1.43189e-05
399000;0.00464891;0.00142296;0.00657651;0.00119663;0.00577261;0.00033972;0.00607593;0.000245766;0.00596822;2.74217e-05;0.00595892;1.43008e-05
400000;0.00463729;0.00141941;0.00656007;0.00119364;0.00578431;0.00033957;0.00608104;0.000245564;0.00596781;2.73867e-05;0.00595938;1.42844e-05
401000;0.00462573;0.00141587;0.00665653;0.00120088;0.00579218;0.000339318;0.00608786;0.0002454;0.00596711;2.7351e-05;0.00595929;1.42667e-05
402000;0.00472676;0.00142946;0.00663998;0.00119789;0.00578463;0.000338625;0.0060916;0.000245189;0.00596731;2.73158e-05;0.00595918;1.42481e-05
403000;0.00471503;0.00142592;0.0066235;0.00119492;0.00578662;0.000338217;0.00609175;0.000244869;0.00596763;2.72821e-05;0.00596039;1.42317e-05
404000;0.00470336;0.00142239;0.0066631;0.001197;0.00579054;0.000338011;0.00609259;0.000244597;0.00596715;2.72473e-05;0.00596075;1.42147e-05
405000;0.00469175;0.00141888;0.00664665;0.00119405;0.00578657;0.00033748;0.00608727;0.000244153;0.00596764;2.72148e-05;0.00596044;1.41969e-05
406000;0.00468019;0.00141538;0.00663027;0.00119111;0.00577232;0.00033665;0.00608334;0.000243765;0.00596897;2.71868e-05;0.00596063;1.41797e-05
407000;0.00466869;0.0014119;0.00661398;0.00118818;0.00577963;0.000336386;0.00609304;0.000243671;0.00596909;2.71542e-05;0.0059603;1.41618e-05
408000;0.00465725;0.00140844;0.00659777;0.00118527;0.00577661;0.000335916;0.00608581;0.000243231;0.00596877;2.71187e-05;0.00596013;1.41452e-05
409000;0.00464586;0.001405;0.00658164;0.00118237;0.00577735;0.000335518;0.00608839;0.000242984;0.00596866;2.70858e-05;0.00596012;1.41279e-05
410000;0.00463453;0.00140157;0.00673111;0.00119426;0.00578094;0.000335169;0.00608946;0.000242695;0.00596777;2.70494e-05;0.0059596;1.41096e-05
411000;0.00462326;0.00139816;0.00676977;0.00119623;0.00578488;0.000334832;0.00609413;0.000242501;0.00596844;2.7018e-05;0.00595988;1.40939e-05
412000;0.00472185;0.00141127;0.00675334;0.00119332;0.0057872;0.000334532;0.00609315;0.000242169;0.00596864;2.69863e-05;0.00595962;1.40765e-05
413000;0.00471041;0.00140786;0.00679176;0.00119526;0.00577583;0.000333763;0.0060926;0.000241861;0.00596883;2.69543e-05;0.00595963;1.40596e-05
414000;0.00469903;0.00140446;0.00677535;0.00119237;0.00578722;0.000333546;0.00609372;0.000241577;0.00596954;2.69212e-05;0.00595939;1.40415e-05
415000;0.00468771;0.00140107;0.00681353;0.00119429;0.00580671;0.000333688;0.00609385;0.000241294;0.00596874;2.68885e-05;0.00595935;1.40263e-05
416000;0.00467644;0.00139771;0.00685153;0.00119617;0.00580386;0.000333241;0.00609933;0.000241091;0.00596813;2.68556e-05;0.00595932;1.40102e-05
417000;0.00466523;0.00139435;0.0068351;0.0011933;0.00580054;0.000332766;0.00609733;0.000240713;0.00596678;2.68204e-05;0.00595948;1.39944e-05
418000;0.00465407;0.00139102;0.00687287;0.00119516;0.00580083;0.00033229;0.00609457;0.000240364;0.0059668;2.67884e-05;0.0059592;1.39766e-05
419000;0.00464296;0.0013877;0.00685646;0.00119231;0.00579213;0.000331651;0.006094;0.000240063;0.00596584;2.6753e-05;0.00595942;1.39604e-05
420000;0.00463191;0.00138439;0.00684014;0.00118947;0.00579598;0.000331321;0.00609828;0.00023986;0.00596576;2.67209e-05;0.00595962;1.3943e-05
421000;0.00472837;0.00139707;0.00687762;0.00119131;0.00579779;0.000331011;0.00610014;0.000239604;0.00596503;2.66861e-05;0.0059604;1.39285e-05
422000;0.00471716;0.00139376;0.00691493;0.00119312;0.00579277;0.000330479;0.00609099;0.00023915;0.0059644;2.66525e-05;0.0059599;1.39113e-05
423000;0.00470601;0.00139047;0.00689858;0.0011903;0.00579914;0.000330286;0.00609037;0.00023885;0.00596491;2.6623e-05;0.0059601;1.38963e-05
424000;0.00469491;0.00138719;0.00688231;0.00118749;0.00580177;0.000330022;0.00608853;0.000238541;0.00596487;2.65909e-05;0.00596003;1.38806e-05
425000;0.00468386;0.00138392;0.00686612;0.0011847;0.00580773;0.000329822;0.00608304;0.000238145;0.00596564;2.65599e-05;0.00595968;1.38637e-05
426000;0.00467287;0.00138067;0.00685;0.00118192;0.0057941;0.000329049;0.00608131;0.000237846;0.00596551;2.6529e-05;0.00595995;1.38479e-05
427000;0.00476788;0.001393;0.00683396;0.00117915;0.00579636;0.000328669;0.00608899;0.000237712;0.00596449;2.64962e-05;0.00595996;1.383e-05
428000;0.00475674;0.00138975;0.00681799;0.00117639;0.00580222;0.000328459;0.00609408;0.000237515;0.00596486;2.64667e-05;0.00595946;1.3814e-05
429000;0.00474565;0.00138651;0.0068021;0.00117365;0.00579758;0.000327936;0.00609564;0.000237297;0.00596551;2.6437e-05;0.00595921;1.37974e-05
430000;0.00473461;0.00138329;0.00678628;0.00117092;0.00580191;0.000327682;0.00610536;0.000237262;0.00596532;2.64048e-05;0.00595916;1.37807e-05
431000;0.00472363;0.00138008;0.00682302;0.00117272;0.00580161;0.000327297;0.0061093;0.000237018;0.00596543;2.63736e-05;0.0059593;1.37665e-05
432000;0.00471269;0.00137688;0.00685959;0.0011745;0.00579852;0.000326853;0.0061125;0.000236796;0.00596543;2.63425e-05;0.00595981;1.37525e-05
433000;0.00470181;0.0013737;0.00684375;0.00117179;0.00580724;0.000326709;0.00611049;0.000236497;0.00596503;2.63106e-05;0.0059595;1.37349e-05
434000;0.00469098;0.00137054;0.00682798;0.00116909;0.00582719;0.000326897;0.00611029;0.000236265;0.005965;2.62789e-05;0.00595949;1.37203e-05
435000;0.0047842;0.0013825;0.00681228;0.0011664;0.00583586;0.000326731;0.00611152;0.000236015;0.00596454;2.62495e-05;0.0059592;1.37037e-05
436000;0.00477322;0.00137933;0.00679666;0.00116373;0.00585302;0.000326899;0.00610457;0.000235613;0.00596452;2.62207e-05;0.00595914;1.36878e-05
437000;0.0047623;0.00137617;0.0067811;0.00116106;0.00585042;0.000326408;0.00610771;0.000235421;0.00596451;2.61888e-05;0.00595897;1.36715e-05
438000;0.00475143;0.00137303;0.00676562;0.00115841;0.00585168;0.000326098;0.00611099;0.000235181;0.00596494;2.61631e-05;0.00595878;1.3655e-05
439000;0.00474061;0.0013699;0.00675021;0.00115578;0.00585424;0.00032585;0.00611399;0.000234988;0.00596415;2.61333e-05;0.00595879;1.36405e-05
440000;0.00472983;0.00136679;0.00673487;0.00115315;0.00585316;0.000325422;0.00611189;0.000234686;0.00596508;2.61047e-05;0.00595859;1.36244e-05
441000;0.00471911;0.00136369;0.0067196;0.00115053;0.00585421;0.000325094;0.00610705;0.000234302;0.00596555;2.60776e-05;0.00595807;1.36085e-05
442000;0.00470843;0.0013606;0.00675557;0.0011523;0.00585247;0.000324634;0.00610996;0.000234078;0.00596487;2.6047e-05;0.00595833;1.35929e-05
443000;0.0046978;0.00135753;0.00674032;0.0011497;0.00585404;0.000324336;0.00611071;0.000233846;0.00596485;2.60175e-05;0.00595844;1.35783e-05
444000;0.00468722;0.00135447;0.00672514;0.00114711;0.00586021;0.000324177;0.00611458;0.000233653;0.00596513;2.59884e-05;0.00595894;1.35634e-05
445000;0.00467669;0.00135143;0.00671003;0.00114454;0.00586253;0.000323831;0.00610988;0.000233299;0.00596466;2.59598e-05;0.00595927;1.35497e-05
446000;0.0046662;0.0013484;0.00669499;0.00114197;0.00585926;0.000323401;0.00610425;0.000232912;0.00596482;2.59304e-05;0.00595962;1.35344e-05
447000;0.00465576;0.00134538;0.00668001;0.00113942;0.00585455;0.000322897;0.00610389;0.00023264;0.00596409;2.58988e-05;0.0059598;1.3519e-05
448000;0.00464537;0.00134238;0.0066651;0.00113687;0.0058511;0.000322453;0.00610208;0.000232329;0.0059647;2.5872e-05;0.00595932;1.35046e-05
449000;0.00463502;0.00133939;0.00665025;0.00113434;0.00585743;0.00032231;0.00610344;0.000232067;0.00596357;2.58414e-05;0.00595923;1.34889e-05
450000;0.00462472;0.00133641;0.00663547;0.00113182;0.00585355;0.000321763;0.00609812;0.000231709;0.00596408;2.58143e-05;0.00595945;1.34741e-05
451000;0.00461447;0.00133345;0.00662076;0.00112931;0.00584574;0.000321209;0.00609493;0.000231372;0.00596433;2.57851e-05;0.00595932;1.34578e-05
452000;0.00460426;0.0013305;0.00660611;0.00112681;0.00585103;0.000321011;0.00609412;0.000231087;0.00596492;2.57594e-05;0.00595925;1.34423e-05
453000;0.0045941;0.00132756;0.00664147;0.00112858;0.00584223;0.000320404;0.00609015;0.000230722;0.00596469;2.57321e-05;0.00595944;1.34276e-05
454000;0.00458398;0.00132464;0.00662684;0.00112609;0.00584034;0.000319939;0.0060943;0.000230543;0.0059645;2.57039e-05;0.00595929;1.34128e-05
455000;0.0045739;0.00132173;0.00666199;0.00112783;0.00584239;0.000319583;0.00609792;0.000230342;0.00596435;2.56756e-05;0.00595938;1.33989e-05
456000;0.00456387;0.00131883;0.00664738;0.00112536;0.00584431;0.000319318;0.00609993;0.000230094;0.00596398;2.56469e-05;0.00595921;1.33834e-05
457000;0.00455389;0.00131595;0.00663283;0.0011229;0.00583153;0.00031862;0.00610184;0.000229873;0.00596413;2.5618e-05;0.00595912;1.33685e-05
458000;0.00454394;0.00131307;0.00661835;0.00112044;0.0058226;0.000318013;0.00609448;0.000229477;0.00596382;2.55896e-05;0.0059593;1.33538e-05
459000;0.00453404;0.00131021;0.00660393;0.001118;0.00582279;0.000317675;0.00608699;0.000229072;0.00596392;2.55622e-05;0.00595949;1.33396e-05
460000;0.00452419;0.00130736;0.00658958;0.00111557;0.00582758;0.000317455;0.00608569;0.000228772;0.00596428;2.55343e-05;0.00595948;1.33243e-05
461000;0.00451437;0.00130453;0.00662435;0.0011173;0.0058164;0.000316781;0.00609082;0.000228637;0.0059639;2.5508e-05;0.00595949;1.33105e-05
462000;0.0045046;0.0013017;0.00661001;0.00111488;0.00582479;0.000316657;0.0060944;0.000228432;0.00596453;2.54808e-05;0.00595905;1.32957e-05
463000;0.00459259;0.00131293;0.00659574;0.00111247;0.00583233;0.000316589;0.00609427;0.000228184;0.00596371;2.54524e-05;0.00595883;1.32808e-05
464000;0.00458269;0.0013101;0.00658152;0.00111008;0.00582949;0.000316195;0.00609132;0.000227869;0.00596557;2.54285e-05;0.00595909;1.32674e-05
465000;0.00457283;0.00130729;0.00661602;0.00111178;0.0058347;0.000316009;0.00610352;0.000227835;0.00596489;2.53988e-05;0.00595921;1.32529e-05
466000;0.00456302;0.00130448;0.00665036;0.00111347;0.00583403;0.000315645;0.0060969;0.000227473;0.005965;2.53721e-05;0.00595924;1.32391e-05
467000;0.00455325;0.00130169;0.00663612;0.00111108;0.00582429;0.000315016;0.00608596;0.000227012;0.00596532;2.53493e-05;0.00595956;1.32251e-05
468000;0.00454352;0.00129891;0.00662194;0.00110871;0.0058218;0.0003145;0.00608341;0.00022672;0.005964;2.53165e-05;0.00595959;1.32101e-05
469000;0.00453383;0.00129614;0.00660782;0.00110635;0.00582816;0.000314388;0.00607906;0.000226398;0.00596462;2.52922e-05;0.00595986;1.31959e-05
470000;0.00452419;0.00129338;0.00664189;0.00110801;0.005831;0.000314087;0.00608934;0.000226379;0.00596569;2.52676e-05;0.00595992;1.31816e-05
471000;0.00451458;0.00129064;0.00662779;0.00110566;0.00583751;0.000313967;0.00609432;0.000226242;0.00596646;2.52427e-05;0.00595974;1.31669e-05
472000;0.00450502;0.0012879;0.00661375;0.00110332;0.00582938;0.000313412;0.00609565;0.00022602;0.00596647;2.52154e-05;0.00596026;1.31542e-05
473000;0.00449549;0.00128518;0.00664759;0.00110497;0.00582897;0.000313047;0.00609215;0.000225731;0.0059672;2.51893e-05;0.00596015;1.31405e-05
474000;0.00448601;0.00128247;0.00663357;0.00110264;0.00582506;0.000312583;0.0060979;0.000225593;0.00596708;2.51624e-05;0.00596019;1.31268e-05
475000;0.00457181;0.00129331;0.0066196;0.00110032;0.0058239;0.000312195;0.00610303;0.000225472;0.00596658;2.51346e-05;0.00596007;1.31121e-05
476000;0.00456221;0.00129059;0.00660569;0.001098;0.005834;0.000312058;0.00609924;0.000225156;0.00596757;2.51097e-05;0.00596032;1.30986e-05
477000;0.00455264;0.00128789;0.00659184;0.0010957;0.00584107;0.000311976;0.00610135;0.000224939;0.00596741;2.50827e-05;0.00596056;1.30855e-05
478000;0.00454312;0.00128519;0.00657805;0.00109341;0.00583353;0.000311459;0.0061038;0.000224706;0.00596766;2.50564e-05;0.00596097;1.30736e-05
479000;0.00453363;0.00128251;0.00656432;0.00109113;0.00583604;0.000311252;0.0060999;0.00022442;0.00596746;2.50314e-05;0.00596066;1.30598e-05
480000;0.00452419;0.00127984;0.00655065;0.00108886;0.00583217;0.000310828;0.00608719;0.000223954;0.00596692;2.5006e-05;0.00596091;1.30464e-05
481000;0.00451478;0.00127718;0.00653703;0.00108659;0.00582277;0.000310228;0.00607636;0.000223518;0.00596644;2.49809e-05;0.00596094;1.30335e-05
482000;0.00450541;0.00127453;0.00652346;0.00108434;0.00582661;0.000309983;0.00607956;0.000223328;0.00596648;2.49552e-05;0.00596036;1.30183e-05
483000;0.00449609;0.00127189;0.00655679;0.00108598;0.0058338;0.000309827;0.00607882;0.000223076;0.00596624;2.49284e-05;0.00595991;1.30035e-05
484000;0.0044868;0.00126926;0.00654325;0.00108373;0.00584552;0.000309811;0.00607441;0.000222761;0.00596601;2.49017e-05;0.00595996;1.29904e-05
485000;0.00447755;0.00126664;0.00652975;0.0010815;0.00585141;0.000309674;0.00608015;0.000222636;0.00596602;2.48749e-05;0.00595974;1.29761e-05
486000;0.00446833;0.00126404;0.00651632;0.00107928;0.00585136;0.000309342;0.00607479;0.000222296;0.00596559;2.48489e-05;0.00595977;1.29617e-05
487000;0.00445916;0.00126144;0.00650294;0.00107706;0.00585218;0.000309052;0.00606596;0.000221898;0.00596574;2.48218e-05;0.00595939;1.29477e-05
488000;0.00445002;0.00125886;0.00648961;0.00107485;0.00585198;0.000308714;0.0060653;0.000221663;0.00596487;2.47947e-05;0.00595924;1.29345e-05
489000;0.00444092;0.00125628;0.00647634;0.00107265;0.00585539;0.000308466;0.00606292;0.000221387;0.00596408;2.47674e-05;0.0059594;1.29227e-05
490000;0.00443186;0.00125372;0.00646312;0.00107047;0.00585408;0.000308085;0.00605706;0.000221061;0.00596449;2.47428e-05;0.00595917;1.29087e-05
491000;0.00442283;0.00125117;0.00644996;0.00106829;0.00585568;0.00030776;0.00606652;0.000221038;0.00596372;2.47178e-05;0.00595903;1.28956e-05
492000;0.00441384;0.00124862;0.00652881;0.0010737;0.00585609;0.000307464;0.00606887;0.00022083;0.0059638;2.46935e-05;0.00595928;1.28828e-05
493000;0.00440489;0.00124609;0.00651556;0.00107152;0.0058647;0.000307371;0.00607112;0.00022064;0.00596393;2.46694e-05;0.00595898;1.28696e-05
494000;0.00439597;0.00124357;0.00650237;0.00106935;0.00585441;0.000306766;0.00607208;0.000220451;0.0059642;2.46447e-05;0.00595913;1.28575e-05
495000;0.00438709;0.00124106;0.00648924;0.00106719;0.00586289;0.000306593;0.00606852;0.000220157;0.0059645;2.46222e-05;0.00595923;1.28446e-05
496000;0.00437825;0.00123855;0.00652176;0.00106879;0.00586409;0.000306339;0.0060675;0.000219908;0.00596502;2.45978e-05;0.00595905;1.28313e-05
497000;0.00436944;0.00123606;0.00650864;0.00106664;0.00587011;0.000306134;0.00607163;0.00021971;0.00596491;2.45719e-05;0.00595902;1.28185e-05
498000;0.00436066;0.00123358;0.00649557;0.00106449;0.00586494;0.000305673;0.00606976;0.000219463;0.00596475;2.45472e-05;0.00595914;1.2805e-05
499000;0.00435192;0.00123111;0.00648255;0.00106236;0.00586141;0.000305235;0.0060651;0.000219127;0.00596522;2.45247e-05;0.00595935;1.27925e-05
500000;0.00434322;0.00122865;0.00651483;0.00106394;0.00586556;0.000305071;0.0060604;0.000218814;0.00596647;2.4504e-05;0.00595921;1.27801e-05
501000;0.00433455;0.00122619;0.00650183;0.00106181;0.00587291;0.00030489;0.00605951;0.000218599;0.00596623;2.44796e-05;0.00595948;1.27676e-05
502000;0.00432592;0.00122375;0.00648887;0.0010597;0.00588516;0.000305005;0.00605716;0.000218342;0.00596671;2.44576e-05;0.00595978;1.2755e-05
503000;0.00431732;0.00122132;0.00647597;0.00105759;0.00587842;0.000304554;0.00605242;0.000218031;0.00596601;2.44314e-05;0.00595984;1.27417e-05
504000;0.00430875;0.0012189;0.00646312;0.00105549;0.00588366;0.000304355;0.00604734;0.00021774;0.00596628;2.44068e-05;0.00595949;1.27284e-05
505000;0.00430022;0.00121648;0.00645033;0.0010534;0.00587582;0.000303845;0.0060463;0.000217497;0.00596674;2.43841e-05;0.00595939;1.27163e-05
506000;0.00429172;0.00121408;0.00643758;0.00105132;0.00588096;0.00030371;0.00605211;0.000217383;0.00596596;2.43587e-05;0.00595965;1.27034e-05
507000;0.00428325;0.00121168;0.0064695;0.00105289;0.00589272;0.000303719;0.00604428;0.000217029;0.00596636;2.43356e-05;0.00595964;1.26905e-05
508000;0.00427482;0.0012093;0.00650129;0.00105443;0.0058908;0.000303418;0.00604839;0.000216856;0.00596673;2.43127e-05;0.00595976;1.26777e-05
509000;0.00426642;0.00120692;0.00653296;0.00105595;0.00589492;0.000303233;0.00604348;0.000216546;0.00596646;2.42882e-05;0.00596019;1.26661e-05
510000;0.00425806;0.00120456;0.00652015;0.00105388;0.00588767;0.000302756;0.00604348;0.000216332;0.00596526;2.42618e-05;0.00596011;1.26546e-05
511000;0.00424973;0.0012022;0.00650739;0.00105182;0.00588116;0.000302245;0.00603544;0.000215971;0.00596465;2.42363e-05;0.00596022;1.26419e-05
512000;0.00432979;0.00121228;0.00649468;0.00104977;0.00588193;0.000301973;0.00603322;0.000215723;0.00596437;2.42121e-05;0.00595999;1.26291e-05
513000;0.00440954;0.0012222;0.00652612;0.00105128;0.00588472;0.000301724;0.00604233;0.000215665;0.00596445;2.41887e-05;0.00595973;1.26179e-05
514000;0.00440096;0.00121983;0.00651342;0.00104923;0.00590062;0.000301842;0.00604211;0.000215436;0.005965;2.41662e-05;0.0059598;1.26057e-05
515000;0.00439241;0.00121746;0.00650077;0.0010472;0.00590149;0.000301502;0.00604081;0.000215215;0.00596508;2.41435e-05;0.00595986;1.25943e-05
516000;0.0043839;0.0012151;0.00648818;0.00104517;0.00590085;0.000301183;0.0060354;0.000214892;0.00596514;2.41196e-05;0.00595949;1.25816e-05
517000;0.00437542;0.00121275;0.00651938;0.00104666;0.00590161;0.000300915;0.00603117;0.00021461;0.00596526;2.40975e-05;0.00595951;1.25693e-05
518000;0.00436698;0.00121041;0.00655046;0.00104814;0.00591496;0.000301019;0.0060279;0.00021433;0.00596504;2.40716e-05;0.00595915;1.25572e-05
519000;0.00435856;0.00120807;0.00653784;0.00104612;0.00590357;0.00030044;0.00602282;0.000214044;0.00596485;2.40486e-05;0.00595946;1.25461e-05
520000;0.00435018;0.00120575;0.00652527;0.00104411;0.00590187;0.000300061;0.0060316;0.000214024;0.00596467;2.40236e-05;0.00595925;1.25336e-05
521000;0.00434183;0.00120344;0.00655616;0.00104557;0.00590193;0.000299706;0.00603727;0.00021392;0.00596411;2.39985e-05;0.00595958;1.25219e-05
522000;0.00433351;0.00120113;0.0065436;0.00104357;0.00589731;0.000299276;0.00604054;0.000213765;0.00596329;2.39735e-05;0.00595967;1.25104e-05
523000;0.00432523;0.00119884;0.00653109;0.00104158;0.0059095;0.000299259;0.00603744;0.000213491;0.00596387;2.39512e-05;0.00595963;1.24972e-05
524000;0.00431697;0.00119655;0.00651863;0.00103959;0.00590777;0.000298935;0.00603722;0.000213283;0.00596355;2.39292e-05;0.00595953;1.24848e-05
525000;0.00430875;0.00119427;0.0065493;0.00104104;0.00590519;0.000298562;0.00603945;0.000213093;0.00596332;2.39058e-05;0.0059594;1.24734e-05
526000;0.00438657;0.00120386;0.00653685;0.00103906;0.00591528;0.000298488;0.00603858;0.00021287;0.00596348;2.38832e-05;0.00595916;1.24609e-05
527000;0.00437825;0.00120157;0.00652444;0.00103709;0.00591529;0.000298214;0.00603261;0.000212561;0.00596294;2.38598e-05;0.00595909;1.24483e-05
528000;0.00436995;0.0011993;0.00651209;0.00103512;0.00592061;0.000298097;0.00603617;0.000212403;0.00596269;2.38373e-05;0.00595914;1.24359e-05
529000;0.00436169;0.00119703;0.00649978;0.00103317;0.00591567;0.000297694;0.00603474;0.000212158;0.00596245;2.38142e-05;0.00595896;1.24232e-05
530000;0.00435346;0.00119477;0.00653019;0.0010346;0.00593858;0.000297996;0.00603269;0.00021192;0.00596219;2.37927e-05;0.00595876;1.2412e-05
531000;0.00434526;0.00119252;0.0065179;0.00103266;0.00593186;0.000297563;0.00602654;0.000211606;0.0059619;2.37686e-05;0.00595909;1.2401e-05
532000;0.0043371;0.00119028;0.00654817;0.00103408;0.00593656;0.000297417;0.00602229;0.000211308;0.00596243;2.37494e-05;0.00595868;1.23884e-05
533000;0.00432896;0.00118805;0.00653588;0.00103214;0.00593852;0.000297164;0.00602458;0.000211154;0.00596233;2.37268e-05;0.00595848;1.23765e-05
534000;0.00432085;0.00118582;0.00652364;0.0010302;0.00593696;0.000296845;0.00602832;0.000211022;0.00596223;2.37026e-05;0.00595862;1.23651e-05
535000;0.00431278;0.00118361;0.00651145;0.00102828;0.00593914;0.00029667;0.00601905;0.000210665;0.0059628;2.36818e-05;0.00595894;1.23544e-05
536000;0.00430473;0.0011814;0.0064993;0.00102636;0.0059481;0.000296641;0.00602741;0.000210578;0.00596251;2.36588e-05;0.00595914;1.2343e-05
537000;0.00429671;0.0011792;0.0064872;0.00102445;0.00594513;0.000296253;0.00603163;0.000210432;0.00596354;2.36383e-05;0.00595892;1.23316e-05
538000;0.00428873;0.00117701;0.00647514;0.00102255;0.00595534;0.000296237;0.00603535;0.000210278;0.00596371;2.36168e-05;0.00595906;1.23196e-05
539000;0.00428077;0.00117482;0.00646312;0.00102065;0.00595185;0.000295876;0.00603623;0.000210113;0.00596264;2.35938e-05;0.00595934;1.23087e-05
540000;0.00427284;0.00117265;0.00649305;0.00102206;0.00596786;0.000295955;0.00604154;0.000210011;0.00596292;2.35726e-05;0.00595944;1.22969e-05
541000;0.00426495;0.00117048;0.00648104;0.00102017;0.00596839;0.000295704;0.00604029;0.000209776;0.00596354;2.35542e-05;0.00595904;1.22847e-05
542000;0.00425708;0.00116832;0.00646909;0.00101829;0.00597195;0.000295509;0.00603726;0.00020954;0.00596392;2.35333e-05;0.00595885;1.22726e-05
543000;0.00433255;0.00117755;0.00649883;0.00101969;0.00598383;0.000295558;0.00603274;0.000209287;0.00596475;2.35143e-05;0.00595901;1.22624e-05
544000;0.00432459;0.00117538;0.00652847;0.00102107;0.00598324;0.000295262;0.00603393;0.000209111;0.00596566;2.34944e-05;0.00595915;1.22513e-05
545000;0.00439967;0.00118445;0.00651649;0.0010192;0.00597866;0.000294868;0.00603637;0.000208973;0.00596535;2.34733e-05;0.00595869;1.22388e-05
546000;0.00439161;0.00118228;0.00650455;0.00101733;0.00597354;0.000294448;0.00603882;0.000208834;0.00596476;2.34507e-05;0.00595866;1.22272e-05
547000;0.00438358;0.00118012;0.00649266;0.00101547;0.0059752;0.000294211;0.00603898;0.000208623;0.00596517;2.34315e-05;0.0059585;1.22161e-05
548000;0.00437558;0.00117797;0.00648082;0.00101362;0.00596866;0.000293799;0.00603704;0.000208403;0.00596611;2.3412e-05;0.00595908;1.22045e-05
549000;0.00436761;0.00117582;0.00646901;0.00101177;0.00596798;0.000293494;0.00603247;0.000208151;0.00596661;2.33905e-05;0.00595875;1.21935e-05
550000;0.00435967;0.00117368;0.00645725;0.00100993;0.00596758;0.000293232;0.00603187;0.000207948;0.00596627;2.33679e-05;0.00595805;1.21814e-05
551000;0.00435176;0.00117155;0.00644553;0.0010081;0.00598135;0.000293363;0.00603735;0.00020786;0.00596709;2.33486e-05;0.0059575;1.21699e-05
552000;0.00442584;0.00118041;0.00643385;0.00100627;0.00597878;0.000293057;0.00604422;0.000207771;0.00596799;2.33299e-05;0.00595773;1.21588e-05
553000;0.00441783;0.00117828;0.00646312;0.00100765;0.00598841;0.000293;0.00604347;0.000207556;0.00596747;2.33081e-05;0.00595805;1.21486e-05
554000;0.00440986;0.00117615;0.00645146;0.00100583;0.00599084;0.000292771;0.00604345;0.000207357;0.00596758;2.32891e-05;0.00595846;1.21384e-05
555000;0.00440191;0.00117403;0.00643983;0.00100402;0.00599319;0.000292557;0.0060436;0.000207179;0.00596695;2.32669e-05;0.00595828;1.21268e-05
556000;0.00439399;0.00117192;0.00642825;0.00100221;0.00599836;0.00029245;0.00604575;0.000207034;0.00596645;2.32445e-05;0.00595839;1.21157e-05
557000;0.00438611;0.00116982;0.00641671;0.00100041;0.00599571;0.000292094;0.00604556;0.000206851;0.00596641;2.32245e-05;0.00595847;1.21049e-05
558000;0.00437825;0.00116772;0.00640521;0.000998619;0.00599731;0.000291906;0.00604218;0.000206594;0.00596692;2.32047e-05;0.00595861;1.20941e-05
559000;0.00437041;0.00116563;0.00639375;0.000996833;0.00599031;0.000291475;0.00603895;0.000206341;0.00596759;2.31836e-05;0.0059587;1.20833e-05
560000;0.00436261;0.00116355;0.00638234;0.000995053;0.00598613;0.000291095;0.00603617;0.000206097;0.00596711;2.31611e-05;0.00595872;1.20724e-05
561000;0.00435483;0.00116148;0.00641128;0.000996417;0.00599518;0.000291093;0.00603329;0.000205856;0.00596676;2.31391e-05;0.00595872;1.20619e-05
562000;0.00434708;0.00115941;0.00639987;0.000994644;0.00599616;0.000290876;0.00603243;0.000205653;0.00596711;2.31197e-05;0.00595925;1.20518e-05
563000;0.00441972;0.00116802;0.00638851;0.000992878;0.00600345;0.000290787;0.00603734;0.000205552;0.00596671;2.30984e-05;0.00595902;1.20405e-05
564000;0.00441188;0.00116595;0.00637718;0.000991118;0.00600654;0.000290616;0.00603234;0.000205258;0.00596644;2.30775e-05;0.00595892;1.20297e-05
565000;0.00440408;0.00116388;0.00636589;0.000989364;0.00599591;0.000290102;0.00604099;0.000205252;0.00596722;2.30605e-05;0.0059592;1.20189e-05
566000;0.00439629;0.00116183;0.00639461;0.000990716;0.00599752;0.000289918;0.00603703;0.000204997;0.00596783;2.30408e-05;0.00595914;1.20091e-05
567000;0.00438854;0.00115978;0.00638333;0.000988969;0.00599443;0.000289595;0.00605187;0.000205041;0.00596843;2.30218e-05;0.00595951;1.19991e-05
568000;0.00438081;0.00115773;0.00637209;0.000987228;0.00598709;0.000289154;0.00604801;0.000204792;0.00596841;2.30024e-05;0.00595971;1.19887e-05
569000;0.00437312;0.0011557;0.00640065;0.000988567;0.0059878;0.000288881;0.00605293;0.000204679;0.0059681;2.29797e-05;0.00595968;1.19782e-05
570000;0.00436544;0.00115367;0.00638942;0.000986833;0.00598536;0.000288591;0.00605042;0.00020445;0.00596778;2.29587e-05;0.00595986;1.1969e-05
571000;0.0043578;0.00115165;0.00641785;0.000988159;0.0059822;0.000288266;0.00605971;0.000204449;0.00596797;2.29393e-05;0.00595978;1.19594e-05
572000;0.00435018;0.00114964;0.00640663;0.000986432;0.00599198;0.000288231;0.00605956;0.000204266;0.0059682;2.292e-05;0.00595982;1.19493e-05
573000;0.00434259;0.00114763;0.00643493;0.000987744;0.00598921;0.000287925;0.00605743;0.000204054;0.0059687;2.2901e-05;0.00595999;1.19395e-05
574000;0.00433502;0.00114563;0.00642372;0.000986023;0.00598723;0.000287599;0.00605833;0.000203881;0.00596916;2.28823e-05;0.00595963;1.19289e-05
575000;0.00432748;0.00114364;0.00645188;0.000987323;0.0059867;0.000287347;0.00605283;0.0002036;0.00596989;2.28628e-05;0.00595995;1.19185e-05
576000;0.00431997;0.00114166;0.00644068;0.000985609;0.00598059;0.000286971;0.00604556;0.000203297;0.00596988;2.28432e-05;0.0059601;1.19089e-05
577000;0.00431248;0.00113968;0.00642952;0.000983901;0.00597326;0.000286536;0.00604681;0.000203121;0.00596986;2.28232e-05;0.00595991;1.18991e-05
578000;0.00430502;0.00113771;0.0064184;0.000982199;0.00597215;0.000286245;0.00604664;0.00020294;0.00596953;2.28014e-05;0.00596004;1.18899e-05
579000;0.00429759;0.00113574;0.00640731;0.000980503;0.0059674;0.000285859;0.00604523;0.000202732;0.00596879;2.27807e-05;0.00595967;1.18787e-05
580000;0.00429018;0.00113378;0.00639626;0.000978813;0.00596731;0.000285616;0.00603988;0.000202466;0.00596842;2.27604e-05;0.00595954;1.18682e-05
581000;0.00428279;0.00113183;0.00642419;0.000980102;0.00597537;0.000285531;0.0060385;0.00020226;0.00596834;2.27399e-05;0.00595973;1.1858e-05
582000;0.00427543;0.00112989;0.00645202;0.000981378;0.00597192;0.000285198;0.00603554;0.000202044;0.0059676;2.27194e-05;0.0059599;1.18479e-05
583000;0.0042681;0.00112795;0.00644095;0.000979694;0.00597464;0.000285002;0.00603303;0.000201811;0.00596758;2.27008e-05;0.00596;1.18372e-05
584000;0.00426079;0.00112602;0.00642992;0.000978017;0.00596809;0.000284606;0.00602774;0.000201528;0.00596755;2.26817e-05;0.0059603;1.18264e-05
585000;0.00433085;0.00113426;0.0064576;0.000979281;0.00596085;0.000284179;0.00602949;0.000201389;0.00596786;2.26613e-05;0.00596026;1.18162e-05
586000;0.00432346;0.00113233;0.00644658;0.00097761;0.00595965;0.000283892;0.00603208;0.000201261;0.00596701;2.26395e-05;0.00596045;1.18074e-05
587000;0.00431609;0.0011304;0.0064356;0.000975945;0.00595702;0.000283599;0.00604063;0.000201258;0.00596703;2.26189e-05;0.00596062;1.1797e-05
588000;0.00430875;0.00112848;0.00642465;0.000974285;0.00594847;0.000283135;0.00603719;0.000201041;0.00596713;2.26015e-05;0.00596105;1.17872e-05
589000;0.00430143;0.00112656;0.00641375;0.000972632;0.00594834;0.000282841;0.00604061;0.000200936;0.00596635;2.25809e-05;0.00596058;1.17763e-05
590000;0.00437082;0.00113465;0.00640287;0.000970983;0.00594648;0.000282591;0.00604331;0.00020081;0.00596581;2.25615e-05;0.00596049;1.17663e-05
591000;0.00436343;0.00113273;0.00639204;0.000969341;0.00594624;0.000282332;0.00604488;0.000200667;0.00596552;2.25418e-05;0.00596041;1.17565e-05
592000;0.00435606;0.00113082;0.00638124;0.000967703;0.00594055;0.000281939;0.00604834;0.000200558;0.00596535;2.25221e-05;0.00596011;1.17464e-05
593000;0.00434871;0.00112891;0.00637048;0.000966072;0.00593618;0.000281575;0.00604819;0.000200388;0.00596501;2.25025e-05;0.0059601;1.17365e-05
594000;0.00434139;0.00112701;0.00635976;0.000964446;0.0059301;0.000281205;0.00604578;0.00020015;0.00596584;2.24838e-05;0.00595999;1.17261e-05
595000;0.00441013;0.00113494;0.00634907;0.000962825;0.00592306;0.000280792;0.00605253;0.000200105;0.00596547;2.24638e-05;0.00595968;1.17156e-05
596000;0.00440273;0.00113304;0.00633842;0.00096121;0.00593362;0.000280828;0.00605527;0.000199976;0.00596505;2.24436e-05;0.00596007;1.17067e-05
597000;0.00439536;0.00113114;0.0063278;0.0009596;0.00593096;0.00028054;0.00605307;0.000199773;0.00596522;2.24249e-05;0.00596017;1.16978e-05
598000;0.00438801;0.00112925;0.00635505;0.000960859;0.00593048;0.000280297;0.00604653;0.000199501;0.00596526;2.24067e-05;0.00596004;1.16878e-05
599000;0.00438068;0.00112736;0.00634444;0.000959255;0.00592987;0.000280028;0.00604395;0.000199273;0.00596555;2.2389e-05;0.00596078;1.16788e-05
600000;0.00437338;0.00112548;0.00633386;0.000957656;0.00592911;0.000279766;0.00603879;0.00019902;0.00596585;2.23708e-05;0.00596083;1.16694e-05
601000;0.0043661;0.00112361;0.00636096;0.000958903;0.00592312;0.000279404;0.0060378;0.000198836;0.00596661;2.23539e-05;0.0059607;1.16595e-05
602000;0.00435885;0.00112174;0.00638797;0.000960138;0.00592769;0.000279279;0.0060412;0.000198726;0.00596726;2.23371e-05;0.00596086;1.16505e-05
603000;0.00435162;0.00111988;0.00637738;0.000958546;0.00592848;0.00027908;0.00603737;0.000198492;0.00596723;2.23182e-05;0.00596056;1.16407e-05
604000;0.00441932;0.00112763;0.00636682;0.000956959;0.00592899;0.000278863;0.00603594;0.00019829;0.00596745;2.22999e-05;0.00596077;1.16318e-05
605000;0.00441202;0.00112576;0.0063563;0.000955378;0.00592601;0.000278533;0.00604125;0.000198205;0.0059675;2.22823e-05;0.00596056;1.1622e-05
606000;0.00440474;0.0011239;0.00634581;0.000953801;0.00592282;0.000278228;0.00604145;0.000198047;0.00596792;2.22637e-05;0.00596012;1.16116e-05
607000;0.00439748;0.00112205;0.00637262;0.000955026;0.00592128;0.000277933;0.00604084;0.00019789;0.00596882;2.22469e-05;0.00596034;1.16027e-05
608000;0.00439025;0.00112021;0.00639934;0.000956238;0.00591747;0.000277601;0.00603846;0.000197679;0.0059689;2.22282e-05;0.00595975;1.1593e-05
609000;0.00438304;0.00111837;0.00638884;0.000954668;0.00592076;0.000277449;0.0060338;0.000197428;0.00596876;2.22098e-05;0.00595956;1.15832e-05
610000;0.00445002;0.00112596;0.00637836;0.000953104;0.00591105;0.000276995;0.00602652;0.000197139;0.00596987;2.21946e-05;0.00595934;1.1573e-05
611000;0.00451678;0.00113344;0.00636792;0.000951544;0.00590537;0.000276652;0.00602049;0.000196889;0.00597014;2.21777e-05;0.00595967;1.15641e-05
612000;0.0045094;0.00113159;0.00635752;0.000949989;0.00590294;0.000276382;0.00601775;0.000196691;0.00597007;2.21589e-05;0.00595971;1.15544e-05
613000;0.00450205;0.00112974;0.00634715;0.00094844;0.00591018;0.000276339;0.00601984;0.000196557;0.00596971;2.21404e-05;0.00595971;1.15451e-05
614000;0.00449471;0.0011279;0.00633681;0.000946895;0.00590952;0.000276088;0.0060194;0.000196383;0.00596997;2.21238e-05;0.00595957;1.15355e-05
615000;0.00448741;0.00112607;0.00632651;0.000945356;0.00592324;0.000276193;0.00602016;0.000196232;0.0059704;2.21061e-05;0.00595948;1.15258e-05
616000;0.00448012;0.00112424;0.00631624;0.000943821;0.00592911;0.000276092;0.00602314;0.000196118;0.00597014;2.20875e-05;0.00595957;1.15162e-05
617000;0.00447286;0.00112242;0.006306;0.000942292;0.00592583;0.000275786;0.00601827;0.00019588;0.00597015;2.20694e-05;0.00595961;1.1507e-05
618000;0.00453883;0.00112975;0.00629579;0.000940767;0.00593163;0.000275693;0.00602457;0.000195826;0.00596966;2.20492e-05;0.00595944;1.14975e-05
619000;0.00460458;0.00113698;0.00632217;0.000941974;0.00592543;0.000275327;0.00602295;0.000195641;0.0059696;2.20307e-05;0.00595913;1.14877e-05
620000;0.0047431;0.00115303;0.00631197;0.000940454;0.00593103;0.000275216;0.00602188;0.00019546;0.0059695;2.20127e-05;0.00595991;1.14803e-05
621000;0.00473546;0.00115117;0.00630181;0.00093894;0.00592148;0.000274773;0.00602267;0.000195291;0.00597009;2.19969e-05;0.00596028;1.14711e-05
622000;0.00472785;0.00114932;0.00629167;0.000937431;0.00591841;0.000274437;0.0060232;0.000195129;0.00597008;2.19806e-05;0.00596017;1.14612e-05
623000;0.00472026;0.00114747;0.00628158;0.000935926;0.00590891;0.000273998;0.00601882;0.000194894;0.00596985;2.19619e-05;0.00596047;1.14525e-05
624000;0.00471269;0.00114564;0.00627151;0.000934427;0.00590984;0.000273812;0.0060208;0.000194761;0.00597063;2.19469e-05;0.00596075;1.14439e-05
625000;0.00470515;0.0011438;0.00626147;0.000932932;0.00590697;0.000273526;0.00602684;0.000194724;0.00597005;2.19297e-05;0.00596085;1.14345e-05
626000;0.00469764;0.00114198;0.00625147;0.000931442;0.00590134;0.000273192;0.00602366;0.00019452;0.00597056;2.19132e-05;0.00596062;1.14246e-05
627000;0.00469015;0.00114015;0.0062415;0.000929956;0.00589887;0.000272927;0.00602191;0.000194336;0.0059706;2.18968e-05;0.00596058;1.14156e-05
628000;0.00468268;0.00113834;0.00623156;0.000928476;0.00589336;0.000272599;0.0060245;0.000194223;0.0059706;2.1879e-05;0.00596045;1.14064e-05
629000;0.00467523;0.00113653;0.00622166;0.000927;0.00589029;0.000272306;0.00602608;0.000194099;0.00597104;2.18612e-05;0.0059605;1.13962e-05
630000;0.00466781;0.00113473;0.00621178;0.000925529;0.00589339;0.000272147;0.00602916;0.000193974;0.00597121;2.18437e-05;0.00596045;1.13869e-05
631000;0.00466041;0.00113293;0.00620194;0.000924062;0.00589054;0.00027182;0.00603008;0.000193831;0.00597126;2.18275e-05;0.00596033;1.13777e-05
632000;0.00465304;0.00113113;0.00619212;0.0009226;0.00589839;0.000271822;0.00603413;0.000193729;0.00597122;2.18095e-05;0.00596042;1.13686e-05
633000;0.00464569;0.00112935;0.00625381;0.000926451;0.00590378;0.000271705;0.00603601;0.000193597;0.00597119;2.17914e-05;0.00596025;1.13591e-05
634000;0.00463836;0.00112757;0.00631531;0.000930259;0.00590604;0.000271531;0.0060347;0.000193431;0.00597053;2.17733e-05;0.00595988;1.13497e-05
635000;0.0047023;0.00113442;0.00630536;0.000928794;0.00591282;0.000271454;0.00603799;0.00019336;0.0059695;2.17539e-05;0.00595975;1.1341e-05
636000;0.00469491;0.00113263;0.00629545;0.000927334;0.00590725;0.000271125;0.00604133;0.00019327;0.00596919;2.17352e-05;0.0059597;1.1332e-05
637000;0.00468754;0.00113086;0.00628557;0.000925878;0.00589947;0.000270716;0.00604579;0.00019319;0.00596928;2.17186e-05;0.00595975;1.13231e-05
638000;0.00468019;0.00112908;0.00627571;0.000924427;0.00589922;0.000270492;0.0060377;0.000192907;0.00596965;2.17018e-05;0.00595965;1.13142e-05
639000;0.00467287;0.00112732;0.00626589;0.000922981;0.0059108;0.000270585;0.00604063;0.000192824;0.00596995;2.16848e-05;0.00595979;1.13058e-05
640000;0.00466557;0.00112555;0.0062561;0.000921539;0.00590764;0.000270296;0.00604108;0.000192691;0.00596955;2.16663e-05;0.00595952;1.12968e-05
641000;0.00465829;0.0011238;0.00628163;0.000922696;0.00590689;0.000270053;0.0060419;0.000192545;0.0059698;2.16495e-05;0.00595966;1.12885e-05
642000;0.00465103;0.00112205;0.00627185;0.000921259;0.00591234;0.000270015;0.00604192;0.000192399;0.00596987;2.16325e-05;0.00595951;1.12796e-05
643000;0.00471416;0.00112876;0.00629727;0.000922406;0.0059121;0.000269793;0.00603955;0.00019221;0.00596912;2.16138e-05;0.0059596;1.12708e-05
644000;0.00470684;0.00112701;0.0062875;0.000920974;0.00591473;0.000269628;0.00603635;0.000192012;0.00596799;2.1594e-05;0.00595943;1.12617e-05
645000;0.00469954;0.00112526;0.00627775;0.000919546;0.00590683;0.000269223;0.00603508;0.000191847;0.00596766;2.15758e-05;0.00595916;1.12531e-05
646000;0.00469227;0.00112352;0.00626803;0.000918123;0.00591084;0.000269121;0.00603476;0.000191673;0.00596813;2.15601e-05;0.00595936;1.12446e-05
647000;0.00468502;0.00112178;0.00625834;0.000916704;0.00590602;0.000268775;0.00603062;0.000191449;0.00596846;2.1544e-05;0.00595932;1.12357e-05
648000;0.00467779;0.00112005;0.00624868;0.00091529;0.00590351;0.000268517;0.00603365;0.000191348;0.00596845;2.15272e-05;0.00595937;1.12273e-05
649000;0.00467058;0.00111832;0.00623906;0.000913879;0.00590766;0.000268426;0.00602536;0.000191064;0.00596863;2.15117e-05;0.00595953;1.1218e-05
650000;0.00466339;0.0011166;0.00626426;0.000915018;0.00590474;0.00026815;0.00603213;0.000191017;0.00596983;2.1497e-05;0.00595953;1.12094e-05
651000;0.00465623;0.00111489;0.00625464;0.000913613;0.00589885;0.000267811;0.00602793;0.00019081;0.00596953;2.14797e-05;0.00595917;1.12006e-05
652000;0.00464909;0.00111318;0.00627974;0.000914741;0.00589223;0.000267443;0.00603626;0.000190795;0.00596926;2.14622e-05;0.00595855;1.1191e-05
653000;0.00464197;0.00111147;0.00630476;0.00091586;0.00589132;0.000267192;0.00603637;0.000190656;0.00596948;2.14465e-05;0.00595821;1.1182e-05
654000;0.00470405;0.00111802;0.00629512;0.000914459;0.00588363;0.000266796;0.00603749;0.000190527;0.00596958;2.14308e-05;0.00595794;1.11736e-05
655000;0.00469687;0.00111632;0.00628551;0.000913064;0.00588454;0.000266572;0.00603385;0.000190323;0.00596891;2.14138e-05;0.00595824;1.11653e-05
656000;0.00468971;0.00111462;0.00627593;0.000911672;0.00588212;0.000266325;0.0060321;0.000190132;0.00596866;2.13971e-05;0.00595839;1.1157e-05
657000;0.00468257;0.00111292;0.00630081;0.000912781;0.00587903;0.000266047;0.00602854;0.000189926;0.0059691;2.13824e-05;0.00595832;1.11488e-05
658000;0.00474421;0.00111937;0.00629123;0.000911394;0.00587389;0.000265747;0.00603443;0.000189876;0.00596911;2.13662e-05;0.00595839;1.11403e-05
659000;0.00473701;0.00111767;0.00631601;0.000912494;0.0058764;0.00026559;0.006035;0.000189737;0.00596924;2.13502e-05;0.00595839;1.11319e-05
660000;0.00472983;0.00111598;0.00630644;0.000911111;0.00588035;0.000265436;0.00603267;0.000189568;0.00597015;2.13351e-05;0.00595846;1.11239e-05
661000;0.00472268;0.00111429;0.0062969;0.000909733;0.00588136;0.000265277;0.00603379;0.000189459;0.00596952;2.13182e-05;0.00595837;1.11151e-05
662000;0.00471554;0.0011126;0.00628739;0.000908359;0.00587607;0.000264931;0.00603004;0.000189251;0.00596957;2.13025e-05;0.00595826;1.11066e-05
663000;0.00477667;0.00111895;0.00631203;0.00090945;0.0058705;0.000264611;0.00603065;0.000189134;0.00596901;2.12851e-05;0.00595828;1.10985e-05
664000;0.00476947;0.00111726;0.00630252;0.00090808;0.00587882;0.000264598;0.00603721;0.000189086;0.00596887;2.12685e-05;0.00595789;1.10909e-05
665000;0.0047623;0.00111558;0.00629304;0.000906715;0.00587955;0.000264425;0.0060433;0.000189027;0.00596826;2.12519e-05;0.00595797;1.10826e-05
666000;0.00475515;0.00111391;0.00628359;0.000905354;0.00587819;0.00026423;0.00604137;0.00018885;0.00596777;2.12346e-05;0.00595797;1.10744e-05
667000;0.00481585;0.00112015;0.00630809;0.000906436;0.00587753;0.000264006;0.00603513;0.00018861;0.00596728;2.12172e-05;0.00595796;1.10662e-05
668000;0.00480864;0.00111848;0.00629864;0.000905079;0.00587171;0.000263675;0.00603809;0.00018848;0.00596731;2.12018e-05;0.00595803;1.10575e-05
669000;0.00480145;0.0011168;0.00628923;0.000903726;0.00586876;0.000263411;0.00604412;0.000188438;0.00596736;2.11861e-05;0.0059581;1.10492e-05
670000;0.00479429;0.00111514;0.00627984;0.000902378;0.0058668;0.000263188;0.00604322;0.000188279;0.00596802;2.11714e-05;0.00595831;1.10415e-05
671000;0.00478714;0.00111348;0.00633791;0.000905863;0.00587046;0.000263093;0.00603953;0.000188078;0.00596873;2.11573e-05;0.00595808;1.10329e-05
672000;0.00478002;0.00111182;0.00636214;0.000906917;0.00586755;0.000262826;0.00603909;0.000187921;0.00596915;2.1143e-05;0.00595851;1.10257e-05
673000;0.00477292;0.00111017;0.00635268;0.00090557;0.00586211;0.000262514;0.00603806;0.000187775;0.00596937;2.11278e-05;0.00595845;1.10176e-05
674000;0.00476584;0.00110852;0.00637682;0.000906614;0.00585341;0.000262125;0.00603486;0.000187586;0.0059693;2.11117e-05;0.00595866;1.10099e-05
675000;0.00475877;0.00110688;0.00636737;0.000905272;0.00585407;0.00026196;0.00604131;0.000187559;0.00596873;2.10945e-05;0.00595864;1.1001e-05
676000;0.00475173;0.00110524;0.00635796;0.000903933;0.00584863;0.000261649;0.00603707;0.000187349;0.0059684;2.10785e-05;0.00595839;1.0993e-05
677000;0.00474472;0.00110361;0.00634856;0.000902598;0.00584963;0.0002615;0.00603404;0.000187161;0.00596856;2.10625e-05;0.00595813;1.09846e-05
678000;0.00473772;0.00110198;0.0063392;0.000901266;0.00584993;0.000261315;0.00603194;0.000186967;0.0059683;2.10471e-05;0.00595783;1.09757e-05
679000;0.00473074;0.00110036;0.00636318;0.000902304;0.00585362;0.000261213;0.00604066;0.000186985;0.00596851;2.10313e-05;0.00595787;1.09683e-05
680000;0.00472378;0.00109874;0.00635382;0.000900977;0.00584988;0.000260933;0.00603856;0.000186809;0.00596823;2.1014e-05;0.00595783;1.09601e-05
681000;0.00471685;0.00109713;0.00637771;0.000902006;0.00585104;0.000260766;0.006037;0.000186638;0.00596814;2.09988e-05;0.00595769;1.09513e-05
682000;0.00477627;0.0011032;0.00636836;0.000900683;0.00584963;0.000260573;0.00603047;0.000186398;0.00596801;2.09831e-05;0.00595787;1.09437e-05
683000;0.00476927;0.00110159;0.00635903;0.000899365;0.00585012;0.000260393;0.00602664;0.000186195;0.00596786;2.09676e-05;0.00595779;1.09357e-05
684000;0.0047623;0.00109998;0.00638281;0.000900385;0.00584565;0.000260102;0.00602902;0.000186091;0.00596832;2.09532e-05;0.00595835;1.09277e-05
685000;0.00475535;0.00109837;0.00637349;0.000899071;0.00583712;0.000259723;0.00602787;0.000185929;0.00596839;2.09375e-05;0.00595817;1.09198e-05
686000;0.00474842;0.00109677;0.0063642;0.00089776;0.00584238;0.000259695;0.00602928;0.000185815;0.00596856;2.09222e-05;0.00595855;1.09129e-05
687000;0.00474151;0.00109518;0.00638786;0.000898772;0.00585163;0.000259736;0.00602481;0.000185594;0.00596852;2.09065e-05;0.00595858;1.09051e-05
688000;0.00473461;0.00109358;0.00637858;0.000897466;0.00584313;0.000259359;0.00601984;0.000185377;0.00596894;2.08919e-05;0.0059584;1.08971e-05
689000;0.00472774;0.001092;0.00636932;0.000896164;0.0058491;0.000259306;0.00601905;0.000185222;0.00596849;2.08759e-05;0.00595854;1.08896e-05
690000;0.00472089;0.00109041;0.00636009;0.000894865;0.00584164;0.000258939;0.00601857;0.000185095;0.0059682;2.08598e-05;0.00595848;1.08818e-05
691000;0.00471406;0.00108884;0.00635088;0.00089357;0.00584851;0.00025893;0.00601899;0.000184976;0.00596746;2.08432e-05;0.00595841;1.0874e-05
692000;0.00470725;0.00108726;0.00634171;0.000892279;0.00584876;0.00025875;0.00601603;0.000184799;0.00596693;2.08279e-05;0.00595828;1.08655e-05
693000;0.00470045;0.00108569;0.00633256;0.000890992;0.00584956;0.000258592;0.00601469;0.000184652;0.00596661;2.08115e-05;0.00595859;1.08578e-05
694000;0.00469368;0.00108413;0.00632343;0.000889708;0.00584597;0.000258307;0.00601087;0.000184467;0.00596646;2.07966e-05;0.0059585;1.08504e-05
695000;0.00468693;0.00108257;0.00631433;0.000888428;0.0058451;0.00025808;0.00600862;0.000184312;0.00596656;2.07813e-05;0.00595834;1.08429e-05
696000;0.00468019;0.00108101;0.00637026;0.000891712;0.00584564;0.000257914;0.00601322;0.000184256;0.00596706;2.07673e-05;0.00595866;1.0836e-05
697000;0.00467348;0.00107946;0.00636112;0.000890433;0.00584977;0.000257836;0.00601343;0.000184114;0.00596689;2.07519e-05;0.0059586;1.08286e-05
698000;0.00466678;0.00107792;0.00635201;0.000889157;0.00585371;0.000257707;0.00600749;0.000183888;0.0059668;2.07361e-05;0.00595886;1.08215e-05
699000;0.00466011;0.00107638;0.00637529;0.000890147;0.00585188;0.00025746;0.00600184;0.000183658;0.00596716;2.07222e-05;0.00595916;1.0814e-05
700000;0.00465345;0.00107484;0.00636618;0.000888875;0.00585793;0.000257412;0.00600473;0.000183573;0.00596715;2.07075e-05;0.00595912;1.0806e-05
701000;0.00464681;0.0010733;0.0063571;0.000887608;0.00585303;0.000257134;0.00600177;0.000183397;0.00596668;2.0691e-05;0.00595901;1.0798e-05
702000;0.00464019;0.00107178;0.00634804;0.000886343;0.00585302;0.000256942;0.00600676;0.000183358;0.00596677;2.06765e-05;0.00595903;1.07908e-05
703000;0.00463359;0.00107025;0.00633901;0.000885083;0.00584707;0.000256619;0.00600589;0.000183221;0.00596711;2.06617e-05;0.00595925;1.07832e-05
704000;0.00462701;0.00106873;0.00636214;0.000886065;0.00585279;0.000256554;0.00600514;0.000183091;0.00596682;2.06472e-05;0.00595873;1.0775e-05
705000;0.00462045;0.00106721;0.00635311;0.000884809;0.00585162;0.000256325;0.00599826;0.00018286;0.00596694;2.06322e-05;0.00595892;1.07677e-05
706000;0.0046139;0.0010657;0.00634412;0.000883556;0.00585098;0.000256144;0.00599953;0.000182769;0.00596725;2.06186e-05;0.00595886;1.07601e-05
707000;0.00460738;0.0010642;0.00633514;0.000882306;0.00584598;0.000255862;0.00600087;0.000182661;0.00596714;2.06022e-05;0.00595876;1.07523e-05
708000;0.00466477;0.00107005;0.00632619;0.00088106;0.00584067;0.000255566;0.00600268;0.000182549;0.00596733;2.05878e-05;0.00595888;1.07443e-05
709000;0.00465819;0.00106854;0.00631727;0.000879818;0.00583243;0.000255206;0.00600498;0.000182455;0.00596719;2.05732e-05;0.0059593;1.0737e-05
710000;0.00465163;0.00106703;0.00630837;0.000878579;0.0058346;0.000255055;0.00600087;0.000182265;0.00596677;2.05576e-05;0.00595912;1.07293e-05
711000;0.00470872;0.0010728;0.00636313;0.000881762;0.00582873;0.000254738;0.00599717;0.000182072;0.00596713;2.05432e-05;0.00595952;1.07226e-05
712000;0.00476565;0.00107851;0.0063542;0.000880523;0.0058295;0.000254593;0.00600306;0.000182057;0.00596708;2.05284e-05;0.00595975;1.07152e-05
713000;0.00475896;0.001077;0.00634528;0.000879289;0.00582687;0.000254357;0.00600473;0.000181957;0.00596713;2.05132e-05;0.00595995;1.07076e-05
714000;0.0047523;0.00107549;0.0063364;0.000878057;0.00582944;0.000254243;0.00600205;0.000181792;0.00596706;2.04983e-05;0.00595992;1.06998e-05
715000;0.00474565;0.00107399;0.00635917;0.000879018;0.00583661;0.000254197;0.00600774;0.000181757;0.00596706;2.04836e-05;0.00596019;1.06929e-05
716000;0.00473902;0.00107249;0.00638188;0.000879971;0.00584063;0.000254122;0.00600563;0.000181592;0.00596751;2.047e-05;0.00595999;1.06858e-05
717000;0.00473241;0.00107099;0.00637298;0.000878744;0.00583559;0.00025384;0.00600949;0.000181539;0.00596774;2.04563e-05;0.00595983;1.06776e-05
718000;0.00472582;0.0010695;0.00636411;0.00087752;0.00583383;0.000253641;0.00600864;0.00018141;0.00596824;2.04429e-05;0.00595974;1.06695e-05
719000;0.00471925;0.00106801;0.00635526;0.0008763;0.00583229;0.000253403;0.00600476;0.000181229;0.00596836;2.043e-05;0.0059598;1.06618e-05
720000;0.00471269;0.00106653;0.00634643;0.000875083;0.00582525;0.00025306;0.00600643;0.000181115;0.00596875;2.04168e-05;0.00596013;1.06543e-05
721000;0.00470616;0.00106505;0.00633763;0.000873869;0.0058204;0.000252789;0.00600841;0.000181004;0.00596955;2.04048e-05;0.00596006;1.06469e-05
722000;0.00469964;0.00106357;0.00632885;0.000872659;0.0058211;0.000252602;0.00600696;0.000180853;0.00596927;2.03893e-05;0.00596074;1.064e-05
723000;0.00469314;0.0010621;0.00635138;0.000873606;0.0058207;0.000252403;0.0060083;0.000180758;0.00596924;2.03757e-05;0.00596048;1.06323e-05
724000;0.00468666;0.00106064;0.00634261;0.0008724;0.00582569;0.000252378;0.00601018;0.000180669;0.00596956;2.03621e-05;0.00596052;1.06252e-05
725000;0.00468019;0.00105917;0.00633386;0.000871197;0.00583909;0.000252476;0.00600836;0.000180509;0.00596924;2.03482e-05;0.00596021;1.06172e-05
726000;0.00467375;0.00105771;0.0063563;0.000872136;0.00584331;0.000252423;0.00600669;0.000180361;0.00596976;2.03352e-05;0.00595989;1.06101e-05
727000;0.00472955;0.00106328;0.00634755;0.000870937;0.00584547;0.000252285;0.00601029;0.000180293;0.00596982;2.03213e-05;0.00596011;1.06035e-05
728000;0.00472305;0.00106182;0.00633883;0.000869741;0.00585126;0.000252197;0.00600758;0.000180114;0.00596945;2.03076e-05;0.00596;1.05957e-05
729000;0.00471657;0.00106036;0.00633014;0.000868548;0.0058488;0.00025197;0.0060076;0.000179989;0.00596954;2.02938e-05;0.00596003;1.05883e-05
730000;0.00471011;0.00105891;0.00632147;0.000867358;0.00584568;0.000251719;0.0060041;0.000179811;0.00596984;2.02801e-05;0.00595993;1.0581e-05
731000;0.00470367;0.00105746;0.00631282;0.000866172;0.00584712;0.000251604;0.00599794;0.000179589;0.00597004;2.02673e-05;0.0059598;1.05735e-05
732000;0.00469724;0.00105602;0.0063351;0.000867106;0.00584682;0.000251412;0.0059983;0.000179477;0.00597015;2.02535e-05;0.00595975;1.05664e-05
733000;0.00469084;0.00105457;0.00632646;0.000865923;0.00584207;0.000251149;0.00599707;0.000179338;0.00596966;2.02388e-05;0.00595996;1.05591e-05
734000;0.00468444;0.00105314;0.00631784;0.000864743;0.00583411;0.000250807;0.00599214;0.00017915;0.00596932;2.02247e-05;0.00595989;1.05523e-05
735000;0.00467807;0.0010517;0.00634002;0.00086567;0.0058414;0.000250827;0.00598998;0.000178994;0.00596909;2.02109e-05;0.00595994;1.05453e-05
736000;0.00467171;0.00105028;0.00636214;0.000866589;0.00584529;0.000250721;0.00598744;0.000178839;0.0059693;2.0197e-05;0.00595999;1.05381e-05
737000;0.00466538;0.00104885;0.00635351;0.000865413;0.00584403;0.000250501;0.00598949;0.000178741;0.00596886;2.0183e-05;0.00596008;1.05307e-05
738000;0.00465905;0.00104743;0.0063449;0.000864241;0.00584047;0.000250257;0.0059917;0.00017865;0.00596851;2.01692e-05;0.0059602;1.05235e-05
739000;0.00465275;0.00104601;0.00633631;0.000863072;0.0058415;0.000250074;0.00598583;0.000178431;0.00596822;2.01542e-05;0.00596038;1.05164e-05
740000;0.00464646;0.0010446;0.00635832;0.000863984;0.00583601;0.000249781;0.00599155;0.000178371;0.00596851;2.01405e-05;0.0059597;1.05086e-05
741000;0.00464019;0.00104319;0.00638026;0.000864889;0.00583393;0.000249534;0.0059965;0.000178321;0.00596902;2.01276e-05;0.00595978;1.05014e-05
742000;0.00469491;0.00104861;0.00637167;0.000863724;0.00583071;0.000249257;0.00599459;0.000178154;0.00596874;2.01145e-05;0.00595967;1.04944e-05
743000;0.00468859;0.0010472;0.00636309;0.000862562;0.0058319;0.000249102;0.00599229;0.000177999;0.00596882;2.01006e-05;0.0059597;1.04867e-05
744000;0.00468229;0.0010458;0.00635454;0.000861402;0.00582812;0.000248846;0.00599215;0.000177877;0.00596891;2.00879e-05;0.00595959;1.04793e-05
745000;0.00467601;0.00104439;0.00634601;0.000860246;0.00582926;0.000248668;0.00599005;0.000177722;0.00596977;2.0076e-05;0.00595951;1.0472e-05
746000;0.00466974;0.00104299;0.0063375;0.000859093;0.00582593;0.000248414;0.00598934;0.000177584;0.00596991;2.00629e-05;0.00595962;1.04653e-05
747000;0.00466349;0.0010416;0.00632902;0.000857944;0.00582148;0.000248169;0.00598578;0.000177419;0.00597029;2.00507e-05;0.00595966;1.04584e-05
748000;0.00465725;0.0010402;0.00632056;0.000856797;0.0058207;0.000247954;0.00598241;0.000177247;0.00597029;2.0037e-05;0.00595955;1.04512e-05
749000;0.00465103;0.00103881;0.00631212;0.000855653;0.00581293;0.000247623;0.00598309;0.000177147;0.00596991;2.0023e-05;0.00595968;1.04448e-05
750000;0.00464483;0.00103743;0.0063037;0.000854512;0.00580818;0.000247363;0.00598232;0.000177025;0.00596967;2.00093e-05;0.00595981;1.0438e-05
751000;0.00463865;0.00103605;0.00629531;0.000853375;0.00580692;0.00024716;0.00598002;0.000176864;0.00596932;1.99953e-05;0.00596009;1.04317e-05
752000;0.00469264;0.00104137;0.00628694;0.00085224;0.00581176;0.000247104;0.00597786;0.000176721;0.00596908;1.99806e-05;0.00596011;1.04251e-05
753000;0.00468641;0.00103998;0.00627859;0.000851108;0.00581285;0.000246979;0.00597561;0.000176563;0.00596944;1.99681e-05;0.00595984;1.0418e-05
754000;0.00468019;0.0010386;0.00627026;0.00084998;0.00581327;0.000246825;0.00597393;0.000176413;0.00596884;1.99541e-05;0.00595957;1.04108e-05
755000;0.00467399;0.00103723;0.00626195;0.000848854;0.00581335;0.000246665;0.0059749;0.000176327;0.00596853;1.994e-05;0.00595976;1.04044e-05
756000;0.00472766;0.00104248;0.00625367;0.000847731;0.00581142;0.00024647;0.00597004;0.000176145;0.00596813;1.99259e-05;0.00595967;1.03971e-05
757000;0.00472141;0.0010411;0.00627529;0.000848634;0.00581801;0.000246445;0.0059711;0.000176058;0.00596786;1.99116e-05;0.00595962;1.03895e-05
758000;0.00471518;0.00103973;0.00626701;0.000847515;0.00581854;0.000246296;0.0059671;0.000175882;0.00596788;1.9898e-05;0.00595981;1.03828e-05
759000;0.00470897;0.00103836;0.00625876;0.000846398;0.0058238;0.000246205;0.00596978;0.000175812;0.00596743;1.98842e-05;0.00596011;1.03759e-05
760000;0.0047623;0.00104353;0.00628029;0.000847294;0.00581809;0.000245911;0.00597139;0.000175711;0.00596718;1.98714e-05;0.00596002;1.03687e-05
761000;0.00475604;0.00104216;0.00630176;0.000848183;0.00582045;0.000245798;0.00596834;0.000175546;0.00596734;1.98586e-05;0.00596024;1.03624e-05
762000;0.0047498;0.00104079;0.00629349;0.00084707;0.0058245;0.000245698;0.0059704;0.000175471;0.00596713;1.98446e-05;0.00596038;1.03559e-05
763000;0.00474358;0.00103943;0.00631489;0.000847953;0.00581686;0.000245377;0.0059719;0.000175381;0.00596713;1.98314e-05;0.00596035;1.03488e-05
764000;0.00473737;0.00103807;0.00630662;0.000846843;0.00581414;0.000245156;0.00596957;0.000175235;0.0059669;1.98182e-05;0.00596032;1.03417e-05
765000;0.00473118;0.00103671;0.00629838;0.000845736;0.00582278;0.000245189;0.00596781;0.00017509;0.00596721;1.98061e-05;0.00596026;1.03352e-05
766000;0.004725;0.00103536;0.00629016;0.000844632;0.00582692;0.000245142;0.00597082;0.000175025;0.00596708;1.97922e-05;0.00596026;1.03289e-05
767000;0.00471884;0.00103401;0.00628195;0.000843531;0.00582574;0.000244942;0.00596768;0.000174875;0.00596741;1.97805e-05;0.00596022;1.03216e-05
768000;0.00471269;0.00103266;0.00633268;0.000846378;0.00582387;0.000244752;0.00597136;0.000174813;0.0059672;1.9767e-05;0.00596021;1.03145e-05
769000;0.00470657;0.00103132;0.00632445;0.000845277;0.00582219;0.000244571;0.00596865;0.000174656;0.00596754;1.97546e-05;0.00596017;1.03076e-05
770000;0.00475921;0.0010364;0.00631624;0.000844179;0.00582951;0.000244556;0.00596811;0.000174533;0.00596771;1.97409e-05;0.00596024;1.0301e-05
771000;0.00475304;0.00103505;0.00630804;0.000843085;0.00583572;0.000244539;0.00596666;0.000174385;0.0059669;1.97268e-05;0.00596027;1.0294e-05
772000;0.00474688;0.00103371;0.00629987;0.000841993;0.00583584;0.000244386;0.00597015;0.000174317;0.00596743;1.97148e-05;0.00596039;1.02866e-05
773000;0.00474074;0.00103237;0.00629172;0.000840904;0.0058293;0.000244078;0.00596956;0.000174186;0.00596758;1.9703e-05;0.00596034;1.02801e-05
774000;0.00473461;0.00103104;0.00628359;0.000839817;0.00583621;0.000244096;0.00597007;0.000174086;0.005968;1.96912e-05;0.00596047;1.02738e-05
775000;0.00472851;0.00102971;0.00627549;0.000838734;0.00583905;0.000243999;0.00596515;0.000173895;0.00596804;1.96778e-05;0.00596053;1.02672e-05
776000;0.00472241;0.00102838;0.00629655;0.000839598;0.00583449;0.000243723;0.00596819;0.00017382;0.00596852;1.96652e-05;0.00596039;1.02605e-05
777000;0.00471633;0.00102706;0.00631756;0.000840456;0.00583279;0.000243515;0.00597184;0.00017375;0.00596841;1.96521e-05;0.00596014;1.02536e-05
778000;0.00471027;0.00102574;0.00633851;0.000841307;0.0058253;0.000243202;0.00597619;0.000173706;0.0059688;1.96403e-05;0.0059601;1.02469e-05
779000;0.00470423;0.00102442;0.00633038;0.000840228;0.00582075;0.000242958;0.00597664;0.000173605;0.00596915;1.96293e-05;0.00596013;1.02408e-05
780000;0.0047562;0.00102941;0.00632226;0.00083915;0.00581714;0.000242706;0.00597485;0.000173463;0.00596867;1.96163e-05;0.00595972;1.02336e-05
781000;0.00475011;0.00102809;0.00631417;0.000838076;0.00581801;0.000242577;0.0059773;0.000173387;0.00596855;1.96032e-05;0.00595967;1.02269e-05
782000;0.00474403;0.00102677;0.00630609;0.000837005;0.00581565;0.000242369;0.00597782;0.000173273;0.00596872;1.95908e-05;0.00596009;1.0221e-05
783000;0.00473797;0.00102546;0.00629804;0.000835936;0.00581373;0.000242182;0.00598202;0.000173232;0.00596905;1.95791e-05;0.00596008;1.02145e-05
784000;0.00473193;0.00102415;0.00629001;0.00083487;0.0058176;0.000242085;0.00598023;0.000173089;0.0059689;1.95653e-05;0.00596025;1.02081e-05
785000;0.0047259;0.00102285;0.00628199;0.000833806;0.00581512;0.000241875;0.0059765;0.000172917;0.00596931;1.9554e-05;0.00596058;1.02016e-05
786000;0.00471989;0.00102155;0.006274;0.000832746;0.00581447;0.000241695;0.00597434;0.000172779;0.00596986;1.95419e-05;0.0059605;1.01949e-05
787000;0.00471389;0.00102025;0.00626603;0.000831688;0.00581897;0.000241623;0.00597452;0.000172666;0.00596956;1.95296e-05;0.00596037;1.01881e-05
788000;0.00470791;0.00101896;0.00625808;0.000830632;0.00581575;0.000241386;0.00597616;0.000172585;0.00596989;1.95182e-05;0.00596029;1.01811e-05
789000;0.00470194;0.00101766;0.00625014;0.00082958;0.00581534;0.000241216;0.00597872;0.000172514;0.00597079;1.95077e-05;0.0059602;1.01751e-05
790000;0.00469599;0.00101638;0.00624223;0.00082853;0.00581621;0.000241075;0.00598403;0.000172487;0.00597092;1.94947e-05;0.00596001;1.01691e-05
791000;0.00469005;0.00101509;0.00626294;0.000829378;0.0058146;0.000240903;0.00598254;0.000172354;0.00597081;1.94823e-05;0.00595976;1.01622e-05
792000;0.00468413;0.00101381;0.00625503;0.000828331;0.0058126;0.000240714;0.00598392;0.000172265;0.00597045;1.94702e-05;0.0059601;1.01561e-05
793000;0.00467823;0.00101253;0.0063042;0.000831054;0.0058119;0.000240531;0.00598666;0.000172202;0.00597013;1.94578e-05;0.00596028;1.01495e-05
794000;0.00467233;0.00101126;0.00632475;0.000831883;0.005807;0.000240275;0.00598832;0.000172123;0.00597025;1.94459e-05;0.00596031;1.01435e-05
795000;0.00466646;0.00100998;0.00631679;0.000830837;0.00580621;0.000240096;0.0059919;0.00017206;0.00597091;1.94342e-05;0.00596038;1.01367e-05
796000;0.00466059;0.00100871;0.00630885;0.000829793;0.00580483;0.000239934;0.00599174;0.000171949;0.00597027;1.94208e-05;0.00596072;1.01309e-05
797000;0.00465475;0.00100745;0.00632932;0.000830616;0.00580627;0.000239836;0.00598917;0.000171792;0.00597039;1.94093e-05;0.0059608;1.01245e-05
798000;0.00464891;0.00100619;0.00632139;0.000829575;0.00580838;0.00023972;0.00598927;0.000171686;0.00597035;1.93968e-05;0.00596064;1.01175e-05
799000;0.0046431;0.00100493;0.00631348;0.000828537;0.0058056;0.000239501;0.00598719;0.000171553;0.00596969;1.93837e-05;0.00596081;1.01107e-05
800000;0.00463729;0.00100367;0.00630559;0.000827502;0.00580431;0.000239303;0.00598942;0.000171476;0.00596952;1.93713e-05;0.00596116;1.01046e-05
801000;0.0046315;0.00100242;0.00629771;0.000826469;0.00579891;0.000239032;0.00598892;0.000171356;0.00596924;1.9358e-05;0.00596119;1.00981e-05
802000;0.00468214;0.00100725;0.00628986;0.000825438;0.00579285;0.000238745;0.00598515;0.000171197;0.00596893;1.9345e-05;0.00596118;1.00919e-05
803000;0.00467631;0.001006;0.00628203;0.00082441;0.00579448;0.000238614;0.00598448;0.000171088;0.00596899;1.93338e-05;0.00596132;1.00856e-05
804000;0.00467049;0.00100475;0.00627421;0.000823385;0.00579427;0.000238457;0.00598546;0.000170995;0.00596862;1.93206e-05;0.00596151;1.00799e-05
805000;0.00466469;0.0010035;0.00626642;0.000822362;0.00578707;0.000238162;0.00598681;0.000170897;0.00596866;1.93089e-05;0.00596192;1.00742e-05
806000;0.0046589;0.00100226;0.00625865;0.000821342;0.00579039;0.000238063;0.00598652;0.000170772;0.00596863;1.92966e-05;0.00596193;1.00676e-05
807000;0.00465313;0.00100101;0.00625089;0.000820325;0.00579089;0.00023793;0.00598908;0.000170703;0.00596843;1.92841e-05;0.00596194;1.00614e-05
808000;0.00464737;0.000999775;0.00624315;0.00081931;0.00579857;0.000237893;0.0059923;0.000170651;0.00596858;1.92711e-05;0.00596235;1.00562e-05
809000;0.00464163;0.000998539;0.00623544;0.000818297;0.0057914;0.0002376;0.00598903;0.000170505;0.00596927;1.92604e-05;0.00596256;1.00503e-05
810000;0.00469175;0.0010033;0.00622774;0.000817287;0.00579486;0.000237535;0.00598491;0.000170337;0.00596936;1.9248e-05;0.0059626;1.00438e-05
811000;0.00468596;0.00100206;0.00622006;0.000816279;0.00579175;0.000237293;0.00598357;0.000170209;0.00596919;1.9236e-05;0.00596273;1.00378e-05
812000;0.00468019;0.00100082;0.0062124;0.000815274;0.00578772;0.000237079;0.00598148;0.000170069;0.00596898;1.92242e-05;0.00596257;1.00312e-05
813000;0.00467444;0.000999594;0.00620476;0.000814271;0.00578271;0.000236824;0.0059768;0.000169901;0.0059695;1.92137e-05;0.00596269;1.00253e-05
814000;0.00466869;0.000998366;0.00619714;0.000813271;0.00577804;0.000236581;0.00597595;0.000169765;0.00596975;1.9202e-05;0.00596286;1.00193e-05
815000;0.00466297;0.000997141;0.00618953;0.000812274;0.00577486;0.000236353;0.00597257;0.000169616;0.00596942;1.91903e-05;0.00596265;1.00131e-05
816000;0.00465725;0.000995919;0.00618195;0.000811278;0.00577507;0.000236212;0.00597765;0.000169581;0.00596964;1.91785e-05;0.00596288;1.00071e-05
817000;0.00465155;0.0009947;0.00617438;0.000810285;0.00577298;0.000236026;0.00597422;0.000169431;0.00596953;1.91662e-05;0.0059627;1.00004e-05
818000;0.00464586;0.000993484;0.00616683;0.000809295;0.00577122;0.000235853;0.00597521;0.000169332;0.00596932;1.91545e-05;0.00596246;9.99421e-06
819000;0.00464019;0.000992271;0.0061593;0.000808307;0.00576725;0.000235642;0.00597615;0.000169239;0.00596914;1.9143e-05;0.00596247;9.98808e-06
820000;0.00468971;0.000996942;0.00615179;0.000807321;0.00577007;0.000235556;0.00597254;0.000169087;0.00596939;1.91319e-05;0.00596251;9.98243e-06
821000;0.00468399;0.000995728;0.0061443;0.000806338;0.00576474;0.000235293;0.00597821;0.000169065;0.0059695;1.912e-05;0.00596262;9.97681e-06
822000;0.0046783;0.000994517;0.00616434;0.000807161;0.00576716;0.00023519;0.00598019;0.000169;0.0059701;1.91084e-05;0.00596234;9.97014e-06
823000;0.00467261;0.000993308;0.00615685;0.00080618;0.00577085;0.000235139;0.00598304;0.000168937;0.00596993;1.90957e-05;0.00596217;9.9638e-06
824000;0.00466694;0.000992103;0.00614938;0.000805202;0.00576722;0.0002349;0.00598098;0.000168794;0.00596941;1.90831e-05;0.005962;9.95781e-06
825000;0.00466128;0.0009909;0.00616935;0.000806018;0.00576401;0.000234677;0.00598176;0.000168693;0.00596986;1.90717e-05;0.00596195;9.95152e-06
826000;0.00465564;0.000989701;0.00616188;0.000805043;0.00576757;0.000234583;0.00598361;0.000168612;0.00596949;1.90596e-05;0.00596214;9.9456e-06
827000;0.00465001;0.000988504;0.00615443;0.000804069;0.0057709;0.0002345;0.00598749;0.000168584;0.00597009;1.905e-05;0.00596204;9.93902e-06
828000;0.00469903;0.000993101;0.00614699;0.000803098;0.00577306;0.000234414;0.00598831;0.000168467;0.00596974;1.90378e-05;0.00596202;9.93274e-06
829000;0.00469337;0.000991903;0.00613958;0.00080213;0.00577524;0.00023431;0.00598521;0.000168328;0.00596985;1.9026e-05;0.00596191;9.92684e-06
830000;0.00474222;0.00099645;0.00615944;0.000802941;0.00577495;0.000234155;0.00598562;0.000168236;0.00597;1.90148e-05;0.00596177;9.92084e-06
831000;0.00473651;0.000995251;0.00617924;0.000803747;0.00577013;0.000233911;0.00598493;0.000168123;0.00596964;1.90034e-05;0.00596175;9.91461e-06
832000;0.00473082;0.000994055;0.00617182;0.000802781;0.00577186;0.000233835;0.00598377;0.000167991;0.00596951;1.89925e-05;0.00596201;9.90854e-06
833000;0.00472514;0.000992862;0.00619156;0.000803581;0.00576493;0.000233555;0.00598081;0.000167844;0.00596944;1.89809e-05;0.0059619;9.90245e-06
834000;0.00471948;0.000991671;0.00621126;0.000804376;0.00576391;0.000233417;0.00598071;0.000167729;0.0059696;1.89695e-05;0.0059621;9.89683e-06
835000;0.00471382;0.000990484;0.00625801;0.000806912;0.00577565;0.000233534;0.00598013;0.000167629;0.00596983;1.89584e-05;0.00596196;9.89127e-06
836000;0.00470819;0.000989299;0.00625052;0.000805947;0.00577161;0.000233322;0.00597619;0.000167472;0.00597003;1.89468e-05;0.00596215;9.8854e-06
837000;0.00470256;0.000988117;0.00624305;0.000804984;0.00577037;0.000233175;0.00597404;0.000167346;0.00596974;1.8935e-05;0.00596212;9.87951e-06
838000;0.00469695;0.000986938;0.0062356;0.000804024;0.00576944;0.000232998;0.00597814;0.000167309;0.00597014;1.89247e-05;0.0059622;9.8732e-06
839000;0.00469135;0.000985762;0.00622817;0.000803066;0.00577505;0.000232982;0.00597899;0.000167221;0.00596997;1.89133e-05;0.00596239;9.86755e-06
840000;0.00468577;0.000984588;0.00624769;0.000803844;0.00577356;0.000232824;0.00597624;0.000167086;0.00597008;1.89022e-05;0.00596247;9.86163e-06
841000;0.00468019;0.000983418;0.00624026;0.000802888;0.00577723;0.000232778;0.00597584;0.000166963;0.00596964;1.8891e-05;0.00596249;9.85571e-06
842000;0.00467464;0.00098225;0.00623285;0.000801935;0.00578672;0.000232871;0.00597103;0.000166796;0.00596945;1.88797e-05;0.00596237;9.8499e-06
843000;0.00466909;0.000981085;0.00622545;0.000800983;0.00578247;0.000232652;0.00597298;0.000166723;0.00596932;1.88682e-05;0.00596251;9.84371e-06
844000;0.00466356;0.000979922;0.00621808;0.000800035;0.00578078;0.000232488;0.00597741;0.000166698;0.00596928;1.88572e-05;0.00596267;9.83805e-06
845000;0.00465804;0.000978763;0.00621072;0.000799088;0.00577593;0.000232246;0.00597762;0.000166593;0.00596955;1.88465e-05;0.0059628;9.83258e-06
846000;0.00465253;0.000977606;0.00620338;0.000798143;0.00577169;0.000232027;0.00597762;0.000166489;0.0059692;1.88347e-05;0.00596266;9.82693e-06
847000;0.00464704;0.000976452;0.00619605;0.000797201;0.00577842;0.000232017;0.00597932;0.000166422;0.00596903;1.88225e-05;0.00596282;9.82115e-06
848000;0.00464156;0.0009753;0.00618875;0.000796261;0.00577725;0.000231876;0.00597873;0.000166324;0.005969;1.88106e-05;0.00596275;9.81489e-06
849000;0.00463609;0.000974152;0.0062081;0.000797035;0.00577436;0.000231667;0.00598176;0.000166264;0.00596852;1.87986e-05;0.00596273;9.80843e-06
850000;0.00463064;0.000973006;0.0062008;0.000796098;0.00577288;0.000231511;0.00597981;0.000166143;0.00596801;1.87864e-05;0.00596285;9.80274e-06
851000;0.0046252;0.000971862;0.00619351;0.000795162;0.00577467;0.000231414;0.00598624;0.000166123;0.00596822;1.87754e-05;0.00596273;9.79654e-06
852000;0.00461977;0.000970722;0.00621279;0.000795931;0.00577246;0.000231233;0.0059879;0.000166042;0.00596846;1.87643e-05;0.00596272;9.79113e-06
853000;0.00461435;0.000969584;0.00620551;0.000794998;0.00577197;0.000231074;0.00598737;0.000165932;0.00596858;1.87539e-05;0.00596294;9.78591e-06
854000;0.00460895;0.000968448;0.00619824;0.000794068;0.00578103;0.000231153;0.00598833;0.000165847;0.00596841;1.87429e-05;0.00596262;9.77969e-06
855000;0.00460356;0.000967316;0.00619099;0.000793139;0.00577956;0.000230968;0.00598864;0.000165751;0.00596795;1.87309e-05;0.00596242;9.77323e-06
856000;0.00459818;0.000966186;0.00618376;0.000792212;0.00577805;0.000230775;0.00598648;0.000165628;0.00596775;1.87189e-05;0.00596255;9.76788e-06
857000;0.00459282;0.000965058;0.00620294;0.000792977;0.00577952;0.000230652;0.00598712;0.00016554;0.00596714;1.87064e-05;0.00596236;9.76173e-06
858000;0.00458746;0.000963934;0.00622208;0.000793736;0.00577952;0.000230518;0.00599174;0.000165509;0.00596692;1.86954e-05;0.0059622;9.75568e-06
859000;0.00458212;0.000962812;0.00621483;0.000792812;0.00577956;0.000230377;0.00598934;0.000165379;0.00596733;1.86849e-05;0.00596226;9.75003e-06
860000;0.00457679;0.000961692;0.00620761;0.00079189;0.00578767;0.000230425;0.00598974;0.000165288;0.00596729;1.86736e-05;0.00596246;9.74465e-06
861000;0.00457148;0.000960575;0.0062004;0.00079097;0.00578372;0.00023019;0.00599003;0.000165202;0.00596742;1.86634e-05;0.00596234;9.73888e-06
862000;0.00456617;0.000959461;0.00621945;0.000791724;0.00578262;0.00023002;0.00598806;0.000165063;0.00596748;1.86524e-05;0.00596243;9.73334e-06
863000;0.00456088;0.000958349;0.00621224;0.000790807;0.00578075;0.000229854;0.00598416;0.00016491;0.00596833;1.86439e-05;0.00596248;9.72773e-06
864000;0.00455561;0.00095724;0.00620505;0.000789892;0.00577802;0.000229662;0.00598333;0.000164797;0.00596796;1.86337e-05;0.00596228;9.72215e-06
865000;0.00455034;0.000956134;0.00619787;0.000788979;0.00578249;0.000229629;0.00598384;0.000164703;0.0059681;1.8624e-05;0.00596258;9.7168e-06
866000;0.00454508;0.00095503;0.00619072;0.000788068;0.00578667;0.000229566;0.00598895;0.000164664;0.00596795;1.8613e-05;0.00596267;9.71121e-06
867000;0.00453984;0.000953928;0.00618358;0.000787159;0.00578574;0.000229394;0.00599099;0.000164592;0.00596813;1.86015e-05;0.00596267;9.70545e-06
868000;0.00453461;0.000952829;0.00617645;0.000786252;0.00578624;0.000229273;0.00598941;0.000164465;0.0059683;1.85915e-05;0.00596267;9.69987e-06
869000;0.00452939;0.000951733;0.00616935;0.000785348;0.00579557;0.000229327;0.00598792;0.000164334;0.00596874;1.85814e-05;0.00596262;9.69435e-06
870000;0.00452419;0.000950639;0.00616225;0.000784445;0.00579762;0.000229274;0.00598734;0.000164228;0.00596869;1.85698e-05;0.00596279;9.68834e-06
871000;0.00451899;0.000949547;0.00615518;0.000783545;0.00579775;0.000229129;0.00598893;0.000164148;0.00596878;1.85589e-05;0.00596274;9.68284e-06
872000;0.00451381;0.000948459;0.00614812;0.000782646;0.00579607;0.000228972;0.005987;0.000164031;0.00596807;1.85474e-05;0.00596276;9.67706e-06
873000;0.00450864;0.000947372;0.00614108;0.00078175;0.00579063;0.000228723;0.00598914;0.000163966;0.00596818;1.85368e-05;0.00596269;9.67122e-06
874000;0.00450348;0.000946288;0.00613405;0.000780856;0.00578736;0.000228509;0.00598738;0.000163846;0.005968;1.85257e-05;0.0059625;9.66538e-06
875000;0.00449833;0.000945207;0.00612704;0.000779963;0.00579408;0.000228476;0.00598613;0.000163726;0.00596847;1.85157e-05;0.00596218;9.6594e-06
876000;0.0044932;0.000944128;0.00612005;0.000779073;0.00579423;0.000228345;0.00598497;0.000163622;0.00596827;1.85045e-05;0.00596246;9.65441e-06
877000;0.00448808;0.000943051;0.00611307;0.000778185;0.00579875;0.000228305;0.0059863;0.00016355;0.00596846;1.84944e-05;0.00596277;9.64912e-06
878000;0.00448296;0.000941977;0.00610611;0.000777299;0.0057971;0.000228148;0.0059856;0.000163442;0.00596847;1.8484e-05;0.00596285;9.64348e-06
879000;0.00447786;0.000940906;0.00612489;0.00077805;0.00579651;0.000228011;0.00598406;0.000163331;0.00596895;1.84741e-05;0.00596295;9.63838e-06
880000;0.00447278;0.000939837;0.00616935;0.000780424;0.00579732;0.000227908;0.00598229;0.000163207;0.00596854;1.84624e-05;0.00596274;9.63266e-06
881000;0.0044677;0.00093877;0.00618802;0.00078116;0.00579726;0.000227771;0.00598482;0.000163152;0.00596868;1.84525e-05;0.00596274;9.62724e-06
882000;0.00446263;0.000937706;0.006181;0.000780275;0.00579976;0.000227688;0.00598935;0.000163118;0.00596886;1.84421e-05;0.00596295;9.62227e-06
883000;0.00450882;0.000942011;0.00619962;0.000781006;0.00580556;0.000227653;0.0059846;0.000162958;0.0059688;1.84313e-05;0.005963;9.61693e-06
884000;0.00450372;0.000940945;0.0062182;0.000781732;0.00580381;0.000227493;0.00598882;0.000162916;0.00596952;1.84217e-05;0.00596303;9.61133e-06
885000;0.00449863;0.000939882;0.00621117;0.000780849;0.00580148;0.000227317;0.00598857;0.000162822;0.00596979;1.84117e-05;0.00596293;9.60566e-06
886000;0.00449355;0.000938821;0.00622969;0.000781571;0.00579968;0.000227157;0.00599351;0.000162806;0.00596996;1.84022e-05;0.00596279;9.60026e-06
887000;0.00448848;0.000937763;0.00622267;0.00078069;0.00579596;0.000226968;0.00599316;0.000162704;0.00597;1.83927e-05;0.00596306;9.59522e-06
888000;0.00453438;0.000942014;0.00624114;0.000781407;0.00579411;0.000226805;0.00599149;0.000162597;0.00596974;1.83813e-05;0.00596296;9.58938e-06
889000;0.00452928;0.000940954;0.00623412;0.000780528;0.00578929;0.000226574;0.00599482;0.000162546;0.00596996;1.83716e-05;0.005963;9.58397e-06
890000;0.00452419;0.000939897;0.00622711;0.000779651;0.00579231;0.000226513;0.00599302;0.000162436;0.00597;1.83609e-05;0.00596317;9.57857e-06
891000;0.00451911;0.000938842;0.00624551;0.000780363;0.00578581;0.000226259;0.00599191;0.00016233;0.00596905;1.83489e-05;0.00596307;9.57293e-06
892000;0.00451404;0.000937789;0.00623851;0.000779488;0.00577933;0.000226006;0.00598869;0.0001622;0.00596875;1.83387e-05;0.00596315;9.56746e-06
893000;0.00450899;0.000936739;0.00623152;0.000778616;0.00577972;0.000225889;0.00598617;0.000162072;0.00596884;1.83283e-05;0.00596319;9.56202e-06
894000;0.00450394;0.000935692;0.00622455;0.000777745;0.00577902;0.000225735;0.00598668;0.000161994;0.00596878;1.83177e-05;0.00596322;9.5566e-06
895000;0.00449891;0.000934646;0.00624287;0.000778453;0.00577256;0.000225483;0.00598841;0.000161916;0.00596876;1.83073e-05;0.00596303;9.5511e-06
896000;0.00449389;0.000933603;0.00623591;0.000777584;0.00577235;0.000225349;0.00598635;0.000161799;0.00596876;1.82967e-05;0.00596327;9.54644e-06
897000;0.00448888;0.000932562;0.00622895;0.000776718;0.00577851;0.00022537;0.00598781;0.000161724;0.00596887;1.8287e-05;0.0059632;9.54073e-06
898000;0.00448388;0.000931524;0.00624721;0.000777421;0.00578406;0.000225368;0.00599033;0.000161661;0.00596859;1.82757e-05;0.00596293;9.53505e-06
899000;0.00447889;0.000930488;0.00624026;0.000776557;0.00578442;0.000225222;0.0059887;0.000161543;0.00596878;1.8266e-05;0.00596253;9.52969e-06
900000;0.00447392;0.000929454;0.00623332;0.000775694;0.00577799;0.000224972;0.00598603;0.000161414;0.00596889;1.8255e-05;0.00596268;9.52429e-06
901000;0.00446895;0.000928422;0.00622641;0.000774833;0.00577655;0.00022483;0.0059852;0.000161305;0.00596904;1.82456e-05;0.00596276;9.51883e-06
902000;0.004464;0.000927393;0.0062195;0.000773974;0.0057766;0.000224708;0.00598839;0.000161272;0.00596917;1.8236e-05;0.00596274;9.51381e-06
903000;0.00445905;0.000926366;0.00621262;0.000773117;0.00577252;0.000224505;0.005986;0.000161149;0.00596859;1.8225e-05;0.00596278;9.50886e-06
904000;0.00450417;0.000930525;0.00620574;0.000772262;0.00577304;0.000224394;0.00598292;0.000161022;0.00596883;1.82151e-05;0.0059626;9.50373e-06
905000;0.00449919;0.000929497;0.00619889;0.000771409;0.00576797;0.000224161;0.00598504;0.000160955;0.00596883;1.82058e-05;0.00596276;9.49847e-06
906000;0.00449423;0.000928471;0.00619204;0.000770558;0.00576626;0.000224007;0.00599205;0.000160964;0.00596916;1.8196e-05;0.00596271;9.4929e-06
907000;0.00448927;0.000927447;0.00618522;0.000769708;0.00576531;0.000223885;0.00598898;0.000160838;0.00596913;1.81864e-05;0.00596266;9.48775e-06
908000;0.00448433;0.000926426;0.00617841;0.00076886;0.00576714;0.00022383;0.00599119;0.000160779;0.00596926;1.81768e-05;0.00596267;9.48244e-06
909000;0.00447939;0.000925407;0.00619649;0.000769561;0.00576938;0.000223747;0.00599375;0.00016073;0.00596916;1.8167e-05;0.00596283;9.47732e-06
910000;0.00447447;0.00092439;0.00618968;0.000768716;0.00577153;0.000223642;0.00599406;0.000160637;0.00596939;1.81575e-05;0.00596294;9.47238e-06
911000;0.00446956;0.000923375;0.00618289;0.000767872;0.00577349;0.000223529;0.00599444;0.000160546;0.005969;1.81471e-05;0.0059631;9.46728e-06
912000;0.00446466;0.000922363;0.00617611;0.00076703;0.00577185;0.000223379;0.0059958;0.00016048;0.00596925;1.81376e-05;0.00596301;9.46219e-06
913000;0.00450932;0.000926457;0.00616935;0.00076619;0.00577596;0.000223324;0.00599352;0.000160362;0.00596908;1.81269e-05;0.0059632;9.45737e-06
914000;0.00455389;0.000930514;0.0061626;0.000765352;0.00577374;0.000223158;0.00599613;0.000160305;0.0059693;1.81173e-05;0.00596299;9.45173e-06
915000;0.00459835;0.000934534;0.00615586;0.000764516;0.0057713;0.000222989;0.00599196;0.00016016;0.00596937;1.81076e-05;0.00596289;9.44634e-06
916000;0.00464272;0.000938519;0.00617384;0.000765213;0.00577055;0.000222843;0.00598778;0.00016001;0.00596913;1.80979e-05;0.0059629;9.44109e-06
917000;0.00463766;0.000937496;0.0061671;0.000764378;0.00576659;0.000222647;0.00598717;0.000159921;0.00596886;1.80868e-05;0.00596271;9.43551e-06
918000;0.00468189;0.000941442;0.00618503;0.000765071;0.0057714;0.000222621;0.0059832;0.000159786;0.00596886;1.80771e-05;0.00596289;9.43048e-06
919000;0.00472603;0.000945354;0.0061783;0.000764238;0.00576993;0.000222479;0.00599043;0.000159796;0.00596907;1.80673e-05;0.00596315;9.42536e-06
920000;0.00472089;0.000944326;0.00617158;0.000763408;0.00576658;0.000222277;0.00598766;0.000159665;0.00596924;1.80582e-05;0.00596296;9.41988e-06
921000;0.00471577;0.000943301;0.00616488;0.000762579;0.0057675;0.000222152;0.00598739;0.000159575;0.00596941;1.80492e-05;0.00596311;9.41465e-06
922000;0.00471065;0.000942278;0.00618273;0.000763268;0.00577115;0.000222123;0.00599239;0.000159563;0.00596975;1.80399e-05;0.00596277;9.4094e-06
923000;0.00470555;0.000941257;0.00620054;0.000763952;0.00576747;0.00022194;0.0059929;0.00015949;0.00597008;1.80312e-05;0.00596266;9.40414e-06
924000;0.00470045;0.000940238;0.00619383;0.000763125;0.00577085;0.000221868;0.00599554;0.000159433;0.00596983;1.80209e-05;0.00596254;9.39891e-06
925000;0.00469537;0.000939222;0.00618713;0.0007623;0.00577132;0.000221763;0.00599859;0.00015939;0.00596996;1.80109e-05;0.00596253;9.39385e-06
926000;0.0046903;0.000938208;0.00618045;0.000761477;0.00577397;0.000221694;0.00599589;0.000159275;0.00596931;1.80004e-05;0.00596273;9.38877e-06
927000;0.00468524;0.000937196;0.00617378;0.000760656;0.00577167;0.000221525;0.00599362;0.000159148;0.00596966;1.79907e-05;0.0059629;9.38374e-06
928000;0.00468019;0.000936186;0.00616713;0.000759836;0.00577231;0.000221424;0.0060005;0.000159173;0.00597011;1.79823e-05;0.00596285;9.37897e-06
929000;0.00467516;0.000935178;0.00616049;0.000759018;0.0057676;0.000221205;0.00599825;0.000159057;0.00596937;1.79717e-05;0.00596296;9.37404e-06
930000;0.00471878;0.000939025;0.00615387;0.000758202;0.00577049;0.000221152;0.00600213;0.000159016;0.00596937;1.7962e-05;0.00596306;9.36908e-06
931000;0.00471371;0.000938016;0.00619585;0.000760375;0.00576429;0.000220915;0.00600574;0.000158975;0.00596907;1.79521e-05;0.00596307;9.36366e-06
932000;0.00470865;0.00093701;0.00621348;0.000761047;0.00576856;0.000220878;0.0060024;0.000158846;0.00596937;1.79435e-05;0.005963;9.35844e-06
933000;0.0047036;0.000936006;0.00620682;0.000760231;0.00577086;0.0002208;0.00600142;0.000158737;0.00596855;1.79321e-05;0.00596282;9.35324e-06
934000;0.00474701;0.00093981;0.00620017;0.000759417;0.00576878;0.000220637;0.00599942;0.000158626;0.00596813;1.79217e-05;0.00596235;9.34763e-06
935000;0.00479032;0.000943582;0.00619354;0.000758605;0.00576523;0.000220434;0.00599971;0.000158542;0.00596843;1.79136e-05;0.00596249;9.34313e-06
936000;0.0047852;0.000942574;0.00618692;0.000757795;0.0057635;0.000220285;0.00599717;0.00015842;0.00596827;1.79038e-05;0.00596261;9.33809e-06
937000;0.00478009;0.000941569;0.00620446;0.000758463;0.00576509;0.000220187;0.00599764;0.000158347;0.00596829;1.78933e-05;0.00596257;9.33318e-06
938000;0.00477499;0.000940565;0.00619785;0.000757654;0.00576928;0.000220145;0.00599858;0.000158276;0.00596846;1.78836e-05;0.00596269;9.32816e-06
939000;0.00476991;0.000939563;0.00619125;0.000756848;0.00577079;0.000220044;0.00599844;0.00015819;0.00596874;1.78743e-05;0.00596263;9.32295e-06
940000;0.00476484;0.000938564;0.00618466;0.000756042;0.00576935;0.000219906;0.00599733;0.000158082;0.00596874;1.78643e-05;0.00596263;9.31768e-06
941000;0.00475977;0.000937566;0.00617809;0.000755239;0.00576881;0.00021977;0.00599325;0.000157939;0.00596879;1.78547e-05;0.00596258;9.31274e-06
942000;0.00475472;0.000936571;0.00617153;0.000754438;0.00577423;0.000219775;0.00599105;0.000157818;0.00596863;1.78448e-05;0.00596245;9.30737e-06
943000;0.00474968;0.000935578;0.00616498;0.000753638;0.00577753;0.000219737;0.00599232;0.000157748;0.00596853;1.78351e-05;0.00596262;9.30286e-06
944000;0.00474465;0.000934587;0.00618242;0.000754302;0.00577375;0.000219552;0.00599256;0.000157669;0.00596864;1.78252e-05;0.00596278;9.29741e-06
945000;0.00473962;0.000933598;0.00617587;0.000753504;0.00577802;0.000219534;0.00599454;0.00015761;0.00596857;1.78159e-05;0.00596283;9.29286e-06
946000;0.00473461;0.000932611;0.00616935;0.000752708;0.00578069;0.000219476;0.00599978;0.000157595;0.00596824;1.78053e-05;0.00596279;9.28816e-06
947000;0.00472961;0.000931626;0.00616283;0.000751913;0.00578041;0.000219347;0.00599891;0.000157498;0.00596834;1.77955e-05;0.00596302;9.28338e-06
948000;0.00472463;0.000930644;0.00615633;0.00075112;0.00578331;0.000219294;0.00599867;0.000157414;0.00596826;1.7786e-05;0.00596276;9.27858e-06
949000;0.00471965;0.000929663;0.00614984;0.000750329;0.00578343;0.000219179;0.00599542;0.00015729;0.00596828;1.77768e-05;0.00596299;9.27427e-06
950000;0.00471468;0.000928685;0.00614337;0.000749539;0.00578883;0.000219181;0.00599041;0.000157146;0.00596827;1.77682e-05;0.00596297;9.26913e-06
951000;0.00470972;0.000927708;0.00613691;0.000748751;0.00578493;0.000218992;0.00599407;0.000157103;0.00596836;1.77596e-05;0.00596297;9.26418e-06
952000;0.00470477;0.000926734;0.00613046;0.000747964;0.00578377;0.000218869;0.00599433;0.000157026;0.00596819;1.77503e-05;0.00596279;9.25912e-06
953000;0.00474731;0.000930425;0.00612403;0.00074718;0.00578439;0.000218775;0.00599465;0.000156961;0.00596782;1.77407e-05;0.00596272;9.25429e-06
954000;0.00478976;0.000934085;0.00611761;0.000746397;0.00578851;0.000218738;0.00599145;0.00015684;0.00596794;1.77315e-05;0.0059628;9.24941e-06
955000;0.00478474;0.000933106;0.00611121;0.000745615;0.00578958;0.000218658;0.00599111;0.000156753;0.0059677;1.77217e-05;0.00596279;9.2446e-06
956000;0.00477974;0.00093213;0.00610481;0.000744835;0.00578803;0.000218519;0.00598826;0.000156637;0.00596767;1.77119e-05;0.00596263;9.23961e-06
957000;0.00477474;0.000931157;0.00609843;0.000744057;0.00578662;0.000218365;0.00598967;0.000156567;0.00596854;1.77041e-05;0.00596237;9.23445e-06
958000;0.00476976;0.000930185;0.00609207;0.00074328;0.00578937;0.000218308;0.00598711;0.000156459;0.00596884;1.7696e-05;0.00596218;9.22946e-06
959000;0.00476479;0.000929215;0.00608572;0.000742506;0.00579081;0.000218213;0.00598901;0.000156393;0.00596828;1.7686e-05;0.0059623;9.22503e-06
960000;0.00480695;0.00093283;0.00607938;0.000741732;0.00578559;0.000217992;0.00598864;0.000156304;0.0059685;1.76771e-05;0.00596244;9.2202e-06
961000;0.00480195;0.00093186;0.00607305;0.00074096;0.00578424;0.000217861;0.00598601;0.000156184;0.00596871;1.76682e-05;0.00596237;9.21546e-06
962000;0.00479696;0.000930891;0.00606674;0.00074019;0.00578808;0.000217814;0.00598366;0.00015607;0.00596893;1.76595e-05;0.00596245;9.21067e-06
963000;0.00479197;0.000929924;0.00606044;0.000739422;0.00579043;0.000217743;0.0059875;0.000156049;0.00596899;1.76508e-05;0.00596248;9.20622e-06
964000;0.004787;0.00092896;0.00605415;0.000738655;0.00578751;0.000217562;0.00598555;0.000155944;0.00596907;1.76417e-05;0.00596263;9.20163e-06
965000;0.00478204;0.000927997;0.00604788;0.00073789;0.00579296;0.00021754;0.00598666;0.000155874;0.00596903;1.76323e-05;0.00596273;9.19695e-06
966000;0.00477709;0.000927037;0.00606503;0.000738553;0.00578905;0.000217353;0.00598885;0.000155819;0.00596895;1.76231e-05;0.00596279;9.19227e-06
967000;0.00481894;0.000930606;0.00605876;0.000737789;0.00578897;0.000217236;0.00599078;0.000155776;0.005969;1.76133e-05;0.0059631;9.18754e-06
968000;0.00481396;0.000929645;0.0060525;0.000737027;0.00578562;0.000217072;0.00599186;0.000155709;0.00596881;1.76033e-05;0.00596318;9.18247e-06
969000;0.00480899;0.000928685;0.00604626;0.000736266;0.00578581;0.000216935;0.00599387;0.000155657;0.00596877;1.75936e-05;0.00596286;9.17732e-06
970000;0.00480403;0.000927728;0.00604002;0.000735507;0.00578507;0.000216807;0.00599152;0.000155544;0.00596829;1.75838e-05;0.00596272;9.17228e-06
971000;0.00484568;0.00093126;0.0060338;0.00073475;0.00578115;0.000216621;0.00599348;0.000155481;0.00596806;1.75741e-05;0.00596281;9.16771e-06
972000;0.00488724;0.000934764;0.00605087;0.000735409;0.00577668;0.000216417;0.0059954;0.000155428;0.00596772;1.75639e-05;0.0059627;9.16322e-06
973000;0.00488222;0.000933803;0.00604465;0.000734654;0.00577518;0.000216283;0.00599514;0.000155344;0.00596782;1.75548e-05;0.00596282;9.15894e-06
974000;0.00492365;0.000937275;0.00603844;0.0007339;0.00577117;0.000216094;0.00599461;0.000155263;0.00596735;1.7545e-05;0.00596282;9.15412e-06
975000;0.0049186;0.000936314;0.00603225;0.000733147;0.00577463;0.000216037;0.0059923;0.000155149;0.00596732;1.75358e-05;0.00596264;9.1493e-06
976000;0.00491356;0.000935355;0.00602607;0.000732396;0.00577335;0.000215911;0.00599527;0.000155108;0.00596794;1.75279e-05;0.00596254;9.14431e-06
977000;0.00490853;0.000934397;0.00604305;0.000733052;0.0057747;0.000215847;0.00599249;0.000154978;0.00596798;1.75189e-05;0.00596248;9.13995e-06
978000;0.00494978;0.000937834;0.00606001;0.000733703;0.0057755;0.000215761;0.00599338;0.000154921;0.00596856;1.75102e-05;0.00596248;9.1354e-06
979000;0.00494472;0.000936876;0.00605382;0.000732954;0.00577345;0.000215611;0.005993;0.000154836;0.00596853;1.75014e-05;0.00596233;9.13038e-06
980000;0.00493967;0.00093592;0.00604764;0.000732206;0.00577672;0.000215544;0.00599335;0.000154766;0.00596845;1.74921e-05;0.00596242;9.12606e-06
981000;0.00493464;0.000934966;0.00604147;0.00073146;0.00577854;0.000215471;0.00599212;0.000154668;0.00596871;1.74832e-05;0.0059625;9.12146e-06
982000;0.00492961;0.000934014;0.00603532;0.000730715;0.0057799;0.000215387;0.00599304;0.000154592;0.00596871;1.7474e-05;0.0059625;9.11678e-06
983000;0.0049246;0.000933064;0.00605219;0.000731363;0.00577402;0.000215168;0.00598995;0.000154473;0.00596868;1.74645e-05;0.00596265;9.11263e-06
984000;0.00491959;0.000932116;0.00606903;0.000732007;0.00577857;0.000215116;0.005989;0.000154375;0.00596843;1.74552e-05;0.00596263;9.10804e-06
985000;0.0049146;0.00093117;0.00606287;0.000731264;0.005774;0.000214913;0.00599187;0.000154334;0.0059687;1.74468e-05;0.00596275;9.10342e-06
986000;0.00490961;0.000930226;0.00610261;0.000733284;0.00577115;0.000214736;0.00599239;0.000154269;0.00596847;1.74374e-05;0.00596277;9.09917e-06
987000;0.00490464;0.000929283;0.00609642;0.000732541;0.005769;0.000214584;0.00599381;0.000154215;0.00596802;1.7428e-05;0.00596294;9.09477e-06
988000;0.00489968;0.000928343;0.00609025;0.0007318;0.00576742;0.000214448;0.0060004;0.00015423;0.00596794;1.74193e-05;0.00596292;9.09045e-06
989000;0.00489472;0.000927404;0.00610697;0.000732432;0.0057679;0.000214351;0.00599907;0.000154144;0.00596772;1.74103e-05;0.00596306;9.08623e-06
990000;0.00488978;0.000926467;0.0061008;0.000731693;0.00576556;0.000214197;0.00600069;0.000154087;0.00596783;1.7402e-05;0.005963;9.08162e-06
991000;0.00488484;0.000925532;0.00609464;0.000730954;0.00576805;0.000214114;0.0060018;0.000154017;0.00596811;1.73936e-05;0.00596308;9.07676e-06
992000;0.00487992;0.000924599;0.0060885;0.000730218;0.0057694;0.000214004;0.00600066;0.000153926;0.00596792;1.73845e-05;0.00596318;9.07234e-06
993000;0.00487501;0.000923668;0.00608237;0.000729482;0.00577265;0.000213941;0.00599779;0.000153805;0.00596816;1.73762e-05;0.00596313;9.06767e-06
994000;0.0048701;0.000922739;0.00607625;0.000728749;0.00577128;0.000213815;0.00599489;0.000153691;0.00596857;1.73681e-05;0.00596296;9.06306e-06
995000;0.00491068;0.000926109;0.00613834;0.000732094;0.00577449;0.000213759;0.00599387;0.0001536;0.00596882;1.73595e-05;0.00596325;9.05858e-06
996000;0.00490575;0.000925179;0.00613218;0.000731359;0.00577739;0.000213695;0.0059925;0.0001535;0.00596845;1.73503e-05;0.00596319;9.05409e-06
997000;0.00490082;0.000924251;0.00612603;0.000730625;0.0057752;0.000213546;0.00598916;0.000153372;0.00596817;1.73417e-05;0.00596315;9.0494e-06
998000;0.00489591;0.000923325;0.00614256;0.000731243;0.00577734;0.000213484;0.00598731;0.000153273;0.0059682;1.73329e-05;0.00596312;9.0448e-06
999000;0.00489101;0.000922401;0.00615905;0.000731858;0.00577549;0.000213341;0.00598972;0.000153221;0.00596866;1.73246e-05;0.00596303;9.04028e-06
1000000;0.00488612;0.000921479;0.00615289;0.000731126;0.00577783;0.000213279;0.00599456;0.000153199;0.00596891;1.73159e-05;0.00596302;9.03571e-06
