Nb sim;DF;IC_DF ;DF_anti;IC_DF_anti ;DF_d;IC_DF_d ;DF_d_anti;IC_DF_d_anti;Mall;IC_Mall ;Mall_anti;IC_Mall_anti
10000;-0.33479;0.0760014;-0.305383;0.0511686;-0.265675;0.0184557;-0.297655;0.0133276;-0.279461;0.0230848;-0.286755;0.0154455
11000;-0.337258;0.0727287;-0.302298;0.0485435;-0.267134;0.0172326;-0.298725;0.0125379;-0.278289;0.0220711;-0.286516;0.0148368
12000;-0.324233;0.0682843;-0.307268;0.0468519;-0.27442;0.0162913;-0.299591;0.0118686;-0.274831;0.0214643;-0.285923;0.0142512
13000;-0.334094;0.066588;-0.302773;0.0446878;-0.274777;0.0154016;-0.301424;0.0113152;-0.269526;0.021006;-0.286907;0.0136037
14000;-0.339314;0.0646612;-0.311846;0.0436937;-0.27469;0.014626;-0.301114;0.0108178;-0.27;0.0201316;-0.287093;0.0131231
15000;-0.331774;0.0617757;-0.322725;0.0429315;-0.275551;0.0139487;-0.301081;0.0103834;-0.271864;0.0192889;-0.282327;0.0128755
16000;-0.339314;0.0604848;-0.318107;0.041274;-0.277983;0.0133801;-0.299564;0.00996855;-0.272919;0.0186638;-0.281328;0.0124288
17000;-0.322016;0.0571745;-0.314032;0.0397879;-0.279497;0.0128723;-0.300135;0.00962676;-0.269015;0.018296;-0.283957;0.0120377
18000;-0.309153;0.0544502;-0.312923;0.0385994;-0.282937;0.0124401;-0.299588;0.00930247;-0.270155;0.0176533;-0.284937;0.0116559
19000;-0.307168;0.0528287;-0.30955;0.0373697;-0.284744;0.0120286;-0.299075;0.0090096;-0.272733;0.0170955;-0.285301;0.0113958
20000;-0.305383;0.0513421;-0.305383;0.0361808;-0.286715;0.011656;-0.299432;0.00874126;-0.27494;0.0166095;-0.284149;0.0111287
21000;-0.295149;0.0492637;-0.301612;0.0350931;-0.28741;0.0113055;-0.301057;0.00850979;-0.276274;0.0161928;-0.282978;0.0108839
22000;-0.298185;0.0483762;-0.298185;0.0340935;-0.288681;0.0109864;-0.301415;0.00828961;-0.274948;0.0157802;-0.283146;0.010652
23000;-0.291122;0.0467528;-0.296039;0.0332255;-0.289277;0.0106832;-0.300842;0.00806506;-0.276956;0.0153703;-0.285521;0.0103755
24000;-0.294072;0.0459982;-0.301612;0.0328265;-0.288985;0.0103977;-0.300359;0.00786017;-0.275896;0.0150727;-0.284784;0.0101474
25000;-0.304025;0.0458201;-0.299501;0.032052;-0.288942;0.0101351;-0.29976;0.00766951;-0.274606;0.0147883;-0.285304;0.0099475
26000;-0.301032;0.04471;-0.298422;0.0313736;-0.290914;0.00991276;-0.299649;0.00749981;-0.274749;0.0144839;-0.285344;0.00975816
27000;-0.296586;0.0435511;-0.299937;0.0308641;-0.291295;0.00968944;-0.300411;0.00734556;-0.273262;0.0142834;-0.285623;0.00958572
28000;-0.292456;0.0424695;-0.300535;0.0303378;-0.290916;0.00946941;-0.300477;0.00719599;-0.273634;0.0139923;-0.285655;0.0094233
29000;-0.287052;0.0413459;-0.302653;0.0299135;-0.292947;0.00928546;-0.300136;0.00704826;-0.274384;0.0136837;-0.285383;0.00925598
30000;-0.298596;0.041455;-0.302367;0.029397;-0.293835;0.00910595;-0.300787;0.0069206;-0.275715;0.0133777;-0.28568;0.00911844
31000;-0.29918;0.0408205;-0.29918;0.0287682;-0.294019;0.00892915;-0.30154;0.00679709;-0.274418;0.0131518;-0.286015;0.00894994
32000;-0.298314;0.0401197;-0.298314;0.0282746;-0.294488;0.00876345;-0.302007;0.00668092;-0.273176;0.0129428;-0.287041;0.00879327
33000;-0.305725;0.0399917;-0.295443;0.0277104;-0.29437;0.0086007;-0.301612;0.00656237;-0.272779;0.0127772;-0.288119;0.00864931
34000;-0.306048;0.0394198;-0.294737;0.0272677;-0.294166;0.0084431;-0.302124;0.00645585;-0.27194;0.0126211;-0.287983;0.00852413
35000;-0.302474;0.0386266;-0.294718;0.0268744;-0.295265;0.00830899;-0.302817;0.00635753;-0.272009;0.0124416;-0.28824;0.0083899
36000;-0.297842;0.0377955;-0.292187;0.026386;-0.294659;0.00816317;-0.303202;0.00626224;-0.270802;0.0123345;-0.287711;0.00829006
37000;-0.298352;0.0373129;-0.291627;0.0260023;-0.294337;0.0080282;-0.302792;0.006167;-0.27152;0.0121431;-0.286888;0.00819278
38000;-0.301216;0.0369938;-0.291096;0.0256348;-0.293854;0.00789724;-0.302888;0.00607613;-0.272756;0.0119843;-0.286719;0.00808309
39000;-0.299292;0.0364004;-0.290592;0.0252824;-0.293275;0.00777233;-0.303976;0.006001;-0.275067;0.0117766;-0.286935;0.00797013
40000;-0.295203;0.0356977;-0.290679;0.0249681;-0.293418;0.00765948;-0.303412;0.00591623;-0.275952;0.0115965;-0.286869;0.00786656
41000;-0.295727;0.0352908;-0.292969;0.0247574;-0.294269;0.00755862;-0.302111;0.00582585;-0.276663;0.011438;-0.286211;0.00777351
42000;-0.296227;0.0348973;-0.292456;0.0244397;-0.293459;0.00744464;-0.30237;0.00575523;-0.275404;0.0113264;-0.285584;0.00768577
43000;-0.296703;0.0345167;-0.29302;0.0241768;-0.293747;0.00734717;-0.302731;0.0056868;-0.274718;0.0111972;-0.285457;0.00758881
44000;-0.297157;0.0341481;-0.291502;0.0238393;-0.293637;0.00725074;-0.303272;0.00562099;-0.275504;0.0110934;-0.285091;0.0074946
45000;-0.299602;0.0339043;-0.293067;0.0236353;-0.294373;0.00716293;-0.303175;0.00555364;-0.275422;0.0109646;-0.285442;0.00740725
46000;-0.299973;0.0335544;-0.294564;0.0234359;-0.294542;0.00707438;-0.302951;0.00548668;-0.275535;0.0108341;-0.285811;0.00731914
47000;-0.297441;0.033056;-0.291184;0.0230535;-0.294948;0.00699074;-0.302883;0.0054217;-0.274414;0.0107238;-0.285151;0.00725282
48000;-0.2969;0.0326803;-0.287946;0.0226866;-0.294703;0.00690332;-0.302962;0.00536139;-0.274574;0.0105854;-0.285435;0.00718349
49000;-0.300074;0.0325163;-0.287147;0.0224231;-0.294276;0.00681825;-0.302809;0.00529794;-0.275161;0.0104792;-0.285487;0.00711255
50000;-0.301311;0.0322554;-0.287738;0.0222203;-0.293984;0.00673698;-0.302404;0.00523719;-0.275613;0.0103504;-0.284864;0.00705413
51000;-0.301612;0.0319534;-0.29008;0.0220896;-0.2945;0.00666499;-0.301981;0.00517821;-0.275597;0.010261;-0.285338;0.00697087
52000;-0.302773;0.0317051;-0.287982;0.0217979;-0.295071;0.00659637;-0.301735;0.00512278;-0.276409;0.0101451;-0.283933;0.00692637
53000;-0.303889;0.031462;-0.289377;0.0216428;-0.294492;0.00652058;-0.301449;0.00506848;-0.276613;0.010036;-0.283462;0.00686962
54000;-0.301612;0.0310531;-0.288207;0.0213987;-0.294333;0.00645106;-0.301456;0.00501908;-0.276702;0.0099385;-0.283347;0.00681054
55000;-0.305177;0.0309496;-0.289137;0.0212369;-0.294486;0.00638364;-0.301453;0.00497082;-0.276174;0.00983543;-0.283448;0.00674527
56000;-0.306998;0.0307628;-0.288417;0.0210206;-0.294652;0.00632051;-0.301531;0.00492161;-0.275444;0.00975594;-0.282957;0.00668988
57000;-0.306375;0.030461;-0.284548;0.020697;-0.294541;0.00625596;-0.301413;0.00487489;-0.275908;0.00965658;-0.282178;0.00664972
58000;-0.304993;0.0301295;-0.285492;0.0205513;-0.294599;0.00619506;-0.301716;0.00483362;-0.275587;0.0095671;-0.282045;0.00659072
59000;-0.30289;0.0297706;-0.284487;0.020341;-0.294387;0.00613444;-0.301782;0.00479227;-0.275097;0.00948912;-0.28135;0.00654995
60000;-0.301612;0.0294596;-0.286532;0.0202422;-0.294659;0.00607862;-0.301483;0.00474622;-0.275214;0.00939488;-0.281671;0.00649231
61000;-0.302601;0.0292646;-0.287768;0.0201183;-0.294787;0.00602227;-0.301244;0.00470199;-0.275021;0.00931507;-0.281053;0.00644798
62000;-0.302099;0.0290037;-0.28787;0.0199589;-0.295156;0.00597126;-0.301154;0.00466216;-0.27467;0.00923875;-0.281232;0.00639033
63000;-0.301612;0.0287496;-0.285455;0.0197177;-0.294893;0.00591517;-0.301033;0.00462261;-0.273576;0.00917746;-0.28128;0.00633933
64000;-0.301141;0.028502;-0.284882;0.0195436;-0.294884;0.0058637;-0.300258;0.00457972;-0.274118;0.0090983;-0.281133;0.00629082
65000;-0.30138;0.028293;-0.286416;0.0194442;-0.295175;0.00581557;-0.300287;0.00454119;-0.273874;0.00904261;-0.281236;0.00623735
66000;-0.301612;0.0280886;-0.287217;0.0193229;-0.294776;0.005763;-0.300914;0.00450863;-0.273238;0.00896807;-0.281384;0.00618733
67000;-0.301162;0.0278575;-0.286982;0.0191704;-0.294968;0.0057161;-0.300778;0.00447233;-0.274694;0.0088962;-0.280582;0.00615598
68000;-0.30006;0.0276016;-0.286754;0.0190215;-0.294448;0.00566571;-0.30061;0.0044377;-0.274888;0.00883465;-0.28031;0.00611285
69000;-0.300301;0.0274118;-0.286532;0.0188759;-0.294355;0.00562027;-0.300728;0.00440379;-0.275109;0.00876761;-0.280865;0.00606303
70000;-0.299243;0.0271676;-0.285347;0.0187023;-0.29397;0.00557252;-0.300771;0.00437011;-0.275427;0.00870003;-0.280363;0.00602233
71000;-0.298214;0.0269295;-0.286107;0.0185945;-0.293609;0.00552549;-0.300667;0.00433639;-0.275556;0.00864123;-0.280564;0.00597931
72000;-0.297214;0.0266972;-0.284018;0.0183983;-0.293558;0.00548276;-0.300566;0.0043041;-0.275729;0.00857221;-0.280701;0.00593557
73000;-0.29934;0.0266078;-0.284466;0.0182861;-0.293501;0.00544105;-0.300384;0.0042711;-0.275302;0.00851787;-0.281302;0.00588902
74000;-0.298963;0.0264109;-0.285207;0.0181854;-0.293765;0.00540234;-0.300575;0.00424083;-0.27545;0.00845411;-0.281784;0.00583948
75000;-0.296787;0.0261392;-0.286833;0.0181145;-0.293698;0.00536249;-0.300658;0.00421215;-0.27565;0.00839429;-0.281353;0.00580639
76000;-0.294667;0.0258744;-0.286929;0.0179979;-0.293643;0.00532269;-0.300951;0.00418371;-0.274904;0.00835466;-0.281525;0.00576374
77000;-0.292016;0.0255906;-0.285846;0.0178473;-0.294082;0.00528807;-0.300588;0.00415227;-0.276289;0.00828764;-0.281635;0.00572495
78000;-0.290592;0.0253644;-0.285662;0.0177269;-0.293991;0.00524998;-0.300616;0.00412434;-0.276;0.00824789;-0.281584;0.00569417
79000;-0.289777;0.0251682;-0.283478;0.0175478;-0.29428;0.00521575;-0.30062;0.0040965;-0.275691;0.0082054;-0.281273;0.00565573
80000;-0.290113;0.0250248;-0.282762;0.017416;-0.294466;0.00518224;-0.300386;0.00406744;-0.276101;0.00814184;-0.280665;0.00562502
81000;-0.291;0.0249076;-0.283181;0.0173208;-0.294879;0.00514964;-0.300433;0.0040424;-0.276335;0.00808281;-0.280306;0.00559728
82000;-0.291865;0.0247918;-0.283313;0.0172188;-0.295446;0.00511817;-0.300576;0.00401721;-0.276542;0.00802661;-0.280573;0.00555592
83000;-0.289439;0.02454;-0.285078;0.0171673;-0.2958;0.00508683;-0.300522;0.00399181;-0.275388;0.00800812;-0.280536;0.00552088
84000;-0.289225;0.0243845;-0.284916;0.0170601;-0.295565;0.0050524;-0.300516;0.00396713;-0.275559;0.00795627;-0.280743;0.00548379
85000;-0.29008;0.0242763;-0.283959;0.0169313;-0.295762;0.00502145;-0.300506;0.00394244;-0.275231;0.00790984;-0.28022;0.00545841
86000;-0.289864;0.0241257;-0.285392;0.0168744;-0.295548;0.00498824;-0.300558;0.00391828;-0.275361;0.00786803;-0.280545;0.00542094
87000;-0.289132;0.0239566;-0.285752;0.0167876;-0.295521;0.00495686;-0.300397;0.00389436;-0.275992;0.00781595;-0.279967;0.00539524
88000;-0.289445;0.0238329;-0.285846;0.0166947;-0.295809;0.00492851;-0.300441;0.00387179;-0.276383;0.00775741;-0.280005;0.00535827
89000;-0.289751;0.0237111;-0.286193;0.0166105;-0.295833;0.00489875;-0.300232;0.00384824;-0.277028;0.00770621;-0.280258;0.00532794
90000;-0.289548;0.0235708;-0.285778;0.0165062;-0.296;0.00486999;-0.300162;0.00382533;-0.276978;0.00765984;-0.279938;0.00530113
91000;-0.289846;0.0234529;-0.284875;0.0163896;-0.295895;0.00483979;-0.300465;0.00380561;-0.27734;0.00760829;-0.279795;0.0052776
92000;-0.289646;0.0233171;-0.285466;0.016317;-0.295871;0.00481105;-0.300782;0.00378606;-0.277535;0.00755267;-0.279736;0.00524626
93000;-0.289451;0.0231836;-0.284343;0.0161974;-0.295692;0.00478144;-0.301012;0.00376672;-0.277889;0.0075123;-0.279587;0.00521721
94000;-0.288778;0.0230333;-0.284206;0.0161072;-0.296207;0.00475661;-0.301045;0.00374602;-0.27747;0.00748379;-0.279676;0.00518512
95000;-0.290024;0.0229608;-0.284309;0.0160251;-0.296107;0.00472883;-0.301219;0.00372596;-0.276761;0.00745651;-0.279522;0.00515642
96000;-0.287946;0.0227595;-0.284882;0.0159573;-0.295727;0.00470013;-0.301108;0.00370526;-0.2761;0.00742478;-0.279515;0.00512963
97000;-0.288242;0.0226534;-0.284977;0.0158774;-0.295609;0.00467331;-0.301106;0.00368538;-0.274942;0.00740136;-0.279445;0.00510148
98000;-0.288994;0.0225667;-0.284608;0.0157861;-0.295624;0.00464714;-0.301147;0.00366595;-0.274635;0.00736722;-0.279665;0.0050724
99000;-0.288817;0.0224456;-0.285389;0.0157274;-0.295613;0.00462146;-0.300928;0.0036459;-0.275101;0.00733133;-0.279573;0.00505386
100000;-0.286833;0.0222568;-0.285702;0.0156571;-0.295918;0.00459827;-0.300756;0.00362685;-0.275004;0.00729818;-0.279553;0.00502931
101000;-0.288025;0.022192;-0.285113;0.0155635;-0.295971;0.00457393;-0.301108;0.00360972;-0.275259;0.00725584;-0.279351;0.00500641
102000;-0.288306;0.0220936;-0.285645;0.0155013;-0.295923;0.00454981;-0.30082;0.00358962;-0.275235;0.00722227;-0.279537;0.00498086
103000;-0.289899;0.0220464;-0.284848;0.0154046;-0.296034;0.00452756;-0.300741;0.00357108;-0.275342;0.00718473;-0.279687;0.00495195
104000;-0.291462;0.0219988;-0.284937;0.0153327;-0.296246;0.00450493;-0.300681;0.0035526;-0.274746;0.00716091;-0.279699;0.00492839
105000;-0.292564;0.0219349;-0.285024;0.0152618;-0.296245;0.00448203;-0.300958;0.00353618;-0.274236;0.00712854;-0.279739;0.00490085
106000;-0.291938;0.021808;-0.285109;0.0151919;-0.296062;0.00445803;-0.300899;0.00351865;-0.274537;0.00708908;-0.279738;0.00487768
107000;-0.291747;0.0216987;-0.284559;0.0151063;-0.296204;0.00443679;-0.300615;0.00349995;-0.27455;0.00705107;-0.279726;0.00485309
108000;-0.290721;0.0215603;-0.284437;0.015033;-0.296308;0.00441568;-0.300786;0.00348442;-0.274477;0.00701756;-0.279628;0.00483017
109000;-0.290129;0.0214395;-0.284318;0.0149608;-0.296465;0.00439478;-0.300601;0.00346636;-0.274548;0.00698954;-0.280095;0.00480459
110000;-0.290371;0.0213506;-0.283996;0.0148843;-0.29681;0.00437531;-0.300562;0.00344948;-0.27425;0.00695625;-0.280527;0.00477675
111000;-0.289385;0.0212183;-0.28266;0.0147827;-0.296993;0.00435534;-0.300752;0.00343467;-0.274492;0.00692148;-0.280898;0.00475206
112000;-0.288821;0.0211029;-0.28256;0.014714;-0.296966;0.00433409;-0.300373;0.00341597;-0.273938;0.00689061;-0.280702;0.00473296
113000;-0.288667;0.0210038;-0.281861;0.0146308;-0.296986;0.0043144;-0.30015;0.00339975;-0.273486;0.00687361;-0.280869;0.00471027
114000;-0.2905;0.0209773;-0.281571;0.0145591;-0.296978;0.00429385;-0.300278;0.00338448;-0.273208;0.00685326;-0.28106;0.00468857
115000;-0.289941;0.020866;-0.281483;0.0144934;-0.297001;0.00427367;-0.300131;0.0033693;-0.273322;0.00681933;-0.280687;0.00467586
116000;-0.291342;0.0208256;-0.281787;0.0144385;-0.296736;0.00425221;-0.300288;0.00335506;-0.273334;0.00678795;-0.280172;0.00466198
117000;-0.291559;0.0207441;-0.282085;0.0143842;-0.296783;0.00423285;-0.300269;0.00333947;-0.272329;0.00676376;-0.280233;0.00464708
118000;-0.290238;0.0206095;-0.28142;0.0143064;-0.296839;0.00421389;-0.300273;0.00332474;-0.272147;0.00673694;-0.28027;0.00462813
119000;-0.2897;0.0205038;-0.281906;0.0142583;-0.29691;0.00419503;-0.300374;0.00331127;-0.272367;0.00670891;-0.280123;0.00460772
120000;-0.288794;0.0203864;-0.281442;0.0141873;-0.296837;0.00417606;-0.300369;0.00329668;-0.272523;0.00667557;-0.280047;0.00458812
121000;-0.288277;0.0202839;-0.28136;0.0141265;-0.29729;0.00415999;-0.3003;0.0032819;-0.272847;0.00664811;-0.280262;0.00456738
122000;-0.287768;0.0201829;-0.281835;0.0140802;-0.297318;0.00414193;-0.300172;0.00326744;-0.272566;0.00662836;-0.27975;0.00455329
123000;-0.288371;0.0201216;-0.282118;0.0140298;-0.297282;0.0041237;-0.300536;0.0032556;-0.271882;0.00660598;-0.279645;0.00453369
124000;-0.288235;0.0200356;-0.28185;0.0139665;-0.297087;0.00410509;-0.300728;0.00324254;-0.271708;0.00658193;-0.279763;0.00451446
125000;-0.287376;0.0199258;-0.281585;0.0139041;-0.296872;0.00408621;-0.300982;0.00323055;-0.271691;0.00655925;-0.279863;0.00449651
126000;-0.28725;0.0198422;-0.282582;0.013873;-0.296887;0.00406917;-0.301303;0.00321864;-0.271329;0.00653184;-0.280011;0.00447941
127000;-0.286413;0.0197353;-0.281604;0.0137946;-0.296822;0.00405215;-0.301259;0.00320535;-0.271131;0.00651436;-0.280372;0.00445935
128000;-0.28665;0.0196661;-0.281171;0.0137302;-0.296898;0.00403602;-0.301293;0.00319296;-0.271422;0.00648538;-0.280584;0.00443825
129000;-0.28548;0.01955;-0.281447;0.0136835;-0.297078;0.00402069;-0.301161;0.00317966;-0.271652;0.00645637;-0.280339;0.00442317
130000;-0.284328;0.0194356;-0.281196;0.0136248;-0.29711;0.00400469;-0.301188;0.00316782;-0.271744;0.00643062;-0.279879;0.00440936
131000;-0.284575;0.0193696;-0.28233;0.0135997;-0.296905;0.00398748;-0.301173;0.00315543;-0.27233;0.00639902;-0.280001;0.00438967
132000;-0.283447;0.0192581;-0.28259;0.0135542;-0.297128;0.00397269;-0.301211;0.00314281;-0.272615;0.00636729;-0.279825;0.00437162
133000;-0.283357;0.0191825;-0.283357;0.0135213;-0.296833;0.00395532;-0.301186;0.00313023;-0.272505;0.00634487;-0.279612;0.00435518
134000;-0.282593;0.0190851;-0.283099;0.0134647;-0.296826;0.00393962;-0.301448;0.00311951;-0.272563;0.00632155;-0.279552;0.00434015
135000;-0.282175;0.0190004;-0.282845;0.0134088;-0.297109;0.00392574;-0.301033;0.0031054;-0.272743;0.00629325;-0.278964;0.00432928
136000;-0.281764;0.0189167;-0.282263;0.0133458;-0.297224;0.00391094;-0.300943;0.00309262;-0.272796;0.00627001;-0.278975;0.00431418
137000;-0.280698;0.018812;-0.281854;0.0132875;-0.29775;0.00389881;-0.300628;0.00307994;-0.272563;0.00625144;-0.278789;0.00429782
138000;-0.281286;0.0187633;-0.28309;0.0132679;-0.297986;0.00388498;-0.300617;0.00306824;-0.272687;0.00622905;-0.27922;0.00427804
139000;-0.281216;0.0186933;-0.283006;0.0132181;-0.297736;0.0038688;-0.300502;0.00305605;-0.272803;0.00620381;-0.279008;0.00426602
140000;-0.280176;0.0185922;-0.2826;0.0131615;-0.297791;0.00385444;-0.300351;0.00304482;-0.273118;0.00618076;-0.278808;0.00425543
141000;-0.279794;0.0185136;-0.28204;0.0131019;-0.297935;0.00384035;-0.300265;0.00303362;-0.273354;0.00615644;-0.278951;0.00423866
142000;-0.279098;0.0184255;-0.281647;0.0130467;-0.298041;0.0038267;-0.300253;0.00302287;-0.273795;0.00612912;-0.278752;0.00422705
143000;-0.279993;0.0183902;-0.281259;0.0129922;-0.298154;0.00381318;-0.300273;0.00301227;-0.273908;0.00610744;-0.278852;0.00421051
144000;-0.278363;0.0182731;-0.280877;0.0129383;-0.298138;0.00379933;-0.300283;0.00300114;-0.274293;0.0060816;-0.27859;0.00419795
145000;-0.278003;0.0181983;-0.281124;0.0128992;-0.298214;0.00378584;-0.300192;0.00299033;-0.274256;0.00606143;-0.278534;0.00418407
146000;-0.278578;0.0181545;-0.282297;0.0128814;-0.298216;0.0037719;-0.300049;0.00297927;-0.274414;0.00604145;-0.278705;0.00416712
147000;-0.27853;0.0180911;-0.282069;0.0128324;-0.29851;0.00375969;-0.300216;0.0029699;-0.274454;0.00602076;-0.279067;0.00415119
148000;-0.277871;0.0180086;-0.282303;0.0127942;-0.298497;0.00374659;-0.3004;0.00296063;-0.275;0.00600018;-0.279186;0.00413804
149000;-0.279042;0.0179856;-0.282534;0.0127563;-0.298534;0.00373366;-0.300401;0.00295053;-0.275314;0.00597502;-0.279059;0.00412436
150000;-0.279293;0.0179336;-0.281706;0.0126953;-0.298537;0.00372048;-0.300358;0.00294002;-0.274944;0.00595505;-0.279182;0.00410857
151000;-0.278942;0.0178629;-0.28044;0.0126251;-0.298583;0.00370778;-0.300246;0.00292969;-0.274626;0.00593773;-0.279365;0.00409272
152000;-0.27919;0.017812;-0.280381;0.0125822;-0.298661;0.00369552;-0.300042;0.00291903;-0.274218;0.00592445;-0.279664;0.00407765
153000;-0.278844;0.0177427;-0.281357;0.0125626;-0.298533;0.00368218;-0.299985;0.00290888;-0.27434;0.00590444;-0.279734;0.00406548
154000;-0.278502;0.0176742;-0.281733;0.01253;-0.298475;0.00366914;-0.299998;0.00289965;-0.274528;0.00588545;-0.279748;0.00405097
155000;-0.278748;0.0176249;-0.281375;0.0124816;-0.298409;0.00365646;-0.299903;0.00288985;-0.274379;0.0058634;-0.279473;0.00403914
156000;-0.278992;0.0175759;-0.281457;0.0124434;-0.298468;0.00364438;-0.299761;0.00287955;-0.274007;0.00585372;-0.279363;0.00402636
157000;-0.279232;0.0175273;-0.281249;0.0123991;-0.298513;0.00363256;-0.299899;0.00287045;-0.274569;0.00582893;-0.279225;0.00401474
158000;-0.279182;0.0174702;-0.281187;0.0123585;-0.298574;0.00362104;-0.299639;0.00285987;-0.274729;0.00581115;-0.279049;0.00400383
159000;-0.278565;0.0173961;-0.281126;0.0123182;-0.298802;0.00361016;-0.299563;0.00285024;-0.274836;0.00579136;-0.278932;0.00399188
160000;-0.279086;0.0173577;-0.281631;0.0122906;-0.298672;0.00359777;-0.299558;0.00284106;-0.275001;0.00577361;-0.278724;0.00398025
161000;-0.279038;0.0173023;-0.282551;0.0122721;-0.29856;0.00358578;-0.299424;0.00283112;-0.274802;0.00575257;-0.27846;0.00397127
162000;-0.278154;0.0172216;-0.282203;0.0122267;-0.298893;0.00357593;-0.299438;0.00282232;-0.27453;0.0057382;-0.278717;0.00395649
163000;-0.278113;0.0171674;-0.281998;0.0121848;-0.298902;0.00356461;-0.299428;0.00281351;-0.274756;0.00572001;-0.278836;0.0039438
164000;-0.277796;0.0171053;-0.282486;0.0121579;-0.298976;0.00355359;-0.299475;0.00280462;-0.274491;0.00570396;-0.279067;0.00392992
165000;-0.276935;0.0170271;-0.28283;0.0121283;-0.299238;0.00354362;-0.299551;0.00279557;-0.274464;0.00568311;-0.278958;0.00392033
166000;-0.277175;0.0169831;-0.282625;0.0120874;-0.299556;0.00353383;-0.299488;0.00278685;-0.27463;0.00566286;-0.279259;0.00390616
167000;-0.278224;0.016964;-0.282829;0.0120555;-0.299465;0.00352252;-0.299454;0.00277881;-0.274691;0.00564685;-0.27929;0.00389405
168000;-0.277914;0.016904;-0.283031;0.0120238;-0.299691;0.00351265;-0.299479;0.00277047;-0.27454;0.00563373;-0.27945;0.0038817
169000;-0.276805;0.0168205;-0.282829;0.0119839;-0.299399;0.00350027;-0.299432;0.00276189;-0.274778;0.00561396;-0.279434;0.00387064
170000;-0.276774;0.01677;-0.282363;0.0119389;-0.29935;0.00348942;-0.299442;0.00275359;-0.274785;0.00559717;-0.279432;0.00385778
171000;-0.275949;0.0166961;-0.282828;0.0119136;-0.299156;0.00347782;-0.299328;0.00274508;-0.274891;0.00557822;-0.279463;0.00384694
172000;-0.276449;0.0166625;-0.283288;0.0118885;-0.299373;0.00346819;-0.299154;0.0027359;-0.275141;0.00555748;-0.279451;0.00383518
173000;-0.276681;0.0166212;-0.282827;0.0118445;-0.299282;0.00345697;-0.299163;0.00272811;-0.275724;0.00553613;-0.279532;0.00382353
174000;-0.276651;0.0165725;-0.282502;0.0118037;-0.299591;0.00344833;-0.299168;0.00271997;-0.275171;0.00552637;-0.279332;0.00381724
175000;-0.27688;0.0165319;-0.28218;0.0117633;-0.299629;0.00343795;-0.299204;0.00271218;-0.27534;0.00550968;-0.279293;0.0038068
176000;-0.276849;0.0164839;-0.282248;0.0117313;-0.299873;0.00342882;-0.299227;0.00270454;-0.27538;0.00549331;-0.279029;0.00379693
177000;-0.276308;0.0164213;-0.282059;0.0116942;-0.300074;0.00341977;-0.29936;0.00269708;-0.275578;0.00547709;-0.279063;0.00378654
178000;-0.276789;0.0163893;-0.283143;0.0116834;-0.29997;0.0034093;-0.29919;0.00268903;-0.275826;0.0054591;-0.279038;0.00377889
179000;-0.277012;0.0163499;-0.283204;0.011652;-0.29978;0.00339857;-0.299233;0.00268133;-0.275502;0.00545242;-0.279116;0.0037668
180000;-0.276478;0.0162889;-0.282762;0.0116106;-0.299601;0.00338807;-0.299216;0.00267353;-0.275613;0.00543527;-0.279177;0.00375562
181000;-0.2767;0.0162503;-0.282574;0.0115747;-0.299582;0.00337786;-0.299187;0.00266606;-0.275865;0.00541963;-0.279251;0.00374563
182000;-0.27692;0.016212;-0.282389;0.0115391;-0.299555;0.00336796;-0.299228;0.00265922;-0.276057;0.00540147;-0.279105;0.00373538
183000;-0.277879;0.0161954;-0.281835;0.0114964;-0.299478;0.00335785;-0.299293;0.00265217;-0.275974;0.00539106;-0.279254;0.0037265
184000;-0.278336;0.0161645;-0.282024;0.0114689;-0.299495;0.00334812;-0.299312;0.00264522;-0.276259;0.00537465;-0.279471;0.00371527
185000;-0.277076;0.0160845;-0.281967;0.0114367;-0.29951;0.0033388;-0.299372;0.00263812;-0.276214;0.00536046;-0.279484;0.00370358
186000;-0.276559;0.0160263;-0.282762;0.0114218;-0.299367;0.0033288;-0.299368;0.00263074;-0.276118;0.00534475;-0.279432;0.00369364
187000;-0.275564;0.0159548;-0.282459;0.0113852;-0.299251;0.00331915;-0.299443;0.00262384;-0.276286;0.00533125;-0.279402;0.00368561
188000;-0.275783;0.0159186;-0.28204;0.0113466;-0.299091;0.00330899;-0.299524;0.0026169;-0.276365;0.00531411;-0.279567;0.00367397
189000;-0.276239;0.0158895;-0.282462;0.0113249;-0.29916;0.00330004;-0.299625;0.00261027;-0.276365;0.00529932;-0.279672;0.00366296
190000;-0.275499;0.0158265;-0.282285;0.0112915;-0.298998;0.00329025;-0.299618;0.00260303;-0.276578;0.00528352;-0.279572;0.00365408
191000;-0.275241;0.0157777;-0.28211;0.0112585;-0.299039;0.00328157;-0.299626;0.00259616;-0.276748;0.00527412;-0.27952;0.00364601
192000;-0.274279;0.0157091;-0.282526;0.0112373;-0.298978;0.00327243;-0.299535;0.00258924;-0.276384;0.00526114;-0.27961;0.00363509
193000;-0.274967;0.0156879;-0.282586;0.0112093;-0.29921;0.00326475;-0.299554;0.00258231;-0.276306;0.00524436;-0.279595;0.00362727
194000;-0.274949;0.0156469;-0.282762;0.0111838;-0.299051;0.00325517;-0.299547;0.0025757;-0.276099;0.00523365;-0.279451;0.00361975
195000;-0.274699;0.0155997;-0.282936;0.0111585;-0.299055;0.00324642;-0.299515;0.00256905;-0.276116;0.00522165;-0.279573;0.00360989
196000;-0.274221;0.0155464;-0.282646;0.0111244;-0.299039;0.00323753;-0.299558;0.0025628;-0.275902;0.00520795;-0.279661;0.00360052
197000;-0.274666;0.0155194;-0.283278;0.0111084;-0.298927;0.00322848;-0.299705;0.00255701;-0.275975;0.00519472;-0.279672;0.00359013
198000;-0.274422;0.0154733;-0.284133;0.0110967;-0.298907;0.00321988;-0.299808;0.00255071;-0.276125;0.00518405;-0.279522;0.00358189
199000;-0.275998;0.0154784;-0.283501;0.0110567;-0.298985;0.0032116;-0.299979;0.00254455;-0.276246;0.0051718;-0.279535;0.00357279
200000;-0.276654;0.0154578;-0.283667;0.0110322;-0.298905;0.00320291;-0.300127;0.00253894;-0.276348;0.00515847;-0.279647;0.00356328
201000;-0.276628;0.0154186;-0.284168;0.0110143;-0.298962;0.00319475;-0.300201;0.00253289;-0.27638;0.00514657;-0.279435;0.00355553
202000;-0.276379;0.0153735;-0.284217;0.0109879;-0.298929;0.00318633;-0.300192;0.00252664;-0.275878;0.00514152;-0.279368;0.00354771
203000;-0.276131;0.0153288;-0.283709;0.0109512;-0.298955;0.00317794;-0.300158;0.00252012;-0.275695;0.00512931;-0.279314;0.00353954
204000;-0.275887;0.0152844;-0.283205;0.0109147;-0.299107;0.00317061;-0.300051;0.00251349;-0.275526;0.00511696;-0.279452;0.00352965
205000;-0.275424;0.0152344;-0.283038;0.0108849;-0.299054;0.00316262;-0.299956;0.00250712;-0.275849;0.00510234;-0.279109;0.00352315
206000;-0.275404;0.0151968;-0.282652;0.0108511;-0.299111;0.00315483;-0.299977;0.00250113;-0.275972;0.00508846;-0.278925;0.00351541
207000;-0.275385;0.0151596;-0.283035;0.0108321;-0.299034;0.0031468;-0.299892;0.00249474;-0.275621;0.00508112;-0.278793;0.00350751
208000;-0.275584;0.0151285;-0.283088;0.010807;-0.298944;0.00313852;-0.299852;0.00248868;-0.275612;0.00506792;-0.278806;0.00349932
209000;-0.275997;0.0151035;-0.282924;0.0107781;-0.298838;0.00313017;-0.30001;0.00248321;-0.275748;0.00505427;-0.278717;0.00349173
210000;-0.276406;0.0150786;-0.283408;0.0107615;-0.2988;0.0031224;-0.30003;0.00247732;-0.275935;0.00504086;-0.278615;0.00348389
211000;-0.276597;0.015048;-0.284102;0.0107489;-0.29874;0.00311442;-0.300095;0.00247174;-0.275898;0.00502851;-0.27851;0.00347619
212000;-0.27636;0.015006;-0.284042;0.0107224;-0.298784;0.003107;-0.299918;0.00246522;-0.275584;0.00501807;-0.278682;0.00346569
213000;-0.276761;0.0149816;-0.283771;0.0106921;-0.298892;0.00310005;-0.299879;0.00245942;-0.275707;0.00500463;-0.278728;0.00345662
214000;-0.277159;0.0149572;-0.283502;0.0106621;-0.298817;0.0030922;-0.300008;0.00245408;-0.275895;0.00499107;-0.278856;0.00344722
215000;-0.277133;0.0149217;-0.28334;0.0106343;-0.298838;0.00308481;-0.299977;0.00244831;-0.275873;0.00498217;-0.278865;0.00343897
216000;-0.276478;0.0148696;-0.282657;0.010597;-0.29894;0.00307779;-0.299973;0.00244247;-0.275713;0.0049685;-0.278812;0.00343128
217000;-0.276663;0.0148403;-0.282188;0.0105639;-0.298982;0.00307067;-0.300054;0.00243691;-0.275578;0.00495976;-0.278816;0.00342243
218000;-0.276847;0.0148111;-0.282243;0.0105407;-0.299055;0.00306381;-0.300022;0.0024312;-0.275849;0.00494499;-0.278753;0.00341494
219000;-0.277236;0.0147875;-0.281987;0.0105119;-0.299052;0.0030566;-0.299881;0.00242497;-0.275871;0.00493285;-0.278637;0.00340767
220000;-0.277415;0.0147586;-0.281733;0.0104833;-0.298945;0.00304889;-0.299947;0.00241965;-0.275926;0.00492116;-0.278625;0.00339951
221000;-0.276979;0.0147137;-0.281585;0.0104568;-0.299063;0.00304201;-0.300048;0.00241438;-0.275994;0.00491071;-0.27862;0.00339122
222000;-0.276954;0.0146798;-0.281947;0.0104399;-0.299043;0.00303476;-0.299982;0.00240869;-0.275928;0.00489808;-0.278849;0.00338256
223000;-0.276523;0.0146356;-0.281494;0.0104082;-0.299036;0.00302759;-0.300036;0.00240341;-0.275995;0.004888;-0.278836;0.00337409
224000;-0.275895;0.0145864;-0.281247;0.0103804;-0.299085;0.00302074;-0.300123;0.00239842;-0.276198;0.00487541;-0.279002;0.00336464
225000;-0.275875;0.0145534;-0.281002;0.0103529;-0.298909;0.00301302;-0.300215;0.00239343;-0.275794;0.00487052;-0.279161;0.00335663
226000;-0.275855;0.0145206;-0.28096;0.0103292;-0.29894;0.0030062;-0.300207;0.00238806;-0.275969;0.00485848;-0.279225;0.00334769
227000;-0.274839;0.0144621;-0.281217;0.0103111;-0.299021;0.00299931;-0.300017;0.00238196;-0.276242;0.00484303;-0.279213;0.00334098
228000;-0.275618;0.0144506;-0.281174;0.0102877;-0.29902;0.00299253;-0.300112;0.00237721;-0.27607;0.00483384;-0.279132;0.00333382
229000;-0.276785;0.0144494;-0.281033;0.0102626;-0.298957;0.00298574;-0.29996;0.00237137;-0.276272;0.00482045;-0.279161;0.00332768
230000;-0.276762;0.0144173;-0.281286;0.0102449;-0.298985;0.00297888;-0.300009;0.00236603;-0.276367;0.00481027;-0.279186;0.00331992
231000;-0.277523;0.0144057;-0.281048;0.0102184;-0.299232;0.00297315;-0.300083;0.00236131;-0.276242;0.0048027;-0.27936;0.00331119
232000;-0.277691;0.014379;-0.281104;0.0101973;-0.299046;0.00296561;-0.299956;0.00235571;-0.275928;0.00479761;-0.279388;0.00330407
233000;-0.277276;0.0143374;-0.28116;0.0101764;-0.298973;0.00295861;-0.299968;0.00235067;-0.276049;0.00478593;-0.279355;0.00329531
234000;-0.277251;0.0143061;-0.281795;0.010166;-0.299148;0.00295281;-0.299927;0.00234529;-0.275966;0.0047767;-0.279328;0.00328906
235000;-0.277034;0.0142701;-0.281655;0.0101418;-0.299224;0.00294671;-0.299947;0.00233986;-0.276162;0.0047642;-0.279289;0.00328385
236000;-0.276819;0.0142343;-0.28142;0.0101161;-0.299194;0.00294018;-0.299991;0.00233493;-0.275951;0.00475752;-0.279367;0.00327695
237000;-0.276605;0.0141988;-0.281282;0.0100923;-0.299051;0.00293306;-0.299964;0.00232962;-0.27595;0.00474776;-0.27938;0.00327081
238000;-0.276774;0.0141732;-0.280956;0.0100654;-0.299122;0.00292697;-0.299893;0.00232441;-0.27573;0.00473914;-0.279449;0.003263
239000;-0.276941;0.0141478;-0.280916;0.0100436;-0.299147;0.00292064;-0.299907;0.00231945;-0.275872;0.00472729;-0.279463;0.00325594
240000;-0.277106;0.0141225;-0.281159;0.0100269;-0.299139;0.00291429;-0.299846;0.00231445;-0.275844;0.00471808;-0.27948;0.00324851
241000;-0.277646;0.0141068;-0.28065;0.00999713;-0.299085;0.00290785;-0.299833;0.00230955;-0.276064;0.0047065;-0.279348;0.00324214
242000;-0.27706;0.0140628;-0.280425;0.0099725;-0.299011;0.00290127;-0.299998;0.00230568;-0.276093;0.00469607;-0.279274;0.00323684
243000;-0.27685;0.0140286;-0.280667;0.0099562;-0.298952;0.00289479;-0.299964;0.00230075;-0.275901;0.00468906;-0.279075;0.00323287
244000;-0.276272;0.0139853;-0.281186;0.00994484;-0.298753;0.00288784;-0.299983;0.00229625;-0.275922;0.00467742;-0.278883;0.00322644
245000;-0.276991;0.0139747;-0.281054;0.00992222;-0.298759;0.00288181;-0.300192;0.00229228;-0.275975;0.00466856;-0.278894;0.00321913
246000;-0.276785;0.0139411;-0.281382;0.00990775;-0.298695;0.00287561;-0.300206;0.00228767;-0.275967;0.00465922;-0.279012;0.00321124
247000;-0.276763;0.0139123;-0.281983;0.00989809;-0.298677;0.00286954;-0.30003;0.00228225;-0.275718;0.00465038;-0.279168;0.0032032
248000;-0.276742;0.0138837;-0.281941;0.00987738;-0.298575;0.00286339;-0.300069;0.00227751;-0.275715;0.00464014;-0.279128;0.00319749
249000;-0.276175;0.0138417;-0.281808;0.00985523;-0.298445;0.0028569;-0.3001;0.00227308;-0.275719;0.00463154;-0.279112;0.00319129
250000;-0.276156;0.0138135;-0.28249;0.00984725;-0.298433;0.00285088;-0.300002;0.00226802;-0.275876;0.00462237;-0.279011;0.00318535
251000;-0.275056;0.0137587;-0.282627;0.00982996;-0.298316;0.00284455;-0.299935;0.00226314;-0.275686;0.0046143;-0.278982;0.00317868
252000;-0.274862;0.0137265;-0.282762;0.00981275;-0.298455;0.00283932;-0.299865;0.00225857;-0.275823;0.00460485;-0.278934;0.00317282
253000;-0.274849;0.0136991;-0.282717;0.00979257;-0.298583;0.00283396;-0.299791;0.00225382;-0.275908;0.00459644;-0.278902;0.00316787
254000;-0.275192;0.0136805;-0.282851;0.00977556;-0.298534;0.00282811;-0.299861;0.00224953;-0.275939;0.00458895;-0.27887;0.00316139
255000;-0.275177;0.0136533;-0.282717;0.0097541;-0.298639;0.00282274;-0.299893;0.00224514;-0.275919;0.00457964;-0.278997;0.00315382
256000;-0.275162;0.0136263;-0.282497;0.00973128;-0.29861;0.00281694;-0.299923;0.00224046;-0.275834;0.00457273;-0.278992;0.0031478
257000;-0.274796;0.0135907;-0.281926;0.00970263;-0.298527;0.00281111;-0.300014;0.00223652;-0.275756;0.00456224;-0.279051;0.00314127
258000;-0.274783;0.013564;-0.281534;0.00967717;-0.298514;0.00280546;-0.300071;0.00223246;-0.275923;0.00455162;-0.278901;0.00313701
259000;-0.274246;0.0135247;-0.281233;0.00965337;-0.298662;0.00280049;-0.300079;0.00222832;-0.276063;0.00454091;-0.278738;0.00313232
260000;-0.273713;0.0134856;-0.281631;0.00964151;-0.298664;0.00279496;-0.299966;0.0022236;-0.276013;0.00453192;-0.278829;0.00312581
261000;-0.273878;0.0134638;-0.281592;0.00962236;-0.298753;0.00278984;-0.299959;0.00221941;-0.275865;0.00452298;-0.278884;0.00311895
262000;-0.274041;0.013442;-0.28138;0.00960042;-0.298727;0.00278422;-0.299933;0.00221512;-0.275825;0.00451485;-0.278915;0.00311202
263000;-0.27386;0.013412;-0.281343;0.00958152;-0.298618;0.00277829;-0.299978;0.00221098;-0.275827;0.00450518;-0.278999;0.00310513
264000;-0.274536;0.013403;-0.281476;0.0095656;-0.29859;0.00277277;-0.299943;0.00220653;-0.27585;0.00449618;-0.279067;0.00309921
265000;-0.274354;0.0133733;-0.281097;0.00954118;-0.298557;0.00276732;-0.299877;0.00220202;-0.275969;0.00448631;-0.279052;0.00309265
266000;-0.274683;0.0133561;-0.280721;0.00951693;-0.298559;0.00276184;-0.299878;0.00219797;-0.276353;0.00447494;-0.279003;0.0030873
267000;-0.27484;0.0133349;-0.280601;0.0094971;-0.298374;0.00275576;-0.299831;0.00219357;-0.276178;0.00447104;-0.279054;0.00308051
268000;-0.273983;0.0132893;-0.280567;0.00947879;-0.298396;0.00275059;-0.299958;0.00218962;-0.276289;0.00446315;-0.27915;0.00307405
269000;-0.274142;0.0132684;-0.280449;0.00945919;-0.298429;0.00274534;-0.299876;0.00218531;-0.27628;0.00445567;-0.278873;0.00307052
270000;-0.273797;0.0132355;-0.280248;0.00943832;-0.298445;0.00274011;-0.299894;0.00218131;-0.276205;0.00444917;-0.278687;0.0030652
271000;-0.273955;0.0132149;-0.280049;0.00941758;-0.29847;0.0027351;-0.29986;0.00217691;-0.276264;0.0044401;-0.278816;0.00305828
272000;-0.273614;0.0131824;-0.280017;0.00939973;-0.298336;0.00272938;-0.299747;0.00217248;-0.27629;0.00443136;-0.279058;0.00305141
273000;-0.27344;0.0131541;-0.280152;0.00938472;-0.29839;0.00272441;-0.2998;0.00216866;-0.27643;0.00442088;-0.279144;0.00304486
274000;-0.273268;0.0131259;-0.27979;0.0093616;-0.298429;0.00271936;-0.299762;0.00216439;-0.276551;0.00441294;-0.279185;0.00303911
275000;-0.273096;0.013098;-0.279513;0.00933999;-0.298425;0.0027144;-0.299762;0.00216017;-0.276594;0.00440464;-0.279225;0.00303344
276000;-0.272927;0.0130702;-0.279155;0.00931718;-0.29839;0.00270927;-0.299658;0.00215591;-0.276595;0.00439667;-0.279322;0.00302702
277000;-0.272268;0.0130309;-0.278883;0.00929585;-0.298392;0.00270427;-0.299678;0.00215189;-0.276446;0.00438933;-0.279274;0.00302123
278000;-0.272428;0.0130112;-0.279263;0.00928536;-0.298443;0.00269937;-0.299569;0.00214762;-0.276476;0.00438158;-0.279335;0.00301527
279000;-0.272748;0.0129955;-0.279154;0.00926692;-0.298325;0.00269385;-0.299591;0.0021438;-0.276501;0.00437348;-0.279329;0.00301041
280000;-0.272744;0.0129722;-0.279126;0.00924991;-0.298345;0.00268902;-0.299599;0.00213979;-0.276347;0.00436626;-0.27935;0.00300449
281000;-0.273061;0.0129566;-0.279099;0.00923299;-0.298286;0.00268389;-0.299728;0.00213636;-0.276577;0.00435851;-0.27943;0.00299863
282000;-0.273376;0.012941;-0.278911;0.00921354;-0.298303;0.00267915;-0.299574;0.00213187;-0.276793;0.00434895;-0.279377;0.00299347
283000;-0.27305;0.0129104;-0.279045;0.00919942;-0.298265;0.00267405;-0.299506;0.00212788;-0.276567;0.0043417;-0.279303;0.00298846
284000;-0.272885;0.0128838;-0.279257;0.00918666;-0.298165;0.00266886;-0.299477;0.00212408;-0.276538;0.00433265;-0.279343;0.00298271
285000;-0.272404;0.0128499;-0.279865;0.00918037;-0.29803;0.00266346;-0.299453;0.00211987;-0.2767;0.00432445;-0.279235;0.00297717
286000;-0.271926;0.0128162;-0.279993;0.00916639;-0.298056;0.00265888;-0.299495;0.0021162;-0.276814;0.00431546;-0.279119;0.00297303
287000;-0.272082;0.0127975;-0.280594;0.0091601;-0.298082;0.00265422;-0.29952;0.0021126;-0.276872;0.00430736;-0.279178;0.0029673
288000;-0.271451;0.0127606;-0.281034;0.00915125;-0.298183;0.00264982;-0.299546;0.00210893;-0.276993;0.00429794;-0.279048;0.00296268
289000;-0.272077;0.0127531;-0.280922;0.00913362;-0.298255;0.00264535;-0.299534;0.00210522;-0.276978;0.00429187;-0.278964;0.00295871
290000;-0.272075;0.012731;-0.280812;0.00911608;-0.298194;0.00264052;-0.299659;0.00210187;-0.276801;0.00428505;-0.279114;0.0029532
291000;-0.272229;0.0127127;-0.280779;0.00909989;-0.297957;0.00263508;-0.299607;0.00209801;-0.276829;0.00427917;-0.279131;0.00294814
292000;-0.272226;0.0126908;-0.280748;0.00908378;-0.298038;0.00263068;-0.299424;0.00209379;-0.27672;0.00427281;-0.279187;0.00294238
293000;-0.27176;0.0126584;-0.28033;0.0090616;-0.298073;0.00262634;-0.299438;0.0020901;-0.27672;0.00426583;-0.279273;0.00293613
294000;-0.271605;0.0126332;-0.280607;0.0090506;-0.298081;0.00262175;-0.299423;0.0020865;-0.276772;0.00425793;-0.279171;0.00293202
295000;-0.271605;0.0126118;-0.28073;0.00903719;-0.298005;0.00261685;-0.299466;0.00208313;-0.27687;0.00424941;-0.279125;0.00292798
296000;-0.271451;0.0125869;-0.280316;0.00901535;-0.298058;0.00261252;-0.299506;0.00207995;-0.27711;0.0042406;-0.279098;0.00292398
297000;-0.271299;0.0125622;-0.28021;0.00899848;-0.29812;0.00260822;-0.299551;0.00207666;-0.276976;0.00423466;-0.279131;0.00291873
298000;-0.271907;0.0125551;-0.279801;0.00897689;-0.298177;0.00260389;-0.299526;0.00207302;-0.277009;0.00422602;-0.278916;0.00291641
299000;-0.272056;0.0125375;-0.279849;0.00896262;-0.298136;0.00259926;-0.299473;0.00206924;-0.276942;0.00421928;-0.278975;0.00291117
300000;-0.272205;0.01252;-0.279972;0.00894961;-0.298321;0.00259558;-0.299475;0.00206576;-0.277143;0.00421199;-0.278943;0.00290591
301000;-0.272353;0.0125026;-0.280394;0.00894139;-0.298364;0.00259138;-0.299571;0.00206237;-0.277249;0.00420367;-0.278988;0.00290128
302000;-0.2722;0.0124784;-0.280365;0.00892611;-0.298276;0.00258657;-0.299608;0.00205901;-0.277213;0.0041971;-0.27896;0.00289635
303000;-0.271899;0.0124509;-0.280485;0.00891325;-0.298257;0.00258212;-0.299553;0.00205544;-0.277393;0.00418836;-0.278983;0.00289173
304000;-0.272047;0.0124338;-0.281125;0.00890859;-0.298207;0.0025775;-0.299565;0.0020519;-0.277029;0.00418307;-0.279042;0.00288618
305000;-0.271155;0.0123931;-0.28087;0.00889001;-0.298281;0.00257336;-0.299609;0.00204884;-0.277214;0.00417597;-0.279173;0.0028806
306000;-0.271156;0.0123729;-0.281283;0.00888191;-0.298345;0.00256933;-0.299551;0.00204534;-0.277236;0.00416971;-0.279228;0.00287581
307000;-0.271009;0.0123494;-0.281399;0.00886922;-0.298342;0.00256504;-0.299605;0.00204226;-0.277039;0.00416512;-0.279211;0.00287088
308000;-0.271011;0.0123293;-0.281146;0.00885089;-0.298281;0.00256051;-0.299522;0.00203872;-0.277054;0.0041591;-0.279094;0.00286724
309000;-0.271158;0.0123127;-0.281261;0.00883834;-0.298142;0.00255571;-0.299509;0.0020353;-0.277082;0.00415249;-0.278893;0.00286349
310000;-0.271305;0.0122962;-0.281302;0.00882471;-0.298082;0.00255133;-0.299502;0.0020319;-0.277102;0.00414559;-0.278942;0.00285888
311000;-0.271451;0.0122796;-0.281343;0.00881115;-0.297914;0.00254648;-0.299543;0.00202876;-0.277263;0.00413771;-0.278916;0.00285405
312000;-0.271306;0.0122567;-0.281167;0.00879429;-0.297928;0.00254226;-0.299588;0.0020255;-0.277109;0.00413318;-0.278776;0.00285056
313000;-0.271596;0.0122436;-0.280991;0.00877752;-0.298015;0.00253838;-0.299514;0.00202192;-0.277087;0.00412553;-0.278689;0.00284632
314000;-0.271739;0.0122273;-0.280745;0.00875974;-0.298002;0.00253419;-0.299521;0.00201851;-0.277022;0.00411826;-0.278845;0.00284052
315000;-0.271451;0.0122014;-0.281002;0.00874978;-0.297882;0.00252946;-0.299461;0.00201518;-0.276934;0.00411395;-0.278826;0.0028365
316000;-0.271594;0.0121853;-0.280972;0.00873546;-0.297761;0.00252496;-0.299355;0.00201179;-0.276817;0.00410755;-0.278668;0.00283211
317000;-0.271309;0.0121597;-0.28137;0.00872777;-0.297747;0.00252087;-0.29938;0.00200859;-0.276932;0.00409935;-0.27864;0.0028272
318000;-0.271309;0.0121406;-0.28141;0.00871465;-0.29775;0.00251674;-0.299355;0.00200536;-0.27704;0.00409171;-0.278604;0.00282282
319000;-0.271451;0.0121247;-0.28145;0.00870159;-0.297778;0.00251265;-0.29936;0.00200229;-0.276791;0.00408588;-0.278451;0.00281925
320000;-0.271027;0.0120963;-0.281277;0.00868535;-0.297875;0.00250897;-0.299249;0.00199885;-0.276899;0.00407957;-0.278377;0.00281561
321000;-0.27131;0.0120837;-0.281388;0.00867349;-0.297763;0.00250466;-0.299168;0.00199557;-0.276962;0.00407316;-0.278317;0.0028109
322000;-0.271311;0.012065;-0.281216;0.00865741;-0.297869;0.00250099;-0.299087;0.00199205;-0.277085;0.00406564;-0.278298;0.00280622
323000;-0.271311;0.0120463;-0.280906;0.00863928;-0.297934;0.00249732;-0.299118;0.00198921;-0.277039;0.00406055;-0.278359;0.00280136
324000;-0.271591;0.0120339;-0.280807;0.00862444;-0.297879;0.00249324;-0.29916;0.00198619;-0.277051;0.00405427;-0.278358;0.00279746
325000;-0.271312;0.0120092;-0.281265;0.0086181;-0.297861;0.00248914;-0.2991;0.00198295;-0.276866;0.00404933;-0.27828;0.00279366
326000;-0.270619;0.0119755;-0.281374;0.00860651;-0.297904;0.00248534;-0.299046;0.00197969;-0.276934;0.0040417;-0.278385;0.0027888
327000;-0.270483;0.0119542;-0.281482;0.00859497;-0.297833;0.00248124;-0.298909;0.00197607;-0.277089;0.00403477;-0.278347;0.0027848
328000;-0.27021;0.01193;-0.281244;0.00857828;-0.297783;0.00247709;-0.29888;0.00197282;-0.277148;0.00402774;-0.278273;0.00278076
329000;-0.270076;0.0119089;-0.281008;0.00856169;-0.297786;0.00247322;-0.298933;0.00196997;-0.277094;0.0040216;-0.278306;0.00277646
330000;-0.269532;0.0118789;-0.281048;0.0085493;-0.297686;0.00246896;-0.29889;0.00196691;-0.276972;0.0040169;-0.278272;0.00277251
331000;-0.269674;0.0118641;-0.281156;0.00853799;-0.297701;0.00246524;-0.298985;0.00196401;-0.276878;0.00400995;-0.278222;0.00276925
332000;-0.269816;0.0118493;-0.281195;0.0085257;-0.29776;0.00246153;-0.298955;0.00196094;-0.277061;0.00400211;-0.278268;0.00276411
333000;-0.269413;0.0118227;-0.281029;0.00851042;-0.297715;0.00245744;-0.298854;0.00195763;-0.276945;0.00399615;-0.278293;0.00275916
334000;-0.269013;0.0117963;-0.281272;0.00850129;-0.297699;0.00245363;-0.298909;0.00195478;-0.276694;0.00399208;-0.278284;0.00275553
335000;-0.268615;0.01177;-0.281648;0.00849419;-0.297699;0.0024498;-0.298882;0.00195195;-0.276772;0.00398621;-0.278357;0.0027509
336000;-0.268624;0.0117527;-0.281617;0.00848109;-0.297613;0.00244577;-0.298862;0.00194889;-0.276647;0.00398052;-0.278372;0.0027467
337000;-0.268632;0.0117354;-0.281453;0.00846605;-0.297622;0.00244203;-0.298902;0.00194613;-0.276723;0.00397362;-0.278248;0.00274371
338000;-0.269042;0.0117269;-0.281557;0.00845507;-0.297679;0.0024386;-0.298902;0.00194299;-0.276953;0.00396701;-0.278257;0.00273973
339000;-0.269583;0.0117213;-0.281527;0.00844215;-0.297599;0.00243468;-0.298818;0.00193979;-0.276878;0.00396125;-0.278326;0.00273516
340000;-0.269455;0.0117013;-0.281697;0.00843223;-0.297656;0.0024312;-0.298914;0.00193714;-0.277001;0.00395476;-0.278292;0.00273097
341000;-0.269328;0.0116814;-0.281468;0.00841648;-0.297654;0.0024275;-0.298898;0.00193423;-0.277041;0.00394882;-0.278272;0.00272739
342000;-0.269335;0.0116644;-0.28177;0.00840861;-0.297722;0.00242413;-0.29899;0.00193159;-0.276875;0.00394417;-0.278279;0.00272319
343000;-0.269473;0.0116504;-0.281542;0.00839299;-0.29764;0.00242018;-0.298916;0.0019286;-0.27686;0.00393792;-0.278324;0.00271846
344000;-0.269742;0.0116392;-0.281841;0.00838518;-0.297618;0.0024165;-0.298862;0.00192545;-0.276703;0.0039332;-0.278323;0.00271402
345000;-0.269222;0.0116112;-0.281811;0.00837258;-0.297528;0.00241261;-0.298847;0.00192237;-0.276776;0.00392823;-0.278198;0.00271053
346000;-0.26949;0.0116001;-0.281977;0.0083629;-0.297482;0.00240886;-0.298811;0.00191966;-0.276833;0.0039218;-0.278102;0.0027074
347000;-0.269496;0.0115835;-0.281621;0.00834563;-0.29744;0.00240513;-0.298806;0.00191675;-0.276716;0.00391735;-0.278089;0.00270345
348000;-0.269111;0.0115587;-0.281722;0.00833511;-0.297459;0.00240169;-0.298824;0.00191393;-0.276612;0.0039124;-0.278291;0.00269837
349000;-0.269118;0.0115422;-0.281692;0.00832273;-0.297427;0.00239808;-0.298815;0.00191101;-0.276689;0.00390626;-0.278319;0.002694
350000;-0.268995;0.0115231;-0.281663;0.0083104;-0.297426;0.00239456;-0.298791;0.00190818;-0.276849;0.0039008;-0.278163;0.00269142
351000;-0.269002;0.0115068;-0.281634;0.00829813;-0.297435;0.00239121;-0.298732;0.00190507;-0.276956;0.00389484;-0.278184;0.00268742
352000;-0.268752;0.0114852;-0.281412;0.00828312;-0.297412;0.00238773;-0.29869;0.0019022;-0.276962;0.00388899;-0.278212;0.00268282
353000;-0.268632;0.0114663;-0.281384;0.00827097;-0.297362;0.00238406;-0.298702;0.00189939;-0.276793;0.00388382;-0.278183;0.00267927
354000;-0.268512;0.0114476;-0.281356;0.00825887;-0.297329;0.00238047;-0.298582;0.00189648;-0.276771;0.00387922;-0.278256;0.00267507
355000;-0.26903;0.0114424;-0.281392;0.00824775;-0.297321;0.00237697;-0.298556;0.00189371;-0.276678;0.00387385;-0.27826;0.00267184
356000;-0.26891;0.0114238;-0.281427;0.00823667;-0.297258;0.00237344;-0.298555;0.00189102;-0.276663;0.00386829;-0.278181;0.00266886
357000;-0.268917;0.0114079;-0.281399;0.00822472;-0.297258;0.00237003;-0.298519;0.00188822;-0.276655;0.00386412;-0.278138;0.00266541
358000;-0.26905;0.0113948;-0.281372;0.00821283;-0.297362;0.00236699;-0.298571;0.00188565;-0.27669;0.00385888;-0.278193;0.00266201
359000;-0.269057;0.0113791;-0.281281;0.00820008;-0.297382;0.00236369;-0.298505;0.00188273;-0.276689;0.00385455;-0.278172;0.00265806
360000;-0.268938;0.0113607;-0.281254;0.00818829;-0.297328;0.00236015;-0.298567;0.00188033;-0.2767;0.00384897;-0.2782;0.00265403
361000;-0.268819;0.0113425;-0.281414;0.00817924;-0.297293;0.00235666;-0.298511;0.00187742;-0.276896;0.00384214;-0.278091;0.00265116
362000;-0.268952;0.0113296;-0.281387;0.00816755;-0.297221;0.00235316;-0.298507;0.00187486;-0.276834;0.00383731;-0.278067;0.00264814
363000;-0.269208;0.0113194;-0.280861;0.00814876;-0.297261;0.00235001;-0.29846;0.00187206;-0.276753;0.00383298;-0.278087;0.00264422
364000;-0.269587;0.0113117;-0.280897;0.00813808;-0.297277;0.00234673;-0.298543;0.00186969;-0.276794;0.00382854;-0.27806;0.00264095
365000;-0.269344;0.0112911;-0.280995;0.00812832;-0.297236;0.00234322;-0.29858;0.00186713;-0.277029;0.00382247;-0.277972;0.00263831
366000;-0.269226;0.0112732;-0.280784;0.00811419;-0.297171;0.00233976;-0.298593;0.0018646;-0.276986;0.00381779;-0.277883;0.00263485
367000;-0.268986;0.0112529;-0.280574;0.00810013;-0.297107;0.00233631;-0.298532;0.00186187;-0.27711;0.00381201;-0.277915;0.00263129
368000;-0.269238;0.0112428;-0.280303;0.00808527;-0.297133;0.0023332;-0.298513;0.00185921;-0.277353;0.00380529;-0.2779;0.00262746
369000;-0.269367;0.0112302;-0.280279;0.00807396;-0.297088;0.00232976;-0.298557;0.0018567;-0.277593;0.00379907;-0.277872;0.0026238
370000;-0.269617;0.0112202;-0.280316;0.00806357;-0.29706;0.00232647;-0.298558;0.00185416;-0.277572;0.00379314;-0.277906;0.00261987
371000;-0.269256;0.0111976;-0.28017;0.00805063;-0.297046;0.00232328;-0.29854;0.00185162;-0.277535;0.00378797;-0.277808;0.00261663
372000;-0.269384;0.0111852;-0.280147;0.00803947;-0.297017;0.00231996;-0.298559;0.00184905;-0.277615;0.00378284;-0.277797;0.00261296
373000;-0.269753;0.0111778;-0.280184;0.00802921;-0.297018;0.00231675;-0.298609;0.00184659;-0.277548;0.00377743;-0.277856;0.00260927
374000;-0.27;0.0111679;-0.280221;0.008019;-0.297159;0.00231404;-0.298595;0.00184411;-0.277572;0.00377273;-0.277796;0.00260566
375000;-0.270124;0.0111556;-0.280741;0.00801562;-0.297182;0.00231084;-0.29862;0.00184169;-0.277435;0.00376932;-0.277902;0.00260157
376000;-0.269887;0.0111359;-0.280536;0.00800207;-0.297134;0.00230752;-0.298595;0.00183908;-0.277561;0.00376305;-0.2779;0.00259818
377000;-0.269891;0.0111212;-0.280812;0.00799533;-0.297219;0.00230465;-0.298513;0.00183638;-0.277554;0.00375716;-0.277926;0.00259463
378000;-0.270135;0.0111114;-0.280607;0.00798188;-0.297218;0.00230154;-0.298481;0.00183392;-0.277657;0.00375172;-0.277961;0.00259138
379000;-0.270258;0.0110993;-0.280464;0.00796933;-0.297185;0.00229834;-0.298423;0.00183117;-0.277705;0.00374681;-0.277969;0.00258853
380000;-0.270142;0.0110823;-0.280202;0.00795516;-0.297228;0.00229541;-0.298373;0.00182856;-0.277727;0.00374202;-0.27799;0.00258521
381000;-0.270383;0.0110727;-0.280238;0.00794523;-0.29734;0.00229268;-0.29844;0.00182634;-0.277721;0.00373784;-0.278024;0.00258215
382000;-0.269912;0.0110486;-0.280215;0.0079345;-0.297293;0.00228951;-0.298443;0.00182406;-0.277821;0.00373221;-0.278079;0.00257804
383000;-0.269797;0.0110318;-0.279838;0.00791886;-0.297281;0.00228641;-0.298389;0.00182147;-0.277718;0.00372699;-0.278161;0.00257401
384000;-0.269448;0.0110104;-0.279816;0.00790824;-0.297372;0.0022837;-0.298477;0.00181939;-0.27777;0.00372145;-0.278079;0.00257098
385000;-0.269336;0.0109938;-0.279912;0.0078993;-0.297315;0.00228042;-0.298465;0.00181708;-0.277694;0.00371718;-0.278091;0.00256739
386000;-0.269576;0.0109844;-0.279773;0.00788712;-0.297254;0.00227719;-0.298559;0.00181494;-0.277604;0.00371253;-0.278126;0.00256343
387000;-0.269347;0.0109656;-0.279635;0.007875;-0.297313;0.00227438;-0.298476;0.00181234;-0.277667;0.00370653;-0.278123;0.00256056
388000;-0.269236;0.0109492;-0.27973;0.00786618;-0.29727;0.00227126;-0.29852;0.00181016;-0.277746;0.0037012;-0.27806;0.00255763
389000;-0.269125;0.0109329;-0.279592;0.00785415;-0.297173;0.00226804;-0.298486;0.00180755;-0.277718;0.00369617;-0.278029;0.00255425
390000;-0.269479;0.010926;-0.279398;0.00784137;-0.297324;0.00226563;-0.298446;0.00180516;-0.277767;0.00369143;-0.277922;0.00255147
391000;-0.269716;0.0109167;-0.279204;0.00782866;-0.297323;0.00226274;-0.298412;0.00180265;-0.277756;0.0036877;-0.277916;0.00254831
392000;-0.269835;0.0109052;-0.279184;0.00781839;-0.297385;0.00226003;-0.298418;0.00180028;-0.277952;0.00368198;-0.277958;0.00254487
393000;-0.269955;0.0108937;-0.278992;0.00780578;-0.297396;0.00225714;-0.298429;0.00179796;-0.278009;0.00367732;-0.277973;0.00254118
394000;-0.270073;0.0108823;-0.278915;0.00779481;-0.297416;0.00225433;-0.298435;0.00179561;-0.277857;0.00367398;-0.278088;0.00253739
395000;-0.269848;0.010864;-0.279297;0.0077902;-0.297358;0.00225123;-0.298423;0.00179332;-0.277856;0.00366913;-0.278013;0.0025344
396000;-0.270195;0.0108572;-0.279163;0.00777852;-0.297351;0.00224826;-0.298375;0.00179095;-0.277689;0.00366476;-0.278111;0.0025305
397000;-0.270312;0.0108458;-0.278688;0.00776218;-0.29741;0.00224551;-0.298361;0.00178864;-0.277865;0.00365927;-0.278113;0.00252705
398000;-0.269973;0.0108255;-0.278499;0.00774983;-0.297402;0.00224255;-0.298432;0.00178673;-0.27776;0.003655;-0.278076;0.00252392
399000;-0.269864;0.0108097;-0.278538;0.00774065;-0.297503;0.00224004;-0.298407;0.00178438;-0.27762;0.00365106;-0.278043;0.00252082
400000;-0.270094;0.0108008;-0.278464;0.00772995;-0.297463;0.00223711;-0.298431;0.00178217;-0.27774;0.00364544;-0.278099;0.00251738
401000;-0.270097;0.0107873;-0.278446;0.00772006;-0.297531;0.00223452;-0.298401;0.00177972;-0.277665;0.003642;-0.278019;0.00251479
402000;-0.270551;0.0107829;-0.27826;0.00770791;-0.297415;0.00223127;-0.298422;0.00177764;-0.277509;0.00363784;-0.27803;0.0025114
403000;-0.270329;0.0107651;-0.27785;0.00769274;-0.297458;0.00222856;-0.29837;0.00177526;-0.277457;0.00363263;-0.277989;0.00250831
404000;-0.269995;0.0107452;-0.278002;0.00768529;-0.297518;0.00222594;-0.298439;0.00177321;-0.277458;0.00362815;-0.278069;0.00250476
405000;-0.270334;0.0107386;-0.27793;0.00767481;-0.297503;0.00222311;-0.298358;0.00177076;-0.27728;0.00362494;-0.278162;0.00250084
406000;-0.270003;0.0107188;-0.277691;0.0076621;-0.297448;0.00222019;-0.298369;0.0017686;-0.277127;0.00362207;-0.278208;0.00249724
407000;-0.270451;0.0107145;-0.277398;0.00764869;-0.297454;0.00221738;-0.298457;0.00176678;-0.277125;0.00361693;-0.278196;0.00249422
408000;-0.270453;0.0107014;-0.277661;0.00764288;-0.297365;0.00221431;-0.298377;0.00176427;-0.27718;0.00361153;-0.278229;0.00249147
409000;-0.270013;0.0106797;-0.278088;0.00763933;-0.29734;0.00221143;-0.298374;0.00176213;-0.277102;0.00360823;-0.278134;0.00248916
410000;-0.269796;0.0106624;-0.278127;0.00763054;-0.297356;0.00220875;-0.298436;0.00176007;-0.27728;0.00360312;-0.278124;0.00248598
411000;-0.26969;0.0106473;-0.278221;0.00762252;-0.297368;0.00220604;-0.29849;0.00175801;-0.277262;0.00359922;-0.278201;0.00248357
412000;-0.269255;0.0106259;-0.278205;0.00761304;-0.297317;0.00220311;-0.298523;0.00175597;-0.277281;0.00359562;-0.278089;0.00248095
413000;-0.269699;0.0106217;-0.278353;0.00760582;-0.297446;0.00220085;-0.298433;0.00175359;-0.277265;0.00359126;-0.278154;0.00247765
414000;-0.269375;0.0106025;-0.278281;0.00759566;-0.297415;0.00219809;-0.298409;0.00175131;-0.277263;0.00358669;-0.278062;0.00247492
415000;-0.268944;0.0105813;-0.278428;0.00758849;-0.297493;0.00219567;-0.298504;0.00174951;-0.277177;0.00358246;-0.278086;0.0024717
416000;-0.268841;0.0105666;-0.278357;0.0075784;-0.297506;0.002193;-0.29852;0.00174728;-0.277316;0.00357811;-0.278036;0.00246851
417000;-0.268739;0.0105519;-0.278558;0.007572;-0.297549;0.00219048;-0.298479;0.00174506;-0.27735;0.00357287;-0.278045;0.0024649
418000;-0.268745;0.0105394;-0.278757;0.00756561;-0.297615;0.00218804;-0.298468;0.00174299;-0.277363;0.00356814;-0.278052;0.002462
419000;-0.268752;0.0105269;-0.278362;0.00755129;-0.2975;0.00218509;-0.298523;0.001741;-0.277192;0.00356485;-0.278012;0.00245955
420000;-0.268651;0.0105124;-0.278399;0.00754279;-0.29744;0.0021823;-0.298535;0.00173891;-0.277276;0.00356015;-0.278013;0.00245724
421000;-0.268657;0.0105001;-0.278329;0.00753289;-0.297487;0.00217979;-0.298557;0.00173686;-0.277301;0.00355511;-0.278004;0.00245393
422000;-0.268771;0.0104898;-0.278152;0.00752159;-0.297485;0.00217717;-0.2986;0.00173484;-0.277291;0.00355117;-0.278018;0.00245171
423000;-0.268456;0.0104713;-0.278082;0.00751177;-0.297486;0.00217456;-0.298571;0.00173278;-0.277247;0.00354734;-0.27802;0.00244915
424000;-0.268143;0.0104529;-0.27828;0.00750554;-0.297447;0.00217178;-0.298683;0.00173093;-0.277194;0.00354256;-0.277937;0.00244669
425000;-0.268577;0.010449;-0.278211;0.00749579;-0.297424;0.00216909;-0.298679;0.00172883;-0.277071;0.00353832;-0.277953;0.00244368
426000;-0.268265;0.0104307;-0.278142;0.00748607;-0.297419;0.00216652;-0.29865;0.00172671;-0.27705;0.00353335;-0.278041;0.00244022
427000;-0.268379;0.0104207;-0.278232;0.00747849;-0.297412;0.00216392;-0.29863;0.00172466;-0.277013;0.00352985;-0.277954;0.00243777
428000;-0.268809;0.0104168;-0.278322;0.00747094;-0.29731;0.00216099;-0.298591;0.00172247;-0.277118;0.00352543;-0.277907;0.00243545
429000;-0.268287;0.0103946;-0.278148;0.00745993;-0.297324;0.00215853;-0.298606;0.00172042;-0.277136;0.0035213;-0.277884;0.00243258
430000;-0.268295;0.0103826;-0.278238;0.00745243;-0.297272;0.00215582;-0.298538;0.00171821;-0.277048;0.00351677;-0.277851;0.00243022
431000;-0.268092;0.0103667;-0.278327;0.00744496;-0.297357;0.00215351;-0.29858;0.0017163;-0.276984;0.00351238;-0.277934;0.00242712
432000;-0.267995;0.0103528;-0.278677;0.00744096;-0.297309;0.00215084;-0.298517;0.00171412;-0.27695;0.00350791;-0.277941;0.00242455
433000;-0.268108;0.010343;-0.278661;0.00743214;-0.297259;0.00214819;-0.298507;0.00171211;-0.276991;0.00350339;-0.277958;0.00242139
434000;-0.268845;0.0103452;-0.278696;0.00742404;-0.297307;0.00214586;-0.298469;0.00171005;-0.276872;0.00350019;-0.278044;0.00241825
435000;-0.268851;0.0103334;-0.278888;0.00741802;-0.297373;0.00214353;-0.298471;0.00170804;-0.277019;0.0034953;-0.278049;0.00241569
436000;-0.26865;0.0103177;-0.278974;0.00741065;-0.29734;0.00214089;-0.29843;0.00170598;-0.277077;0.00349144;-0.278101;0.00241229
437000;-0.268759;0.010308;-0.279009;0.00740261;-0.297353;0.00213845;-0.298468;0.00170409;-0.277181;0.00348652;-0.278105;0.00240916
438000;-0.268766;0.0102963;-0.278992;0.00739393;-0.297329;0.00213585;-0.298515;0.00170226;-0.277214;0.00348155;-0.278;0.00240737
439000;-0.268566;0.0102808;-0.278923;0.00738461;-0.297255;0.00213317;-0.298496;0.00170029;-0.277175;0.00347843;-0.278014;0.00240432
440000;-0.268778;0.0102731;-0.278443;0.00736995;-0.297231;0.00213061;-0.298526;0.00169842;-0.277245;0.00347466;-0.278077;0.00240129
441000;-0.268374;0.0102538;-0.279043;0.00736941;-0.297174;0.00212796;-0.298617;0.00169674;-0.277452;0.00347035;-0.278125;0.00239852
442000;-0.268688;0.0102482;-0.27923;0.00736351;-0.297188;0.00212551;-0.298575;0.00169467;-0.277383;0.00346649;-0.278216;0.00239512
443000;-0.268796;0.0102386;-0.279519;0.00735895;-0.297186;0.00212303;-0.298583;0.00169278;-0.277335;0.00346281;-0.278208;0.00239228
444000;-0.268496;0.0102214;-0.279603;0.00735175;-0.297231;0.00212069;-0.298607;0.0016909;-0.277334;0.00345856;-0.278187;0.00238942
445000;-0.268096;0.0102024;-0.279788;0.00734588;-0.297242;0.00211831;-0.298665;0.00168923;-0.277374;0.00345432;-0.278121;0.00238702
446000;-0.268205;0.010193;-0.279617;0.00733543;-0.297234;0.00211587;-0.29869;0.00168743;-0.277366;0.00344994;-0.278166;0.00238402
447000;-0.268415;0.0101855;-0.279751;0.00732894;-0.297241;0.00211346;-0.298713;0.00168559;-0.277169;0.00344801;-0.278118;0.00238151
448000;-0.268826;0.0101819;-0.279985;0.00732378;-0.297177;0.00211091;-0.298648;0.00168348;-0.277214;0.00344419;-0.278187;0.00237865
449000;-0.268831;0.0101707;-0.279613;0.00731083;-0.297252;0.00210873;-0.298703;0.00168179;-0.277111;0.00343979;-0.278199;0.0023759
450000;-0.268837;0.0101595;-0.279746;0.00730441;-0.297276;0.00210641;-0.298742;0.00167997;-0.277045;0.00343651;-0.278149;0.00237362
451000;-0.268843;0.0101483;-0.280028;0.00729994;-0.29727;0.00210404;-0.298815;0.0016783;-0.277015;0.00343203;-0.278172;0.00237061
452000;-0.268949;0.0101391;-0.280009;0.00729162;-0.297242;0.0021016;-0.298815;0.00167649;-0.276834;0.00342853;-0.278167;0.00236799
453000;-0.268855;0.0101261;-0.27989;0.00728204;-0.297272;0.00209933;-0.298795;0.00167454;-0.277002;0.00342438;-0.278242;0.00236485
454000;-0.269259;0.0101225;-0.279922;0.00727442;-0.297227;0.00209687;-0.298716;0.00167246;-0.27701;0.00341996;-0.278243;0.00236204
455000;-0.269562;0.010117;-0.280201;0.00727;-0.297268;0.00209465;-0.298701;0.00167058;-0.27703;0.00341602;-0.278262;0.00235917
456000;-0.269665;0.0101079;-0.279984;0.00725924;-0.297253;0.00209221;-0.298655;0.0016686;-0.277049;0.00341246;-0.278319;0.0023565
457000;-0.26957;0.010095;-0.280114;0.00725296;-0.297211;0.00208967;-0.298664;0.00166685;-0.276908;0.00340968;-0.278318;0.00235384
458000;-0.269871;0.0100896;-0.280292;0.00724731;-0.297133;0.0020871;-0.298713;0.00166522;-0.276871;0.00340546;-0.278353;0.00235135
459000;-0.270268;0.010086;-0.280224;0.00723854;-0.297146;0.00208489;-0.298763;0.00166357;-0.276943;0.00340097;-0.278314;0.00234862
460000;-0.270369;0.0100769;-0.280057;0.00722855;-0.297152;0.00208262;-0.298777;0.00166173;-0.276865;0.00339731;-0.278453;0.0023453
461000;-0.270372;0.010066;-0.280284;0.00722359;-0.297123;0.00208025;-0.298749;0.0016599;-0.276676;0.00339542;-0.278546;0.00234209
462000;-0.270276;0.0100533;-0.280314;0.00721614;-0.297174;0.00207808;-0.298699;0.00165801;-0.27675;0.00339084;-0.278603;0.00233915
463000;-0.270474;0.0100461;-0.280294;0.0072081;-0.297115;0.00207561;-0.29867;0.00165621;-0.276704;0.00338665;-0.278634;0.0023363
464000;-0.270476;0.0100353;-0.280129;0.00719824;-0.297057;0.0020731;-0.298648;0.00165439;-0.276769;0.00338319;-0.278725;0.00233338
465000;-0.27077;0.0100299;-0.280013;0.00718902;-0.296978;0.00207059;-0.298637;0.00165255;-0.276755;0.00337926;-0.278678;0.00233106
466000;-0.270577;0.0100156;-0.280286;0.00718476;-0.297019;0.00206846;-0.298648;0.00165069;-0.276773;0.00337554;-0.278691;0.00232804
467000;-0.27087;0.0100102;-0.280316;0.00717744;-0.297059;0.00206631;-0.298633;0.00164886;-0.276975;0.00337137;-0.278761;0.00232521
468000;-0.271258;0.0100067;-0.280393;0.00717074;-0.297036;0.002064;-0.298681;0.00164713;-0.276763;0.00336833;-0.278756;0.00232274
469000;-0.270872;0.00998893;-0.280471;0.00716407;-0.297033;0.00206177;-0.298701;0.00164532;-0.276792;0.00336434;-0.278752;0.00232068
470000;-0.270489;0.00997126;-0.280307;0.00715439;-0.297014;0.00205947;-0.298702;0.00164362;-0.276695;0.00336201;-0.278768;0.00231816
471000;-0.270203;0.00995544;-0.280288;0.00714655;-0.296966;0.00205714;-0.298721;0.00164181;-0.276802;0.00335777;-0.27873;0.00231562
472000;-0.270205;0.00994493;-0.280365;0.00713995;-0.297022;0.0020551;-0.298727;0.00164005;-0.276884;0.00335454;-0.27868;0.00231397
473000;-0.270208;0.00993446;-0.280155;0.00712975;-0.297002;0.00205286;-0.298732;0.00163831;-0.276806;0.00335247;-0.278698;0.002312
474000;-0.270306;0.00992577;-0.279898;0.007119;-0.29701;0.00205066;-0.298745;0.00163664;-0.276802;0.00334857;-0.278723;0.00230942
475000;-0.270499;0.00991883;-0.279785;0.00711009;-0.297028;0.00204851;-0.298793;0.00163506;-0.276786;0.00334472;-0.27873;0.00230694
476000;-0.270121;0.00990152;-0.279625;0.00710061;-0.297006;0.00204634;-0.29885;0.00163345;-0.276872;0.00334139;-0.27874;0.00230444
477000;-0.269934;0.00988773;-0.279513;0.00709176;-0.296932;0.00204397;-0.298831;0.0016317;-0.276891;0.00333787;-0.278757;0.00230208
478000;-0.270221;0.0098826;-0.279354;0.00708235;-0.296946;0.00204181;-0.298828;0.00163002;-0.276925;0.00333405;-0.27885;0.00229935
479000;-0.270318;0.00987404;-0.279527;0.00707711;-0.296985;0.00203977;-0.298847;0.00162833;-0.277008;0.00333032;-0.278827;0.00229698
480000;-0.270132;0.00986038;-0.279227;0.00706599;-0.296962;0.00203749;-0.298816;0.0016266;-0.276993;0.00332704;-0.278851;0.00229467
481000;-0.270323;0.00985358;-0.279023;0.00705609;-0.29691;0.00203521;-0.298838;0.00162496;-0.276975;0.00332452;-0.278886;0.00229178
482000;-0.270794;0.00985188;-0.279195;0.00705091;-0.296896;0.00203302;-0.298842;0.00162323;-0.276985;0.00332116;-0.27891;0.00228951
483000;-0.270983;0.00984509;-0.27946;0.00704691;-0.296846;0.00203074;-0.298858;0.00162161;-0.276948;0.00331704;-0.278959;0.00228705
484000;-0.270516;0.0098265;-0.27949;0.00704;-0.296865;0.00202862;-0.298826;0.00161989;-0.277021;0.0033135;-0.279006;0.00228424
485000;-0.270518;0.0098164;-0.279707;0.00703543;-0.296811;0.00202634;-0.298854;0.00161828;-0.277047;0.00330974;-0.279034;0.0022815
486000;-0.27052;0.00980633;-0.279643;0.0070274;-0.296853;0.00202427;-0.298884;0.00161676;-0.276932;0.00330729;-0.279054;0.00227909
487000;-0.270336;0.00979294;-0.279348;0.00701652;-0.296834;0.00202209;-0.298865;0.0016151;-0.27698;0.00330301;-0.278979;0.00227679
488000;-0.270153;0.00977961;-0.27961;0.00701257;-0.296851;0.0020201;-0.298889;0.00161347;-0.276777;0.0033005;-0.278982;0.00227441
489000;-0.270063;0.00976799;-0.2795;0.00700404;-0.296902;0.00201818;-0.298948;0.00161191;-0.276583;0.00329739;-0.278938;0.00227213
490000;-0.270066;0.00975807;-0.279576;0.00699783;-0.297014;0.00201641;-0.298919;0.00161012;-0.276563;0.00329391;-0.278943;0.00226934
491000;-0.269701;0.00974156;-0.27979;0.00699334;-0.297025;0.00201429;-0.298897;0.0016084;-0.276597;0.00329057;-0.278946;0.00226772
492000;-0.269796;0.00973337;-0.279819;0.00698659;-0.29704;0.00201228;-0.298858;0.00160666;-0.276613;0.00328701;-0.278942;0.00226544
493000;-0.270075;0.00972848;-0.280215;0.00698437;-0.29705;0.00201022;-0.298886;0.0016051;-0.276535;0.00328444;-0.278958;0.00226339
494000;-0.269803;0.00971377;-0.280014;0.00697483;-0.297115;0.00200836;-0.298866;0.00160338;-0.27667;0.00328054;-0.279011;0.00226113
495000;-0.269806;0.00970401;-0.279768;0.00696476;-0.29714;0.0020064;-0.298914;0.0016018;-0.276681;0.00327718;-0.279016;0.00225875
496000;-0.269536;0.00968939;-0.27966;0.00695641;-0.297167;0.00200441;-0.298955;0.00160032;-0.276608;0.0032747;-0.279003;0.00225648
497000;-0.269631;0.00968133;-0.279462;0.00694697;-0.297174;0.00200235;-0.298894;0.00159851;-0.276673;0.00327152;-0.278998;0.00225447
498000;-0.269634;0.00967167;-0.279446;0.0069398;-0.297258;0.00200053;-0.298899;0.00159691;-0.276736;0.00326817;-0.279059;0.00225193
499000;-0.270001;0.0096685;-0.279566;0.00693431;-0.297339;0.00199875;-0.298875;0.00159526;-0.276902;0.00326404;-0.279042;0.00224969
500000;-0.270094;0.00966049;-0.279188;0.00692274;-0.297373;0.00199683;-0.298881;0.00159363;-0.276931;0.00326085;-0.279053;0.00224735
501000;-0.270097;0.00965089;-0.279037;0.00691398;-0.297452;0.001995;-0.298896;0.00159201;-0.276998;0.00325714;-0.279093;0.00224489
502000;-0.269649;0.00963332;-0.279247;0.00690966;-0.29747;0.00199305;-0.298916;0.00159051;-0.276933;0.00325446;-0.279051;0.00224288
503000;-0.269472;0.00962061;-0.279231;0.0069026;-0.297521;0.00199126;-0.298953;0.00158903;-0.276853;0.00325146;-0.278992;0.00224081
504000;-0.269387;0.00960954;-0.279171;0.00689501;-0.297493;0.00198912;-0.298975;0.00158747;-0.276692;0.0032482;-0.278992;0.00223854
505000;-0.269212;0.00959692;-0.27929;0.00688963;-0.297537;0.00198725;-0.298932;0.00158584;-0.276786;0.00324446;-0.27897;0.00223651
506000;-0.269127;0.00958593;-0.279543;0.0068859;-0.297551;0.00198528;-0.298945;0.00158433;-0.276766;0.00324086;-0.278888;0.00223443
507000;-0.269399;0.00958128;-0.279572;0.00687945;-0.297556;0.00198332;-0.298966;0.0015828;-0.276781;0.00323784;-0.278869;0.00223205
508000;-0.269581;0.00957507;-0.279734;0.00687465;-0.297574;0.00198136;-0.298989;0.00158122;-0.276895;0.00323429;-0.278932;0.00222948
509000;-0.269407;0.00956258;-0.280029;0.00687146;-0.297587;0.00197948;-0.299003;0.00157966;-0.276857;0.00323078;-0.278945;0.00222706
510000;-0.269411;0.00955328;-0.279923;0.00686344;-0.297583;0.00197755;-0.299009;0.00157811;-0.276824;0.00322869;-0.278941;0.00222489
511000;-0.269415;0.00954399;-0.279729;0.00685438;-0.297573;0.0019755;-0.298992;0.00157654;-0.276951;0.00322511;-0.279023;0.00222285
512000;-0.269949;0.00954406;-0.279536;0.00684535;-0.297621;0.00197363;-0.298976;0.00157484;-0.276941;0.00322207;-0.278996;0.00222082
513000;-0.269952;0.0095348;-0.279477;0.00683796;-0.297609;0.00197166;-0.298933;0.00157316;-0.277098;0.00321838;-0.279;0.00221865
514000;-0.269603;0.0095194;-0.279461;0.00683111;-0.297593;0.00196969;-0.298936;0.00157162;-0.27699;0.00321626;-0.279022;0.00221617
515000;-0.269694;0.00951176;-0.279577;0.00682588;-0.29757;0.00196765;-0.298938;0.00157002;-0.277059;0.00321307;-0.279037;0.00221401
516000;-0.269522;0.00949952;-0.279605;0.0068196;-0.29761;0.00196585;-0.298921;0.00156844;-0.277112;0.00320942;-0.279009;0.00221188
517000;-0.269526;0.0094904;-0.27994;0.00681702;-0.297612;0.00196393;-0.298917;0.00156687;-0.27701;0.00320658;-0.278966;0.00220989
518000;-0.269355;0.00947824;-0.280098;0.00681234;-0.297589;0.00196192;-0.298888;0.00156524;-0.277012;0.00320334;-0.278957;0.0022078
519000;-0.269098;0.00946461;-0.280212;0.00680714;-0.297598;0.00196001;-0.298882;0.00156373;-0.277078;0.00319986;-0.278981;0.00220569
520000;-0.269015;0.00945406;-0.279978;0.00679778;-0.297605;0.00195811;-0.298897;0.00156211;-0.276979;0.0031976;-0.279009;0.00220353
521000;-0.269107;0.00944658;-0.279961;0.00679106;-0.297602;0.00195618;-0.298839;0.00156044;-0.27698;0.00319454;-0.279061;0.00220152
522000;-0.269544;0.00944516;-0.280162;0.00678695;-0.297608;0.00195433;-0.298797;0.00155874;-0.276957;0.00319125;-0.279061;0.00219948
523000;-0.269375;0.00943317;-0.280102;0.00677974;-0.297667;0.00195259;-0.298837;0.00155731;-0.276832;0.00318835;-0.279042;0.00219744
524000;-0.269638;0.00942874;-0.280215;0.00677462;-0.297708;0.00195084;-0.298853;0.001556;-0.276894;0.00318511;-0.27904;0.00219516
525000;-0.269555;0.00941832;-0.280327;0.00676951;-0.297683;0.00194888;-0.298892;0.00155455;-0.276814;0.00318278;-0.279028;0.00219301
526000;-0.269301;0.00940495;-0.280181;0.00676133;-0.297768;0.00194721;-0.298861;0.001553;-0.276806;0.00317956;-0.279034;0.00219087
527000;-0.269305;0.00939609;-0.280379;0.00675727;-0.297792;0.00194538;-0.298897;0.00155155;-0.276757;0.00317715;-0.27907;0.00218822
528000;-0.269052;0.00938281;-0.28032;0.00675016;-0.297737;0.00194331;-0.298862;0.00154998;-0.276861;0.00317418;-0.279013;0.0021861
529000;-0.269399;0.00937993;-0.28026;0.00674307;-0.297743;0.00194151;-0.298874;0.0015486;-0.276987;0.00317058;-0.279094;0.00218374
530000;-0.269573;0.0093741;-0.280115;0.00673499;-0.297756;0.00193965;-0.298846;0.00154708;-0.276979;0.00316759;-0.279097;0.00218145
531000;-0.269406;0.00936239;-0.280099;0.00672845;-0.297719;0.00193774;-0.298902;0.00154574;-0.277032;0.00316435;-0.279046;0.0021797
532000;-0.269495;0.00935512;-0.280253;0.00672394;-0.297682;0.00193575;-0.298838;0.00154409;-0.276988;0.00316184;-0.27913;0.00217733
533000;-0.269499;0.0093464;-0.280024;0.00671492;-0.297685;0.00193394;-0.298873;0.00154266;-0.276977;0.00315934;-0.279068;0.0021753
534000;-0.269333;0.00933479;-0.280262;0.00671145;-0.297786;0.00193238;-0.298875;0.00154116;-0.27699;0.00315635;-0.279027;0.00217394
535000;-0.269168;0.00932322;-0.280246;0.00670498;-0.297814;0.00193058;-0.29887;0.00153974;-0.277063;0.00315296;-0.279016;0.00217174
536000;-0.269257;0.00931604;-0.280694;0.00670401;-0.297821;0.00192874;-0.298921;0.00153837;-0.2772;0.00314914;-0.279036;0.00216975
537000;-0.269682;0.00931467;-0.280677;0.00669756;-0.297847;0.00192703;-0.298886;0.00153686;-0.277217;0.00314631;-0.279133;0.00216743
538000;-0.270106;0.00931327;-0.280828;0.00669311;-0.297848;0.0019252;-0.298906;0.00153553;-0.277067;0.00314427;-0.27902;0.00216613
539000;-0.270192;0.00930611;-0.280852;0.00668719;-0.297831;0.00192331;-0.29889;0.00153403;-0.277011;0.00314174;-0.278949;0.0021641
540000;-0.269859;0.00929179;-0.280751;0.0066798;-0.297883;0.00192164;-0.298871;0.00153253;-0.277047;0.00313841;-0.278927;0.00216201
541000;-0.269611;0.00927896;-0.280608;0.00667195;-0.297891;0.00191984;-0.298907;0.00153126;-0.277028;0.00313639;-0.27891;0.00216052
542000;-0.269531;0.00926903;-0.280466;0.00666413;-0.297892;0.001918;-0.29891;0.00152978;-0.277032;0.00313318;-0.278852;0.00215898
543000;-0.269535;0.00926055;-0.280325;0.00665633;-0.297881;0.0019162;-0.298897;0.00152832;-0.27703;0.00313074;-0.278783;0.00215734
544000;-0.269372;0.00924926;-0.280475;0.00665196;-0.297885;0.0019144;-0.298875;0.00152677;-0.277051;0.00312693;-0.278806;0.00215517
545000;-0.269542;0.00924366;-0.280375;0.00664469;-0.297869;0.00191255;-0.298935;0.00152548;-0.276994;0.0031246;-0.278841;0.00215309
546000;-0.269463;0.00923384;-0.28069;0.00664229;-0.297889;0.00191086;-0.29893;0.00152396;-0.277136;0.00312104;-0.278848;0.0021511
547000;-0.269218;0.00922124;-0.280797;0.00663746;-0.297865;0.00190902;-0.298953;0.00152274;-0.27723;0.00311778;-0.278862;0.00214911
548000;-0.268974;0.00920868;-0.280863;0.00663217;-0.297861;0.00190725;-0.298934;0.00152124;-0.277292;0.00311478;-0.278782;0.00214763
549000;-0.268649;0.00919476;-0.280763;0.00662497;-0.297867;0.00190549;-0.298921;0.00151981;-0.277188;0.00311211;-0.278788;0.00214554
550000;-0.268737;0.00918788;-0.28087;0.00662018;-0.297922;0.0019039;-0.298876;0.00151829;-0.277235;0.0031089;-0.27877;0.00214342
551000;-0.268824;0.00918101;-0.28073;0.00661254;-0.297992;0.0019023;-0.298832;0.0015168;-0.277133;0.00310687;-0.278836;0.00214115
552000;-0.269156;0.00917833;-0.280549;0.00660445;-0.297973;0.00190051;-0.298847;0.00151544;-0.277157;0.00310402;-0.278828;0.00213897
553000;-0.269079;0.00916872;-0.280491;0.00659781;-0.298018;0.00189893;-0.298856;0.00151414;-0.277202;0.00310092;-0.278826;0.00213695
554000;-0.269001;0.00915913;-0.280393;0.00659071;-0.297983;0.00189707;-0.298878;0.0015128;-0.277259;0.00309771;-0.278792;0.00213519
555000;-0.268924;0.00914957;-0.280296;0.00658364;-0.297998;0.00189539;-0.298873;0.00151139;-0.277169;0.00309519;-0.278823;0.00213299
556000;-0.268685;0.00913729;-0.280361;0.00657848;-0.29803;0.00189373;-0.29892;0.00151006;-0.27719;0.00309278;-0.27877;0.0021311
557000;-0.268771;0.00913054;-0.280345;0.00657238;-0.298041;0.00189207;-0.298943;0.00150879;-0.277077;0.00309079;-0.278735;0.00212955
558000;-0.268695;0.00912107;-0.28041;0.00656724;-0.298065;0.00189045;-0.298951;0.00150745;-0.277124;0.00308783;-0.278681;0.00212772
559000;-0.268619;0.00911162;-0.280313;0.00656025;-0.297923;0.00188836;-0.298962;0.00150611;-0.277125;0.00308515;-0.278677;0.00212581
560000;-0.268543;0.00910221;-0.280176;0.0065528;-0.297938;0.00188669;-0.298975;0.00150477;-0.277251;0.00308234;-0.27864;0.00212433
561000;-0.268871;0.00909961;-0.28004;0.00654539;-0.29791;0.00188493;-0.298944;0.00150334;-0.277184;0.00308021;-0.278689;0.00212231
562000;-0.268714;0.00908888;-0.279743;0.00653613;-0.297918;0.00188325;-0.298912;0.00150189;-0.277263;0.00307686;-0.278786;0.00212012
563000;-0.26888;0.00908358;-0.279728;0.00653016;-0.297961;0.00188164;-0.298899;0.00150055;-0.277215;0.00307457;-0.278713;0.00211861
564000;-0.269125;0.00907964;-0.279794;0.00652512;-0.297922;0.00187987;-0.298955;0.00149936;-0.277165;0.00307163;-0.278717;0.0021167
565000;-0.268729;0.00906496;-0.279819;0.00651963;-0.29792;0.00187816;-0.298964;0.001498;-0.277138;0.00306894;-0.278736;0.00211453
566000;-0.268574;0.00905435;-0.279964;0.00651554;-0.297932;0.00187651;-0.298949;0.0014966;-0.277122;0.00306605;-0.278722;0.0021129
567000;-0.26826;0.0090411;-0.279789;0.00650779;-0.297843;0.00187461;-0.29894;0.00149525;-0.277085;0.00306285;-0.278763;0.00211081
568000;-0.268106;0.00903057;-0.279576;0.0064996;-0.297807;0.00187282;-0.298929;0.00149385;-0.277251;0.00306018;-0.278756;0.00210885
569000;-0.267953;0.00902007;-0.279601;0.00649418;-0.297793;0.00187109;-0.298896;0.00149246;-0.277335;0.00305701;-0.278723;0.00210714
570000;-0.267959;0.00901225;-0.279428;0.0064865;-0.297824;0.00186949;-0.298872;0.00149118;-0.277444;0.0030543;-0.278714;0.00210555
571000;-0.268282;0.00900975;-0.279493;0.00648156;-0.297864;0.0018679;-0.298874;0.00148992;-0.277347;0.00305212;-0.27868;0.00210401
572000;-0.268367;0.00900328;-0.27944;0.00647528;-0.297846;0.00186619;-0.298936;0.00148876;-0.277423;0.00304924;-0.278673;0.00210208
573000;-0.268056;0.00899025;-0.279386;0.00646902;-0.297854;0.00186454;-0.298918;0.0014874;-0.277486;0.0030464;-0.2787;0.0021002
574000;-0.268377;0.00898776;-0.279333;0.00646277;-0.297832;0.00186282;-0.298878;0.00148597;-0.277564;0.00304427;-0.278696;0.00209846
575000;-0.268461;0.00898134;-0.279477;0.00645879;-0.29776;0.00186097;-0.298855;0.00148455;-0.277546;0.00304178;-0.27872;0.00209635
576000;-0.268702;0.00897754;-0.27962;0.00645481;-0.297705;0.00185917;-0.298853;0.00148324;-0.277588;0.00303894;-0.278701;0.00209466
577000;-0.268707;0.00896984;-0.279567;0.00644861;-0.297688;0.00185747;-0.298886;0.00148203;-0.27756;0.00303629;-0.27867;0.00209317
578000;-0.268946;0.00896605;-0.279552;0.00644287;-0.297744;0.00185601;-0.298877;0.0014807;-0.27754;0.00303405;-0.27874;0.00209114
579000;-0.268951;0.00895837;-0.27946;0.00643625;-0.297858;0.00185462;-0.298857;0.00147938;-0.277619;0.00303112;-0.278732;0.00208931
580000;-0.268799;0.00894814;-0.279486;0.00643099;-0.297801;0.00185284;-0.298813;0.00147794;-0.277612;0.00302802;-0.278706;0.0020876
581000;-0.269037;0.00894437;-0.279627;0.00642706;-0.297788;0.00185117;-0.298848;0.00147672;-0.277515;0.0030255;-0.27868;0.00208573
582000;-0.268964;0.00893547;-0.279691;0.00642226;-0.297764;0.00184947;-0.298827;0.00147535;-0.277623;0.00302266;-0.278671;0.00208382
583000;-0.26889;0.00892659;-0.279871;0.00641879;-0.297793;0.00184795;-0.298834;0.00147414;-0.277674;0.00302012;-0.278668;0.00208209
584000;-0.26874;0.00891646;-0.27974;0.00641181;-0.297766;0.00184627;-0.298788;0.00147277;-0.277779;0.00301693;-0.278693;0.00207998
585000;-0.268976;0.00891274;-0.279958;0.00640879;-0.297777;0.00184476;-0.29881;0.00147148;-0.277751;0.00301392;-0.278689;0.0020784
586000;-0.268749;0.00890139;-0.280253;0.00640664;-0.297816;0.00184329;-0.298824;0.00147028;-0.277813;0.00301134;-0.278691;0.00207663
587000;-0.268754;0.00889388;-0.28043;0.00640319;-0.297857;0.00184179;-0.298814;0.00146893;-0.277784;0.00300888;-0.278743;0.00207462
588000;-0.268681;0.00888512;-0.280492;0.00639844;-0.297753;0.00183991;-0.298816;0.0014677;-0.277698;0.00300728;-0.278748;0.0020727
589000;-0.269301;0.00888774;-0.280285;0.00639067;-0.297853;0.00183859;-0.298845;0.00146655;-0.277696;0.00300491;-0.278762;0.00207083
590000;-0.269227;0.00887901;-0.280308;0.00638551;-0.297839;0.00183699;-0.298891;0.00146544;-0.277716;0.00300233;-0.278785;0.00206883
591000;-0.269155;0.0088703;-0.280255;0.00637951;-0.297865;0.0018355;-0.2989;0.00146423;-0.277721;0.00299975;-0.278804;0.00206679
592000;-0.269464;0.00886787;-0.280507;0.00637696;-0.297837;0.0018338;-0.298917;0.001463;-0.277796;0.00299682;-0.278848;0.00206484
593000;-0.26962;0.00886294;-0.280683;0.00637354;-0.297877;0.0018323;-0.298906;0.00146161;-0.277774;0.00299458;-0.278884;0.00206283
594000;-0.269547;0.00885428;-0.280705;0.00636843;-0.297865;0.00183072;-0.298934;0.00146039;-0.27789;0.00299135;-0.278933;0.00206085
595000;-0.269474;0.00884565;-0.280766;0.00636375;-0.297852;0.00182911;-0.298958;0.00145922;-0.277851;0.0029892;-0.278953;0.00205887
596000;-0.269326;0.0088358;-0.28075;0.00635824;-0.297831;0.00182752;-0.29895;0.00145798;-0.277793;0.00298693;-0.278973;0.00205717
597000;-0.269481;0.00883093;-0.280772;0.00635316;-0.297841;0.00182603;-0.29896;0.00145675;-0.277695;0.00298522;-0.278944;0.00205552
598000;-0.269409;0.00882236;-0.28087;0.00634894;-0.297887;0.0018246;-0.298907;0.00145537;-0.277724;0.00298236;-0.278918;0.00205356
599000;-0.269563;0.00881751;-0.281006;0.00634514;-0.297949;0.00182327;-0.298902;0.00145414;-0.277724;0.00297986;-0.278967;0.00205168
600000;-0.269717;0.00881266;-0.281065;0.00634052;-0.297974;0.0018218;-0.298912;0.00145291;-0.277752;0.00297764;-0.278996;0.00204966
601000;-0.269569;0.00880292;-0.280974;0.00633422;-0.297956;0.00182022;-0.298925;0.00145172;-0.277627;0.00297582;-0.279001;0.00204779
602000;-0.269648;0.00879688;-0.280845;0.00632753;-0.29798;0.00181873;-0.298975;0.00145066;-0.277603;0.00297309;-0.278906;0.00204645
603000;-0.269726;0.00879085;-0.280717;0.00632086;-0.297994;0.00181721;-0.298951;0.00144937;-0.277496;0.00297156;-0.278883;0.00204484
604000;-0.269728;0.00878361;-0.280627;0.00631462;-0.298018;0.00181573;-0.298941;0.00144811;-0.277466;0.00296907;-0.278912;0.00204303
605000;-0.27018;0.00878365;-0.280761;0.00631089;-0.298015;0.00181423;-0.298956;0.001447;-0.277491;0.0029662;-0.278936;0.00204119
606000;-0.269958;0.00877282;-0.280746;0.00630551;-0.298013;0.0018127;-0.298974;0.00144588;-0.277515;0.00296403;-0.278845;0.00203965
607000;-0.269886;0.00876442;-0.280619;0.00629891;-0.298032;0.00181121;-0.298941;0.00144458;-0.2775;0.00296179;-0.27887;0.0020379
608000;-0.270261;0.00876325;-0.280641;0.00629397;-0.298014;0.00180968;-0.298915;0.00144331;-0.277541;0.00295922;-0.278838;0.00203666
609000;-0.269965;0.0087513;-0.2807;0.00628945;-0.29796;0.00180799;-0.298891;0.00144205;-0.277593;0.00295613;-0.278804;0.002035
610000;-0.26982;0.00874177;-0.280648;0.00628372;-0.297989;0.00180659;-0.298892;0.00144085;-0.277622;0.00295407;-0.27888;0.00203306
611000;-0.26997;0.00873704;-0.28067;0.00627882;-0.298001;0.00180511;-0.298923;0.00143975;-0.277641;0.00295161;-0.278885;0.00203114
612000;-0.269751;0.00872638;-0.280544;0.0062723;-0.297973;0.00180354;-0.298876;0.00143848;-0.277588;0.00294931;-0.278923;0.00202932
613000;-0.269606;0.00871693;-0.280603;0.00626783;-0.297918;0.00180192;-0.298923;0.00143739;-0.277594;0.00294694;-0.278873;0.00202811
614000;-0.269535;0.00870869;-0.280588;0.00626256;-0.297918;0.00180042;-0.298867;0.00143609;-0.277555;0.00294595;-0.278858;0.00202653
615000;-0.269539;0.00870166;-0.280684;0.00625852;-0.297935;0.00179901;-0.298872;0.0014349;-0.277519;0.00294364;-0.278804;0.00202509
616000;-0.269615;0.00869582;-0.280705;0.00625367;-0.297992;0.00179769;-0.298867;0.00143369;-0.277491;0.0029411;-0.278821;0.00202359
617000;-0.269618;0.00868882;-0.280764;0.00624924;-0.29799;0.00179621;-0.298858;0.00143252;-0.277477;0.00293936;-0.27882;0.00202192
618000;-0.269548;0.00868066;-0.281041;0.00624723;-0.297965;0.00179466;-0.298861;0.00143133;-0.277528;0.00293699;-0.278845;0.00202027
619000;-0.26977;0.0086772;-0.280989;0.00624162;-0.29798;0.00179326;-0.298835;0.00143012;-0.277511;0.00293429;-0.278782;0.00201871
620000;-0.269846;0.00867141;-0.281083;0.00623761;-0.297959;0.00179172;-0.298835;0.00142892;-0.277476;0.00293177;-0.278798;0.0020167
621000;-0.269484;0.00865865;-0.281031;0.00623202;-0.297943;0.00179026;-0.298819;0.00142775;-0.277538;0.00292891;-0.278808;0.00201545
622000;-0.269415;0.00865058;-0.28098;0.00622644;-0.29793;0.00178875;-0.298846;0.00142662;-0.277561;0.00292635;-0.278784;0.00201402
623000;-0.269418;0.00864368;-0.280964;0.00622127;-0.29792;0.00178727;-0.298795;0.00142532;-0.277488;0.00292456;-0.278744;0.00201263
624000;-0.269204;0.00863334;-0.281058;0.00621731;-0.297917;0.00178578;-0.298817;0.00142421;-0.277651;0.00292189;-0.278764;0.00201094
625000;-0.269642;0.0086334;-0.281115;0.00621295;-0.297909;0.00178431;-0.298876;0.00142321;-0.277672;0.00291974;-0.278763;0.00200916
626000;-0.269428;0.0086231;-0.281027;0.00620703;-0.297903;0.00178281;-0.298883;0.00142211;-0.277669;0.00291798;-0.278748;0.00200772
627000;-0.269575;0.00861857;-0.281048;0.00620231;-0.297903;0.00178136;-0.29895;0.00142115;-0.277692;0.00291561;-0.278733;0.0020061
628000;-0.269866;0.00861632;-0.281213;0.00619916;-0.297881;0.00177988;-0.298926;0.00141992;-0.27763;0.00291376;-0.278691;0.00200504
629000;-0.269941;0.00861065;-0.281269;0.00619485;-0.297907;0.00177853;-0.298975;0.00141893;-0.27771;0.0029108;-0.278663;0.00200359
630000;-0.269728;0.00860044;-0.281433;0.00619171;-0.297932;0.00177719;-0.298971;0.00141782;-0.277631;0.00290903;-0.278629;0.00200199
631000;-0.269802;0.0085948;-0.281489;0.00618741;-0.297953;0.00177579;-0.298932;0.0014166;-0.277651;0.00290689;-0.278701;0.0020003
632000;-0.270234;0.00859483;-0.281366;0.00618117;-0.297954;0.00177436;-0.298987;0.00141562;-0.277761;0.00290432;-0.278688;0.0019988
633000;-0.270093;0.00858581;-0.281529;0.00617806;-0.297972;0.00177299;-0.29892;0.00141438;-0.277803;0.0029021;-0.278687;0.00199733
634000;-0.270024;0.00857795;-0.281656;0.00617455;-0.29797;0.00177153;-0.298891;0.0014132;-0.277753;0.00290025;-0.278662;0.00199576
635000;-0.269955;0.0085701;-0.281568;0.00616875;-0.298049;0.0017703;-0.298859;0.00141199;-0.277759;0.00289792;-0.27864;0.00199425
636000;-0.270171;0.00856676;-0.281624;0.00616449;-0.298031;0.00176885;-0.29888;0.00141097;-0.277775;0.00289577;-0.278667;0.00199251
637000;-0.270102;0.00855895;-0.281608;0.00615948;-0.298087;0.00176756;-0.298855;0.00140975;-0.277771;0.00289363;-0.278666;0.00199103
638000;-0.270388;0.00855673;-0.281556;0.00615409;-0.298127;0.00176623;-0.2989;0.00140875;-0.277764;0.00289099;-0.27864;0.00198965
639000;-0.270106;0.00854561;-0.28147;0.00614834;-0.298137;0.00176485;-0.298913;0.00140763;-0.277767;0.00288861;-0.27866;0.00198812
640000;-0.270391;0.00854341;-0.281631;0.00614527;-0.298159;0.00176353;-0.298844;0.00140634;-0.277754;0.00288636;-0.278667;0.00198652
641000;-0.270534;0.00853898;-0.281509;0.00613917;-0.298165;0.00176213;-0.298853;0.00140527;-0.277728;0.00288425;-0.278729;0.00198483
642000;-0.270817;0.00853677;-0.281317;0.00613232;-0.298201;0.00176081;-0.298807;0.00140405;-0.277781;0.00288206;-0.278724;0.00198308
643000;-0.270888;0.00853124;-0.281478;0.00612928;-0.2982;0.00175944;-0.298792;0.00140288;-0.277852;0.00287961;-0.278701;0.00198164
644000;-0.270678;0.00852133;-0.281251;0.00612208;-0.298161;0.00175796;-0.298731;0.00140166;-0.277808;0.00287718;-0.278673;0.00198019
645000;-0.270539;0.00851255;-0.281447;0.00611943;-0.29812;0.00175648;-0.298684;0.00140043;-0.277812;0.00287493;-0.278676;0.00197876
646000;-0.270541;0.00850598;-0.281676;0.00611716;-0.29812;0.00175512;-0.298692;0.00139933;-0.277857;0.00287279;-0.278608;0.00197744
647000;-0.270542;0.00849943;-0.281695;0.00611263;-0.298095;0.00175366;-0.298685;0.00139825;-0.277849;0.00287041;-0.278599;0.00197565
648000;-0.270544;0.00849289;-0.281854;0.00610961;-0.298037;0.00175215;-0.298652;0.0013971;-0.277807;0.00286851;-0.27858;0.0019744
649000;-0.270684;0.00848854;-0.281873;0.00610511;-0.298061;0.00175087;-0.298638;0.00139598;-0.277711;0.00286645;-0.278555;0.00197289
650000;-0.270686;0.00848202;-0.281857;0.00610024;-0.298089;0.0017496;-0.298666;0.00139497;-0.277665;0.00286443;-0.278531;0.00197146
651000;-0.270409;0.0084712;-0.282049;0.0060976;-0.298109;0.0017483;-0.298669;0.00139385;-0.277696;0.00286229;-0.278548;0.00196988
652000;-0.270619;0.00846796;-0.281894;0.00609127;-0.298121;0.00174694;-0.298697;0.00139281;-0.277715;0.00285974;-0.278529;0.00196826
653000;-0.270481;0.00845934;-0.282086;0.00608865;-0.298146;0.00174566;-0.298659;0.00139166;-0.277743;0.00285778;-0.278564;0.00196681
654000;-0.270483;0.00845289;-0.281897;0.00608198;-0.298219;0.00174448;-0.298699;0.0013907;-0.277814;0.00285564;-0.278543;0.00196543
655000;-0.270277;0.00844325;-0.28195;0.0060779;-0.298209;0.00174312;-0.298679;0.0013896;-0.277711;0.00285369;-0.27856;0.00196392
656000;-0.270003;0.00843256;-0.282072;0.00607456;-0.298263;0.00174192;-0.298685;0.00138856;-0.277772;0.00285114;-0.278568;0.00196239
657000;-0.270074;0.00842724;-0.282194;0.00607123;-0.298302;0.00174066;-0.298707;0.00138755;-0.277808;0.00284861;-0.278609;0.00196085
658000;-0.270557;0.00842832;-0.281937;0.00606389;-0.298252;0.00173918;-0.298681;0.00138648;-0.277809;0.00284671;-0.27865;0.00195914
659000;-0.270696;0.00842407;-0.281921;0.00605911;-0.298222;0.00173781;-0.298695;0.00138549;-0.27783;0.00284447;-0.278651;0.00195755
660000;-0.270697;0.0084177;-0.282042;0.00605581;-0.298226;0.00173651;-0.298713;0.00138444;-0.277866;0.00284277;-0.278626;0.0019561
661000;-0.270561;0.00840923;-0.282094;0.00605178;-0.298251;0.00173526;-0.298681;0.00138331;-0.277886;0.00284039;-0.278617;0.0019548
662000;-0.270426;0.00840079;-0.282044;0.00604668;-0.298231;0.0017339;-0.298727;0.00138239;-0.277892;0.0028384;-0.278637;0.00195325
663000;-0.270223;0.00839132;-0.281994;0.00604158;-0.298254;0.00173266;-0.298711;0.00138131;-0.27792;0.0028363;-0.278572;0.00195223
664000;-0.270361;0.00838713;-0.282046;0.00603759;-0.298283;0.00173142;-0.298704;0.00138023;-0.277845;0.0028344;-0.278596;0.00195066
665000;-0.270567;0.00838399;-0.281962;0.00603216;-0.29827;0.00173006;-0.298709;0.0013792;-0.277819;0.00283311;-0.278596;0.0019492
666000;-0.270772;0.00838085;-0.281879;0.00602674;-0.298246;0.00172867;-0.298719;0.00137821;-0.277856;0.00283066;-0.27861;0.00194783
667000;-0.270502;0.0083704;-0.281863;0.00602206;-0.298216;0.00172729;-0.298718;0.00137718;-0.277841;0.00282806;-0.278576;0.0019466
668000;-0.270638;0.00836624;-0.282152;0.0060206;-0.298224;0.00172604;-0.298718;0.00137608;-0.277796;0.00282584;-0.278584;0.00194505
669000;-0.270504;0.00835793;-0.282001;0.0060145;-0.29824;0.00172479;-0.298722;0.00137508;-0.277841;0.00282353;-0.278541;0.0019439
670000;-0.270573;0.00835275;-0.282053;0.00601056;-0.298229;0.00172344;-0.298757;0.00137417;-0.277859;0.0028211;-0.278585;0.00194219
671000;-0.270777;0.00834964;-0.281835;0.00600379;-0.298251;0.00172219;-0.298767;0.00137316;-0.27784;0.00281879;-0.278604;0.00194057
672000;-0.270711;0.00834241;-0.281886;0.00599986;-0.298228;0.00172082;-0.298742;0.00137207;-0.277856;0.00281664;-0.278638;0.00193913
673000;-0.270712;0.00833623;-0.281737;0.00599383;-0.298255;0.00171959;-0.298738;0.00137099;-0.277825;0.00281492;-0.278613;0.00193758
674000;-0.270377;0.00832492;-0.281553;0.00598746;-0.298245;0.00171826;-0.298747;0.00137;-0.2779;0.00281238;-0.278656;0.001936
675000;-0.270379;0.00831878;-0.281606;0.00598357;-0.298248;0.00171699;-0.298766;0.00136903;-0.2779;0.00280995;-0.278691;0.0019344
676000;-0.270514;0.00831469;-0.28159;0.00597898;-0.298277;0.0017158;-0.298774;0.001368;-0.277771;0.00280871;-0.278676;0.00193308
677000;-0.270716;0.00831163;-0.281809;0.00597686;-0.298259;0.00171445;-0.298794;0.00136704;-0.277744;0.00280699;-0.278721;0.00193131
678000;-0.270517;0.00830246;-0.281761;0.00597194;-0.298303;0.00171329;-0.298792;0.00136605;-0.277782;0.00280457;-0.278777;0.00192968
679000;-0.270718;0.00829941;-0.281812;0.00596808;-0.298212;0.0017118;-0.298761;0.00136497;-0.277784;0.00280275;-0.27877;0.00192836
680000;-0.270653;0.00829231;-0.281631;0.00596179;-0.298168;0.00171045;-0.29874;0.00136396;-0.277799;0.0028003;-0.27875;0.00192708
681000;-0.270654;0.00828624;-0.281749;0.00595864;-0.29819;0.00170921;-0.298751;0.00136294;-0.277781;0.0027979;-0.278742;0.0019257
682000;-0.270722;0.00828119;-0.282131;0.00595827;-0.298186;0.00170793;-0.29877;0.00136189;-0.277729;0.00279582;-0.278782;0.00192403
683000;-0.270789;0.00827614;-0.282116;0.00595374;-0.298192;0.00170667;-0.298772;0.0013609;-0.277732;0.0027934;-0.278861;0.00192233
684000;-0.270724;0.0082691;-0.282166;0.00594991;-0.298278;0.00170562;-0.298794;0.00135998;-0.277677;0.00279193;-0.27884;0.00192094
685000;-0.270593;0.00826108;-0.282151;0.00594541;-0.298271;0.00170431;-0.298826;0.00135907;-0.277699;0.00278952;-0.278856;0.00191959
686000;-0.270462;0.00825307;-0.282168;0.00594125;-0.298276;0.00170306;-0.298772;0.00135796;-0.277636;0.00278775;-0.278824;0.00191824
687000;-0.270332;0.00824509;-0.28212;0.00593642;-0.298314;0.00170191;-0.298783;0.00135705;-0.277607;0.00278572;-0.278746;0.00191717
688000;-0.270268;0.00823812;-0.282203;0.00593297;-0.298279;0.00170056;-0.298783;0.00135606;-0.277739;0.002783;-0.278802;0.00191571
689000;-0.270204;0.00823118;-0.282384;0.00593054;-0.298249;0.00169924;-0.298812;0.00135524;-0.277743;0.00278104;-0.278833;0.00191428
690000;-0.269943;0.00822127;-0.282336;0.00592574;-0.298243;0.00169796;-0.298821;0.00135428;-0.277821;0.00277843;-0.278821;0.00191278
691000;-0.269749;0.00821238;-0.282385;0.00592197;-0.298239;0.00169673;-0.298836;0.00135332;-0.277778;0.00277665;-0.278896;0.00191101
692000;-0.269751;0.00820648;-0.282369;0.00591752;-0.298258;0.00169552;-0.298829;0.00135237;-0.277641;0.00277535;-0.278936;0.00190967
693000;-0.269689;0.00819961;-0.282354;0.00591309;-0.298268;0.00169431;-0.298847;0.00135145;-0.277581;0.00277356;-0.278891;0.00190858
694000;-0.269821;0.0081957;-0.282305;0.00590833;-0.298225;0.00169298;-0.298902;0.0013506;-0.27756;0.00277139;-0.278922;0.00190699
695000;-0.269954;0.0081918;-0.28242;0.00590526;-0.298158;0.00169158;-0.298903;0.00134963;-0.277572;0.00276934;-0.278921;0.00190553
696000;-0.270086;0.00818791;-0.282404;0.00590085;-0.298112;0.00169023;-0.298936;0.00134874;-0.277497;0.00276796;-0.278939;0.00190411
697000;-0.270088;0.00818206;-0.282681;0.00589946;-0.298105;0.00168899;-0.298896;0.00134768;-0.277509;0.00276582;-0.278934;0.00190253
698000;-0.269831;0.00817233;-0.282697;0.0058954;-0.298071;0.00168766;-0.298913;0.00134675;-0.277495;0.00276392;-0.278923;0.00190111
699000;-0.269639;0.00816359;-0.282713;0.00589135;-0.298126;0.00168659;-0.298916;0.00134572;-0.277498;0.00276157;-0.278969;0.00189974
700000;-0.269577;0.00815683;-0.282471;0.00588465;-0.298086;0.00168524;-0.298903;0.00134472;-0.277431;0.00276032;-0.279018;0.00189806
701000;-0.26958;0.00815105;-0.282423;0.00587996;-0.298112;0.00168408;-0.298912;0.00134382;-0.277313;0.00275878;-0.279021;0.00189649
702000;-0.270098;0.00815302;-0.282375;0.00587528;-0.298202;0.00168311;-0.298924;0.00134288;-0.277261;0.00275671;-0.27901;0.00189513
703000;-0.269907;0.00814435;-0.282231;0.00586962;-0.298163;0.0016818;-0.298916;0.00134188;-0.277269;0.00275459;-0.278999;0.00189371
704000;-0.269845;0.00813763;-0.282119;0.0058643;-0.298168;0.00168063;-0.298911;0.00134085;-0.277318;0.00275255;-0.278985;0.0018925
705000;-0.270039;0.00813478;-0.282104;0.00585999;-0.298215;0.00167952;-0.298868;0.00133979;-0.277236;0.00275085;-0.278992;0.0018912
706000;-0.270106;0.00813;-0.282249;0.00585732;-0.298225;0.00167835;-0.298911;0.00133893;-0.277215;0.00274873;-0.279002;0.00188961
707000;-0.270107;0.00812428;-0.282298;0.00585368;-0.298239;0.00167718;-0.298912;0.00133798;-0.277158;0.00274725;-0.278998;0.00188848
708000;-0.269982;0.00811666;-0.282187;0.0058484;-0.29824;0.00167597;-0.298913;0.00133703;-0.277216;0.00274463;-0.279055;0.00188682
709000;-0.269792;0.00810811;-0.282235;0.00584478;-0.29822;0.0016747;-0.298919;0.00133614;-0.277234;0.00274291;-0.279022;0.00188548
710000;-0.269731;0.00810148;-0.282316;0.00584148;-0.298202;0.00167345;-0.298928;0.00133525;-0.277243;0.00274074;-0.279013;0.0018843
711000;-0.26986;0.00809771;-0.282237;0.00583656;-0.298171;0.00167215;-0.298921;0.00133428;-0.277314;0.00273852;-0.279021;0.00188293
712000;-0.269672;0.00808922;-0.282285;0.00583296;-0.298113;0.00167082;-0.298956;0.00133344;-0.277335;0.00273686;-0.279044;0.00188154
713000;-0.269484;0.00808074;-0.28227;0.00582871;-0.298096;0.00166962;-0.298963;0.00133251;-0.277281;0.00273496;-0.279077;0.00188017
714000;-0.269487;0.00807512;-0.28216;0.00582351;-0.29807;0.00166836;-0.298957;0.00133156;-0.277306;0.00273337;-0.279061;0.00187875
715000;-0.269553;0.00807046;-0.28205;0.00581831;-0.298048;0.0016671;-0.298951;0.00133061;-0.277272;0.00273131;-0.279071;0.00187729
716000;-0.269492;0.00806392;-0.282225;0.00581603;-0.29807;0.00166599;-0.298912;0.00132958;-0.277262;0.00272948;-0.279116;0.00187581
717000;-0.269684;0.00806115;-0.282178;0.0058115;-0.298124;0.00166494;-0.29893;0.00132865;-0.277224;0.00272772;-0.27917;0.00187414
718000;-0.269624;0.00805463;-0.282226;0.00580794;-0.298091;0.00166366;-0.298933;0.00132771;-0.27722;0.00272599;-0.279095;0.00187308
719000;-0.269375;0.00804533;-0.282148;0.0058031;-0.298089;0.00166249;-0.29895;0.00132687;-0.277222;0.00272414;-0.279082;0.00187178
720000;-0.269503;0.00804165;-0.282259;0.0058002;-0.298114;0.00166141;-0.298953;0.00132592;-0.277177;0.00272286;-0.279047;0.00187053
721000;-0.269443;0.00803518;-0.282338;0.00579698;-0.298087;0.00166019;-0.298959;0.00132501;-0.277178;0.00272124;-0.27904;0.00186931
722000;-0.269885;0.00803615;-0.282135;0.0057909;-0.298072;0.00165899;-0.298981;0.00132413;-0.277125;0.00271973;-0.279086;0.00186782
723000;-0.269511;0.00802507;-0.281964;0.00578516;-0.298018;0.0016577;-0.298948;0.00132313;-0.277167;0.00271756;-0.27909;0.00186638
724000;-0.269389;0.00801771;-0.282012;0.00578165;-0.297978;0.00165645;-0.298959;0.00132224;-0.277223;0.00271535;-0.279131;0.00186487
725000;-0.26933;0.0080113;-0.282122;0.00577878;-0.298001;0.00165535;-0.298951;0.00132131;-0.277192;0.00271364;-0.279131;0.00186361
726000;-0.269083;0.00800214;-0.282107;0.00577465;-0.297965;0.00165412;-0.298924;0.00132031;-0.277128;0.00271179;-0.279125;0.00186236
727000;-0.269211;0.00799852;-0.282155;0.00577115;-0.297976;0.00165298;-0.298914;0.00131937;-0.277113;0.00271047;-0.279115;0.00186108
728000;-0.268965;0.0079894;-0.28214;0.00576704;-0.297936;0.00165173;-0.29894;0.00131846;-0.277043;0.00270892;-0.279058;0.00186008
729000;-0.269093;0.0079858;-0.282095;0.00576262;-0.297896;0.00165048;-0.298932;0.0013175;-0.277033;0.00270694;-0.279038;0.0018589
730000;-0.269282;0.00798312;-0.282204;0.00575978;-0.29791;0.00164937;-0.298969;0.00131667;-0.277012;0.00270485;-0.279101;0.00185755
731000;-0.269409;0.00797952;-0.282065;0.00575444;-0.29791;0.00164824;-0.298977;0.00131578;-0.276973;0.00270266;-0.279081;0.00185616
732000;-0.269535;0.00797593;-0.282051;0.00575036;-0.297939;0.00164719;-0.298949;0.00131481;-0.277023;0.00270069;-0.279064;0.00185476
733000;-0.269476;0.00796962;-0.282006;0.00574598;-0.297963;0.00164613;-0.29895;0.00131388;-0.277022;0.00269867;-0.279033;0.00185354
734000;-0.269664;0.00796694;-0.281899;0.00574099;-0.29796;0.00164499;-0.298923;0.00131286;-0.27695;0.00269695;-0.27904;0.00185223
735000;-0.270035;0.00796697;-0.281761;0.00573571;-0.297946;0.00164385;-0.298901;0.00131195;-0.276893;0.0026952;-0.279017;0.001851
736000;-0.270099;0.00796249;-0.281717;0.00573136;-0.297922;0.00164264;-0.298871;0.001311;-0.277006;0.00269289;-0.279002;0.00185001
737000;-0.270223;0.00795891;-0.281641;0.00572672;-0.297922;0.00164149;-0.298863;0.0013101;-0.277029;0.00269125;-0.279026;0.00184875
738000;-0.270409;0.00795623;-0.281658;0.005723;-0.297908;0.00164034;-0.298864;0.00130918;-0.277088;0.00268882;-0.279052;0.00184758
739000;-0.27041;0.00795087;-0.281614;0.00571868;-0.297903;0.00163918;-0.298893;0.00130838;-0.277076;0.00268673;-0.279088;0.00184619
740000;-0.270351;0.00794462;-0.281783;0.00571652;-0.297934;0.00163812;-0.298886;0.00130749;-0.277077;0.00268491;-0.279049;0.0018449
741000;-0.270352;0.00793928;-0.282014;0.00571496;-0.29793;0.001637;-0.2989;0.00130661;-0.277141;0.00268302;-0.279101;0.00184334
742000;-0.270537;0.00793662;-0.282;0.00571097;-0.297924;0.00163585;-0.298884;0.00130568;-0.277183;0.00268087;-0.279102;0.00184232
743000;-0.270599;0.00793218;-0.282168;0.00570881;-0.297915;0.00163471;-0.298864;0.0013047;-0.277142;0.00267898;-0.279129;0.00184099
744000;-0.2706;0.00792686;-0.282123;0.00570452;-0.297922;0.00163363;-0.298869;0.00130383;-0.277223;0.00267679;-0.279102;0.00183988
745000;-0.270722;0.00792332;-0.281896;0.00569843;-0.297975;0.00163265;-0.298868;0.00130299;-0.27717;0.00267529;-0.279143;0.00183841
746000;-0.270784;0.00791891;-0.281791;0.00569356;-0.298042;0.00163171;-0.298849;0.00130207;-0.277167;0.00267346;-0.279068;0.00183735
747000;-0.270664;0.00791186;-0.281626;0.0056881;-0.297993;0.00163049;-0.298855;0.00130121;-0.277243;0.00267152;-0.279071;0.00183597
748000;-0.270665;0.00790658;-0.281703;0.00568507;-0.298001;0.00162941;-0.298832;0.00130027;-0.277348;0.00266974;-0.279125;0.0018348
749000;-0.270545;0.00789957;-0.281629;0.00568053;-0.298;0.0016283;-0.298868;0.00129944;-0.277355;0.00266834;-0.279164;0.0018334
750000;-0.270546;0.00789431;-0.281676;0.00567721;-0.297964;0.0016271;-0.2989;0.00129866;-0.277336;0.00266668;-0.279152;0.00183221
751000;-0.270668;0.00789082;-0.281723;0.00567389;-0.297951;0.00162594;-0.29888;0.00129771;-0.27729;0.00266494;-0.279089;0.00183126
752000;-0.270549;0.00788384;-0.281558;0.00566849;-0.297927;0.00162479;-0.298928;0.00129696;-0.277314;0.00266291;-0.279102;0.00182989
753000;-0.27061;0.0078795;-0.281755;0.00566668;-0.297893;0.00162362;-0.298916;0.00129604;-0.277235;0.0026614;-0.279016;0.00182921
754000;-0.270791;0.00787689;-0.281862;0.00566397;-0.297929;0.00162261;-0.2989;0.00129515;-0.277225;0.00265938;-0.278967;0.00182822
755000;-0.270792;0.00787168;-0.281788;0.00565949;-0.297938;0.00162152;-0.298879;0.00129427;-0.277279;0.0026573;-0.279052;0.00182665
756000;-0.270733;0.00786562;-0.281954;0.00565739;-0.297956;0.00162048;-0.298847;0.00129334;-0.277338;0.00265564;-0.279018;0.00182539
757000;-0.270913;0.00786303;-0.28197;0.00565381;-0.29795;0.00161939;-0.298857;0.00129247;-0.277318;0.00265426;-0.279034;0.00182417
758000;-0.270974;0.00785871;-0.281926;0.00564965;-0.297979;0.00161837;-0.298869;0.00129165;-0.277311;0.00265236;-0.279047;0.0018229
759000;-0.271034;0.0078544;-0.282091;0.00564756;-0.298054;0.00161746;-0.298854;0.00129072;-0.277272;0.00265073;-0.279041;0.00182183
760000;-0.271035;0.00784924;-0.282077;0.0056437;-0.298055;0.00161639;-0.298846;0.00128987;-0.277289;0.00264858;-0.279035;0.00182076
761000;-0.271213;0.00784665;-0.281944;0.00563868;-0.298082;0.00161537;-0.298803;0.00128891;-0.277297;0.00264676;-0.279027;0.00181946
762000;-0.270917;0.00783724;-0.281871;0.00563426;-0.29806;0.00161427;-0.298796;0.00128805;-0.277313;0.00264487;-0.279059;0.00181817
763000;-0.270858;0.00783126;-0.281857;0.00563043;-0.298087;0.00161327;-0.298784;0.00128715;-0.277369;0.00264286;-0.279031;0.00181732
764000;-0.2708;0.00782529;-0.281785;0.00562602;-0.298071;0.00161216;-0.298759;0.00128623;-0.277302;0.00264144;-0.279037;0.00181612
765000;-0.270978;0.00782273;-0.281594;0.00562047;-0.298004;0.0016109;-0.29879;0.00128551;-0.277268;0.00263941;-0.278999;0.00181523
766000;-0.270802;0.00781509;-0.281699;0.00561783;-0.298014;0.00160986;-0.298809;0.00128468;-0.277327;0.00263745;-0.278963;0.00181411
767000;-0.270802;0.00781001;-0.281626;0.00561345;-0.298035;0.00160885;-0.2988;0.00128382;-0.277249;0.00263589;-0.278928;0.00181284
768000;-0.270803;0.00780493;-0.281642;0.00560996;-0.298083;0.00160791;-0.298776;0.00128297;-0.277254;0.00263409;-0.27888;0.00181215
769000;-0.270745;0.00779903;-0.28157;0.0056056;-0.29809;0.00160688;-0.298791;0.00128211;-0.277243;0.00263203;-0.278965;0.00181058
770000;-0.270687;0.00779313;-0.281352;0.00559981;-0.298112;0.00160587;-0.298766;0.00128126;-0.277251;0.0026302;-0.278968;0.00180922
771000;-0.270688;0.00778809;-0.28128;0.00559547;-0.298097;0.00160478;-0.298794;0.00128047;-0.277306;0.00262817;-0.27897;0.00180804
772000;-0.270572;0.00778139;-0.281326;0.0055923;-0.298087;0.00160371;-0.298803;0.00127964;-0.277213;0.00262678;-0.278993;0.00180685
773000;-0.270515;0.00777553;-0.281284;0.00558827;-0.298069;0.00160262;-0.298809;0.00127883;-0.277217;0.00262505;-0.278939;0.00180592
774000;-0.270516;0.00777052;-0.281242;0.00558425;-0.298073;0.00160157;-0.298819;0.00127797;-0.277148;0.00262374;-0.278929;0.00180487
775000;-0.270692;0.00776802;-0.281463;0.00558281;-0.298067;0.00160054;-0.298869;0.00127726;-0.277206;0.00262173;-0.278921;0.00180366
776000;-0.270635;0.0077622;-0.281625;0.00558079;-0.298061;0.00159948;-0.298892;0.00127653;-0.277273;0.00262003;-0.278909;0.00180251
777000;-0.270578;0.00775639;-0.281466;0.00557565;-0.298007;0.00159833;-0.298908;0.00127571;-0.277329;0.0026177;-0.27891;0.00180146
778000;-0.270463;0.00774976;-0.28157;0.00557307;-0.298005;0.0015973;-0.298913;0.00127492;-0.277284;0.00261606;-0.278891;0.00180058
779000;-0.270464;0.00774481;-0.281644;0.00557022;-0.297999;0.00159625;-0.298929;0.00127413;-0.277249;0.00261491;-0.278832;0.00179993
780000;-0.270523;0.00774068;-0.281689;0.00556709;-0.297954;0.00159513;-0.298891;0.0012732;-0.277215;0.00261343;-0.278833;0.00179872
781000;-0.27064;0.00773739;-0.281618;0.00556283;-0.297912;0.00159397;-0.298895;0.00127243;-0.277256;0.00261152;-0.278822;0.00179762
782000;-0.270641;0.00773245;-0.281605;0.00555914;-0.297901;0.00159291;-0.298901;0.00127158;-0.277225;0.00260986;-0.278809;0.00179656
783000;-0.2707;0.00772835;-0.281649;0.00555603;-0.297932;0.00159197;-0.298931;0.00127087;-0.277165;0.00260855;-0.278904;0.00179507
784000;-0.270759;0.00772425;-0.281521;0.00555123;-0.297949;0.00159096;-0.298932;0.00127003;-0.277072;0.00260745;-0.278891;0.00179373
785000;-0.270817;0.00772016;-0.281566;0.00554813;-0.297947;0.00158991;-0.298963;0.00126927;-0.27709;0.00260545;-0.278929;0.0017924
786000;-0.270933;0.00771689;-0.281754;0.00554644;-0.297897;0.00158877;-0.298969;0.00126849;-0.277126;0.00260334;-0.278954;0.00179122
787000;-0.270934;0.00771199;-0.281713;0.00554251;-0.297892;0.00158777;-0.298962;0.00126759;-0.277107;0.0026018;-0.278954;0.00178988
788000;-0.270992;0.00770792;-0.281757;0.00553942;-0.297882;0.00158674;-0.298939;0.00126672;-0.277172;0.00260018;-0.278937;0.00178873
789000;-0.270992;0.00770304;-0.281801;0.00553634;-0.297896;0.00158579;-0.298946;0.00126592;-0.277201;0.00259849;-0.278938;0.00178762
790000;-0.27105;0.00769898;-0.281845;0.00553326;-0.297961;0.00158491;-0.298958;0.00126514;-0.277135;0.0025971;-0.278947;0.00178631
791000;-0.271222;0.00769654;-0.281775;0.00552908;-0.29799;0.00158394;-0.298923;0.00126427;-0.277038;0.00259565;-0.278956;0.00178537
792000;-0.270937;0.00768766;-0.281676;0.00552463;-0.29806;0.00158309;-0.298943;0.00126344;-0.276973;0.00259416;-0.278902;0.00178427
793000;-0.271052;0.00768442;-0.281635;0.00552075;-0.298092;0.00158215;-0.298899;0.00126256;-0.276948;0.00259268;-0.278892;0.00178313
794000;-0.270881;0.00767718;-0.281508;0.00551604;-0.298101;0.00158117;-0.298888;0.00126173;-0.277024;0.00259061;-0.278869;0.00178215
795000;-0.270882;0.00767236;-0.281552;0.005513;-0.298153;0.00158026;-0.298876;0.00126096;-0.277058;0.00258842;-0.278894;0.00178086
796000;-0.270712;0.00766515;-0.281454;0.00550859;-0.298157;0.00157925;-0.298854;0.0012601;-0.277086;0.00258667;-0.278886;0.00177991
797000;-0.270657;0.00765956;-0.281499;0.00550556;-0.298118;0.00157812;-0.29886;0.00125935;-0.27703;0.00258544;-0.278869;0.00177894
798000;-0.270601;0.00765397;-0.281458;0.00550171;-0.298071;0.001577;-0.298875;0.00125866;-0.276995;0.00258404;-0.278913;0.00177761
799000;-0.270602;0.0076492;-0.281389;0.0054976;-0.298051;0.00157598;-0.298855;0.0012578;-0.277047;0.00258234;-0.278945;0.00177634
800000;-0.270829;0.00764761;-0.28132;0.0054935;-0.298027;0.00157493;-0.298863;0.00125704;-0.277021;0.00258049;-0.278949;0.00177515
801000;-0.270773;0.00764205;-0.281307;0.00548995;-0.298012;0.00157391;-0.29887;0.00125626;-0.27701;0.00257864;-0.278995;0.00177377
802000;-0.270661;0.00763571;-0.281492;0.00548831;-0.297981;0.00157285;-0.298878;0.00125551;-0.276962;0.00257739;-0.278986;0.00177254
803000;-0.270606;0.00763018;-0.281452;0.0054845;-0.298002;0.00157191;-0.298885;0.00125476;-0.276949;0.00257605;-0.278951;0.00177139
804000;-0.27072;0.00762703;-0.281608;0.00548259;-0.297974;0.00157087;-0.298896;0.00125398;-0.276922;0.00257442;-0.278916;0.00177047
805000;-0.270664;0.00762151;-0.281483;0.00547799;-0.298054;0.00157006;-0.298839;0.00125311;-0.276898;0.00257281;-0.278984;0.00176912
806000;-0.270778;0.00761837;-0.281274;0.00547258;-0.297994;0.00156895;-0.298837;0.00125233;-0.27691;0.00257128;-0.278965;0.00176806
807000;-0.27061;0.00761131;-0.281234;0.0054688;-0.298001;0.00156801;-0.298815;0.0012515;-0.276889;0.00256951;-0.278993;0.00176705
808000;-0.270835;0.00760974;-0.28111;0.00546423;-0.297953;0.00156694;-0.298798;0.00125068;-0.27688;0.00256791;-0.278977;0.00176592
809000;-0.271004;0.00760739;-0.281014;0.00545993;-0.297916;0.00156591;-0.298813;0.00124988;-0.276836;0.00256638;-0.278981;0.00176472
810000;-0.27106;0.00760347;-0.281142;0.00545778;-0.297895;0.00156489;-0.29881;0.0012491;-0.276761;0.00256487;-0.278983;0.0017637
811000;-0.271284;0.0076019;-0.281102;0.00545403;-0.297907;0.00156393;-0.298836;0.00124836;-0.276745;0.00256313;-0.27899;0.00176273
812000;-0.271563;0.0076011;-0.281174;0.00545136;-0.297899;0.00156293;-0.298787;0.00124752;-0.276758;0.00256221;-0.278967;0.00176165
813000;-0.271674;0.00759797;-0.281078;0.0054471;-0.297965;0.00156212;-0.298807;0.00124677;-0.276737;0.00256128;-0.27895;0.00176044
814000;-0.271562;0.00759175;-0.281067;0.00544364;-0.297956;0.00156115;-0.29879;0.00124596;-0.276679;0.00256042;-0.278975;0.00175942
815000;-0.271729;0.0075894;-0.280944;0.00543912;-0.297948;0.00156017;-0.298823;0.00124522;-0.276651;0.00255884;-0.279022;0.00175803
816000;-0.272006;0.00758859;-0.280932;0.00543568;-0.297926;0.00155915;-0.298828;0.00124444;-0.276619;0.00255758;-0.279061;0.00175674
817000;-0.271894;0.0075824;-0.28081;0.00543118;-0.297934;0.00155817;-0.298791;0.00124357;-0.276559;0.00255634;-0.279049;0.00175554
818000;-0.27217;0.00758158;-0.280854;0.00542828;-0.297943;0.00155719;-0.29878;0.0012428;-0.27663;0.00255471;-0.279077;0.0017542
819000;-0.272169;0.00757694;-0.280814;0.00542459;-0.297927;0.00155621;-0.298756;0.00124199;-0.27655;0.00255374;-0.279081;0.00175317
820000;-0.272003;0.00757002;-0.280886;0.00542196;-0.297896;0.00155518;-0.298757;0.00124123;-0.276541;0.00255206;-0.279101;0.00175199
821000;-0.272112;0.00756692;-0.280874;0.00541855;-0.297895;0.00155421;-0.298786;0.00124049;-0.276563;0.00255014;-0.279092;0.00175095
822000;-0.272112;0.00756231;-0.280835;0.00541488;-0.297913;0.00155329;-0.29879;0.00123979;-0.276653;0.00254831;-0.279082;0.00174984
823000;-0.272221;0.00755922;-0.280989;0.00541305;-0.297891;0.00155228;-0.298793;0.00123901;-0.276743;0.00254651;-0.279052;0.00174879
824000;-0.272385;0.00755689;-0.280977;0.00540965;-0.297919;0.00155141;-0.298813;0.00123828;-0.276758;0.00254524;-0.279014;0.00174791
825000;-0.272219;0.00755002;-0.280966;0.00540626;-0.297907;0.00155044;-0.298805;0.00123752;-0.276742;0.00254346;-0.279036;0.00174682
826000;-0.272163;0.00754468;-0.280954;0.00540288;-0.297944;0.00154958;-0.298802;0.00123673;-0.276769;0.00254184;-0.279046;0.00174585
827000;-0.272162;0.00754011;-0.280915;0.00539925;-0.297984;0.00154872;-0.29884;0.00123601;-0.276765;0.00254026;-0.279019;0.00174485
828000;-0.272271;0.00753705;-0.280849;0.00539536;-0.29801;0.00154784;-0.298855;0.00123526;-0.276818;0.00253855;-0.278992;0.00174381
829000;-0.272161;0.00753099;-0.280893;0.00539251;-0.298032;0.00154696;-0.298839;0.00123454;-0.276802;0.00253673;-0.278978;0.00174295
830000;-0.272105;0.00752569;-0.281017;0.00539045;-0.298024;0.001546;-0.298836;0.00123383;-0.276817;0.00253499;-0.278982;0.00174176
831000;-0.271832;0.00751741;-0.280924;0.00538632;-0.297995;0.001545;-0.298855;0.00123315;-0.276822;0.0025335;-0.278969;0.00174071
832000;-0.271886;0.00751363;-0.281076;0.00538452;-0.298042;0.00154417;-0.298862;0.00123238;-0.276881;0.00253179;-0.27902;0.00173958
833000;-0.271723;0.00750687;-0.281146;0.00538195;-0.298066;0.00154326;-0.298869;0.00123162;-0.276982;0.0025299;-0.278988;0.00173851
834000;-0.271668;0.00750162;-0.281216;0.00537938;-0.298097;0.0015424;-0.298891;0.00123091;-0.277049;0.002528;-0.27902;0.00173741
835000;-0.271722;0.00749787;-0.281285;0.00537681;-0.29811;0.00154148;-0.298893;0.00123017;-0.277043;0.0025272;-0.278987;0.00173644
836000;-0.271559;0.00749115;-0.281328;0.00537399;-0.298092;0.00154052;-0.298907;0.00122952;-0.277125;0.00252572;-0.279016;0.00173528
837000;-0.271613;0.00748741;-0.281397;0.00537144;-0.298098;0.00153959;-0.298893;0.00122876;-0.277167;0.00252385;-0.279054;0.00173404
838000;-0.271505;0.00748146;-0.281493;0.00536913;-0.298067;0.00153858;-0.298903;0.00122806;-0.277149;0.00252238;-0.279036;0.00173306
839000;-0.271559;0.00747774;-0.281589;0.00536684;-0.298062;0.00153764;-0.298917;0.00122735;-0.277069;0.00252162;-0.278995;0.00173211
840000;-0.271397;0.00747108;-0.281523;0.00536302;-0.298087;0.00153678;-0.298884;0.00122656;-0.277148;0.00252004;-0.279002;0.00173093
841000;-0.27129;0.00746516;-0.28143;0.00535896;-0.298064;0.00153583;-0.298919;0.00122589;-0.277106;0.00251869;-0.278991;0.00172974
842000;-0.271129;0.00745853;-0.281284;0.0053544;-0.298072;0.00153491;-0.29892;0.00122515;-0.277159;0.00251671;-0.278953;0.0017288
843000;-0.271129;0.00745411;-0.281299;0.00535137;-0.298028;0.0015339;-0.298911;0.0012244;-0.27714;0.00251604;-0.279013;0.00172753
844000;-0.27129;0.00745189;-0.281207;0.00534733;-0.298031;0.00153299;-0.298921;0.00122368;-0.277208;0.00251441;-0.278964;0.00172646
845000;-0.271237;0.00744675;-0.281222;0.00534431;-0.298046;0.00153212;-0.298943;0.00122298;-0.277119;0.00251322;-0.278977;0.00172552
846000;-0.271237;0.00744235;-0.281238;0.00534129;-0.297993;0.00153109;-0.298933;0.00122227;-0.277042;0.00251198;-0.278956;0.00172462
847000;-0.271238;0.00743796;-0.281119;0.00533703;-0.298002;0.00153018;-0.298967;0.00122161;-0.277085;0.00251057;-0.278931;0.00172375
848000;-0.271184;0.00743285;-0.281081;0.00533353;-0.298005;0.0015293;-0.298938;0.00122082;-0.277111;0.00250923;-0.278925;0.00172285
849000;-0.271505;0.00743283;-0.281043;0.00533003;-0.298013;0.00152842;-0.298974;0.00122017;-0.277054;0.002508;-0.278928;0.00172187
850000;-0.271664;0.00743063;-0.281085;0.00532728;-0.298039;0.00152756;-0.298998;0.00121951;-0.277091;0.00250624;-0.278926;0.00172086
851000;-0.271398;0.00742264;-0.280994;0.0053233;-0.298048;0.00152669;-0.298952;0.00121869;-0.277046;0.00250469;-0.27898;0.00171976
852000;-0.271504;0.00741973;-0.280903;0.00531933;-0.298053;0.0015258;-0.29895;0.00121803;-0.277013;0.00250371;-0.279005;0.00171853
853000;-0.271451;0.00741466;-0.280866;0.00531586;-0.298058;0.00152491;-0.298944;0.00121729;-0.277029;0.00250259;-0.279001;0.00171752
854000;-0.271292;0.00740816;-0.280934;0.00531338;-0.298069;0.00152403;-0.298944;0.00121661;-0.277011;0.00250091;-0.278979;0.00171662
855000;-0.271292;0.00740383;-0.281029;0.00531116;-0.298073;0.00152315;-0.298959;0.00121595;-0.277086;0.0024995;-0.278999;0.00171541
856000;-0.271293;0.00739951;-0.281123;0.00530894;-0.298107;0.00152235;-0.298988;0.00121527;-0.277104;0.00249781;-0.279011;0.00171421
857000;-0.27124;0.00739447;-0.281059;0.00530524;-0.298093;0.00152143;-0.298993;0.00121455;-0.277103;0.00249623;-0.278996;0.00171321
858000;-0.271029;0.00738731;-0.281206;0.00530352;-0.298072;0.00152049;-0.298944;0.00121375;-0.277052;0.0024951;-0.278993;0.00171215
859000;-0.270872;0.00738088;-0.281195;0.00530032;-0.298075;0.00151961;-0.298934;0.00121303;-0.277151;0.00249331;-0.278996;0.0017111
860000;-0.270873;0.00737659;-0.28121;0.00529738;-0.29808;0.00151873;-0.298935;0.00121229;-0.277211;0.00249152;-0.279;0.00170995
861000;-0.270873;0.00737232;-0.281146;0.00529371;-0.298077;0.00151783;-0.298933;0.00121159;-0.277232;0.00248993;-0.278955;0.00170926
862000;-0.270979;0.00736947;-0.281345;0.00529248;-0.298061;0.00151692;-0.298948;0.00121088;-0.277176;0.00248854;-0.278963;0.00170824
863000;-0.270822;0.00736308;-0.281386;0.0052898;-0.298124;0.00151616;-0.298943;0.00121016;-0.277224;0.00248684;-0.278985;0.0017072
864000;-0.270666;0.00735671;-0.281584;0.00528857;-0.298134;0.00151531;-0.298933;0.00120943;-0.277229;0.00248523;-0.278963;0.00170617
865000;-0.270876;0.00735529;-0.281467;0.00528444;-0.298145;0.00151447;-0.298946;0.00120875;-0.27727;0.00248326;-0.278961;0.00170505
866000;-0.270981;0.00735246;-0.281456;0.00528128;-0.298156;0.00151363;-0.298936;0.001208;-0.277246;0.00248189;-0.279014;0.00170385
867000;-0.270982;0.00734822;-0.281496;0.00527861;-0.298169;0.00151276;-0.298927;0.00120731;-0.277255;0.00248003;-0.279005;0.00170299
868000;-0.270878;0.00734259;-0.281511;0.0052757;-0.298239;0.00151202;-0.298921;0.00120653;-0.277307;0.00247844;-0.278996;0.00170202
869000;-0.270826;0.00733768;-0.281343;0.00527111;-0.298307;0.00151129;-0.298916;0.00120581;-0.277355;0.00247714;-0.279;0.00170099
870000;-0.270775;0.00733277;-0.281462;0.00526918;-0.298263;0.00151032;-0.298907;0.00120511;-0.277296;0.00247597;-0.279053;0.00169986
871000;-0.27062;0.00732647;-0.281424;0.00526581;-0.29824;0.00150938;-0.298885;0.00120438;-0.277254;0.00247459;-0.279048;0.00169895
872000;-0.270725;0.00732368;-0.281439;0.00526292;-0.298241;0.00150849;-0.298822;0.0012036;-0.277204;0.00247342;-0.279025;0.00169809
873000;-0.270726;0.00731949;-0.281479;0.00526028;-0.298243;0.00150761;-0.298817;0.0012029;-0.277163;0.00247213;-0.279025;0.00169707
874000;-0.270623;0.00731392;-0.281545;0.00525788;-0.29823;0.00150671;-0.29887;0.00120233;-0.277207;0.0024706;-0.279021;0.00169623
875000;-0.270521;0.00730837;-0.281611;0.00525548;-0.298187;0.00150576;-0.298881;0.00120167;-0.277223;0.00246943;-0.279029;0.00169521
876000;-0.270625;0.0073056;-0.281393;0.00525047;-0.298201;0.00150493;-0.29891;0.00120104;-0.277274;0.00246788;-0.279023;0.0016946
877000;-0.270471;0.00729937;-0.281459;0.00524808;-0.298191;0.00150404;-0.298915;0.00120038;-0.277269;0.00246657;-0.278993;0.00169369
878000;-0.27073;0.00729868;-0.281473;0.00524523;-0.298198;0.00150318;-0.298929;0.00119968;-0.277296;0.00246501;-0.278962;0.00169288
879000;-0.270782;0.00729522;-0.281436;0.0052419;-0.298193;0.0015023;-0.298924;0.00119895;-0.277358;0.00246324;-0.278967;0.00169202
880000;-0.270783;0.00729109;-0.281476;0.00523929;-0.298195;0.00150145;-0.298948;0.00119827;-0.277299;0.0024623;-0.278884;0.0016912
881000;-0.270784;0.00728696;-0.281311;0.00523479;-0.298206;0.00150062;-0.298947;0.00119763;-0.27727;0.00246097;-0.278839;0.00169027
882000;-0.270887;0.00728421;-0.2813;0.00523172;-0.298153;0.00149965;-0.298986;0.00119703;-0.277253;0.0024594;-0.278797;0.00168942
883000;-0.270888;0.00728009;-0.281161;0.00522748;-0.29812;0.00149872;-0.29901;0.00119641;-0.277307;0.0024578;-0.278778;0.00168864
884000;-0.270991;0.00727735;-0.281073;0.00522372;-0.298103;0.00149784;-0.299033;0.00119578;-0.277294;0.00245659;-0.278812;0.00168749
885000;-0.270838;0.00727119;-0.281139;0.00522137;-0.298129;0.00149706;-0.299034;0.00119513;-0.277307;0.00245488;-0.278864;0.00168643
886000;-0.270838;0.0072671;-0.281179;0.00521879;-0.298134;0.00149622;-0.299012;0.0011944;-0.277286;0.00245341;-0.278908;0.0016854
887000;-0.27089;0.00726369;-0.281423;0.00521808;-0.298153;0.00149541;-0.29898;0.00119362;-0.277291;0.00245209;-0.278947;0.00168423
888000;-0.271044;0.00726164;-0.281386;0.00521481;-0.298225;0.00149474;-0.298983;0.00119298;-0.277288;0.00245069;-0.27896;0.00168316
889000;-0.270942;0.00725621;-0.281349;0.00521154;-0.298214;0.00149384;-0.298986;0.00119229;-0.277321;0.00244925;-0.278958;0.00168229
890000;-0.27079;0.00725011;-0.281262;0.00520781;-0.298248;0.00149306;-0.299004;0.00119166;-0.277326;0.00244775;-0.278958;0.00168123
891000;-0.27069;0.0072447;-0.281251;0.00520479;-0.298277;0.00149229;-0.299008;0.001191;-0.27736;0.0024463;-0.279;0.00168012
892000;-0.270741;0.00724132;-0.28124;0.00520177;-0.298242;0.00149137;-0.298977;0.00119025;-0.277357;0.00244505;-0.279002;0.0016793
893000;-0.27059;0.00723526;-0.28128;0.00519922;-0.298265;0.00149057;-0.298963;0.00118956;-0.277399;0.00244355;-0.279028;0.00167819
894000;-0.27049;0.00722988;-0.281294;0.00519644;-0.298285;0.00148977;-0.298972;0.00118892;-0.277374;0.00244188;-0.279008;0.00167724
895000;-0.27044;0.00722518;-0.281182;0.00519251;-0.298269;0.0014889;-0.299013;0.00118836;-0.27742;0.00244041;-0.279011;0.00167622
896000;-0.270593;0.00722317;-0.281121;0.00518906;-0.298258;0.00148804;-0.299013;0.00118772;-0.27742;0.00243883;-0.278949;0.00167549
897000;-0.270594;0.00721916;-0.280933;0.00518446;-0.298243;0.00148716;-0.299011;0.00118705;-0.277462;0.00243751;-0.278982;0.00167438
898000;-0.270393;0.00721248;-0.280973;0.00518193;-0.298203;0.00148626;-0.298994;0.00118633;-0.277437;0.00243617;-0.27895;0.00167352
899000;-0.270243;0.00720648;-0.280963;0.00517895;-0.298198;0.00148543;-0.299022;0.00118574;-0.27736;0.00243519;-0.278913;0.00167263
900000;-0.270245;0.0072025;-0.280952;0.00517598;-0.298195;0.00148459;-0.299018;0.00118508;-0.277441;0.00243355;-0.278996;0.00167148
901000;-0.270397;0.00720051;-0.280866;0.00517233;-0.298156;0.00148366;-0.299008;0.00118442;-0.277474;0.00243224;-0.279048;0.00167035
902000;-0.270298;0.00719521;-0.281056;0.00517119;-0.298126;0.00148276;-0.299017;0.00118376;-0.277543;0.00243067;-0.279031;0.00166938
903000;-0.270299;0.00719124;-0.280971;0.00516754;-0.298154;0.00148199;-0.29903;0.00118313;-0.277587;0.00242917;-0.279011;0.00166866
904000;-0.27025;0.00718661;-0.28096;0.00516459;-0.298133;0.00148111;-0.299036;0.00118249;-0.27757;0.00242753;-0.279029;0.00166764
905000;-0.270101;0.00718068;-0.280825;0.00516051;-0.29816;0.00148036;-0.299027;0.00118181;-0.277586;0.00242632;-0.279074;0.00166657
906000;-0.270303;0.00717937;-0.280814;0.00515756;-0.29818;0.00147957;-0.299023;0.00118118;-0.277511;0.00242533;-0.279116;0.00166547
907000;-0.270454;0.0071774;-0.280754;0.00515417;-0.298198;0.00147879;-0.299036;0.00118054;-0.277592;0.00242375;-0.279097;0.00166472
908000;-0.270355;0.00717215;-0.280719;0.00515102;-0.298223;0.00147803;-0.299063;0.00117996;-0.277605;0.00242242;-0.279075;0.00166383
909000;-0.270506;0.00717019;-0.280659;0.00514764;-0.298219;0.0014772;-0.299052;0.0011793;-0.277565;0.00242078;-0.2791;0.00166284
910000;-0.270507;0.00716626;-0.280748;0.00514562;-0.298226;0.0014764;-0.29908;0.00117869;-0.277592;0.00241927;-0.279117;0.00166181
911000;-0.270359;0.00716038;-0.280862;0.00514382;-0.298208;0.00147553;-0.29908;0.00117806;-0.277585;0.00241805;-0.279147;0.00166109
912000;-0.27036;0.00715647;-0.280877;0.00514113;-0.298201;0.00147472;-0.299072;0.0011774;-0.277623;0.00241717;-0.279157;0.00166016
913000;-0.27046;0.00715387;-0.280891;0.00513845;-0.298222;0.00147394;-0.299041;0.00117667;-0.277613;0.00241567;-0.279183;0.00165918
914000;-0.270511;0.00715062;-0.280757;0.00513443;-0.298202;0.00147306;-0.299078;0.00117607;-0.277713;0.00241379;-0.279163;0.00165841
915000;-0.270759;0.00714997;-0.280747;0.00513153;-0.298184;0.00147219;-0.299081;0.00117541;-0.277685;0.00241291;-0.27915;0.00165763
916000;-0.27076;0.00714607;-0.280761;0.00512886;-0.298146;0.00147128;-0.299133;0.00117487;-0.277716;0.00241123;-0.279139;0.00165661
917000;-0.270662;0.00714089;-0.280801;0.00512641;-0.298146;0.00147046;-0.299131;0.00117424;-0.277712;0.00240992;-0.279113;0.00165565
918000;-0.270564;0.00713572;-0.280938;0.00512486;-0.29816;0.0014697;-0.299154;0.00117367;-0.277727;0.00240893;-0.27907;0.0016549
919000;-0.270614;0.00713249;-0.280977;0.00512242;-0.298187;0.00146894;-0.29916;0.00117305;-0.277761;0.00240781;-0.27913;0.00165384
920000;-0.271009;0.00713378;-0.280991;0.00511976;-0.298182;0.00146813;-0.299149;0.00117238;-0.277757;0.00240637;-0.279099;0.00165322
921000;-0.271206;0.00713248;-0.281227;0.0051191;-0.298217;0.0014674;-0.299136;0.00117172;-0.27777;0.00240531;-0.279102;0.00165225
922000;-0.271108;0.00712733;-0.281167;0.00511579;-0.298232;0.00146663;-0.29911;0.00117104;-0.277811;0.00240382;-0.279041;0.00165158
923000;-0.271255;0.00712539;-0.281156;0.00511292;-0.298194;0.00146575;-0.2991;0.00117038;-0.277799;0.00240235;-0.279061;0.00165058
924000;-0.271206;0.0071209;-0.281072;0.0051094;-0.298207;0.00146499;-0.2991;0.00116973;-0.277758;0.00240125;-0.279028;0.00164969
925000;-0.271158;0.00711642;-0.281135;0.0051072;-0.298194;0.00146414;-0.299107;0.00116911;-0.277776;0.0024003;-0.27905;0.00164872
926000;-0.271012;0.00711067;-0.281247;0.00510544;-0.298201;0.00146337;-0.299129;0.00116854;-0.277738;0.00239951;-0.279077;0.00164776
927000;-0.270963;0.0071062;-0.281163;0.00510194;-0.29822;0.0014626;-0.299117;0.00116786;-0.277771;0.00239805;-0.279114;0.00164674
928000;-0.270915;0.00710174;-0.28125;0.00509997;-0.298197;0.00146175;-0.299146;0.00116726;-0.277766;0.00239701;-0.27909;0.00164591
929000;-0.271013;0.00709919;-0.281142;0.00509626;-0.298191;0.00146093;-0.299122;0.00116657;-0.277775;0.00239565;-0.2791;0.00164501
930000;-0.271013;0.00709538;-0.281059;0.00509277;-0.298188;0.00146011;-0.299113;0.00116595;-0.277784;0.0023948;-0.279085;0.00164411
931000;-0.271111;0.00709284;-0.281;0.00508951;-0.298223;0.00145938;-0.299114;0.00116526;-0.277722;0.00239345;-0.279059;0.00164329
932000;-0.27116;0.00708967;-0.28099;0.00508668;-0.298242;0.00145865;-0.299118;0.00116465;-0.277799;0.002392;-0.279035;0.00164246
933000;-0.271306;0.00708776;-0.280955;0.00508365;-0.298262;0.00145792;-0.299132;0.00116407;-0.277798;0.00239113;-0.279043;0.0016416
934000;-0.271403;0.00708523;-0.280945;0.00508084;-0.298255;0.00145712;-0.299146;0.00116351;-0.277787;0.0023898;-0.279011;0.00164093
935000;-0.271258;0.00707955;-0.281032;0.00507889;-0.298234;0.00145629;-0.299115;0.00116285;-0.277826;0.00238846;-0.279039;0.00163994
936000;-0.27121;0.00707515;-0.281022;0.00507609;-0.298231;0.0014555;-0.299128;0.00116227;-0.277798;0.00238705;-0.279056;0.00163919
937000;-0.271162;0.00707075;-0.280987;0.00507307;-0.298227;0.00145468;-0.299137;0.00116167;-0.277742;0.00238575;-0.279057;0.00163834
938000;-0.271162;0.00706698;-0.280808;0.00506877;-0.298222;0.00145387;-0.299161;0.0011611;-0.27775;0.00238413;-0.27908;0.00163735
939000;-0.271307;0.00706509;-0.280822;0.0050662;-0.298203;0.00145305;-0.299172;0.00116053;-0.277699;0.00238281;-0.279101;0.00163638
940000;-0.271259;0.00706071;-0.280837;0.00506363;-0.298211;0.00145229;-0.29916;0.00115991;-0.27776;0.00238149;-0.279108;0.00163538
941000;-0.271307;0.00705759;-0.280947;0.00506192;-0.298201;0.00145147;-0.299187;0.00115936;-0.277719;0.00238041;-0.279068;0.0016346
942000;-0.271307;0.00705384;-0.280817;0.00505807;-0.298258;0.00145081;-0.299212;0.00115878;-0.277725;0.00237913;-0.279097;0.00163364
943000;-0.271115;0.00704762;-0.280783;0.00505509;-0.298275;0.00145006;-0.299189;0.0011581;-0.277704;0.00237799;-0.27913;0.00163266
944000;-0.271164;0.00704451;-0.280893;0.00505339;-0.298284;0.0014493;-0.299187;0.00115748;-0.27771;0.00237666;-0.279169;0.00163173
945000;-0.271212;0.00704141;-0.280763;0.00504956;-0.298252;0.00144844;-0.299196;0.00115687;-0.277723;0.00237517;-0.279124;0.001631
946000;-0.271164;0.00703707;-0.280562;0.0050451;-0.298264;0.00144768;-0.299163;0.00115619;-0.277766;0.002374;-0.279122;0.00163028
947000;-0.271212;0.00703397;-0.280528;0.00504214;-0.298226;0.00144685;-0.299212;0.00115566;-0.277725;0.00237278;-0.279088;0.00162968
948000;-0.27126;0.00703088;-0.280519;0.0050394;-0.298207;0.00144603;-0.299232;0.00115507;-0.277741;0.00237141;-0.279071;0.0016287
949000;-0.271451;0.00702963;-0.280533;0.00503687;-0.298165;0.00144519;-0.299224;0.00115446;-0.277721;0.00236999;-0.279073;0.00162777
950000;-0.271356;0.00702471;-0.280452;0.0050335;-0.298129;0.00144434;-0.299236;0.00115385;-0.277682;0.00236924;-0.279073;0.00162695
951000;-0.271404;0.00702162;-0.280419;0.00503056;-0.298145;0.00144358;-0.299238;0.00115327;-0.27773;0.00236787;-0.279109;0.00162606
952000;-0.271261;0.0070161;-0.280314;0.00502699;-0.29814;0.00144278;-0.299212;0.0011526;-0.277767;0.0023665;-0.279062;0.00162517
953000;-0.271404;0.00701425;-0.280305;0.00502427;-0.298119;0.00144197;-0.299191;0.00115195;-0.277826;0.0023652;-0.278987;0.0016247
954000;-0.271499;0.00701179;-0.280177;0.0050205;-0.298137;0.00144124;-0.299218;0.0011514;-0.277878;0.00236364;-0.278987;0.00162378
955000;-0.271546;0.00700873;-0.280239;0.00501842;-0.298156;0.00144051;-0.299173;0.00115073;-0.277886;0.00236225;-0.279009;0.0016228
956000;-0.271546;0.00700506;-0.280135;0.00501488;-0.298152;0.00143975;-0.299156;0.00115008;-0.277905;0.0023608;-0.278985;0.00162192
957000;-0.271451;0.00700019;-0.28015;0.00501239;-0.298198;0.0014391;-0.299178;0.00114947;-0.277899;0.00236005;-0.278973;0.0016211
958000;-0.271404;0.00699593;-0.280117;0.00500948;-0.298194;0.00143833;-0.299169;0.00114885;-0.277892;0.00235914;-0.278998;0.00162017
959000;-0.271215;0.00698986;-0.280108;0.00500679;-0.298192;0.00143757;-0.299212;0.00114834;-0.27788;0.00235785;-0.278974;0.00161935
960000;-0.271357;0.00698804;-0.280075;0.00500389;-0.298192;0.0014368;-0.299227;0.0011478;-0.277819;0.00235721;-0.278942;0.0016187
961000;-0.271451;0.0069856;-0.28009;0.00500142;-0.298223;0.00143611;-0.29922;0.00114718;-0.277835;0.00235638;-0.278946;0.00161785
962000;-0.271545;0.00698317;-0.280058;0.00499853;-0.298225;0.00143538;-0.299252;0.00114662;-0.277841;0.00235504;-0.278965;0.00161698
963000;-0.271357;0.00697715;-0.280072;0.00499606;-0.298212;0.00143461;-0.299213;0.00114597;-0.277898;0.00235366;-0.27896;0.00161623
964000;-0.27117;0.00697113;-0.28004;0.00499319;-0.298198;0.00143384;-0.299195;0.00114538;-0.277879;0.00235258;-0.279005;0.00161524
965000;-0.271357;0.00696991;-0.280148;0.00499155;-0.298204;0.00143311;-0.299202;0.0011448;-0.277883;0.0023514;-0.279045;0.00161425
966000;-0.271498;0.0069681;-0.280069;0.00498827;-0.298206;0.00143239;-0.299188;0.00114423;-0.277941;0.00235019;-0.279033;0.0016135
967000;-0.271592;0.00696569;-0.280036;0.00498541;-0.298196;0.00143161;-0.2992;0.00114367;-0.277947;0.00234892;-0.279067;0.00161257
968000;-0.271638;0.00696268;-0.280121;0.00498357;-0.298202;0.00143087;-0.299202;0.00114309;-0.277965;0.0023477;-0.279068;0.00161177
969000;-0.271825;0.00696146;-0.280205;0.00498174;-0.298212;0.00143015;-0.299236;0.00114258;-0.277931;0.00234672;-0.279073;0.0016109
970000;-0.271964;0.00695965;-0.280033;0.00497766;-0.298214;0.00142942;-0.299212;0.00114196;-0.27794;0.00234587;-0.279094;0.00161002
971000;-0.271917;0.00695547;-0.280094;0.00497564;-0.298223;0.0014287;-0.299223;0.00114139;-0.277992;0.00234431;-0.27908;0.00160923
972000;-0.272056;0.00695365;-0.280062;0.00497279;-0.298198;0.0014279;-0.299251;0.00114083;-0.27795;0.00234296;-0.279029;0.00160863
973000;-0.272009;0.00694948;-0.2801;0.00497057;-0.298177;0.00142711;-0.299274;0.00114028;-0.277929;0.00234154;-0.279034;0.00160787
974000;-0.272287;0.00694944;-0.280091;0.00496794;-0.298177;0.00142638;-0.299278;0.00113968;-0.277999;0.00234016;-0.279049;0.00160706
975000;-0.272147;0.0069441;-0.280128;0.00496572;-0.298182;0.00142566;-0.299262;0.00113907;-0.278045;0.00233879;-0.279038;0.00160609
976000;-0.272147;0.00694053;-0.280235;0.00496411;-0.298191;0.00142496;-0.299267;0.00113848;-0.27808;0.00233738;-0.279043;0.00160527
977000;-0.272146;0.00693697;-0.280226;0.00496149;-0.298201;0.00142424;-0.299229;0.00113786;-0.278126;0.00233592;-0.279029;0.00160442
978000;-0.272099;0.00693283;-0.28031;0.00495968;-0.298233;0.00142359;-0.29922;0.00113725;-0.2781;0.00233489;-0.279025;0.00160357
979000;-0.272098;0.00692928;-0.280416;0.00495808;-0.298204;0.00142278;-0.299212;0.00113665;-0.278085;0.00233382;-0.279014;0.00160265
980000;-0.272236;0.00692749;-0.280546;0.00495668;-0.298229;0.00142209;-0.299211;0.00113604;-0.278102;0.00233259;-0.27897;0.00160207
981000;-0.272097;0.0069222;-0.280536;0.00495407;-0.298229;0.00142136;-0.2992;0.00113542;-0.278094;0.00233158;-0.278911;0.00160141
982000;-0.272096;0.00691866;-0.280596;0.00495207;-0.298214;0.00142061;-0.299203;0.00113485;-0.278135;0.00233008;-0.278899;0.00160062
983000;-0.272142;0.00691572;-0.280564;0.00494927;-0.298215;0.00141988;-0.299228;0.00113432;-0.278113;0.00232904;-0.278888;0.00159974
984000;-0.272325;0.00691451;-0.280417;0.00494547;-0.29824;0.00141919;-0.299228;0.00113377;-0.278116;0.00232776;-0.278905;0.00159883
985000;-0.272324;0.00691099;-0.2805;0.00494368;-0.298262;0.0014185;-0.299194;0.0011331;-0.278062;0.00232658;-0.278895;0.00159823
986000;-0.272139;0.00690516;-0.280582;0.00494189;-0.298251;0.00141774;-0.299206;0.00113257;-0.278033;0.00232539;-0.278911;0.00159735
987000;-0.272185;0.00690223;-0.280688;0.0049403;-0.298285;0.0014171;-0.299191;0.00113197;-0.277997;0.00232442;-0.278935;0.00159643
988000;-0.272138;0.00689815;-0.280724;0.00493812;-0.2983;0.00141642;-0.299187;0.00113138;-0.27798;0.00232356;-0.278937;0.00159562
989000;-0.272229;0.0068958;-0.280783;0.00493613;-0.298309;0.00141574;-0.299217;0.00113087;-0.277996;0.00232234;-0.278927;0.00159488
990000;-0.272091;0.00689059;-0.280888;0.00493455;-0.298319;0.00141502;-0.29921;0.00113028;-0.278024;0.002321;-0.278945;0.00159395
991000;-0.272182;0.00688825;-0.280856;0.00493178;-0.298314;0.00141429;-0.29922;0.00112973;-0.278036;0.00231952;-0.278984;0.00159307
992000;-0.272227;0.00688534;-0.280846;0.00492921;-0.298313;0.00141357;-0.29919;0.00112913;-0.278053;0.00231851;-0.278977;0.00159237
993000;-0.272089;0.00688015;-0.280996;0.00492802;-0.298307;0.00141282;-0.299177;0.00112854;-0.278049;0.00231695;-0.278963;0.00159164
994000;-0.272088;0.00687668;-0.280896;0.00492467;-0.298286;0.00141206;-0.299176;0.00112795;-0.27803;0.00231609;-0.278966;0.00159079
995000;-0.272224;0.00687492;-0.280886;0.00492212;-0.298284;0.00141133;-0.299188;0.0011274;-0.278013;0.00231521;-0.279013;0.00158983
996000;-0.272223;0.00687146;-0.280854;0.00491937;-0.298279;0.00141061;-0.299175;0.00112682;-0.27804;0.00231403;-0.279007;0.00158903
997000;-0.272359;0.00686971;-0.28089;0.00491721;-0.298286;0.0014099;-0.299211;0.00112631;-0.278064;0.0023127;-0.27902;0.00158832
998000;-0.272358;0.00686626;-0.280835;0.00491427;-0.298297;0.00140921;-0.299241;0.00112581;-0.278025;0.00231177;-0.279039;0.00158753
999000;-0.272266;0.00686167;-0.28069;0.00491056;-0.298302;0.00140851;-0.299236;0.00112524;-0.277968;0.00231078;-0.279043;0.00158686
1000000;-0.272356;0.00685937;-0.280884;0.00490978;-0.298308;0.0014078;-0.299233;0.00112467;-0.278023;0.00230978;-0.279034;0.00158604
