Nb sim;DF;IC_DF ;DF_anti;IC_DF_anti ;DF_d;IC_DF_d ;DF_d_anti;IC_DF_d_anti;Tan;IC_Tan ;Tan_anti;IC_Tan_anti ;Mall;IC_Mall ;Mall_anti;IC_Mall_anti
10000;36.0598;0.642583;35.7257;0.104438;35.9125;0.633446;35.697;0.0801784;35.4781;0.644113;35.7638;0.106723;36.6828;2.70359;35.4242;1.81867
11000;36.085;0.612889;35.7344;0.0998408;35.8349;0.602739;35.6707;0.0750592;35.5633;0.613643;35.7566;0.101891;36.4676;2.56241;34.9959;1.70906
12000;36.0615;0.587076;35.7462;0.0957959;35.81;0.576157;35.6611;0.0709465;35.5095;0.587604;35.7325;0.0971896;36.9768;2.47024;35.4032;1.646
13000;36.0937;0.564152;35.7624;0.0922495;36.0057;0.553032;35.6539;0.067131;35.4935;0.564714;35.7145;0.0928551;36.9275;2.36331;35.7453;1.5841
14000;36.0214;0.543599;35.7759;0.0889107;35.9562;0.532659;35.6521;0.0639246;35.5789;0.544034;35.7081;0.0893881;36.9435;2.30795;36.0555;1.53242
15000;35.9689;0.525239;35.7722;0.0858505;35.9139;0.514102;35.6471;0.0610641;35.4665;0.525805;35.7128;0.0864331;36.9886;2.23337;35.7122;1.46678
16000;35.8204;0.508791;35.7913;0.0833229;35.8991;0.497542;35.6312;0.0586526;35.4434;0.508982;35.7364;0.0839383;36.7565;2.1555;35.3939;1.41245
17000;35.8347;0.493363;35.7638;0.0805811;35.9028;0.4824;35.6237;0.056333;35.4657;0.493729;35.7604;0.0818709;36.566;2.08885;35.3137;1.36553
18000;35.8468;0.479424;35.757;0.0782379;35.8991;0.468105;35.6136;0.0543076;35.4446;0.479714;35.7585;0.0794505;36.3908;2.01396;35.2611;1.32419
19000;35.8559;0.466455;35.7564;0.0760851;35.917;0.455366;35.6087;0.0524887;35.4976;0.466973;35.7607;0.0774398;35.9422;1.94903;35.227;1.28503
20000;35.8353;0.454657;35.758;0.0740595;35.9124;0.443569;35.6058;0.0507733;35.4119;0.455193;35.7554;0.0753196;36.2993;1.91377;34.9234;1.24496
21000;35.8352;0.443749;35.7546;0.0721913;35.9154;0.432538;35.6066;0.0492223;35.4754;0.444229;35.7685;0.0735191;36.0615;1.85579;35.1429;1.22267
22000;35.8281;0.433361;35.7476;0.070441;35.9026;0.422311;35.6062;0.047827;35.4599;0.434007;35.7693;0.0718079;36.1337;1.81547;35.1071;1.19595
23000;35.8472;0.423902;35.741;0.0688453;35.917;0.413034;35.601;0.046479;35.4576;0.424365;35.7686;0.0703127;35.8869;1.76246;35.1797;1.16964
24000;35.8622;0.415005;35.7512;0.0674565;35.8413;0.404285;35.6021;0.0452824;35.4105;0.415538;35.7711;0.0687975;35.8816;1.72661;35.3844;1.14866
25000;35.875;0.406514;35.7484;0.0660554;35.8373;0.395961;35.5921;0.044186;35.4427;0.407154;35.7832;0.067466;35.5763;1.68121;35.3794;1.12264
26000;35.8679;0.398529;35.7514;0.0647951;35.851;0.388056;35.5803;0.0432196;35.4491;0.399302;35.7755;0.0661214;35.3684;1.6446;35.4348;1.10008
27000;35.8641;0.391089;35.7551;0.0635817;35.8112;0.380742;35.5794;0.0422199;35.5168;0.391751;35.7739;0.0649163;35.2173;1.6074;35.2056;1.0755
28000;35.8009;0.384059;35.757;0.0624897;35.7972;0.373812;35.5795;0.0413692;35.4885;0.384689;35.7769;0.0637511;35.2332;1.57391;35.3802;1.05798
29000;35.8696;0.37722;35.7504;0.0613262;35.7877;0.367355;35.5813;0.0405445;35.51;0.378113;35.7855;0.0627346;35.0585;1.54451;35.4709;1.03951
30000;35.8895;0.370857;35.7465;0.0603;35.8094;0.360997;35.5845;0.0397799;35.4938;0.37174;35.7776;0.061573;34.9446;1.51382;35.5403;1.0233
31000;35.924;0.36473;35.7415;0.0592306;35.7677;0.355208;35.5853;0.0389977;35.5529;0.365641;35.7785;0.0605449;35.0734;1.49437;35.6481;1.01014
32000;35.9204;0.359081;35.7477;0.0583341;35.7447;0.349623;35.5785;0.0382743;35.5684;0.359867;35.7792;0.0596457;35.0831;1.47122;35.6897;0.99492
33000;35.9338;0.353614;35.7469;0.0574213;35.6988;0.344298;35.574;0.0375919;35.5262;0.354402;35.7804;0.0587208;35.1708;1.45766;35.6693;0.982184
34000;35.8847;0.348368;35.7485;0.0565717;35.7049;0.339185;35.5733;0.0369212;35.5278;0.349102;35.777;0.0577625;35.1599;1.43321;35.6683;0.967733
35000;35.8929;0.343406;35.7503;0.0557797;35.6152;0.334304;35.57;0.0363079;35.5118;0.344065;35.7755;0.0569601;35.125;1.40809;35.5206;0.951199
36000;35.9072;0.338578;35.7514;0.0550048;35.5909;0.32962;35.5687;0.0356834;35.4814;0.339185;35.7812;0.056258;35.0458;1.38404;35.7876;0.946071
37000;35.905;0.333932;35.7495;0.0542374;35.5812;0.325102;35.5729;0.0351425;35.5353;0.33461;35.7822;0.0555686;35.1402;1.36689;35.8232;0.934656
38000;35.8586;0.329567;35.745;0.0534889;35.5967;0.320792;35.5688;0.0345849;35.5201;0.330255;35.7821;0.0548201;35.1423;1.34572;35.8092;0.921878
39000;35.8517;0.325291;35.7508;0.0528063;35.5709;0.316723;35.571;0.0341092;35.5418;0.32595;35.7827;0.0540911;35.0405;1.3262;35.6873;0.907484
40000;35.9025;0.32119;35.7575;0.0521678;35.6327;0.31265;35.5677;0.0336361;35.563;0.321829;35.7783;0.0533803;34.9543;1.3099;35.631;0.893989
41000;35.8609;0.317192;35.7547;0.0514665;35.6696;0.30873;35.563;0.0331512;35.6091;0.317862;35.7817;0.0527287;34.7409;1.29041;35.7753;0.886221
42000;35.9161;0.313317;35.7582;0.0508861;35.7065;0.30496;35.5589;0.0327256;35.6046;0.31405;35.7832;0.0520965;34.8807;1.27637;35.8933;0.876659
43000;35.9246;0.309617;35.7625;0.0502789;35.6802;0.301417;35.558;0.0322821;35.5874;0.310363;35.7846;0.0515062;35.0862;1.2654;35.9682;0.868349
44000;35.9086;0.306082;35.7567;0.0496877;35.659;0.297935;35.5589;0.0318669;35.5763;0.306826;35.7808;0.0509175;34.976;1.24742;36.0519;0.859705
45000;35.9121;0.302684;35.7573;0.0491021;35.657;0.29453;35.5545;0.0314279;35.6199;0.303406;35.7811;0.0503282;34.9306;1.23259;36.0698;0.849404
46000;35.9355;0.299392;35.7553;0.0485691;35.636;0.291328;35.5596;0.0310866;35.6251;0.300121;35.7781;0.0497436;34.9244;1.21813;36.0572;0.840347
47000;35.9248;0.296193;35.756;0.048015;35.6525;0.288098;35.5587;0.0307108;35.6538;0.296847;35.7798;0.0492307;35.0574;1.2089;35.9359;0.829549
48000;35.9018;0.293102;35.7577;0.0475659;35.6507;0.285058;35.5595;0.0303773;35.6378;0.293702;35.7844;0.0487543;35.0789;1.1974;35.8805;0.820023
49000;35.9038;0.290078;35.7596;0.047113;35.634;0.282121;35.559;0.0300238;35.6564;0.290711;35.7874;0.0482531;35.1559;1.18955;36.0164;0.816396
50000;35.9016;0.287152;35.7594;0.0466382;35.6447;0.279264;35.5597;0.0297052;35.6502;0.287768;35.7867;0.0477711;35.1798;1.1779;36.0073;0.807734
51000;35.9003;0.284284;35.7593;0.0461742;35.6315;0.276494;35.5621;0.029376;35.6653;0.284931;35.7848;0.047268;35.2544;1.16759;36.0144;0.801976
52000;35.9306;0.28152;35.7579;0.0457142;35.6462;0.273839;35.5598;0.0290492;35.6776;0.282204;35.785;0.046784;35.2272;1.15401;36.0383;0.793931
53000;35.9124;0.278912;35.7561;0.0452557;35.6412;0.271214;35.5577;0.0287227;35.6679;0.279502;35.7914;0.0463958;35.2583;1.1419;36.0844;0.787846
54000;35.8931;0.276325;35.7565;0.044845;35.6681;0.268678;35.5589;0.0284271;35.6961;0.276856;35.7893;0.0459539;35.3309;1.13222;36.1295;0.781291
55000;35.8602;0.273843;35.7588;0.0444027;35.6465;0.26625;35.5553;0.0281118;35.702;0.274307;35.7843;0.0455181;35.4583;1.1266;36.1345;0.774155
56000;35.847;0.271355;35.7563;0.0440089;35.6535;0.263794;35.5521;0.0278313;35.6843;0.271814;35.7793;0.0450493;35.3185;1.11263;36.1628;0.767897
57000;35.7876;0.269008;35.7556;0.0436184;35.6704;0.261432;35.5524;0.0275922;35.6914;0.269453;35.776;0.0446446;35.3537;1.10305;36.2183;0.762065
58000;35.7971;0.266647;35.7594;0.0432741;35.6493;0.259256;35.5528;0.0273369;35.7126;0.267086;35.7745;0.044232;35.4348;1.09406;36.1745;0.755178
59000;35.833;0.264406;35.7615;0.0429306;35.666;0.257056;35.5518;0.0270753;35.7079;0.264796;35.7737;0.0438854;35.4783;1.08404;36.1526;0.748021
60000;35.8284;0.262212;35.7649;0.0426061;35.6406;0.254904;35.55;0.0268168;35.707;0.262559;35.7768;0.043526;35.4105;1.07706;36.1592;0.741776
61000;35.8195;0.260086;35.7629;0.0422843;35.6438;0.252782;35.5505;0.0265941;35.707;0.2604;35.7774;0.0431348;35.5299;1.07086;36.2484;0.73611
62000;35.7959;0.25803;35.7601;0.041912;35.6057;0.250729;35.5521;0.0263638;35.7055;0.258253;35.7776;0.0427817;35.4996;1.06028;36.1893;0.728764
63000;35.8087;0.255968;35.7623;0.041585;35.6151;0.248729;35.5528;0.0261215;35.6988;0.256212;35.7773;0.0424533;35.5271;1.05239;36.2282;0.72327
64000;35.8414;0.253974;35.7634;0.0412543;35.5963;0.246787;35.5496;0.0258951;35.6818;0.254195;35.777;0.0421041;35.5842;1.04447;36.3087;0.719601
65000;35.8544;0.251993;35.762;0.0409191;35.5995;0.244842;35.5523;0.0256917;35.6577;0.252233;35.7782;0.0418044;35.674;1.03706;36.3326;0.714393
66000;35.8551;0.250068;35.7647;0.0406233;35.6159;0.24296;35.5528;0.0254771;35.6608;0.250328;35.7789;0.0414596;35.8309;1.03062;36.2607;0.708599
67000;35.8495;0.248158;35.7696;0.0403528;35.593;0.241138;35.5508;0.0252705;35.6824;0.248429;35.7805;0.0411543;35.9201;1.02425;36.1984;0.702652
68000;35.8539;0.24631;35.7693;0.040047;35.5724;0.239366;35.5509;0.0250657;35.6827;0.246592;35.7771;0.0408178;35.9492;1.01715;36.2175;0.698519
69000;35.8532;0.244514;35.7703;0.039769;35.5753;0.23763;35.5519;0.0248939;35.6821;0.244797;35.7749;0.0404973;35.9548;1.00983;36.1426;0.69247
70000;35.8593;0.242734;35.7715;0.0394701;35.5695;0.235943;35.5526;0.0246943;35.6842;0.24305;35.7718;0.0401872;35.9895;1.00479;36.1254;0.686836
71000;35.8618;0.241021;35.7689;0.039184;35.5708;0.234287;35.5511;0.024486;35.6786;0.24134;35.7705;0.0398901;36.0294;0.997901;36.1204;0.682339
72000;35.8734;0.239306;35.7709;0.0389209;35.575;0.232662;35.5498;0.0243141;35.687;0.239665;35.7678;0.0395909;35.9828;0.989088;36.0917;0.677156
73000;35.8954;0.237668;35.772;0.0386501;35.5797;0.231068;35.5492;0.0241251;35.6732;0.238039;35.7654;0.0392801;36.0427;0.982016;36.0623;0.672405
74000;35.9148;0.236042;35.7678;0.0383579;35.5873;0.229516;35.5528;0.023948;35.6711;0.236417;35.7672;0.0390325;35.9873;0.976836;36.0318;0.667797
75000;35.9076;0.234468;35.7681;0.0380909;35.5724;0.228022;35.5522;0.0237749;35.6579;0.234798;35.7693;0.0387774;36.0093;0.970269;36.081;0.663414
76000;35.9147;0.232961;35.7657;0.0378338;35.5796;0.226531;35.5524;0.0236292;35.656;0.233265;35.767;0.0385064;35.9617;0.963666;36.1021;0.659259
77000;35.9113;0.231442;35.7674;0.0375983;35.5572;0.225057;35.5518;0.0234727;35.6809;0.231741;35.767;0.0382472;35.9044;0.957136;36.1213;0.655638
78000;35.9129;0.229943;35.7668;0.0373366;35.5553;0.223581;35.5513;0.0233083;35.6933;0.230237;35.7653;0.0379874;35.8574;0.949428;36.1293;0.651071
79000;35.8949;0.228519;35.7685;0.0371036;35.5701;0.222134;35.5506;0.0231453;35.7066;0.228775;35.7657;0.0377397;35.7834;0.941619;36.1323;0.646325
80000;35.8674;0.227112;35.7688;0.0368764;35.5541;0.220747;35.5503;0.0229739;35.6993;0.227337;35.7667;0.0375081;35.8185;0.935826;36.1633;0.642428
81000;35.8782;0.225717;35.7713;0.0366786;35.5614;0.219346;35.5504;0.0228244;35.7078;0.225914;35.7655;0.0372758;35.7913;0.929595;36.1254;0.637695
82000;35.8838;0.224317;35.7709;0.0364442;35.5459;0.218004;35.5499;0.0226651;35.708;0.224516;35.7651;0.0370535;35.8315;0.924541;36.099;0.633109
83000;35.8844;0.222977;35.7723;0.036229;35.5519;0.216727;35.5481;0.0225174;35.7241;0.223138;35.7639;0.0368292;35.9035;0.918946;36.1076;0.629364
84000;35.8693;0.221658;35.7737;0.0360167;35.5566;0.215427;35.5504;0.0223726;35.7223;0.221796;35.765;0.0366179;35.8495;0.912377;36.0911;0.625948
85000;35.8574;0.220363;35.774;0.0358088;35.5472;0.214141;35.5487;0.0222323;35.715;0.220488;35.7663;0.0364035;35.844;0.906701;36.1206;0.622841
86000;35.8603;0.21908;35.772;0.035594;35.5354;0.212868;35.5498;0.0220871;35.7229;0.219214;35.7682;0.0362027;35.8698;0.90233;36.0641;0.618681
87000;35.8467;0.217838;35.7695;0.0353834;35.5361;0.211603;35.551;0.0219591;35.7167;0.217955;35.7675;0.0359954;35.9097;0.898757;36.0386;0.615296
88000;35.8407;0.216608;35.77;0.0351911;35.5687;0.210409;35.5516;0.0218121;35.7311;0.216709;35.7676;0.0357829;35.8825;0.893378;36.0299;0.611438
89000;35.8625;0.215388;35.7693;0.0349805;35.5612;0.209241;35.5504;0.0216841;35.7344;0.21548;35.7689;0.035581;35.8559;0.887759;36.0349;0.607894
90000;35.8589;0.214202;35.7679;0.0347884;35.556;0.20807;35.551;0.0215482;35.7568;0.214284;35.7674;0.0353615;35.8129;0.88218;36.0355;0.604607
91000;35.8602;0.213033;35.7665;0.0345833;35.5679;0.206909;35.5485;0.0214294;35.7731;0.21311;35.7674;0.0351714;35.7726;0.877159;35.9861;0.600386
92000;35.8622;0.211861;35.7702;0.0344292;35.5707;0.205762;35.5489;0.021308;35.7783;0.211976;35.7685;0.0349829;35.763;0.872624;35.982;0.597781
93000;35.8591;0.210712;35.7695;0.0342413;35.5589;0.204668;35.5493;0.0211782;35.7757;0.210839;35.7676;0.034781;35.7025;0.86655;36.0292;0.595356
94000;35.8322;0.209607;35.7692;0.0340577;35.5406;0.203574;35.5484;0.0210581;35.7797;0.209713;35.7679;0.0346031;35.7056;0.861456;36.0389;0.5922
95000;35.8452;0.208519;35.7707;0.033882;35.5249;0.202497;35.549;0.0209418;35.7804;0.208607;35.768;0.0344229;35.6544;0.855628;36.0217;0.589152
96000;35.8576;0.207456;35.7728;0.0337363;35.5213;0.201442;35.5508;0.0208303;35.7932;0.207519;35.7668;0.0342351;35.62;0.851004;35.9987;0.585726
97000;35.8625;0.206398;35.7731;0.0335703;35.5126;0.200391;35.5505;0.020716;35.7889;0.20644;35.7646;0.0340553;35.5539;0.845539;36.013;0.582603
98000;35.8543;0.205349;35.7712;0.0333898;35.495;0.199381;35.5485;0.0205936;35.8095;0.205358;35.7651;0.0338809;35.6384;0.843768;36.0451;0.579855
99000;35.8557;0.204298;35.7701;0.0332158;35.4964;0.198371;35.5485;0.020485;35.823;0.204315;35.7628;0.0336899;35.6603;0.83981;36.0359;0.576645
100000;35.8475;0.203282;35.77;0.0330627;35.4777;0.197366;35.5468;0.0203768;35.8197;0.203286;35.7614;0.0335207;35.664;0.835353;36.0639;0.573738
101000;35.8471;0.202273;35.7705;0.0329002;35.4718;0.196383;35.5459;0.0202683;35.8208;0.202293;35.7602;0.0333508;35.6785;0.830579;36.0917;0.570905
102000;35.8369;0.201276;35.7685;0.0327365;35.4845;0.19541;35.5434;0.0201533;35.8099;0.201308;35.7606;0.0331877;35.6286;0.825862;36.0854;0.567678
103000;35.8097;0.2003;35.7696;0.0325769;35.4893;0.194451;35.5439;0.0200484;35.799;0.200349;35.7593;0.0330188;35.5849;0.821013;36.1391;0.565884
104000;35.8172;0.199334;35.7692;0.0324322;35.5026;0.193508;35.5424;0.0199476;35.7844;0.199387;35.7597;0.0328522;35.6181;0.817472;36.1024;0.562827
105000;35.8098;0.198361;35.7688;0.0322752;35.5069;0.192573;35.5431;0.0198472;35.8101;0.198432;35.759;0.0326911;35.6731;0.814466;36.0878;0.559886
106000;35.7941;0.19743;35.7696;0.0321253;35.5024;0.191665;35.5431;0.0197467;35.8259;0.197482;35.7608;0.0325445;35.6041;0.809166;36.1073;0.557343
107000;35.8025;0.196483;35.7699;0.0319683;35.5021;0.190767;35.5455;0.0196557;35.8264;0.196545;35.7595;0.0323871;35.554;0.804958;36.0852;0.554671
108000;35.7917;0.195587;35.7676;0.0318086;35.4983;0.189857;35.5438;0.0195582;35.8198;0.19564;35.7619;0.032256;35.5343;0.800626;36.1181;0.552356
109000;35.7946;0.194696;35.7689;0.0316779;35.508;0.18899;35.5444;0.0194652;35.8297;0.194744;35.7609;0.0321088;35.5749;0.79713;36.0947;0.549136
110000;35.8116;0.193802;35.7736;0.0315479;35.5142;0.188114;35.5453;0.0193743;35.8226;0.193858;35.7603;0.031961;35.5974;0.793646;36.0986;0.546287
111000;35.8239;0.192931;35.7736;0.0314018;35.5245;0.187251;35.5442;0.0192744;35.8345;0.192994;35.7606;0.0318253;35.54;0.789162;36.0942;0.543741
112000;35.8282;0.192066;35.7773;0.0312843;35.5233;0.186415;35.5429;0.0191818;35.8465;0.19212;35.7606;0.0316836;35.5968;0.786339;36.0684;0.54087
113000;35.8384;0.191222;35.7762;0.03114;35.518;0.185571;35.5422;0.0190967;35.8492;0.191258;35.7603;0.0315334;35.6283;0.783022;36.0554;0.538145
114000;35.8287;0.190376;35.7745;0.0309866;35.5075;0.184743;35.5427;0.0190068;35.8517;0.190425;35.7598;0.0313912;35.6679;0.780386;36.0631;0.535903
115000;35.8429;0.189538;35.7777;0.0308604;35.5075;0.18393;35.544;0.0189247;35.8439;0.189603;35.76;0.0312548;35.6898;0.77727;36.0564;0.533634
116000;35.8488;0.188714;35.7775;0.0307212;35.5042;0.183113;35.5433;0.0188361;35.8362;0.188783;35.7617;0.0311362;35.6691;0.773616;36.0549;0.5314
117000;35.8598;0.187897;35.7768;0.0305836;35.4993;0.182328;35.5423;0.018749;35.8275;0.187981;35.7635;0.0310197;35.6405;0.770226;36.0425;0.52875
118000;35.8624;0.1871;35.7764;0.0304485;35.5161;0.181559;35.541;0.0186566;35.8206;0.187192;35.7619;0.0308808;35.6339;0.766929;36.0426;0.526582
119000;35.8585;0.186318;35.7743;0.0303099;35.5219;0.180785;35.5409;0.0185773;35.8331;0.186399;35.7641;0.0307592;35.6924;0.763814;36.023;0.524093
120000;35.8606;0.185546;35.7723;0.0301685;35.5285;0.18003;35.5398;0.0184986;35.8279;0.185623;35.7639;0.0306323;35.6848;0.761058;36.0113;0.521817
121000;35.8506;0.184769;35.7728;0.0300447;35.5334;0.179279;35.5393;0.018414;35.8285;0.184869;35.7621;0.0304892;35.6978;0.757465;35.9758;0.519296
122000;35.8549;0.184017;35.771;0.0299085;35.5183;0.178545;35.5382;0.0183254;35.8398;0.1841;35.7641;0.0303769;35.7367;0.755135;35.9986;0.517482
123000;35.8467;0.183273;35.7729;0.0297857;35.522;0.177815;35.5384;0.0182446;35.8378;0.183339;35.7656;0.0302574;35.6401;0.750751;35.9889;0.515633
124000;35.8418;0.182532;35.7727;0.0296714;35.5302;0.177095;35.5378;0.0181669;35.8387;0.182596;35.765;0.0301355;35.6995;0.748918;36.0093;0.513752
125000;35.8579;0.181795;35.7711;0.0295511;35.5272;0.176397;35.5377;0.0180937;35.8465;0.181865;35.7643;0.0300135;35.6917;0.745616;35.9762;0.511281
126000;35.8475;0.181087;35.7702;0.0294287;35.5227;0.175703;35.5374;0.0180135;35.8394;0.181145;35.7653;0.029896;35.699;0.742588;35.9713;0.509296
127000;35.8492;0.180377;35.7692;0.0293143;35.5342;0.174994;35.5373;0.0179438;35.8628;0.18043;35.7632;0.0297702;35.6796;0.739471;35.9669;0.507913
128000;35.8383;0.179679;35.7718;0.0292104;35.5408;0.174316;35.5367;0.0178768;35.8585;0.179715;35.763;0.029656;35.6509;0.736145;35.9924;0.506143
129000;35.8336;0.178983;35.7711;0.0290949;35.5533;0.173642;35.5377;0.0178051;35.868;0.179014;35.7638;0.0295421;35.6449;0.732796;36.0117;0.504512
130000;35.8356;0.178297;35.7709;0.0289876;35.5402;0.172979;35.5376;0.0177337;35.8663;0.178327;35.7627;0.0294283;35.6114;0.729933;36.0234;0.502883
131000;35.8265;0.177626;35.7738;0.0288959;35.5464;0.172298;35.5381;0.0176635;35.8672;0.177637;35.7634;0.029321;35.66;0.727904;36.0296;0.500994
132000;35.8317;0.176937;35.7754;0.0287924;35.5344;0.171638;35.5376;0.0175916;35.8728;0.176955;35.7623;0.0291975;35.7031;0.725527;36.0597;0.499578
133000;35.8266;0.17628;35.7749;0.0286862;35.5258;0.171006;35.5365;0.017521;35.8784;0.176283;35.7625;0.0290982;35.6731;0.722086;36.0708;0.497637
134000;35.8351;0.175619;35.7741;0.0285734;35.5279;0.170366;35.5356;0.0174559;35.8762;0.175619;35.7623;0.028976;35.6596;0.71948;36.0767;0.496032
135000;35.835;0.174949;35.7734;0.0284645;35.5383;0.169742;35.5353;0.0173918;35.8789;0.174974;35.7634;0.0288727;35.6538;0.716785;36.104;0.494572
136000;35.8296;0.174293;35.7728;0.0283566;35.5438;0.169123;35.5353;0.0173272;35.8872;0.174325;35.7655;0.028783;35.6488;0.714172;36.1013;0.492825
137000;35.8377;0.17365;35.7719;0.0282559;35.5489;0.168514;35.5352;0.0172613;35.882;0.173692;35.7649;0.0286787;35.656;0.71198;36.1347;0.491149
138000;35.8373;0.173017;35.7707;0.0281474;35.5338;0.167907;35.5351;0.0171977;35.8632;0.173066;35.7643;0.0285693;35.6935;0.710443;36.1311;0.489318
139000;35.8377;0.172385;35.7697;0.0280404;35.5351;0.167304;35.5354;0.0171348;35.8615;0.17245;35.7649;0.028463;35.7303;0.708117;36.1551;0.487817
140000;35.8466;0.17178;35.7689;0.0279385;35.5376;0.166716;35.5352;0.0170696;35.8602;0.171834;35.7634;0.0283572;35.6904;0.705388;36.1059;0.485643
141000;35.8438;0.171164;35.7698;0.0278445;35.5445;0.16613;35.5344;0.0170003;35.8629;0.171213;35.7617;0.0282461;35.689;0.702707;36.0969;0.483723
142000;35.8491;0.170561;35.7685;0.0277395;35.5474;0.165544;35.5344;0.0169364;35.8639;0.170607;35.7601;0.0281399;35.7239;0.701539;36.0941;0.48232
143000;35.8597;0.169968;35.7704;0.0276577;35.5451;0.164968;35.5342;0.0168701;35.8671;0.170005;35.7617;0.0280467;35.7032;0.698807;36.081;0.480597
144000;35.8663;0.169367;35.7704;0.0275595;35.5402;0.164386;35.5345;0.0168077;35.871;0.16942;35.7624;0.0279556;35.716;0.696508;36.0677;0.478811
145000;35.8636;0.168783;35.7722;0.0274634;35.5362;0.163819;35.5346;0.0167428;35.8709;0.168826;35.7623;0.0278607;35.7266;0.694256;36.0285;0.477033
146000;35.8652;0.168207;35.7726;0.0273678;35.5265;0.16326;35.5343;0.0166821;35.8719;0.168242;35.7635;0.0277753;35.7491;0.691933;36.0126;0.475131
147000;35.8624;0.16764;35.7717;0.0272787;35.5254;0.162707;35.5333;0.0166191;35.8631;0.167666;35.7643;0.0276821;35.7539;0.689915;36.0138;0.473253
148000;35.8545;0.167074;35.7724;0.0271922;35.5167;0.162166;35.5349;0.0165617;35.8595;0.167096;35.7627;0.027586;35.8545;0.688615;35.9965;0.47138
149000;35.8564;0.166511;35.7736;0.0271007;35.5275;0.161625;35.5339;0.0165091;35.8592;0.166536;35.7613;0.0274881;35.8559;0.686832;36.0131;0.470251
150000;35.8596;0.165963;35.7741;0.0270175;35.5287;0.161079;35.5342;0.0164509;35.8608;0.165984;35.7616;0.0273988;35.7994;0.684323;36.041;0.46897
151000;35.864;0.165393;35.7749;0.0269362;35.5216;0.160536;35.534;0.016392;35.8647;0.165432;35.7622;0.0273107;35.7884;0.681854;36.0351;0.46745
152000;35.8695;0.16486;35.7759;0.0268506;35.5181;0.159998;35.5328;0.0163274;35.8596;0.16489;35.7636;0.0272286;35.7984;0.679666;36.0634;0.466337
153000;35.8775;0.164321;35.776;0.0267562;35.5159;0.159465;35.5322;0.016274;35.8525;0.164352;35.7646;0.0271459;35.8458;0.677388;36.0581;0.464803
154000;35.8703;0.163784;35.7773;0.0266798;35.5222;0.158947;35.5317;0.0162166;35.8544;0.163813;35.7639;0.0270561;35.8285;0.674822;36.0716;0.463396
155000;35.8618;0.163259;35.7774;0.0265928;35.5226;0.158436;35.5312;0.0161614;35.8502;0.16329;35.7628;0.0269577;35.7991;0.672524;36.0976;0.461981
156000;35.8612;0.162743;35.78;0.0265128;35.527;0.157927;35.5316;0.0161048;35.8561;0.162763;35.7611;0.0268611;35.802;0.670486;36.1074;0.460739
157000;35.8667;0.162227;35.7802;0.0264323;35.5244;0.157416;35.532;0.0160484;35.8535;0.162247;35.7602;0.0267733;35.8022;0.668286;36.132;0.459605
158000;35.8529;0.161716;35.7795;0.0263452;35.5199;0.156915;35.532;0.0159919;35.8616;0.161742;35.7598;0.0266944;35.7912;0.666361;36.1216;0.458045
159000;35.8676;0.161199;35.7794;0.0262589;35.5234;0.156421;35.5322;0.0159391;35.8621;0.161236;35.7611;0.0266062;35.7548;0.663737;36.1108;0.456424
160000;35.8648;0.160695;35.78;0.0261779;35.5328;0.155933;35.533;0.0158867;35.859;0.160732;35.7619;0.0265243;35.7729;0.662149;36.0669;0.454519
161000;35.8668;0.160199;35.7803;0.026094;35.5366;0.155436;35.5318;0.0158388;35.8643;0.16023;35.7635;0.0264469;35.8035;0.660868;36.1014;0.453351
162000;35.8594;0.159701;35.7802;0.0260087;35.5391;0.154943;35.5325;0.0157897;35.8687;0.159734;35.7632;0.0263646;35.8413;0.659458;36.0827;0.45183
163000;35.8482;0.159214;35.7798;0.0259249;35.5406;0.154459;35.5313;0.0157423;35.8759;0.159244;35.7611;0.0262803;35.875;0.657588;36.0614;0.45039
164000;35.8572;0.158729;35.7783;0.0258405;35.5446;0.153982;35.5332;0.0156956;35.8821;0.158757;35.76;0.0261968;35.8618;0.655354;36.0632;0.449048
165000;35.8586;0.158249;35.7775;0.0257622;35.5442;0.153515;35.5326;0.0156461;35.881;0.158273;35.7601;0.0261174;35.8161;0.652643;36.0618;0.44781
166000;35.8587;0.157774;35.7774;0.0256805;35.535;0.153048;35.5321;0.0155948;35.8755;0.157793;35.7602;0.0260357;35.7811;0.650417;36.0181;0.446054
167000;35.8546;0.157299;35.7776;0.0256035;35.5393;0.152582;35.5309;0.0155467;35.8759;0.157319;35.76;0.0259588;35.7771;0.648414;36.0238;0.44465
168000;35.8447;0.156832;35.78;0.0255377;35.5433;0.152122;35.531;0.0154997;35.8738;0.156852;35.7599;0.0258818;35.7618;0.646269;36.0038;0.443233
169000;35.8393;0.156377;35.7794;0.0254657;35.5441;0.151671;35.5306;0.0154511;35.87;0.1564;35.7582;0.0257971;35.7861;0.644658;36.0383;0.442365
170000;35.8559;0.155897;35.7795;0.0253853;35.5482;0.151227;35.5302;0.0154057;35.8622;0.155938;35.7574;0.0257258;35.7728;0.6425;36.0559;0.441357
171000;35.8502;0.155441;35.7806;0.0253138;35.5524;0.150788;35.5301;0.0153552;35.8582;0.155486;35.7572;0.0256539;35.7541;0.640309;36.0363;0.439805
172000;35.8512;0.154987;35.7798;0.0252364;35.5542;0.150348;35.5295;0.0153026;35.8622;0.155033;35.7577;0.0255815;35.8217;0.639197;36.0329;0.438679
173000;35.8535;0.154547;35.7797;0.0251636;35.5525;0.149902;35.5284;0.0152546;35.8661;0.154585;35.7575;0.025508;35.8325;0.63742;36.0485;0.437666
174000;35.8481;0.15411;35.7803;0.0250889;35.5511;0.149473;35.5283;0.0152083;35.8676;0.154136;35.7562;0.0254295;35.8613;0.636237;36.0495;0.436412
175000;35.8401;0.15367;35.7793;0.025013;35.5564;0.149052;35.5278;0.0151652;35.8763;0.15369;35.7558;0.0253525;35.8975;0.635785;36.0467;0.435028
176000;35.8344;0.153229;35.7791;0.0249349;35.5548;0.148628;35.5281;0.01512;35.8749;0.15326;35.7534;0.0252692;35.8957;0.633668;36.0768;0.434114
177000;35.8252;0.152797;35.7791;0.0248664;35.5394;0.148202;35.5275;0.0150756;35.8772;0.152825;35.7531;0.025192;35.9504;0.632734;36.0663;0.432856
178000;35.8159;0.15237;35.7776;0.0247917;35.5346;0.147788;35.5272;0.0150305;35.8647;0.152396;35.754;0.0251224;35.901;0.630807;36.0819;0.432057
179000;35.8166;0.151947;35.7757;0.0247162;35.5295;0.147378;35.5271;0.0149901;35.8573;0.151973;35.7545;0.0250556;35.9311;0.629234;36.0855;0.430851
180000;35.813;0.151522;35.7776;0.0246498;35.5404;0.146975;35.5271;0.0149469;35.8596;0.151553;35.7566;0.024991;35.9538;0.628145;36.079;0.429678
181000;35.8161;0.151109;35.7762;0.0245827;35.5443;0.146571;35.5272;0.0149067;35.8571;0.151137;35.7567;0.0249263;35.9568;0.626426;36.0686;0.428507
182000;35.8145;0.150688;35.7763;0.024512;35.5487;0.146181;35.5272;0.0148633;35.8572;0.150718;35.7549;0.0248476;35.9775;0.625013;36.0736;0.427176
183000;35.8113;0.150276;35.7779;0.0244486;35.5458;0.145779;35.5264;0.0148174;35.8606;0.150309;35.7557;0.0247824;35.9637;0.623197;36.079;0.425962
184000;35.8129;0.149867;35.7792;0.0243836;35.5421;0.145372;35.5252;0.014774;35.8523;0.149899;35.7565;0.0247117;35.9464;0.621305;36.0786;0.424822
185000;35.8215;0.149467;35.7805;0.0243203;35.5421;0.144981;35.5254;0.014733;35.8479;0.149495;35.7579;0.0246545;35.9516;0.619652;36.0915;0.423906
186000;35.8148;0.149061;35.7808;0.0242548;35.5407;0.144595;35.5253;0.014687;35.8517;0.149094;35.7588;0.0245913;35.9133;0.617844;36.0774;0.422659
187000;35.81;0.148662;35.7797;0.0241848;35.5408;0.144206;35.5256;0.0146487;35.8432;0.148699;35.7575;0.0245171;35.9181;0.616093;36.0873;0.421643
188000;35.8056;0.14827;35.7805;0.024125;35.5364;0.143823;35.5267;0.0146072;35.8422;0.148304;35.7574;0.0244507;35.916;0.614541;36.085;0.420403
189000;35.8117;0.14788;35.7815;0.024067;35.5405;0.143436;35.5265;0.0145645;35.8443;0.147911;35.7588;0.0243921;35.9198;0.612862;36.0794;0.41926
190000;35.8095;0.147491;35.7793;0.0239922;35.5438;0.143063;35.5272;0.0145236;35.8466;0.147525;35.7587;0.0243243;35.9335;0.611145;36.0972;0.418396
191000;35.818;0.147097;35.7794;0.0239295;35.5377;0.142682;35.5263;0.0144824;35.8532;0.147136;35.7589;0.0242578;35.9428;0.609759;36.1227;0.417482
192000;35.8086;0.146713;35.7802;0.0238727;35.5379;0.142309;35.5265;0.014444;35.852;0.146746;35.7587;0.0241912;35.8924;0.607639;36.1313;0.416354
193000;35.8078;0.146331;35.78;0.0238098;35.5377;0.141936;35.5264;0.0144055;35.8446;0.146371;35.7572;0.0241228;35.9024;0.606486;36.0963;0.415013
194000;35.7999;0.145951;35.7793;0.0237435;35.5395;0.141572;35.526;0.014368;35.842;0.145993;35.7571;0.0240614;35.904;0.605163;36.1167;0.414292
195000;35.8014;0.145575;35.7797;0.0236861;35.533;0.141212;35.5261;0.01433;35.8428;0.145618;35.7578;0.0240015;35.8671;0.603184;36.1166;0.413059
196000;35.7978;0.145203;35.7799;0.0236302;35.5351;0.140857;35.5261;0.0142944;35.8463;0.145256;35.7583;0.0239432;35.8845;0.602094;36.1172;0.411951
197000;35.7981;0.144827;35.7808;0.0235742;35.535;0.140505;35.5246;0.0142542;35.8456;0.144895;35.7586;0.0238893;35.8493;0.60005;36.1147;0.410936
198000;35.7993;0.144463;35.7825;0.0235261;35.5371;0.140144;35.525;0.0142195;35.8421;0.144526;35.7577;0.0238262;35.8401;0.598325;36.1168;0.40997
199000;35.7913;0.144106;35.7845;0.0234806;35.5418;0.139794;35.5248;0.0141817;35.8388;0.14417;35.7569;0.0237608;35.8262;0.596606;36.1222;0.409154
200000;35.7881;0.143745;35.7837;0.0234202;35.538;0.139437;35.5247;0.0141464;35.8346;0.143803;35.7574;0.0237055;35.8381;0.595228;36.1378;0.408542
201000;35.7859;0.143384;35.7828;0.0233549;35.5339;0.139092;35.5242;0.0141102;35.8249;0.143449;35.757;0.0236431;35.8175;0.593731;36.1309;0.407358
202000;35.786;0.143031;35.7834;0.0233055;35.5357;0.138755;35.5246;0.0140735;35.8217;0.143093;35.7568;0.023589;35.8297;0.59235;36.1104;0.406338
203000;35.7911;0.142675;35.7821;0.0232395;35.5373;0.13841;35.5256;0.0140365;35.8246;0.142738;35.7566;0.0235309;35.8022;0.590716;36.0996;0.405155
204000;35.7875;0.142324;35.7816;0.0231796;35.5425;0.138072;35.5272;0.0140035;35.8281;0.142385;35.7569;0.0234715;35.7826;0.589281;36.0786;0.4039
205000;35.7959;0.141976;35.7809;0.0231204;35.5479;0.137732;35.5273;0.013971;35.8244;0.142044;35.7577;0.0234218;35.8248;0.588017;36.0575;0.402703
206000;35.7944;0.141626;35.7813;0.0230675;35.5463;0.137393;35.5268;0.0139382;35.8271;0.141692;35.7566;0.0233579;35.8301;0.586749;36.0654;0.401919
207000;35.7908;0.141287;35.7824;0.0230163;35.5408;0.137056;35.5272;0.0139033;35.8197;0.141354;35.7568;0.0233041;35.8533;0.585459;36.068;0.400901
208000;35.7883;0.140944;35.7818;0.0229578;35.5437;0.136725;35.5268;0.0138638;35.8304;0.141014;35.7568;0.0232445;35.8485;0.584302;36.073;0.399982
209000;35.7971;0.140604;35.7806;0.022901;35.547;0.136398;35.5277;0.0138289;35.8384;0.140668;35.7566;0.023189;35.8514;0.582724;36.0792;0.398947
210000;35.796;0.14026;35.7823;0.022848;35.5446;0.136074;35.5275;0.0137949;35.8409;0.140335;35.7553;0.0231337;35.8669;0.581425;36.0942;0.398215
211000;35.7894;0.139922;35.7831;0.022795;35.5454;0.135754;35.5272;0.0137617;35.8493;0.14;35.7548;0.0230747;35.8897;0.58004;36.0678;0.396978
212000;35.7863;0.139597;35.7833;0.022742;35.5455;0.135436;35.5271;0.0137266;35.8544;0.13967;35.7555;0.0230249;35.8627;0.578427;36.0879;0.39631
213000;35.7781;0.13927;35.7838;0.0226871;35.5509;0.13512;35.5274;0.0136967;35.8563;0.139343;35.7546;0.0229683;35.8378;0.576939;36.0745;0.395304
214000;35.78;0.138943;35.7845;0.022635;35.5526;0.134802;35.5271;0.0136604;35.8523;0.139019;35.7539;0.0229138;35.847;0.575717;36.0575;0.394262
215000;35.7811;0.138618;35.785;0.0225862;35.5589;0.134488;35.527;0.0136276;35.855;0.138694;35.7542;0.0228678;35.8384;0.574222;36.0608;0.393267
216000;35.78;0.1383;35.7841;0.0225294;35.5498;0.134177;35.5273;0.0135984;35.8582;0.138366;35.7555;0.0228186;35.8284;0.572937;36.0761;0.392493
217000;35.7757;0.137986;35.7847;0.0224811;35.5472;0.133863;35.5274;0.0135654;35.8545;0.138049;35.756;0.0227677;35.8134;0.571579;36.0869;0.391701
218000;35.7721;0.137679;35.7838;0.0224259;35.552;0.133552;35.528;0.0135356;35.8523;0.137734;35.7568;0.0227193;35.8122;0.570279;36.1185;0.391051
219000;35.7844;0.137355;35.7817;0.0223695;35.5634;0.133244;35.5271;0.0135004;35.8554;0.137419;35.7575;0.0226697;35.8355;0.5692;36.1323;0.390186
220000;35.7793;0.137038;35.7798;0.0223122;35.5656;0.13294;35.5271;0.0134673;35.8565;0.137106;35.7569;0.0226149;35.8113;0.567651;36.1515;0.389652
221000;35.7749;0.136731;35.78;0.0222606;35.5673;0.132637;35.5279;0.0134381;35.8628;0.136797;35.758;0.0225693;35.8065;0.566242;36.1693;0.388935
222000;35.7763;0.136423;35.779;0.0222087;35.5721;0.132338;35.5281;0.0134071;35.8682;0.136489;35.7585;0.0225178;35.7948;0.564718;36.184;0.388293
223000;35.7742;0.136121;35.7802;0.0221644;35.5783;0.132039;35.5276;0.0133755;35.8678;0.136181;35.76;0.0224721;35.8052;0.563587;36.1757;0.387324
224000;35.7791;0.135816;35.7808;0.0221175;35.5829;0.131746;35.5272;0.0133476;35.8651;0.135884;35.7601;0.0224234;35.7794;0.56221;36.1882;0.386518
225000;35.7807;0.135516;35.7825;0.0220741;35.5702;0.131455;35.5276;0.013318;35.8603;0.135581;35.7604;0.022373;35.7837;0.560784;36.1872;0.385619
226000;35.7784;0.135217;35.7838;0.0220286;35.5718;0.131164;35.527;0.0132885;35.8689;0.135275;35.7597;0.0223221;35.7742;0.559408;36.1787;0.384593
227000;35.786;0.134919;35.7827;0.0219737;35.5689;0.130876;35.5269;0.0132623;35.8735;0.134977;35.7605;0.0222786;35.7417;0.557794;36.1887;0.383945
228000;35.7803;0.134628;35.7817;0.0219232;35.5691;0.130585;35.5265;0.0132312;35.8765;0.134682;35.7601;0.0222281;35.731;0.556467;36.1639;0.382917
229000;35.7777;0.134335;35.7821;0.0218754;35.57;0.1303;35.5269;0.0131992;35.8817;0.134387;35.7604;0.0221775;35.7337;0.555473;36.1805;0.382122
230000;35.7823;0.134041;35.7805;0.0218221;35.5712;0.130018;35.5267;0.013169;35.8901;0.134093;35.7604;0.0221326;35.716;0.553759;36.1565;0.381113
231000;35.7772;0.133752;35.7811;0.0217744;35.5737;0.129735;35.5273;0.0131419;35.8938;0.133804;35.7595;0.0220859;35.7273;0.552969;36.1299;0.38007
232000;35.7822;0.133462;35.7797;0.0217259;35.5715;0.129457;35.527;0.0131114;35.8931;0.133509;35.7607;0.0220402;35.7309;0.552032;36.1226;0.379114
233000;35.7814;0.133178;35.7791;0.021676;35.5675;0.129184;35.5266;0.0130843;35.8913;0.13322;35.76;0.021987;35.7271;0.550641;36.1485;0.378599
234000;35.7867;0.132892;35.7785;0.0216281;35.5689;0.128905;35.5275;0.0130578;35.8868;0.132945;35.7599;0.0219418;35.7113;0.549266;36.156;0.377805
235000;35.7871;0.13261;35.7793;0.0215874;35.5611;0.128628;35.5271;0.0130281;35.8807;0.132664;35.7601;0.0218959;35.7018;0.547834;36.1489;0.377005
236000;35.784;0.132329;35.7789;0.0215372;35.5598;0.128349;35.5276;0.0130019;35.8825;0.132376;35.7598;0.0218483;35.6918;0.546743;36.1355;0.376197
237000;35.7865;0.132046;35.78;0.0214964;35.5594;0.128078;35.5282;0.0129731;35.8868;0.132093;35.7607;0.0218055;35.6751;0.545286;36.1398;0.375401
238000;35.7838;0.131773;35.7789;0.0214472;35.5602;0.127811;35.5271;0.0129415;35.8896;0.131814;35.7604;0.0217571;35.6866;0.544281;36.1342;0.374517
239000;35.7797;0.131499;35.7776;0.0213982;35.5539;0.127545;35.5279;0.0129142;35.8807;0.131539;35.7622;0.0217154;35.6969;0.543392;36.153;0.373922
240000;35.7814;0.131225;35.7776;0.021352;35.5531;0.12728;35.528;0.0128876;35.8743;0.131266;35.7622;0.0216706;35.7034;0.542356;36.1539;0.373053
241000;35.7887;0.13095;35.7774;0.0213083;35.5579;0.127015;35.528;0.0128605;35.8737;0.130998;35.7627;0.0216236;35.7041;0.541133;36.1579;0.372179
242000;35.7862;0.130684;35.7779;0.0212673;35.5572;0.126752;35.5279;0.0128333;35.8727;0.130732;35.7627;0.0215831;35.696;0.54001;36.1645;0.371391
243000;35.7802;0.130414;35.777;0.0212208;35.5535;0.126489;35.5283;0.0128044;35.872;0.130464;35.7633;0.0215404;35.6905;0.539265;36.168;0.370644
244000;35.7855;0.13014;35.7772;0.0211761;35.5524;0.126235;35.528;0.0127753;35.8804;0.1302;35.7642;0.0214972;35.6699;0.537938;36.1664;0.370208
245000;35.7847;0.129872;35.7758;0.0211271;35.5562;0.125975;35.5277;0.0127498;35.8762;0.129933;35.7657;0.0214576;35.708;0.537485;36.1591;0.369425
246000;35.7754;0.129609;35.7753;0.0210834;35.5608;0.125717;35.5277;0.0127214;35.8743;0.129669;35.7663;0.0214142;35.6882;0.536186;36.1639;0.368757
247000;35.7715;0.129345;35.7753;0.0210395;35.5531;0.12547;35.5274;0.0126928;35.8806;0.129403;35.7671;0.0213697;35.7052;0.535346;36.1747;0.368153
248000;35.7678;0.129086;35.776;0.0210006;35.5544;0.12522;35.5278;0.0126656;35.8816;0.129141;35.7672;0.0213299;35.71;0.534288;36.1653;0.367325
249000;35.7669;0.12883;35.7761;0.0209588;35.5545;0.124967;35.5271;0.0126377;35.8795;0.12888;35.7674;0.0212901;35.7612;0.533796;36.1648;0.366676
250000;35.7723;0.128573;35.7759;0.0209198;35.5542;0.124717;35.5265;0.012608;35.8833;0.128623;35.7673;0.0212488;35.7691;0.532827;36.1589;0.365962
251000;35.775;0.128319;35.7744;0.0208695;35.5502;0.124476;35.5268;0.0125839;35.8819;0.128367;35.7667;0.0212046;35.7633;0.531764;36.1535;0.36521
252000;35.7761;0.128066;35.7742;0.0208291;35.5496;0.124233;35.5267;0.0125598;35.882;0.128113;35.7672;0.0211645;35.7634;0.530774;36.1364;0.364491
253000;35.7847;0.127815;35.7742;0.0207884;35.5544;0.123983;35.5269;0.0125339;35.8731;0.127866;35.7677;0.0211252;35.7602;0.5296;36.1284;0.363702
254000;35.7846;0.127564;35.7745;0.0207466;35.5612;0.123736;35.5267;0.0125078;35.8772;0.127612;35.7674;0.0210857;35.7372;0.528299;36.1341;0.36318
255000;35.7838;0.127305;35.7751;0.0207077;35.5534;0.123493;35.5259;0.0124832;35.8795;0.127362;35.7684;0.0210483;35.7521;0.527525;36.1325;0.362516
256000;35.7804;0.127056;35.7742;0.0206677;35.5508;0.123248;35.5256;0.0124567;35.8798;0.127109;35.7687;0.0210094;35.7211;0.526197;36.1331;0.361837
257000;35.7839;0.126809;35.7737;0.0206269;35.5532;0.123012;35.5262;0.0124326;35.8821;0.12686;35.7674;0.0209632;35.7265;0.525141;36.1457;0.361297
258000;35.78;0.126563;35.7741;0.0205888;35.5538;0.122774;35.5262;0.0124083;35.8818;0.126614;35.7672;0.0209257;35.7445;0.524268;36.1342;0.360415
259000;35.7767;0.126322;35.7728;0.0205429;35.5619;0.122536;35.526;0.0123845;35.8798;0.126367;35.7678;0.0208835;35.7392;0.52319;36.128;0.359571
260000;35.7764;0.126077;35.7726;0.0205037;35.5625;0.122296;35.526;0.0123618;35.876;0.126123;35.7681;0.0208461;35.734;0.52203;36.1287;0.358823
261000;35.7799;0.125836;35.7738;0.0204683;35.5641;0.122061;35.5258;0.0123372;35.8738;0.125887;35.7684;0.0208073;35.7221;0.520765;36.1206;0.358082
262000;35.7814;0.125595;35.7733;0.0204271;35.5661;0.121824;35.5262;0.012315;35.8708;0.125647;35.7678;0.020766;35.7425;0.519969;36.102;0.357274
263000;35.7779;0.125359;35.7735;0.0203898;35.5666;0.121591;35.5264;0.012293;35.8635;0.125413;35.7674;0.0207281;35.7356;0.519067;36.0895;0.356519
264000;35.7824;0.125117;35.7727;0.0203483;35.5689;0.121362;35.5264;0.012267;35.863;0.125176;35.7689;0.0206912;35.7143;0.517801;36.0683;0.355761
265000;35.7815;0.12488;35.7737;0.0203141;35.5677;0.121134;35.5264;0.0122409;35.8693;0.124941;35.7689;0.0206544;35.7155;0.51699;36.0591;0.355016
266000;35.7844;0.124644;35.7728;0.0202722;35.5688;0.120904;35.526;0.0122159;35.8678;0.124704;35.7689;0.0206178;35.7079;0.515972;36.0625;0.354377
267000;35.7875;0.12441;35.7733;0.0202329;35.5695;0.120683;35.5256;0.0121896;35.8657;0.12447;35.769;0.0205809;35.7099;0.514923;36.0835;0.353876
268000;35.7911;0.124175;35.773;0.0201928;35.5729;0.120457;35.5262;0.0121668;35.8729;0.124237;35.7685;0.0205433;35.7078;0.51387;36.0716;0.353136
269000;35.7947;0.123941;35.7724;0.020154;35.5701;0.120233;35.5262;0.0121426;35.8709;0.124005;35.7677;0.0205024;35.7073;0.512884;36.066;0.352381
270000;35.7915;0.123711;35.772;0.0201159;35.5718;0.12001;35.5255;0.0121178;35.8776;0.123775;35.7665;0.0204639;35.6817;0.511657;36.0622;0.35177
271000;35.7994;0.123483;35.7719;0.0200781;35.5694;0.119793;35.5257;0.0120966;35.8778;0.123546;35.7663;0.0204247;35.6889;0.510669;36.0541;0.351022
272000;35.8017;0.123251;35.7726;0.0200435;35.5709;0.119571;35.5251;0.0120742;35.8726;0.123321;35.7663;0.0203849;35.7025;0.509952;36.0705;0.350422
273000;35.8008;0.123026;35.7727;0.0200073;35.5637;0.11935;35.5258;0.0120546;35.8696;0.123091;35.7664;0.0203468;35.7117;0.509029;36.092;0.349932
274000;35.8008;0.122797;35.7731;0.0199725;35.5617;0.119127;35.5264;0.0120336;35.8667;0.122868;35.7673;0.0203094;35.7002;0.50789;36.0911;0.349332
275000;35.8;0.122571;35.7735;0.0199345;35.5631;0.118913;35.5262;0.0120121;35.865;0.122642;35.7672;0.0202718;35.679;0.50693;36.1201;0.348959
276000;35.7966;0.12235;35.7733;0.0198985;35.5654;0.118697;35.5264;0.0119892;35.8618;0.122423;35.7667;0.0202362;35.685;0.506141;36.1027;0.348192
277000;35.802;0.122124;35.7738;0.0198652;35.5702;0.118482;35.5262;0.0119662;35.8579;0.122206;35.7664;0.0202006;35.6904;0.505286;36.1095;0.347762
278000;35.7988;0.121899;35.7732;0.0198321;35.571;0.118271;35.5259;0.0119438;35.858;0.121987;35.7668;0.0201648;35.6879;0.504256;36.1134;0.347169
279000;35.7947;0.12168;35.7728;0.0197953;35.5683;0.118061;35.5257;0.0119213;35.8609;0.121767;35.7658;0.0201269;35.6688;0.503141;36.1033;0.346485
280000;35.7917;0.121464;35.7719;0.0197599;35.5641;0.117844;35.5255;0.0119001;35.8524;0.121549;35.7657;0.0200925;35.6466;0.501985;36.1117;0.34592
281000;35.7859;0.121253;35.7715;0.0197204;35.5624;0.117636;35.5258;0.0118792;35.849;0.121337;35.7656;0.0200562;35.63;0.501118;36.1041;0.345272
282000;35.7886;0.121041;35.7716;0.0196825;35.5619;0.11743;35.5255;0.0118586;35.8514;0.121117;35.7655;0.0200204;35.6078;0.500183;36.1049;0.344677
283000;35.7948;0.120822;35.7715;0.0196456;35.562;0.117222;35.5255;0.0118376;35.8502;0.120903;35.7658;0.0199851;35.6226;0.499501;36.1155;0.344194
284000;35.7967;0.120608;35.7717;0.0196123;35.56;0.117017;35.525;0.0118145;35.8508;0.120693;35.7658;0.0199485;35.62;0.498559;36.1019;0.343474
285000;35.789;0.120402;35.7714;0.0195745;35.5579;0.116814;35.5251;0.0117932;35.8465;0.120478;35.7658;0.0199108;35.6109;0.497536;36.1108;0.342973
286000;35.7912;0.120188;35.7722;0.0195403;35.5579;0.116609;35.5249;0.0117719;35.8466;0.120263;35.766;0.019877;35.6068;0.496723;36.1107;0.342334
287000;35.7872;0.119976;35.7715;0.0195046;35.5526;0.116409;35.5249;0.0117504;35.8431;0.120054;35.7652;0.0198387;35.5963;0.495736;36.1034;0.341703
288000;35.7865;0.119768;35.7714;0.019469;35.5503;0.116205;35.5251;0.0117309;35.8374;0.119845;35.7646;0.0198003;35.5586;0.494531;36.1021;0.341125
289000;35.786;0.119562;35.7722;0.0194369;35.5502;0.115999;35.5252;0.0117102;35.8326;0.119642;35.7655;0.0197682;35.5752;0.493799;36.1068;0.340537
290000;35.7861;0.119354;35.7715;0.0194029;35.5563;0.115796;35.5255;0.0116911;35.8285;0.119432;35.7656;0.0197372;35.5873;0.493017;36.0969;0.339854
291000;35.7839;0.119147;35.7719;0.0193692;35.5532;0.115597;35.5249;0.0116713;35.8272;0.119226;35.7659;0.0197052;35.5944;0.492162;36.099;0.339387
292000;35.7822;0.118944;35.7721;0.019338;35.5554;0.115399;35.5246;0.0116521;35.8223;0.119023;35.7654;0.0196702;35.6205;0.491609;36.1011;0.338865
293000;35.7815;0.118737;35.7725;0.0193064;35.5592;0.115199;35.5244;0.011632;35.8271;0.11882;35.7647;0.0196335;35.6387;0.491058;36.1097;0.338277
294000;35.7744;0.118535;35.7732;0.0192754;35.5569;0.115006;35.5246;0.0116106;35.8241;0.118619;35.7662;0.0196044;35.6603;0.490679;36.1136;0.337685
295000;35.7745;0.118333;35.772;0.0192409;35.5561;0.114812;35.5242;0.0115901;35.8238;0.118419;35.7661;0.0195712;35.6514;0.489853;36.1036;0.337044
296000;35.7735;0.118128;35.7724;0.0192105;35.5589;0.11462;35.5243;0.0115696;35.824;0.118222;35.7661;0.0195374;35.6584;0.488885;36.1007;0.336467
297000;35.7787;0.117925;35.7719;0.0191771;35.5602;0.114431;35.5243;0.0115511;35.821;0.118018;35.7667;0.019506;35.664;0.487993;36.0885;0.335868
298000;35.7746;0.117725;35.7714;0.0191429;35.5575;0.114235;35.5244;0.0115297;35.817;0.11782;35.7669;0.0194756;35.6605;0.487127;36.0776;0.335165
299000;35.7758;0.117532;35.7713;0.0191101;35.5499;0.114045;35.524;0.0115094;35.8105;0.117623;35.7668;0.0194409;35.6639;0.486275;36.0769;0.334584
300000;35.7742;0.117336;35.7721;0.0190809;35.5449;0.113857;35.5243;0.0114881;35.8059;0.117429;35.7672;0.0194115;35.6697;0.485516;36.0676;0.333945
301000;35.7647;0.117142;35.7725;0.019049;35.5458;0.113664;35.5248;0.0114701;35.8055;0.117231;35.7679;0.0193812;35.695;0.485079;36.0591;0.333315
302000;35.7636;0.11695;35.7727;0.0190189;35.5459;0.113473;35.5246;0.0114504;35.8075;0.117037;35.7677;0.0193486;35.6976;0.484283;36.0583;0.332717
303000;35.7592;0.116755;35.7733;0.0189874;35.5449;0.113285;35.5247;0.0114316;35.7993;0.116845;35.7676;0.0193155;35.7135;0.483547;36.0654;0.332189
304000;35.7562;0.116561;35.7732;0.0189542;35.5433;0.113097;35.5248;0.0114124;35.7989;0.116651;35.767;0.0192845;35.7045;0.48273;36.0742;0.331696
305000;35.7556;0.116368;35.7727;0.018924;35.5403;0.112915;35.5247;0.0113929;35.7959;0.116461;35.7677;0.0192555;35.6965;0.481961;36.0618;0.331046
306000;35.7543;0.116181;35.7718;0.0188905;35.5404;0.112729;35.525;0.0113736;35.7983;0.116268;35.7675;0.0192243;35.6906;0.481018;36.0552;0.330442
307000;35.7547;0.115991;35.7718;0.0188613;35.5327;0.112545;35.5253;0.0113548;35.7962;0.116078;35.7674;0.0191922;35.673;0.480005;36.0569;0.330033
308000;35.752;0.115801;35.771;0.0188288;35.5323;0.11236;35.5255;0.0113355;35.7965;0.115889;35.767;0.0191614;35.6794;0.479459;36.0577;0.329573
309000;35.7485;0.115612;35.7704;0.0187953;35.5299;0.112178;35.5254;0.0113178;35.7964;0.115701;35.7672;0.0191337;35.7093;0.478869;36.0652;0.329112
310000;35.7495;0.115429;35.7707;0.018769;35.5229;0.112;35.5255;0.0112981;35.7889;0.115515;35.7672;0.0191023;35.7015;0.478057;36.0674;0.328523
311000;35.7473;0.115247;35.77;0.0187352;35.528;0.111821;35.5251;0.0112771;35.7837;0.115332;35.7676;0.0190729;35.6774;0.477274;36.0734;0.328084
312000;35.7441;0.115064;35.7695;0.0187038;35.531;0.111639;35.5247;0.011259;35.7849;0.115148;35.7674;0.0190425;35.6735;0.476447;36.0593;0.327455
313000;35.7416;0.11488;35.7693;0.0186752;35.5318;0.111462;35.5249;0.0112424;35.7831;0.11496;35.7679;0.019012;35.6734;0.475552;36.0505;0.32682
314000;35.7392;0.114694;35.7688;0.0186453;35.5344;0.111285;35.525;0.0112232;35.7864;0.114776;35.7678;0.0189824;35.6637;0.474637;36.0499;0.326306
315000;35.7366;0.114514;35.7687;0.0186181;35.529;0.111106;35.5248;0.0112045;35.7873;0.114594;35.768;0.018955;35.6483;0.473785;36.0596;0.325835
316000;35.7408;0.114327;35.7682;0.0185879;35.5253;0.110931;35.5243;0.0111855;35.7897;0.114414;35.7686;0.0189272;35.6523;0.473007;36.056;0.325305
317000;35.7358;0.114151;35.7686;0.0185595;35.5264;0.110752;35.5244;0.0111672;35.7915;0.114234;35.7683;0.018897;35.657;0.472286;36.0525;0.324751
318000;35.7349;0.113972;35.77;0.0185321;35.5278;0.110574;35.5243;0.011148;35.7912;0.114057;35.7687;0.0188686;35.6442;0.471509;36.0637;0.324306
319000;35.7379;0.113792;35.7697;0.0184999;35.5288;0.110401;35.5245;0.0111298;35.787;0.113879;35.769;0.0188411;35.6378;0.470765;36.0473;0.323627
320000;35.7394;0.113612;35.7699;0.0184712;35.5292;0.110232;35.5242;0.0111129;35.782;0.113705;35.7675;0.018805;35.6441;0.47012;36.0477;0.323083
321000;35.7413;0.113433;35.7694;0.0184409;35.5217;0.110062;35.5243;0.0110935;35.783;0.113532;35.7684;0.0187766;35.6573;0.469599;36.0519;0.322583
322000;35.7388;0.113258;35.7694;0.0184134;35.5248;0.109894;35.5244;0.0110751;35.7822;0.113356;35.7689;0.0187471;35.6406;0.46866;36.0546;0.322095
323000;35.741;0.113082;35.7703;0.0183897;35.5221;0.109725;35.5247;0.0110566;35.784;0.113179;35.7688;0.0187183;35.6417;0.467881;36.0706;0.321635
324000;35.7379;0.112907;35.7697;0.018359;35.5194;0.109558;35.5246;0.0110386;35.7799;0.113001;35.7691;0.0186896;35.6387;0.467035;36.0745;0.321195
325000;35.7397;0.112731;35.7691;0.0183295;35.5237;0.109387;35.5248;0.0110201;35.7833;0.112827;35.769;0.018662;35.6513;0.466486;36.0763;0.320757
326000;35.7402;0.112558;35.7689;0.0183017;35.5236;0.109219;35.5247;0.0110045;35.779;0.112653;35.7698;0.018636;35.6517;0.465733;36.0784;0.320299
327000;35.7381;0.112386;35.7685;0.0182715;35.5234;0.10905;35.5247;0.0109861;35.7801;0.112474;35.7692;0.0186041;35.6481;0.464901;36.0782;0.319799
328000;35.7382;0.112213;35.7681;0.018242;35.5218;0.108883;35.5249;0.0109702;35.7822;0.112301;35.7691;0.0185749;35.6651;0.464259;36.0785;0.319327
329000;35.7385;0.112042;35.7684;0.0182138;35.5258;0.108713;35.5247;0.0109519;35.7824;0.112131;35.7689;0.0185474;35.6557;0.463448;36.0726;0.31879
330000;35.7399;0.111871;35.7673;0.0181853;35.5238;0.108547;35.5247;0.0109348;35.7791;0.11196;35.7687;0.0185167;35.6477;0.462728;36.0744;0.318413
331000;35.7374;0.111702;35.7673;0.0181573;35.5218;0.108381;35.5245;0.0109198;35.777;0.111792;35.769;0.0184896;35.6662;0.462281;36.0765;0.317944
332000;35.7389;0.111531;35.7669;0.0181288;35.5241;0.108212;35.5247;0.0109029;35.7761;0.111623;35.7699;0.0184631;35.6671;0.461562;36.0679;0.317379
333000;35.7416;0.111363;35.7658;0.0181004;35.5182;0.108052;35.5245;0.0108856;35.7771;0.111453;35.7706;0.0184388;35.6694;0.460956;36.0799;0.316966
334000;35.7388;0.111196;35.7655;0.0180746;35.5141;0.107888;35.5242;0.0108688;35.7765;0.111285;35.7706;0.0184102;35.6844;0.460472;36.0839;0.316513
335000;35.7332;0.111033;35.7659;0.0180456;35.5154;0.107729;35.5242;0.0108533;35.7767;0.11112;35.7701;0.0183801;35.6733;0.459636;36.0687;0.315949
336000;35.7367;0.110866;35.7647;0.0180145;35.5138;0.107569;35.5243;0.0108361;35.7783;0.110954;35.7692;0.018351;35.6721;0.458883;36.068;0.31549
337000;35.7398;0.110702;35.7653;0.0179892;35.5152;0.107409;35.5246;0.0108202;35.779;0.110789;35.7682;0.0183209;35.6583;0.458043;36.0709;0.315043
338000;35.7355;0.110544;35.7651;0.0179626;35.5132;0.107247;35.5245;0.0108044;35.7745;0.110624;35.7681;0.0182964;35.6449;0.457167;36.0841;0.314634
339000;35.7382;0.110376;35.7646;0.0179353;35.5124;0.107091;35.5246;0.0107874;35.7684;0.110461;35.768;0.0182697;35.6388;0.456346;36.0778;0.314108
340000;35.7453;0.110213;35.7646;0.0179095;35.5134;0.106939;35.5248;0.0107723;35.7698;0.110297;35.7694;0.018248;35.6549;0.455923;36.0789;0.313793
341000;35.7435;0.110052;35.7645;0.0178828;35.5161;0.10678;35.5245;0.0107554;35.7707;0.110134;35.7702;0.0182213;35.6507;0.455223;36.083;0.313373
342000;35.7452;0.109891;35.7643;0.0178572;35.5134;0.106629;35.5249;0.0107397;35.7715;0.109974;35.7698;0.0181929;35.6418;0.454493;36.0821;0.312931
343000;35.7397;0.109731;35.7641;0.0178309;35.5179;0.106473;35.5247;0.0107244;35.7699;0.109818;35.7693;0.0181642;35.6232;0.453609;36.0752;0.312464
344000;35.7378;0.109573;35.7642;0.017805;35.5228;0.106314;35.5249;0.0107092;35.7669;0.109658;35.7699;0.0181377;35.6334;0.45308;36.0876;0.312107
345000;35.7413;0.109415;35.7639;0.017777;35.5193;0.10616;35.5251;0.0106936;35.7692;0.109501;35.7702;0.0181123;35.6257;0.452349;36.0803;0.31158
346000;35.7437;0.109255;35.764;0.0177511;35.5137;0.106009;35.5253;0.0106772;35.7658;0.109341;35.7692;0.0180848;35.6264;0.451624;36.0896;0.311191
347000;35.7407;0.109101;35.7636;0.0177238;35.5116;0.105861;35.5251;0.0106618;35.768;0.109179;35.7692;0.0180589;35.6209;0.450855;36.0923;0.310718
348000;35.7386;0.108946;35.764;0.0177015;35.5131;0.105708;35.5254;0.0106485;35.766;0.109022;35.7699;0.0180352;35.6237;0.450185;36.0961;0.310254
349000;35.7396;0.108786;35.7638;0.0176744;35.5142;0.105557;35.5252;0.0106334;35.7662;0.108866;35.7694;0.0180074;35.6195;0.449541;36.0934;0.309836
350000;35.7388;0.10863;35.7647;0.0176521;35.5132;0.105406;35.5253;0.0106182;35.7667;0.108711;35.7689;0.0179814;35.6123;0.448826;36.0944;0.309451
351000;35.7422;0.108475;35.7644;0.017625;35.5167;0.105256;35.5254;0.0106035;35.7655;0.108554;35.7689;0.0179544;35.6234;0.448311;36.1128;0.309065
352000;35.7419;0.108322;35.7638;0.0175994;35.5115;0.105104;35.5248;0.0105877;35.7663;0.108402;35.7691;0.017928;35.6096;0.44754;36.1229;0.30866
353000;35.7452;0.108167;35.7633;0.0175725;35.5093;0.104952;35.5252;0.0105737;35.7612;0.108253;35.7693;0.0179031;35.5995;0.446919;36.1207;0.308159
354000;35.7421;0.108017;35.7627;0.0175456;35.508;0.104806;35.5252;0.0105579;35.7609;0.108098;35.7696;0.0178808;35.6256;0.446401;36.1284;0.307763
355000;35.741;0.107864;35.7631;0.0175229;35.5066;0.104657;35.5251;0.0105419;35.761;0.107945;35.7693;0.0178556;35.6277;0.445719;36.1285;0.307299
356000;35.7396;0.107712;35.7627;0.0174977;35.5097;0.104512;35.5249;0.0105255;35.7587;0.10779;35.7697;0.0178306;35.6335;0.445101;36.1551;0.307084
357000;35.7387;0.107561;35.7621;0.0174728;35.5114;0.104367;35.5247;0.0105104;35.7601;0.107637;35.7704;0.0178084;35.639;0.444592;36.1512;0.306632
358000;35.7438;0.107412;35.7623;0.0174486;35.5122;0.104223;35.5246;0.0104953;35.7603;0.107486;35.7708;0.017783;35.6058;0.443747;36.154;0.306197
359000;35.7411;0.107264;35.7633;0.0174274;35.5109;0.104079;35.5248;0.0104797;35.7643;0.107337;35.7706;0.0177571;35.6116;0.443155;36.1723;0.305845
360000;35.7359;0.107115;35.7632;0.0174032;35.5121;0.10393;35.5245;0.0104642;35.7681;0.107187;35.7702;0.0177295;35.6138;0.442542;36.1716;0.305417
361000;35.726;0.106966;35.7627;0.0173768;35.5119;0.103788;35.525;0.0104509;35.7683;0.107039;35.7706;0.0177074;35.632;0.442218;36.173;0.305018
362000;35.7244;0.106819;35.7626;0.0173525;35.5112;0.103645;35.5253;0.010437;35.7706;0.106893;35.7716;0.0176853;35.6491;0.441622;36.1635;0.30459
363000;35.7216;0.106671;35.7623;0.0173275;35.5109;0.1035;35.5255;0.0104233;35.7723;0.106744;35.7718;0.0176631;35.6431;0.441104;36.1526;0.304064
364000;35.7221;0.106526;35.762;0.0173041;35.5144;0.103359;35.5252;0.010409;35.7698;0.106598;35.7714;0.0176386;35.6376;0.440496;36.1536;0.303707
365000;35.7277;0.106381;35.7621;0.01728;35.516;0.103215;35.5253;0.0103936;35.7729;0.106451;35.7724;0.0176172;35.6485;0.439974;36.155;0.303297
366000;35.7337;0.106232;35.7618;0.0172562;35.5165;0.103073;35.5249;0.0103791;35.7713;0.106306;35.7725;0.017593;35.6595;0.439456;36.1475;0.302844
367000;35.7319;0.106089;35.7621;0.0172334;35.5151;0.102934;35.5251;0.0103639;35.7679;0.106161;35.7728;0.0175699;35.6436;0.438656;36.1394;0.302356
368000;35.7356;0.105943;35.7616;0.0172077;35.5143;0.102794;35.5254;0.0103505;35.7659;0.106018;35.7726;0.0175452;35.6423;0.438056;36.135;0.30187
369000;35.7354;0.105801;35.7615;0.0171841;35.5141;0.102654;35.5254;0.0103365;35.7648;0.105875;35.7718;0.0175209;35.6461;0.437529;36.1383;0.301505
370000;35.7356;0.105657;35.7617;0.0171639;35.5106;0.102515;35.5259;0.0103232;35.7648;0.105731;35.7716;0.0174974;35.6452;0.436905;36.1438;0.30113
371000;35.7376;0.105513;35.7615;0.017141;35.5083;0.102373;35.5259;0.0103083;35.7656;0.105588;35.7721;0.0174743;35.6576;0.436611;36.1504;0.300737
372000;35.7341;0.105373;35.7618;0.017117;35.5087;0.102235;35.5259;0.0102938;35.766;0.105447;35.773;0.017453;35.6634;0.436142;36.1472;0.300286
373000;35.738;0.105231;35.7617;0.0170929;35.5079;0.102099;35.5259;0.0102813;35.7643;0.105304;35.7725;0.0174298;35.6589;0.435586;36.1463;0.299864
374000;35.7346;0.105091;35.7622;0.017072;35.5084;0.101962;35.5258;0.0102683;35.7608;0.105165;35.7727;0.0174068;35.6432;0.434874;36.1529;0.299549
375000;35.7343;0.104953;35.7621;0.0170494;35.5081;0.101825;35.5259;0.0102568;35.7593;0.105024;35.7727;0.0173829;35.6512;0.434431;36.1464;0.299068
376000;35.7324;0.104814;35.7618;0.0170273;35.5122;0.10169;35.5258;0.0102434;35.7575;0.104886;35.7724;0.0173589;35.647;0.433806;36.1523;0.298728
377000;35.7287;0.104674;35.7623;0.0170045;35.511;0.101554;35.5258;0.0102291;35.7638;0.104745;35.7723;0.0173324;35.6413;0.433118;36.144;0.29831
378000;35.7272;0.104535;35.7614;0.0169796;35.5124;0.101418;35.5251;0.0102148;35.7618;0.104607;35.7722;0.0173119;35.641;0.432521;36.1241;0.29775
379000;35.7294;0.1044;35.7619;0.0169602;35.5165;0.101286;35.5249;0.0102011;35.76;0.104469;35.7725;0.0172899;35.6373;0.43193;36.1233;0.297381
380000;35.7288;0.104262;35.7624;0.0169414;35.5147;0.101151;35.525;0.0101878;35.7629;0.104331;35.7725;0.0172666;35.6399;0.431334;36.1147;0.296964
381000;35.7266;0.104122;35.7614;0.0169148;35.514;0.101019;35.5248;0.0101745;35.7647;0.104194;35.7729;0.0172452;35.6541;0.430907;36.1067;0.296533
382000;35.7246;0.103986;35.7618;0.0168958;35.5171;0.100889;35.5248;0.0101614;35.7614;0.104058;35.7722;0.0172194;35.652;0.4303;36.1079;0.296124
383000;35.7289;0.103851;35.7615;0.0168733;35.5154;0.100757;35.5249;0.0101465;35.7629;0.103922;35.772;0.0171986;35.674;0.429944;36.1056;0.295721
384000;35.7275;0.103718;35.7618;0.0168517;35.515;0.100627;35.5249;0.0101324;35.7638;0.103787;35.7717;0.0171758;35.6782;0.42953;36.1034;0.295331
385000;35.7327;0.103581;35.7616;0.0168278;35.5139;0.1005;35.5256;0.0101208;35.7627;0.103652;35.7718;0.0171525;35.6728;0.428964;36.1016;0.294937
386000;35.7319;0.103448;35.7614;0.0168063;35.5155;0.100366;35.5256;0.0101064;35.7623;0.103518;35.7714;0.0171279;35.6875;0.428478;36.0977;0.294476
387000;35.7335;0.103316;35.7616;0.0167861;35.5168;0.100234;35.5256;0.0100925;35.7637;0.103385;35.7712;0.0171043;35.6721;0.42779;36.0903;0.294042
388000;35.734;0.103185;35.7615;0.0167638;35.5175;0.100103;35.5253;0.0100786;35.7622;0.103252;35.7713;0.0170812;35.6719;0.4271;36.106;0.293758
389000;35.7317;0.103053;35.7613;0.0167411;35.518;0.099976;35.5255;0.0100657;35.7693;0.10312;35.7712;0.0170604;35.6823;0.4266;36.0928;0.293264
390000;35.7299;0.102923;35.7619;0.0167208;35.5228;0.0998437;35.5255;0.0100516;35.7722;0.102987;35.7711;0.0170366;35.667;0.425925;36.0883;0.292868
391000;35.7296;0.102791;35.7624;0.0167013;35.5247;0.0997131;35.5253;0.010039;35.7739;0.102855;35.772;0.0170167;35.6528;0.425262;36.0822;0.292469
392000;35.7283;0.102661;35.7626;0.0166805;35.5211;0.0995838;35.5254;0.0100256;35.7707;0.102724;35.7723;0.0169953;35.6493;0.424605;36.0831;0.292098
393000;35.7298;0.102529;35.7622;0.01666;35.5224;0.0994572;35.5253;0.0100135;35.775;0.102593;35.7725;0.016974;35.6453;0.423973;36.0753;0.291652
394000;35.7244;0.102401;35.7633;0.0166409;35.5238;0.0993304;35.5255;0.00999988;35.7817;0.102461;35.7721;0.0169523;35.6444;0.423464;36.0757;0.291263
395000;35.7236;0.102273;35.7628;0.0166189;35.5219;0.0992057;35.5253;0.00998556;35.7838;0.102333;35.7717;0.0169301;35.6436;0.422919;36.0831;0.290899
396000;35.7243;0.102143;35.7632;0.0165982;35.5226;0.0990806;35.5251;0.00997121;35.7819;0.102202;35.773;0.0169124;35.6572;0.422477;36.0796;0.290521
397000;35.7271;0.102015;35.763;0.0165769;35.5223;0.0989581;35.5252;0.00995846;35.7797;0.102076;35.7738;0.016892;35.6626;0.42202;36.0861;0.290149
398000;35.7274;0.101886;35.7635;0.016558;35.5181;0.0988345;35.5256;0.00994581;35.779;0.101945;35.7739;0.0168699;35.6538;0.421401;36.0839;0.289745
399000;35.7259;0.101758;35.7635;0.0165394;35.5138;0.0987127;35.5254;0.00993332;35.7808;0.101817;35.7738;0.0168492;35.6461;0.420789;36.0794;0.289381
400000;35.7272;0.101634;35.7636;0.0165194;35.5115;0.0985941;35.5255;0.00992116;35.7777;0.101691;35.774;0.0168287;35.6411;0.420243;36.0775;0.289019
401000;35.72;0.101509;35.7634;0.0164996;35.5114;0.0984712;35.5253;0.00990823;35.7752;0.101565;35.7745;0.0168089;35.6466;0.419761;36.0885;0.288666
402000;35.7249;0.10138;35.7629;0.0164776;35.5108;0.0983484;35.5253;0.00989414;35.774;0.101439;35.7743;0.0167879;35.6489;0.419223;36.0945;0.28834
403000;35.7244;0.101251;35.7634;0.0164582;35.5052;0.0982278;35.5253;0.00988139;35.7774;0.101314;35.7744;0.0167682;35.6524;0.418667;36.0878;0.287944
404000;35.7266;0.101124;35.763;0.0164362;35.5023;0.098105;35.5255;0.00986903;35.7761;0.101188;35.775;0.016747;35.6562;0.418124;36.0898;0.287621
405000;35.7242;0.101002;35.7628;0.0164154;35.504;0.0979849;35.5257;0.00985671;35.7792;0.101064;35.7745;0.0167249;35.6717;0.41773;36.0838;0.28722
406000;35.7236;0.100878;35.7625;0.0163956;35.5064;0.0978623;35.5253;0.00984419;35.7819;0.100938;35.7743;0.0167045;35.6881;0.417304;36.0781;0.286839
407000;35.7245;0.10075;35.7621;0.0163752;35.5065;0.0977408;35.5249;0.0098313;35.7834;0.100815;35.7739;0.0166832;35.6715;0.416638;36.0733;0.286475
408000;35.7182;0.100628;35.762;0.0163544;35.5117;0.09762;35.5249;0.00981833;35.7828;0.100691;35.7737;0.0166616;35.6686;0.41611;36.073;0.286116
409000;35.7187;0.100506;35.7617;0.0163344;35.5126;0.0974977;35.525;0.00980583;35.7816;0.100569;35.7733;0.0166409;35.6602;0.415652;36.0727;0.285813
410000;35.7166;0.100384;35.7614;0.0163138;35.5121;0.0973774;35.525;0.00979378;35.7836;0.100446;35.7734;0.0166207;35.6591;0.415146;36.085;0.285582
411000;35.7216;0.100259;35.7618;0.0162954;35.5141;0.0972595;35.5252;0.00978205;35.7867;0.100324;35.7735;0.0166008;35.6615;0.414628;36.0854;0.28526
412000;35.7168;0.100137;35.7615;0.016275;35.508;0.0971401;35.5253;0.00977048;35.7853;0.100201;35.7739;0.0165791;35.663;0.414087;36.0811;0.284903
413000;35.718;0.100016;35.7618;0.0162565;35.5126;0.0970198;35.5253;0.0097587;35.7842;0.10008;35.7741;0.0165594;35.6694;0.413564;36.0746;0.284515
414000;35.7195;0.099895;35.7619;0.0162382;35.5169;0.0969022;35.5254;0.00974631;35.7883;0.0999598;35.7741;0.0165391;35.6639;0.413008;36.0659;0.284136
415000;35.72;0.0997775;35.7613;0.016217;35.5216;0.0967857;35.5251;0.00973412;35.786;0.0998396;35.7739;0.0165173;35.6718;0.412516;36.0695;0.283789
416000;35.7176;0.0996597;35.761;0.0161989;35.526;0.0966725;35.5252;0.00972278;35.7848;0.0997205;35.774;0.0164986;35.6701;0.412016;36.0662;0.283432
417000;35.7178;0.0995403;35.7611;0.0161798;35.5265;0.0965563;35.5254;0.00971223;35.7838;0.0996027;35.7738;0.0164789;35.6783;0.411542;36.0722;0.283173
418000;35.7215;0.0994221;35.7605;0.0161583;35.5238;0.0964435;35.5251;0.00969877;35.7847;0.099483;35.774;0.0164584;35.6975;0.411217;36.0798;0.282874
419000;35.7184;0.0993042;35.7604;0.0161393;35.5247;0.096329;35.5249;0.00968757;35.7858;0.0993636;35.7737;0.0164391;35.6988;0.410699;36.0886;0.282526
420000;35.718;0.0991858;35.7607;0.0161212;35.5234;0.0962176;35.5248;0.0096767;35.7811;0.0992464;35.7735;0.0164202;35.6924;0.410195;36.0978;0.282205
421000;35.7219;0.0990669;35.7609;0.0161021;35.5266;0.0961012;35.5251;0.00966496;35.7793;0.0991274;35.7737;0.0164006;35.705;0.409766;36.1044;0.282026
422000;35.7222;0.0989493;35.7609;0.0160838;35.5277;0.095985;35.5251;0.00965422;35.7796;0.0990107;35.7737;0.0163805;35.6922;0.409155;36.1065;0.281708
423000;35.7235;0.0988322;35.7612;0.016065;35.5263;0.0958727;35.525;0.00964183;35.7809;0.0988927;35.7742;0.0163605;35.6864;0.408549;36.1056;0.281329
424000;35.7184;0.0987169;35.7609;0.0160436;35.5238;0.0957567;35.5256;0.00963157;35.78;0.0987743;35.7748;0.0163423;35.6796;0.40805;36.0958;0.280918
425000;35.7195;0.0985996;35.761;0.016024;35.5253;0.0956423;35.5258;0.0096206;35.778;0.0986607;35.7756;0.0163252;35.6704;0.407551;36.0995;0.280604
426000;35.7166;0.0984856;35.7609;0.0160049;35.5255;0.0955289;35.5262;0.00961078;35.7778;0.0985459;35.7757;0.0163053;35.6881;0.407255;36.0982;0.280289
427000;35.7153;0.0983715;35.7614;0.015987;35.5256;0.0954176;35.5264;0.00959978;35.7762;0.0984332;35.7762;0.0162869;35.6997;0.406821;36.0957;0.279955
428000;35.7143;0.0982546;35.7615;0.0159688;35.5227;0.0953072;35.5265;0.0095879;35.7744;0.0983156;35.7759;0.0162666;35.6927;0.406276;36.0947;0.279579
429000;35.7168;0.0981409;35.7612;0.0159502;35.5236;0.0951968;35.5267;0.00957651;35.7783;0.0982002;35.7759;0.0162483;35.6789;0.405785;36.0932;0.279177
430000;35.7179;0.0980282;35.7613;0.015932;35.5252;0.0950868;35.5268;0.00956498;35.7754;0.0980856;35.776;0.0162304;35.6758;0.405294;36.0937;0.278859
431000;35.7162;0.0979144;35.761;0.0159138;35.5223;0.0949775;35.5268;0.00955399;35.7714;0.0979731;35.7763;0.0162145;35.6839;0.404822;36.1029;0.278575
432000;35.7131;0.0978021;35.7613;0.0158961;35.5207;0.094867;35.5266;0.00954331;35.77;0.0978582;35.7758;0.0161929;35.6916;0.404443;36.0998;0.278242
433000;35.7123;0.0976912;35.7617;0.0158785;35.522;0.0947573;35.5264;0.00953219;35.7706;0.097745;35.7757;0.0161719;35.694;0.403992;36.087;0.277829
434000;35.7103;0.097577;35.7614;0.0158605;35.524;0.0946468;35.5264;0.00952091;35.7666;0.0976318;35.7757;0.016154;35.6907;0.403541;36.0901;0.277526
435000;35.7102;0.0974639;35.7609;0.0158408;35.5252;0.0945387;35.5264;0.00951091;35.7715;0.09752;35.7757;0.0161353;35.6911;0.403067;36.0735;0.27709
436000;35.7073;0.0973512;35.7613;0.0158234;35.5271;0.094431;35.5266;0.00949969;35.7694;0.0974098;35.7754;0.0161161;35.7018;0.402614;36.0722;0.276773
437000;35.7073;0.0972386;35.7616;0.0158055;35.526;0.0943215;35.5262;0.0094876;35.7687;0.0972987;35.7748;0.0160957;35.6958;0.402145;36.067;0.276422
438000;35.7086;0.0971286;35.7624;0.0157889;35.5279;0.0942147;35.5264;0.00947653;35.7721;0.0971873;35.775;0.0160775;35.6905;0.401693;36.0745;0.276177
439000;35.7064;0.0970191;35.7619;0.0157686;35.5297;0.0941073;35.5264;0.0094657;35.774;0.0970759;35.7751;0.0160605;35.687;0.401147;36.0738;0.275799
440000;35.706;0.0969076;35.7621;0.0157495;35.5289;0.0939994;35.5264;0.00945544;35.7742;0.096966;35.7756;0.0160423;35.6753;0.400548;36.0683;0.275438
441000;35.7074;0.0967986;35.7625;0.0157322;35.5322;0.093892;35.5262;0.00944439;35.7772;0.096855;35.7746;0.0160207;35.6659;0.399975;36.0575;0.275127
442000;35.7078;0.0966911;35.7626;0.0157158;35.5318;0.0937863;35.5261;0.00943397;35.7772;0.096746;35.7748;0.0160017;35.6607;0.399532;36.0626;0.27488
443000;35.7127;0.0965801;35.7626;0.0156996;35.5302;0.0936802;35.5265;0.00942456;35.7737;0.0966395;35.7747;0.0159834;35.6619;0.399035;36.0664;0.274536
444000;35.7145;0.0964726;35.7624;0.0156805;35.5291;0.093573;35.5262;0.00941362;35.7762;0.0965282;35.7755;0.0159655;35.6627;0.398702;36.0665;0.274197
445000;35.7116;0.0963664;35.7623;0.0156614;35.5283;0.0934691;35.526;0.00940159;35.7771;0.0964207;35.7749;0.0159465;35.6589;0.398259;36.072;0.273898
446000;35.7127;0.0962584;35.7627;0.0156445;35.5268;0.0933619;35.5259;0.00939171;35.7772;0.0963124;35.7744;0.0159278;35.6602;0.397948;36.0792;0.273653
447000;35.7124;0.0961514;35.7624;0.0156265;35.5242;0.0932575;35.5253;0.00937963;35.7777;0.0962033;35.7746;0.0159101;35.6716;0.397584;36.0839;0.273389
448000;35.7149;0.0960437;35.7621;0.0156074;35.5275;0.0931531;35.5254;0.00936896;35.778;0.0960961;35.7747;0.0158924;35.6647;0.397119;36.0939;0.273178
449000;35.7199;0.0959365;35.7625;0.0155892;35.5273;0.0930479;35.5254;0.00935841;35.7814;0.0959879;35.7744;0.0158749;35.6596;0.396718;36.093;0.272883
450000;35.7216;0.0958271;35.7624;0.0155717;35.5265;0.0929462;35.5258;0.00934763;35.7789;0.0958814;35.7739;0.0158565;35.6479;0.3963;36.0928;0.27258
451000;35.7204;0.095722;35.762;0.015555;35.5263;0.0928443;35.5256;0.00933734;35.7785;0.0957748;35.7738;0.0158392;35.6544;0.39592;36.0792;0.2722
452000;35.7163;0.0956185;35.7624;0.0155402;35.5285;0.0927401;35.5258;0.00932678;35.7783;0.0956694;35.7739;0.0158221;35.6554;0.395406;36.0749;0.271925
453000;35.7169;0.0955112;35.7622;0.0155224;35.5279;0.0926373;35.5258;0.00931637;35.7759;0.095563;35.7741;0.0158042;35.6527;0.39494;36.0839;0.271752
454000;35.7179;0.0954054;35.763;0.0155077;35.5297;0.0925354;35.5255;0.0093064;35.7752;0.0954565;35.7738;0.0157865;35.6383;0.394428;36.0758;0.271427
455000;35.715;0.0953011;35.7629;0.01549;35.5305;0.0924333;35.5255;0.00929727;35.7727;0.0953494;35.7734;0.0157676;35.6495;0.394214;36.0812;0.271136
456000;35.7178;0.0951948;35.7634;0.0154734;35.5257;0.0923327;35.5257;0.00928776;35.7723;0.0952468;35.7733;0.0157514;35.6538;0.393783;36.0808;0.270809
457000;35.7151;0.0950911;35.7634;0.015457;35.5235;0.0922316;35.5258;0.00927642;35.7751;0.0951409;35.7738;0.0157355;35.6476;0.393293;36.0792;0.270465
458000;35.7143;0.0949883;35.7636;0.015441;35.5212;0.0921303;35.5261;0.00926622;35.7711;0.0950392;35.7732;0.0157171;35.6448;0.392788;36.0868;0.270239
459000;35.7142;0.0948851;35.7638;0.015425;35.5246;0.0920296;35.5261;0.00925615;35.7709;0.0949343;35.7729;0.0157005;35.6534;0.392423;36.0781;0.269909
460000;35.7148;0.0947818;35.7635;0.0154074;35.5245;0.0919298;35.5259;0.00924594;35.7719;0.0948315;35.7729;0.0156832;35.6545;0.392067;36.0798;0.269624
461000;35.7139;0.0946798;35.7639;0.0153922;35.525;0.0918322;35.5257;0.00923551;35.7725;0.0947287;35.773;0.0156658;35.655;0.39163;36.0698;0.269303
462000;35.7141;0.0945776;35.7644;0.0153756;35.5279;0.0917336;35.5259;0.00922529;35.7751;0.094624;35.7732;0.0156489;35.6511;0.391266;36.0693;0.269017
463000;35.7186;0.0944744;35.7643;0.015359;35.5282;0.0916342;35.5257;0.00921418;35.7754;0.0945217;35.7732;0.0156332;35.6473;0.390799;36.0714;0.268729
464000;35.7218;0.0943719;35.7648;0.0153448;35.5226;0.0915384;35.5258;0.00920463;35.7758;0.0944192;35.7729;0.0156151;35.6538;0.390371;36.0665;0.268411
465000;35.7278;0.0942686;35.7653;0.0153299;35.5265;0.0914421;35.5258;0.00919444;35.7771;0.0943175;35.7735;0.0156;35.6625;0.389955;36.0745;0.268113
466000;35.7276;0.0941675;35.7652;0.015314;35.5251;0.0913436;35.5257;0.00918445;35.7803;0.0942156;35.773;0.0155818;35.6556;0.389508;36.0665;0.26782
467000;35.7292;0.0940642;35.7657;0.0152983;35.5216;0.0912464;35.5258;0.00917362;35.7788;0.0941121;35.7729;0.0155656;35.648;0.388986;36.0692;0.267559
468000;35.7299;0.0939626;35.7663;0.0152841;35.5239;0.0911484;35.526;0.0091641;35.7791;0.0940121;35.7728;0.0155482;35.6582;0.388587;36.0772;0.267351
469000;35.731;0.0938609;35.7665;0.0152689;35.5221;0.0910509;35.5261;0.00915347;35.783;0.0939102;35.7732;0.0155337;35.672;0.388274;36.0845;0.267063
470000;35.7306;0.0937582;35.7666;0.0152527;35.5192;0.0909543;35.5259;0.00914442;35.7802;0.093809;35.7731;0.0155162;35.6762;0.387953;36.0855;0.266752
471000;35.7318;0.0936584;35.7666;0.0152354;35.5182;0.0908568;35.526;0.0091346;35.7802;0.0937085;35.7736;0.0155013;35.6717;0.387615;36.0863;0.266461
472000;35.7306;0.0935607;35.7665;0.0152184;35.5159;0.0907618;35.5259;0.00912479;35.7816;0.0936096;35.7731;0.0154833;35.664;0.387257;36.0821;0.266165
473000;35.7304;0.0934621;35.7669;0.015203;35.5167;0.090665;35.5261;0.00911468;35.7819;0.0935101;35.773;0.0154673;35.6636;0.38693;36.0706;0.265851
474000;35.7308;0.0933639;35.7683;0.0151894;35.5208;0.0905675;35.5262;0.00910467;35.7813;0.0934114;35.7735;0.0154517;35.6565;0.386581;36.0661;0.265509
475000;35.7288;0.0932658;35.7678;0.0151719;35.5216;0.0904715;35.5261;0.00909522;35.7802;0.0933141;35.7733;0.0154347;35.6625;0.386178;36.0653;0.265209
476000;35.7291;0.0931681;35.7679;0.0151575;35.5227;0.090375;35.5263;0.00908647;35.7823;0.0932132;35.7738;0.0154195;35.6399;0.385631;36.0744;0.264967
477000;35.7304;0.0930687;35.768;0.0151426;35.523;0.0902794;35.5262;0.00907649;35.7827;0.0931159;35.7736;0.0154035;35.6408;0.385334;36.0671;0.264665
478000;35.733;0.0929712;35.7678;0.015127;35.5243;0.0901866;35.526;0.00906671;35.782;0.0930205;35.7731;0.0153866;35.6451;0.384978;36.0699;0.264375
479000;35.7333;0.0928748;35.7678;0.015111;35.5258;0.0900913;35.5259;0.00905672;35.7806;0.0929241;35.7734;0.0153728;35.657;0.384643;36.0714;0.264076
480000;35.7309;0.0927784;35.7679;0.0150959;35.5219;0.0899986;35.5256;0.00904642;35.778;0.0928282;35.7737;0.0153574;35.6371;0.384064;36.0769;0.263828
481000;35.7316;0.0926807;35.768;0.015081;35.5248;0.0899046;35.5257;0.00903672;35.7848;0.0927309;35.773;0.0153406;35.6382;0.383593;36.0763;0.26356
482000;35.7367;0.0925851;35.7684;0.0150672;35.5221;0.0898122;35.5257;0.00902732;35.7847;0.092634;35.773;0.0153243;35.6401;0.383284;36.073;0.263257
483000;35.7383;0.0924884;35.7679;0.0150505;35.5211;0.0897195;35.5255;0.00901745;35.7843;0.0925364;35.7739;0.0153098;35.6552;0.382966;36.07;0.262965
484000;35.7391;0.0923919;35.7676;0.0150354;35.5241;0.089627;35.525;0.00900782;35.7827;0.0924419;35.7742;0.0152951;35.66;0.382615;36.0709;0.262723
485000;35.7402;0.0922957;35.7677;0.0150212;35.5274;0.0895358;35.5247;0.00899835;35.781;0.0923458;35.7747;0.0152793;35.6863;0.382367;36.0701;0.262447
486000;35.7405;0.0922002;35.7674;0.0150056;35.5289;0.0894439;35.5248;0.00898784;35.7786;0.0922506;35.7752;0.0152654;35.6779;0.381873;36.0739;0.26222
487000;35.7407;0.0921068;35.7674;0.0149905;35.5272;0.0893522;35.525;0.00897816;35.7773;0.092157;35.7753;0.0152491;35.6756;0.381536;36.0784;0.26198
488000;35.7406;0.0920122;35.7673;0.0149751;35.5306;0.0892614;35.525;0.00896842;35.7796;0.092063;35.7754;0.0152335;35.6705;0.381085;36.077;0.261697
489000;35.7388;0.0919182;35.7668;0.0149578;35.5315;0.0891711;35.5253;0.00896067;35.7803;0.0919696;35.7758;0.0152186;35.6621;0.380644;36.0712;0.261422
490000;35.7371;0.0918252;35.7672;0.0149441;35.5292;0.0890814;35.5252;0.008951;35.7824;0.0918772;35.7757;0.0152027;35.6637;0.380283;36.0706;0.261158
491000;35.7372;0.0917311;35.7671;0.0149278;35.5307;0.08899;35.5254;0.00894264;35.778;0.0917848;35.7761;0.0151885;35.6559;0.379807;36.0655;0.260875
492000;35.7364;0.0916362;35.7672;0.0149133;35.5282;0.0888976;35.5255;0.00893345;35.7788;0.0916923;35.7767;0.015174;35.6656;0.379481;36.0594;0.260556
493000;35.7356;0.0915439;35.7676;0.0148987;35.5263;0.0888083;35.5258;0.00892421;35.777;0.0916;35.7767;0.0151584;35.6681;0.379054;36.0659;0.260311
494000;35.7339;0.0914521;35.7683;0.0148849;35.5262;0.0887161;35.5255;0.00891471;35.7737;0.0915077;35.7767;0.0151438;35.6625;0.378586;36.0614;0.26002
495000;35.7342;0.0913603;35.7682;0.0148701;35.5247;0.0886261;35.5257;0.00890559;35.775;0.0914148;35.7766;0.0151282;35.6582;0.378167;36.0649;0.259759
496000;35.7314;0.0912685;35.7686;0.0148554;35.5271;0.0885367;35.5259;0.00889687;35.7733;0.091324;35.777;0.0151129;35.65;0.377668;36.063;0.259483
497000;35.7286;0.0911777;35.7694;0.0148423;35.5264;0.0884468;35.5262;0.0088886;35.7742;0.0912319;35.7767;0.0150974;35.6543;0.377305;36.0641;0.259246
498000;35.7273;0.0910862;35.7694;0.0148263;35.5276;0.0883576;35.5262;0.00888016;35.7737;0.0911395;35.7758;0.0150799;35.6523;0.376844;36.0717;0.258994
499000;35.7305;0.0909946;35.7696;0.0148119;35.5288;0.0882702;35.526;0.00887138;35.7718;0.0910482;35.7756;0.0150637;35.6586;0.376527;36.0737;0.258758
500000;35.7303;0.0909027;35.77;0.0147974;35.5292;0.0881791;35.5257;0.00886258;35.7737;0.0909549;35.7756;0.0150472;35.644;0.37602;36.0644;0.258476
501000;35.7324;0.0908115;35.77;0.0147831;35.5293;0.0880917;35.5258;0.0088542;35.7747;0.0908631;35.7758;0.0150329;35.6486;0.375801;36.0672;0.258252
502000;35.7329;0.0907216;35.77;0.0147686;35.5273;0.0880066;35.526;0.00884452;35.7769;0.0907732;35.7755;0.0150173;35.6525;0.375515;36.07;0.258004
503000;35.7347;0.0906305;35.7703;0.0147548;35.526;0.0879189;35.5258;0.00883528;35.7782;0.0906824;35.7753;0.0150027;35.6609;0.375196;36.0761;0.257752
504000;35.7351;0.0905402;35.7704;0.0147406;35.5246;0.0878294;35.5262;0.00882679;35.7776;0.0905916;35.7755;0.0149887;35.6656;0.374831;36.0767;0.257511
505000;35.7372;0.0904501;35.7706;0.0147251;35.5249;0.0877416;35.5263;0.00881712;35.776;0.0905021;35.7757;0.0149736;35.6548;0.374382;36.0747;0.257221
506000;35.7376;0.0903622;35.7705;0.0147098;35.5269;0.0876538;35.5262;0.00880861;35.7759;0.0904126;35.7753;0.0149577;35.6446;0.373949;36.0859;0.257013
507000;35.7362;0.0902727;35.7706;0.0146957;35.5261;0.0875692;35.526;0.00880037;35.7718;0.0903235;35.7749;0.0149424;35.6762;0.373914;36.0901;0.256794
508000;35.7342;0.0901842;35.7708;0.0146816;35.5257;0.0874842;35.5261;0.00879124;35.7712;0.0902343;35.7749;0.0149287;35.6737;0.373577;36.0805;0.256471
509000;35.737;0.0900949;35.7707;0.0146664;35.5258;0.0873976;35.5261;0.00878229;35.7697;0.0901448;35.7745;0.0149129;35.6817;0.373291;36.0799;0.25626
510000;35.7392;0.0900069;35.7705;0.0146516;35.5291;0.087312;35.5261;0.00877322;35.7674;0.0900566;35.7747;0.0148987;35.6725;0.372877;36.0801;0.25603
511000;35.7358;0.0899206;35.7709;0.014638;35.5295;0.0872266;35.5263;0.00876369;35.7685;0.0899672;35.7749;0.014884;35.665;0.372443;36.0813;0.255726
512000;35.7357;0.0898329;35.7714;0.014625;35.5249;0.0871382;35.5264;0.00875485;35.7696;0.0898787;35.7747;0.0148693;35.6588;0.372001;36.0757;0.255419
513000;35.7362;0.0897458;35.7722;0.014612;35.5264;0.0870539;35.5262;0.0087458;35.7684;0.0897914;35.7748;0.0148567;35.658;0.371587;36.0816;0.25521
514000;35.7373;0.0896579;35.7729;0.0145989;35.526;0.0869701;35.5262;0.00873649;35.7655;0.0897049;35.7744;0.0148412;35.6726;0.371353;36.075;0.254951
515000;35.736;0.0895704;35.7726;0.0145853;35.5234;0.0868848;35.5262;0.00872782;35.7624;0.0896167;35.774;0.0148249;35.6683;0.370901;36.0758;0.254744
516000;35.737;0.0894843;35.7729;0.0145725;35.5268;0.086801;35.526;0.00871923;35.7586;0.0895317;35.7739;0.01481;35.6592;0.370442;36.0728;0.254482
517000;35.7385;0.089399;35.7727;0.014557;35.5252;0.0867164;35.5263;0.00871062;35.7575;0.0894454;35.7739;0.0147959;35.6581;0.370059;36.0743;0.254246
518000;35.7401;0.0893107;35.7734;0.0145439;35.5255;0.0866311;35.5262;0.00870161;35.7578;0.089359;35.7741;0.0147831;35.6636;0.369755;36.064;0.253942
519000;35.7401;0.0892251;35.773;0.0145297;35.5262;0.0865477;35.5259;0.00869345;35.7581;0.0892741;35.7741;0.0147684;35.671;0.369424;36.0649;0.253679
520000;35.7413;0.0891383;35.7732;0.0145165;35.5264;0.0864645;35.5262;0.00868516;35.7548;0.0891894;35.7736;0.0147527;35.68;0.369157;36.0601;0.253419
521000;35.7439;0.0890521;35.7727;0.0144999;35.5249;0.0863806;35.5259;0.00867627;35.7512;0.0891033;35.7737;0.0147387;35.6756;0.368775;36.0559;0.253124
522000;35.7456;0.088966;35.7723;0.0144854;35.5254;0.0862979;35.5263;0.00866755;35.7513;0.0890152;35.7738;0.0147239;35.6761;0.368461;36.0571;0.252885
523000;35.7449;0.0888806;35.7725;0.0144724;35.5249;0.0862164;35.5263;0.00865886;35.7478;0.0889324;35.7737;0.0147091;35.6744;0.368158;36.0546;0.252612
524000;35.7432;0.0887957;35.7725;0.014458;35.5213;0.0861318;35.5263;0.00864975;35.7451;0.0888476;35.7735;0.0146948;35.6671;0.367711;36.0495;0.252318
525000;35.7451;0.0887114;35.7721;0.0144432;35.5223;0.0860499;35.5266;0.00864249;35.7459;0.0887627;35.773;0.0146793;35.6672;0.367317;36.0468;0.2521
526000;35.7441;0.0886267;35.7724;0.0144311;35.5212;0.0859664;35.5267;0.00863401;35.7457;0.0886796;35.7725;0.0146642;35.6616;0.366934;36.0451;0.251833
527000;35.7444;0.0885433;35.7721;0.0144163;35.522;0.0858879;35.5266;0.00862543;35.7468;0.0885953;35.7726;0.0146504;35.6673;0.366625;36.046;0.2516
528000;35.7449;0.0884592;35.7714;0.0144004;35.5207;0.0858065;35.5263;0.00861646;35.7459;0.0885115;35.7722;0.0146354;35.6625;0.366205;36.0434;0.251344
529000;35.7435;0.0883745;35.7709;0.0143854;35.5231;0.0857254;35.5262;0.00860743;35.7471;0.0884282;35.7722;0.0146215;35.6645;0.365851;36.041;0.251091
530000;35.7439;0.0882909;35.7711;0.0143724;35.5263;0.0856425;35.5261;0.0085995;35.7485;0.0883438;35.772;0.0146075;35.6588;0.3655;36.0381;0.250865
531000;35.7448;0.0882075;35.7715;0.0143591;35.5275;0.0855624;35.5261;0.00859093;35.7506;0.0882608;35.7726;0.014595;35.6558;0.365164;36.0322;0.250575
532000;35.7431;0.0881242;35.7715;0.0143456;35.5292;0.085481;35.5261;0.00858335;35.75;0.0881771;35.7725;0.0145803;35.6552;0.364817;36.0327;0.250341
533000;35.7382;0.088043;35.7712;0.0143321;35.5276;0.0854007;35.5258;0.00857515;35.7489;0.0880952;35.7725;0.0145671;35.6583;0.364485;36.0317;0.250124
534000;35.7412;0.0879601;35.7712;0.0143192;35.5278;0.0853203;35.5257;0.0085669;35.7496;0.0880126;35.7726;0.0145534;35.6528;0.364086;36.0256;0.249838
535000;35.7391;0.0878787;35.7716;0.0143066;35.5299;0.0852402;35.5258;0.00855898;35.7478;0.0879299;35.7723;0.0145382;35.6505;0.363813;36.0208;0.249577
536000;35.7355;0.0877965;35.7717;0.0142936;35.5333;0.0851617;35.5257;0.0085502;35.7471;0.0878471;35.7727;0.0145254;35.6523;0.363475;36.0203;0.249328
537000;35.7352;0.0877145;35.772;0.014281;35.5329;0.0850819;35.5256;0.008542;35.7486;0.0877662;35.7727;0.0145122;35.6406;0.363042;36.0237;0.249134
538000;35.7351;0.0876335;35.7724;0.0142684;35.5319;0.0850012;35.5255;0.00853342;35.7513;0.0876841;35.7725;0.0144977;35.6312;0.362673;36.0274;0.248951
539000;35.7368;0.0875517;35.7724;0.0142537;35.5316;0.0849215;35.5255;0.00852485;35.751;0.0876017;35.7722;0.0144825;35.626;0.362264;36.024;0.248684
540000;35.7391;0.0874709;35.7726;0.0142406;35.534;0.0848422;35.5255;0.00851648;35.7515;0.0875215;35.7723;0.0144695;35.6196;0.361967;36.0234;0.24846
541000;35.7408;0.0873904;35.7727;0.0142273;35.5357;0.0847633;35.5258;0.008509;35.7531;0.0874392;35.7727;0.0144566;35.6164;0.361578;36.0295;0.248234
542000;35.7402;0.0873085;35.7729;0.0142138;35.5354;0.0846829;35.526;0.00850052;35.7548;0.087357;35.7723;0.0144419;35.618;0.361247;36.0337;0.248007
543000;35.7432;0.0872287;35.7726;0.0141999;35.5366;0.084605;35.526;0.0084926;35.7557;0.0872774;35.7721;0.0144272;35.629;0.360945;36.0427;0.247817
544000;35.7426;0.0871487;35.7723;0.0141857;35.5354;0.0845274;35.526;0.00848467;35.7541;0.0871972;35.7718;0.0144128;35.6303;0.360589;36.0404;0.247577
545000;35.7407;0.0870691;35.7725;0.0141737;35.537;0.0844507;35.5261;0.00847665;35.7542;0.0871165;35.7719;0.0144002;35.6203;0.360167;36.0366;0.247325
546000;35.7401;0.0869894;35.7725;0.0141612;35.5406;0.0843742;35.5261;0.0084695;35.7564;0.0870379;35.7719;0.0143875;35.6179;0.359881;36.0421;0.247123
547000;35.7381;0.086911;35.7726;0.0141482;35.5386;0.0842976;35.5263;0.00846168;35.7538;0.0869583;35.772;0.0143745;35.6171;0.35955;36.0443;0.246888
548000;35.7411;0.0868307;35.7725;0.0141354;35.5379;0.0842214;35.5264;0.0084538;35.7525;0.0868805;35.7722;0.0143613;35.6217;0.359318;36.0438;0.246659
549000;35.7401;0.0867511;35.772;0.0141217;35.5372;0.0841447;35.5266;0.00844606;35.7502;0.0868025;35.7727;0.0143489;35.6139;0.358906;36.0415;0.24649
550000;35.7415;0.0866731;35.7716;0.0141078;35.5356;0.0840684;35.5266;0.00843774;35.7508;0.0867235;35.7724;0.0143345;35.6119;0.358551;36.0547;0.246328
551000;35.7442;0.0865936;35.7714;0.0140956;35.5391;0.0839917;35.5265;0.00843074;35.7495;0.086646;35.773;0.0143227;35.6136;0.358278;36.0499;0.246083
552000;35.7458;0.0865163;35.7719;0.0140842;35.5398;0.0839163;35.5267;0.00842248;35.7528;0.0865658;35.7733;0.0143102;35.6063;0.357893;36.0518;0.245847
553000;35.7447;0.0864387;35.772;0.0140716;35.5401;0.0838401;35.5265;0.00841459;35.7546;0.0864871;35.7727;0.0142953;35.6128;0.357687;36.042;0.245587
554000;35.7412;0.0863622;35.7718;0.0140585;35.5402;0.0837645;35.5264;0.00840742;35.7549;0.0864104;35.7725;0.0142816;35.6226;0.357355;36.0392;0.24533
555000;35.7388;0.0862846;35.7724;0.0140478;35.537;0.0836895;35.5263;0.00839907;35.755;0.0863315;35.7722;0.0142677;35.6238;0.357014;36.0419;0.245125
556000;35.7394;0.086207;35.7722;0.0140349;35.5381;0.0836145;35.5263;0.00839131;35.7542;0.0862529;35.7724;0.014255;35.6322;0.356747;36.0527;0.244956
557000;35.7393;0.0861293;35.7725;0.0140226;35.539;0.0835387;35.5262;0.0083835;35.7555;0.0861745;35.7728;0.0142425;35.639;0.356446;36.0518;0.244785
558000;35.7414;0.0860517;35.7726;0.0140109;35.5391;0.0834632;35.5263;0.00837641;35.7559;0.0860972;35.7724;0.0142291;35.6402;0.356092;36.048;0.244532
559000;35.742;0.085976;35.7724;0.0139985;35.5349;0.0833891;35.5262;0.0083687;35.755;0.0860204;35.7728;0.0142171;35.6444;0.355801;36.0508;0.244325
560000;35.74;0.0859007;35.772;0.0139852;35.5366;0.0833143;35.526;0.00836127;35.7537;0.0859454;35.7729;0.0142049;35.644;0.355403;36.0514;0.24414
561000;35.7375;0.0858247;35.7724;0.0139734;35.5388;0.0832386;35.5261;0.00835312;35.7549;0.0858697;35.7735;0.0141938;35.6396;0.355044;36.0568;0.24393
562000;35.7398;0.0857463;35.772;0.0139598;35.5389;0.0831642;35.5258;0.00834498;35.759;0.0857932;35.7736;0.014182;35.6406;0.35473;36.0499;0.243652
563000;35.7431;0.0856701;35.7723;0.0139483;35.5407;0.083091;35.5257;0.00833699;35.7564;0.0857174;35.773;0.0141675;35.6309;0.354349;36.0504;0.24342
564000;35.7412;0.0855939;35.773;0.0139371;35.5397;0.0830164;35.526;0.00833013;35.7584;0.0856401;35.7728;0.0141547;35.6275;0.35405;36.0534;0.243217
565000;35.7416;0.0855195;35.773;0.0139243;35.5402;0.0829434;35.5261;0.0083232;35.7589;0.0855628;35.7726;0.0141423;35.6123;0.353626;36.0492;0.243005
566000;35.7396;0.0854434;35.773;0.0139116;35.5383;0.0828711;35.5261;0.00831592;35.7567;0.0854876;35.772;0.0141278;35.615;0.353383;36.0512;0.242784
567000;35.7354;0.0853681;35.7727;0.013899;35.5382;0.0827982;35.5261;0.00830805;35.7552;0.0854113;35.7722;0.0141151;35.6114;0.35309;36.0492;0.242535
568000;35.736;0.0852913;35.7728;0.0138878;35.537;0.082725;35.526;0.00830107;35.7545;0.0853359;35.7721;0.0141032;35.6135;0.352772;36.0488;0.242297
569000;35.7366;0.0852164;35.7732;0.013876;35.5342;0.0826521;35.526;0.00829327;35.7543;0.0852607;35.7718;0.0140896;35.6278;0.352656;36.0465;0.242082
570000;35.7377;0.0851411;35.7729;0.0138638;35.5301;0.0825797;35.5264;0.0082866;35.7564;0.085185;35.7714;0.0140767;35.6239;0.352242;36.0432;0.241829
571000;35.7374;0.085067;35.7728;0.013853;35.5301;0.0825054;35.5264;0.0082792;35.7565;0.0851109;35.7711;0.0140644;35.625;0.35193;36.0465;0.241623
572000;35.7352;0.0849929;35.7725;0.0138396;35.53;0.0824334;35.5263;0.00827142;35.7543;0.0850355;35.7714;0.0140531;35.6281;0.351665;36.0383;0.241422
573000;35.7357;0.084919;35.7725;0.0138278;35.5298;0.0823604;35.5265;0.00826436;35.7528;0.0849628;35.7715;0.0140408;35.6239;0.351299;36.044;0.241253
574000;35.7347;0.0848444;35.7732;0.0138173;35.5291;0.0822876;35.5264;0.00825782;35.7523;0.0848882;35.7713;0.0140282;35.6222;0.350949;36.0446;0.241059
575000;35.7334;0.0847704;35.7731;0.0138048;35.5301;0.082219;35.5267;0.00825098;35.751;0.0848148;35.7711;0.0140153;35.615;0.350547;36.0459;0.240886
576000;35.7312;0.0846971;35.773;0.0137931;35.5277;0.0821458;35.5271;0.00824395;35.751;0.0847416;35.7715;0.0140042;35.6097;0.350246;36.0496;0.240673
577000;35.7315;0.0846239;35.7735;0.0137819;35.5249;0.0820738;35.527;0.00823677;35.7515;0.0846683;35.7714;0.0139921;35.605;0.349955;36.0472;0.240464
578000;35.7331;0.0845518;35.7737;0.0137693;35.5274;0.0820009;35.5272;0.0082295;35.753;0.0845947;35.7711;0.0139803;35.5911;0.349548;36.048;0.240252
579000;35.7301;0.0844795;35.7738;0.0137576;35.5266;0.08193;35.5274;0.00822227;35.7545;0.0845207;35.7702;0.0139662;35.5827;0.349192;36.0477;0.240101
580000;35.7288;0.0844068;35.7734;0.0137459;35.5274;0.0818593;35.5274;0.00821549;35.7516;0.0844487;35.7703;0.0139539;35.5857;0.348885;36.0399;0.239869
581000;35.7288;0.0843338;35.7736;0.0137339;35.5248;0.0817901;35.5275;0.0082079;35.7547;0.0843762;35.7707;0.0139426;35.5898;0.348575;36.0393;0.239646
582000;35.7283;0.0842612;35.7735;0.013722;35.5266;0.0817195;35.5275;0.00820101;35.7549;0.0843032;35.7708;0.0139319;35.5923;0.348285;36.0286;0.239389
583000;35.7282;0.084188;35.7734;0.0137099;35.523;0.0816501;35.5278;0.00819433;35.7592;0.08423;35.7712;0.0139205;35.584;0.348012;36.0256;0.239159
584000;35.7289;0.0841154;35.7735;0.0136988;35.5244;0.0815803;35.5277;0.00818706;35.7601;0.084159;35.7716;0.0139086;35.5849;0.34771;36.0273;0.23894
585000;35.7313;0.0840432;35.7735;0.0136874;35.523;0.0815099;35.5279;0.00817969;35.7584;0.0840856;35.7717;0.0138969;35.5927;0.347495;36.0275;0.238733
586000;35.7284;0.0839721;35.7739;0.0136771;35.5215;0.0814417;35.5277;0.00817282;35.7586;0.0840134;35.771;0.0138834;35.5965;0.34721;36.0253;0.238536
587000;35.7266;0.0838997;35.7737;0.013665;35.5227;0.0813723;35.5275;0.00816559;35.7581;0.0839416;35.7703;0.0138704;35.5969;0.346902;36.0208;0.238333
588000;35.7315;0.0838272;35.7737;0.0136539;35.5225;0.0813039;35.5275;0.00815779;35.7581;0.0838711;35.7706;0.0138587;35.5981;0.346595;36.028;0.238153
589000;35.7324;0.0837554;35.7735;0.0136418;35.5228;0.0812359;35.5279;0.00815147;35.756;0.0838002;35.7706;0.0138472;35.5853;0.346225;36.0251;0.237917
590000;35.7291;0.0836851;35.7734;0.0136292;35.5232;0.0811664;35.5281;0.00814464;35.757;0.0837296;35.771;0.0138358;35.6042;0.346096;36.0202;0.237686
591000;35.7289;0.083614;35.7734;0.0136184;35.525;0.0810969;35.5279;0.00813804;35.7571;0.0836587;35.7711;0.0138242;35.6093;0.345863;36.0265;0.237562
592000;35.7286;0.0835428;35.7733;0.0136061;35.5248;0.0810286;35.5281;0.00813118;35.7592;0.0835885;35.7713;0.0138122;35.6013;0.345524;36.0205;0.23734
593000;35.7278;0.083472;35.773;0.0135929;35.526;0.0809597;35.5277;0.0081235;35.7614;0.0835184;35.7712;0.0138011;35.5949;0.345192;36.0347;0.237246
594000;35.7288;0.0834015;35.7728;0.0135808;35.5285;0.0808905;35.5278;0.00811656;35.7602;0.0834487;35.7708;0.013788;35.5976;0.344914;36.0394;0.23706
595000;35.7279;0.0833313;35.7729;0.013569;35.5321;0.0808232;35.5278;0.00810992;35.7593;0.0833777;35.7708;0.0137764;35.5887;0.344539;36.0389;0.236853
596000;35.7296;0.0832619;35.7728;0.0135564;35.5319;0.0807555;35.5281;0.00810327;35.7636;0.0833081;35.7708;0.0137647;35.5862;0.344222;36.038;0.236627
597000;35.7295;0.0831911;35.7731;0.0135465;35.5322;0.0806885;35.528;0.0080962;35.7626;0.0832382;35.7708;0.013753;35.5978;0.343938;36.0329;0.236427
598000;35.7271;0.0831221;35.7734;0.0135362;35.5275;0.0806216;35.528;0.00808911;35.7612;0.0831676;35.7708;0.0137422;35.6023;0.343638;36.0339;0.236225
599000;35.7252;0.0830518;35.7733;0.0135238;35.5266;0.0805544;35.5279;0.00808169;35.7589;0.0830985;35.7708;0.0137307;35.6099;0.343386;36.0356;0.236041
600000;35.7237;0.0829829;35.7732;0.013512;35.5277;0.0804862;35.528;0.00807471;35.7575;0.0830288;35.7713;0.0137201;35.6166;0.34314;36.0349;0.235871
601000;35.7267;0.0829137;35.7731;0.0134995;35.5254;0.0804196;35.528;0.00806768;35.7587;0.0829588;35.7711;0.0137085;35.6022;0.342748;36.0321;0.235652
602000;35.7266;0.0828434;35.7733;0.0134884;35.5244;0.0803518;35.528;0.0080607;35.7578;0.0828893;35.7714;0.0136974;35.5969;0.342396;36.0288;0.235484
603000;35.7265;0.0827749;35.7732;0.013478;35.5225;0.0802857;35.5282;0.00805399;35.757;0.0828212;35.7714;0.0136863;35.5955;0.342081;36.0314;0.235282
604000;35.7274;0.0827075;35.7732;0.0134673;35.5246;0.0802214;35.528;0.0080477;35.7558;0.0827527;35.7713;0.0136751;35.6073;0.341869;36.0282;0.235057
605000;35.7306;0.0826392;35.7728;0.0134554;35.5236;0.0801551;35.5282;0.00804079;35.7572;0.0826829;35.7713;0.0136633;35.601;0.341527;36.0289;0.234858
606000;35.7315;0.0825698;35.7724;0.0134442;35.5235;0.0800876;35.5285;0.00803446;35.7593;0.0826132;35.7714;0.0136523;35.6003;0.341208;36.026;0.23465
607000;35.7307;0.0825021;35.7723;0.0134332;35.5227;0.0800216;35.5285;0.00802837;35.7593;0.0825448;35.7713;0.0136401;35.5955;0.340878;36.0226;0.23444
608000;35.7316;0.0824341;35.7722;0.0134217;35.5227;0.0799563;35.5283;0.00802162;35.7556;0.0824778;35.7711;0.0136287;35.5996;0.340603;36.012;0.234206
609000;35.7306;0.0823673;35.7721;0.013411;35.5238;0.07989;35.5284;0.00801492;35.7556;0.0824105;35.7709;0.0136166;35.603;0.340402;36.0159;0.234019
610000;35.7307;0.0822991;35.7722;0.0133992;35.5201;0.0798247;35.5286;0.00800876;35.7544;0.0823422;35.7711;0.013606;35.6063;0.340212;36.0094;0.233827
611000;35.7325;0.082231;35.7724;0.0133875;35.5183;0.0797588;35.5287;0.00800188;35.7536;0.0822746;35.7712;0.0135948;35.6088;0.339946;36.0179;0.233668
612000;35.7319;0.0821642;35.7727;0.0133779;35.5191;0.0796925;35.5286;0.00799455;35.7556;0.0822077;35.7715;0.0135852;35.6077;0.33968;36.0166;0.233487
613000;35.7317;0.0820971;35.773;0.0133679;35.5149;0.0796271;35.5287;0.00798811;35.7563;0.0821415;35.7718;0.0135745;35.6134;0.339413;36.0246;0.233351
614000;35.735;0.0820297;35.7734;0.013358;35.5151;0.0795629;35.5287;0.00798174;35.7554;0.0820739;35.7719;0.013564;35.6094;0.339073;36.0183;0.233121
615000;35.7322;0.0819643;35.7731;0.013346;35.5168;0.0794963;35.5288;0.00797591;35.7545;0.0820076;35.7722;0.0135535;35.6013;0.338805;36.0121;0.232908
616000;35.7329;0.081897;35.7732;0.0133351;35.5176;0.0794323;35.5286;0.00796997;35.7551;0.0819417;35.7721;0.0135415;35.5933;0.338479;36.0051;0.232696
617000;35.7323;0.0818306;35.773;0.0133239;35.5164;0.0793679;35.5286;0.00796296;35.7567;0.0818747;35.7722;0.0135301;35.5883;0.33827;36.0022;0.232482
618000;35.7305;0.0817646;35.773;0.0133127;35.5164;0.079304;35.5287;0.00795653;35.7583;0.0818083;35.7717;0.0135186;35.578;0.337938;35.9933;0.23225
619000;35.7302;0.0817001;35.7727;0.0133014;35.5141;0.0792393;35.5287;0.00795034;35.7555;0.0817415;35.7718;0.0135083;35.5742;0.337595;35.985;0.232042
620000;35.7302;0.0816336;35.7729;0.0132911;35.5127;0.079176;35.5286;0.00794383;35.7559;0.0816751;35.7721;0.0134981;35.5746;0.337311;35.9868;0.231852
621000;35.7331;0.0815681;35.7732;0.0132811;35.5114;0.0791114;35.5287;0.00793777;35.7585;0.0816082;35.7723;0.0134877;35.5635;0.33699;35.9841;0.231651
622000;35.7325;0.081502;35.7733;0.0132702;35.5115;0.0790477;35.5286;0.00793129;35.7573;0.0815422;35.772;0.0134759;35.5702;0.336761;35.9837;0.23149
623000;35.7339;0.0814365;35.7729;0.0132587;35.5107;0.0789846;35.5287;0.00792493;35.757;0.0814773;35.7726;0.0134669;35.5759;0.33653;35.9782;0.231294
624000;35.7335;0.0813719;35.7731;0.0132488;35.5119;0.0789219;35.5287;0.00791887;35.7549;0.0814122;35.7728;0.0134569;35.5835;0.336368;35.9719;0.231088
625000;35.7342;0.081306;35.7733;0.0132385;35.5106;0.0788591;35.529;0.00791297;35.7559;0.0813472;35.7726;0.0134465;35.5862;0.336098;35.9716;0.230887
626000;35.7311;0.0812415;35.7741;0.0132293;35.5095;0.0787962;35.5288;0.00790684;35.7553;0.0812825;35.7727;0.0134363;35.5985;0.335957;35.974;0.230756
627000;35.7305;0.0811771;35.7739;0.0132179;35.5076;0.078735;35.5289;0.00790108;35.7542;0.0812177;35.7726;0.013425;35.6067;0.335715;35.9665;0.230521
628000;35.7304;0.0811121;35.7739;0.0132073;35.5069;0.0786711;35.5288;0.00789437;35.7563;0.0811529;35.7725;0.0134141;35.6188;0.335503;35.9591;0.230314
629000;35.7283;0.0810485;35.7735;0.0131959;35.5061;0.0786085;35.5286;0.00788779;35.7569;0.0810876;35.7724;0.0134033;35.6166;0.335201;35.959;0.2301
630000;35.7271;0.0809848;35.7736;0.0131856;35.507;0.0785437;35.5283;0.0078809;35.7561;0.0810231;35.7728;0.0133933;35.6204;0.334963;35.95;0.22987
631000;35.7241;0.0809214;35.7732;0.0131743;35.5077;0.078482;35.5283;0.00787485;35.7553;0.0809588;35.773;0.0133824;35.6268;0.334728;35.9525;0.229721
632000;35.7249;0.0808576;35.7731;0.0131635;35.5097;0.0784187;35.5283;0.00786897;35.7544;0.0808952;35.773;0.0133723;35.6156;0.334386;35.9472;0.229516
633000;35.7244;0.080794;35.7728;0.0131527;35.5075;0.0783568;35.5281;0.00786197;35.7545;0.0808312;35.7732;0.0133615;35.6224;0.334191;35.9413;0.229297
634000;35.7242;0.0807306;35.7729;0.0131422;35.5061;0.0782938;35.5284;0.00785586;35.7541;0.0807673;35.7732;0.013351;35.6302;0.333979;35.9409;0.229098
635000;35.7233;0.0806666;35.7736;0.0131331;35.5061;0.0782327;35.5286;0.00785062;35.7571;0.0807025;35.7733;0.013341;35.6356;0.33374;35.9393;0.228927
636000;35.7275;0.080603;35.7736;0.0131229;35.5059;0.0781697;35.5286;0.00784445;35.7589;0.0806376;35.7738;0.0133314;35.632;0.333493;35.9417;0.228756
637000;35.7261;0.0805394;35.7729;0.0131117;35.5047;0.0781093;35.5285;0.00783824;35.7588;0.0805731;35.7738;0.0133204;35.6289;0.3332;35.9387;0.228566
638000;35.7255;0.0804756;35.7728;0.0131007;35.5044;0.0780492;35.5286;0.00783256;35.7601;0.0805094;35.7739;0.0133101;35.6285;0.332946;35.938;0.228381
639000;35.7267;0.0804117;35.7726;0.0130898;35.5058;0.0779874;35.5285;0.00782646;35.7629;0.0804445;35.7737;0.0132998;35.6302;0.332714;35.9456;0.228238
640000;35.7279;0.0803488;35.7727;0.0130803;35.5083;0.0779263;35.5286;0.00782022;35.7624;0.0803817;35.7737;0.0132889;35.6229;0.332376;35.9445;0.228062
641000;35.728;0.0802854;35.7724;0.0130695;35.5072;0.0778645;35.5287;0.00781433;35.7648;0.0803188;35.7731;0.0132778;35.6247;0.332182;35.9442;0.227876
642000;35.7248;0.0802237;35.7723;0.0130589;35.506;0.0778037;35.529;0.00780822;35.7655;0.0802556;35.7734;0.0132677;35.628;0.331931;35.9486;0.227718
643000;35.727;0.0801609;35.7724;0.0130489;35.5064;0.0777439;35.5289;0.00780168;35.7659;0.0801934;35.7732;0.013257;35.6346;0.331695;35.9449;0.227543
644000;35.724;0.0800997;35.7723;0.0130394;35.508;0.0776838;35.5289;0.00779599;35.7656;0.0801299;35.773;0.0132467;35.6472;0.331498;35.9368;0.227328
645000;35.7244;0.0800376;35.7725;0.0130298;35.5086;0.0776239;35.5287;0.00778961;35.7652;0.0800681;35.7731;0.0132374;35.6396;0.331189;35.9353;0.227143
646000;35.7262;0.0799751;35.7723;0.0130192;35.51;0.077563;35.5286;0.00778333;35.7665;0.0800062;35.7734;0.0132279;35.6341;0.330867;35.9296;0.22693
647000;35.7261;0.079914;35.7724;0.0130092;35.5108;0.0775043;35.5287;0.00777755;35.7645;0.0799449;35.7735;0.013218;35.6367;0.330675;35.9306;0.226765
648000;35.7236;0.0798531;35.7726;0.013;35.5109;0.0774419;35.5286;0.00777136;35.7642;0.0798834;35.7731;0.0132066;35.6309;0.330433;35.9302;0.226567
649000;35.7237;0.079791;35.7732;0.0129911;35.5109;0.0773806;35.5287;0.00776534;35.7627;0.0798219;35.773;0.0131969;35.6249;0.330101;35.9291;0.226373
650000;35.7242;0.0797294;35.7734;0.0129823;35.5088;0.0773214;35.5286;0.0077589;35.7628;0.0797603;35.773;0.0131865;35.6165;0.329773;35.9282;0.226161
651000;35.7233;0.0796679;35.7736;0.0129727;35.5103;0.0772622;35.5286;0.00775283;35.7618;0.0797003;35.7728;0.013176;35.6223;0.329561;35.9393;0.226037
652000;35.7213;0.0796082;35.7737;0.0129635;35.51;0.0772034;35.5288;0.00774714;35.7629;0.0796393;35.7726;0.013166;35.6167;0.329266;35.9357;0.225841
653000;35.7221;0.0795477;35.7733;0.0129529;35.5118;0.0771438;35.5288;0.00774074;35.7606;0.0795793;35.7726;0.013156;35.6168;0.329001;35.9313;0.225632
654000;35.721;0.0794873;35.7733;0.0129428;35.5098;0.077085;35.5288;0.00773492;35.7591;0.0795195;35.7723;0.0131454;35.6157;0.328715;35.9331;0.225476
655000;35.7205;0.079426;35.7737;0.0129336;35.5088;0.0770263;35.5289;0.00772882;35.7583;0.079459;35.7725;0.0131361;35.6089;0.32843;35.933;0.225333
656000;35.7223;0.0793651;35.7737;0.0129236;35.508;0.0769675;35.5289;0.00772329;35.7584;0.0793987;35.7725;0.0131263;35.612;0.328155;35.9429;0.22524
657000;35.7253;0.0793051;35.7738;0.012914;35.5074;0.0769091;35.5291;0.00771754;35.7586;0.0793384;35.7723;0.0131152;35.6132;0.327935;35.9409;0.225072
658000;35.7277;0.0792444;35.7734;0.012903;35.5066;0.0768512;35.5292;0.00771202;35.7552;0.0792784;35.7725;0.0131046;35.6118;0.327671;35.9393;0.224918
659000;35.731;0.0791835;35.7732;0.0128924;35.5041;0.0767918;35.5292;0.00770641;35.7523;0.079219;35.7726;0.0130937;35.6023;0.327376;35.9417;0.224777
660000;35.7314;0.0791224;35.7731;0.0128822;35.5052;0.0767324;35.529;0.00770023;35.7536;0.079159;35.7733;0.013085;35.6126;0.32714;35.948;0.224635
661000;35.7317;0.0790635;35.7736;0.0128725;35.5044;0.0766738;35.529;0.00769403;35.7543;0.0790989;35.7732;0.0130761;35.6069;0.326834;35.95;0.224471
662000;35.7327;0.0790029;35.7738;0.0128632;35.5031;0.0766164;35.5294;0.0076886;35.7543;0.0790397;35.7732;0.0130661;35.6147;0.326638;35.9553;0.224331
663000;35.7326;0.0789436;35.7738;0.0128535;35.5044;0.076559;35.5296;0.00768277;35.7549;0.0789797;35.7731;0.0130559;35.6158;0.326419;35.9498;0.224149
664000;35.7336;0.0788843;35.7733;0.0128428;35.5014;0.0765007;35.5296;0.00767721;35.755;0.0789215;35.7738;0.0130479;35.6193;0.326173;35.9492;0.224015
665000;35.7363;0.0788242;35.7732;0.012833;35.5016;0.0764427;35.5298;0.00767149;35.7545;0.0788623;35.7736;0.0130374;35.6271;0.325978;35.9473;0.223832
666000;35.7367;0.0787646;35.7729;0.0128228;35.4999;0.0763842;35.5297;0.00766608;35.757;0.0788027;35.7731;0.0130273;35.6261;0.32571;35.9386;0.223608
667000;35.7382;0.0787054;35.7727;0.0128128;35.4955;0.0763257;35.5296;0.00766027;35.7559;0.0787442;35.7729;0.0130174;35.6316;0.325491;35.941;0.223457
668000;35.7389;0.0786467;35.7728;0.0128034;35.4975;0.0762677;35.5298;0.0076546;35.7554;0.0786848;35.7728;0.0130076;35.6202;0.325157;35.9418;0.223321
669000;35.7406;0.0785877;35.7732;0.0127946;35.4959;0.0762095;35.5298;0.00764906;35.7544;0.0786263;35.773;0.0129978;35.6087;0.324872;35.9347;0.22314
670000;35.7391;0.0785288;35.7731;0.0127844;35.4932;0.0761533;35.5297;0.00764308;35.7554;0.0785687;35.7733;0.0129881;35.6159;0.32466;35.9325;0.222977
671000;35.7391;0.0784705;35.7732;0.012775;35.4949;0.0760963;35.5296;0.00763659;35.7543;0.0785103;35.7737;0.01298;35.6139;0.32439;35.9389;0.222855
672000;35.7383;0.0784124;35.7729;0.0127651;35.4946;0.0760405;35.5297;0.00763104;35.755;0.0784515;35.7738;0.0129708;35.609;0.324111;35.934;0.222653
673000;35.7405;0.0783535;35.7729;0.012756;35.492;0.0759843;35.5296;0.00762555;35.7557;0.078393;35.7741;0.012962;35.6149;0.323944;35.9394;0.222527
674000;35.7409;0.0782955;35.7727;0.0127463;35.4913;0.0759272;35.5296;0.00762023;35.7565;0.0783339;35.7745;0.0129523;35.6131;0.323682;35.9363;0.222335
675000;35.7427;0.0782373;35.7725;0.0127363;35.4911;0.0758726;35.5297;0.00761436;35.7622;0.0782749;35.7742;0.012942;35.6138;0.323419;35.9409;0.222188
676000;35.7422;0.0781796;35.7723;0.0127261;35.496;0.0758163;35.5297;0.0076085;35.7629;0.0782163;35.7746;0.0129324;35.6117;0.323205;35.9459;0.222056
677000;35.7468;0.0781213;35.7723;0.0127172;35.4961;0.0757611;35.5299;0.00760265;35.7624;0.0781584;35.7751;0.0129244;35.6046;0.322902;35.9531;0.221938
678000;35.7494;0.0780637;35.7722;0.0127079;35.4962;0.0757045;35.5298;0.00759691;35.7634;0.0780998;35.7751;0.0129146;35.6105;0.322734;35.9542;0.221795
679000;35.752;0.0780054;35.7718;0.0126977;35.4944;0.0756488;35.5298;0.00759162;35.7633;0.0780421;35.7754;0.0129058;35.614;0.322522;35.9501;0.221612
680000;35.7503;0.0779491;35.772;0.0126877;35.495;0.075593;35.5296;0.007586;35.7609;0.0779843;35.7755;0.0128965;35.6238;0.322366;35.9574;0.221485
681000;35.7502;0.077892;35.7721;0.0126781;35.492;0.0755374;35.5295;0.00758031;35.7624;0.0779259;35.7757;0.0128871;35.637;0.322192;35.9596;0.221308
682000;35.7479;0.0778342;35.7725;0.0126696;35.4931;0.07548;35.5294;0.00757435;35.7631;0.0778679;35.7757;0.0128777;35.6226;0.321888;35.9606;0.221185
683000;35.7469;0.0777784;35.7726;0.0126606;35.493;0.0754258;35.5294;0.0075689;35.7631;0.0778107;35.7755;0.0128679;35.6222;0.3217;35.9512;0.220989
684000;35.7446;0.0777213;35.7726;0.0126509;35.4949;0.0753705;35.5294;0.00756374;35.7636;0.0777536;35.7757;0.0128587;35.6247;0.32147;35.9503;0.220815
685000;35.746;0.0776636;35.7729;0.0126416;35.4951;0.0753148;35.5295;0.00755812;35.7638;0.077696;35.7755;0.0128494;35.6295;0.321257;35.9541;0.220653
686000;35.7473;0.0776075;35.7727;0.0126316;35.4934;0.0752601;35.5295;0.00755288;35.7661;0.0776391;35.7754;0.0128397;35.624;0.320981;35.9564;0.220499
687000;35.7532;0.0775513;35.7724;0.0126223;35.4932;0.0752055;35.5294;0.00754743;35.766;0.0775829;35.7753;0.012831;35.6276;0.320762;35.9591;0.220372
688000;35.7533;0.0774956;35.7726;0.0126135;35.4944;0.075151;35.5296;0.00754207;35.7631;0.0775249;35.7754;0.0128222;35.6262;0.3205;35.9549;0.220191
689000;35.7565;0.0774393;35.7728;0.0126049;35.4971;0.075097;35.5296;0.0075363;35.7636;0.0774682;35.7753;0.0128131;35.6368;0.320305;35.953;0.22004
690000;35.7569;0.077383;35.7729;0.0125962;35.4948;0.0750426;35.5294;0.00753054;35.7647;0.0774136;35.7754;0.0128039;35.6467;0.320161;35.9606;0.219896
691000;35.7571;0.0773265;35.7729;0.0125865;35.4957;0.0749874;35.5294;0.00752526;35.7631;0.0773567;35.7751;0.0127942;35.6395;0.319905;35.9601;0.219745
692000;35.7582;0.07727;35.7731;0.0125774;35.4934;0.0749331;35.5294;0.00751948;35.7638;0.0773011;35.7747;0.0127837;35.636;0.31966;35.9629;0.219601
693000;35.758;0.0772144;35.7734;0.0125687;35.4945;0.0748797;35.5292;0.00751432;35.7611;0.0772455;35.7747;0.0127745;35.6225;0.319335;35.9603;0.219421
694000;35.7591;0.0771583;35.7737;0.0125609;35.4951;0.0748242;35.5293;0.00750825;35.7588;0.0771896;35.7747;0.0127656;35.6123;0.319036;35.9588;0.219246
695000;35.7585;0.0771037;35.7739;0.0125523;35.4929;0.0747707;35.5292;0.00750236;35.756;0.0771349;35.7749;0.0127572;35.6174;0.318897;35.9663;0.219115
696000;35.7609;0.0770479;35.7738;0.0125424;35.4942;0.0747165;35.5292;0.0074969;35.7579;0.0770803;35.7753;0.0127486;35.6098;0.318626;35.9687;0.218943
697000;35.7624;0.0769935;35.7735;0.0125334;35.4934;0.0746626;35.5291;0.00749184;35.7584;0.0770232;35.7753;0.0127394;35.6209;0.318479;35.9586;0.21874
698000;35.7617;0.0769385;35.7737;0.0125246;35.4934;0.0746096;35.5292;0.00748623;35.7574;0.0769688;35.7755;0.0127308;35.6148;0.318242;35.9682;0.218598
699000;35.7622;0.0768828;35.774;0.0125157;35.4942;0.0745568;35.5294;0.00748115;35.7579;0.0769129;35.7758;0.0127223;35.6186;0.318061;35.9655;0.218444
700000;35.7639;0.0768275;35.7738;0.0125063;35.4931;0.0745024;35.5296;0.00747602;35.7616;0.0768584;35.7754;0.0127122;35.6131;0.317776;35.9655;0.218265
701000;35.7624;0.0767714;35.7735;0.0124973;35.4906;0.0744489;35.5297;0.00747082;35.7638;0.0768045;35.7753;0.0127027;35.6099;0.317511;35.963;0.218097
702000;35.7621;0.0767168;35.7737;0.0124895;35.4918;0.0743961;35.5297;0.00746573;35.7602;0.0767502;35.7748;0.0126926;35.6128;0.317319;35.9687;0.218012
703000;35.7614;0.0766627;35.7737;0.0124804;35.4915;0.0743419;35.5297;0.00746018;35.7615;0.0766957;35.7749;0.0126836;35.6127;0.317111;35.9672;0.217837
704000;35.7638;0.0766069;35.7734;0.0124714;35.4904;0.0742898;35.5296;0.00745503;35.7605;0.0766416;35.775;0.0126747;35.6136;0.316884;35.9652;0.21765
705000;35.7612;0.0765527;35.7735;0.012463;35.4915;0.0742352;35.5296;0.00744944;35.7591;0.076587;35.775;0.0126659;35.6087;0.316593;35.9583;0.217463
706000;35.7634;0.0764986;35.7735;0.0124549;35.4913;0.0741814;35.5297;0.00744441;35.7589;0.0765326;35.7748;0.0126571;35.5962;0.316317;35.9564;0.217291
707000;35.7641;0.0764436;35.7735;0.012446;35.4926;0.0741299;35.5297;0.00743824;35.7569;0.0764785;35.7753;0.012649;35.5934;0.316069;35.9511;0.217114
708000;35.7627;0.07639;35.7737;0.0124376;35.4894;0.0740793;35.5298;0.00743279;35.7574;0.0764254;35.7754;0.0126403;35.5937;0.315845;35.9565;0.216984
709000;35.7615;0.0763353;35.774;0.01243;35.4905;0.0740273;35.5298;0.00742742;35.7535;0.0763718;35.7754;0.0126311;35.5877;0.3156;35.9558;0.216826
710000;35.7637;0.0762816;35.7745;0.0124225;35.4915;0.0739741;35.5294;0.0074214;35.7515;0.0763176;35.7752;0.012622;35.5945;0.315461;35.9579;0.216704
711000;35.7642;0.0762284;35.7745;0.0124138;35.4916;0.0739223;35.5295;0.00741604;35.7502;0.0762636;35.7749;0.0126123;35.59;0.315198;35.9504;0.216524
712000;35.7623;0.0761756;35.7746;0.0124044;35.4936;0.0738695;35.5296;0.00741101;35.7466;0.0762109;35.7749;0.012604;35.5878;0.314979;35.955;0.216446
713000;35.7632;0.0761226;35.7742;0.0123954;35.4937;0.0738179;35.5295;0.0074056;35.7458;0.0761571;35.7749;0.0125948;35.5831;0.314696;35.9545;0.216266
714000;35.7617;0.0760701;35.7745;0.0123873;35.4947;0.0737658;35.5295;0.00740064;35.7473;0.0761039;35.7747;0.0125853;35.5789;0.314428;35.9528;0.216114
715000;35.7621;0.0760173;35.7746;0.0123782;35.495;0.073714;35.5294;0.00739557;35.7479;0.0760514;35.7746;0.0125759;35.576;0.314165;35.9543;0.215955
716000;35.7634;0.0759647;35.7747;0.0123702;35.4943;0.0736631;35.5296;0.00739062;35.7471;0.0759986;35.7746;0.0125675;35.579;0.313972;35.9509;0.215801
717000;35.7632;0.0759116;35.7747;0.0123612;35.4963;0.0736121;35.5296;0.00738562;35.7455;0.075946;35.7747;0.0125593;35.5831;0.313778;35.9456;0.215612
718000;35.7637;0.0758591;35.7746;0.0123525;35.4959;0.0735598;35.5297;0.00738056;35.747;0.075893;35.7752;0.0125509;35.587;0.313627;35.9437;0.215458
719000;35.7648;0.0758053;35.7745;0.0123441;35.494;0.0735087;35.5298;0.00737592;35.7457;0.0758415;35.7746;0.0125415;35.5866;0.313439;35.9434;0.215327
720000;35.7653;0.0757521;35.7746;0.0123352;35.494;0.0734564;35.5299;0.00737121;35.7444;0.0757896;35.7743;0.0125322;35.5856;0.313203;35.9414;0.215173
721000;35.7667;0.0756991;35.7749;0.0123274;35.4915;0.0734059;35.5296;0.0073657;35.7457;0.075738;35.7743;0.0125236;35.5824;0.312991;35.9438;0.215008
722000;35.766;0.0756471;35.7751;0.0123191;35.4937;0.0733549;35.5295;0.00736039;35.7463;0.0756853;35.7743;0.012515;35.5845;0.312778;35.9473;0.214849
723000;35.7668;0.0755931;35.7749;0.0123104;35.493;0.0733039;35.5296;0.00735499;35.746;0.0756337;35.7748;0.0125071;35.5829;0.312533;35.9487;0.214713
724000;35.7643;0.075541;35.7751;0.0123025;35.4916;0.073253;35.5297;0.00735006;35.7463;0.0755824;35.7749;0.012499;35.5877;0.31233;35.9448;0.214562
725000;35.7643;0.0754882;35.7748;0.0122932;35.4915;0.0732037;35.5296;0.00734497;35.7475;0.0755299;35.7749;0.0124902;35.5916;0.312129;35.9481;0.214414
726000;35.7658;0.0754364;35.7751;0.0122853;35.4918;0.0731529;35.5297;0.00734013;35.7484;0.0754782;35.7747;0.0124815;35.5904;0.3119;35.949;0.214285
727000;35.7632;0.0753851;35.7752;0.0122768;35.4932;0.0731033;35.5298;0.00733473;35.7486;0.075426;35.7745;0.0124729;35.5868;0.311635;35.9515;0.21414
728000;35.7643;0.0753339;35.7749;0.0122676;35.4903;0.0730543;35.5299;0.00732958;35.7507;0.0753745;35.774;0.0124634;35.5831;0.311417;35.9548;0.213995
729000;35.7633;0.0752824;35.7749;0.0122586;35.4915;0.073005;35.5299;0.00732436;35.7531;0.0753231;35.7736;0.0124544;35.5823;0.311193;35.9554;0.213854
730000;35.7628;0.0752303;35.7753;0.0122509;35.492;0.072955;35.5299;0.00731915;35.7527;0.0752717;35.7738;0.0124462;35.5805;0.310957;35.9631;0.213755
731000;35.7618;0.0751795;35.7752;0.0122419;35.4911;0.0729056;35.5299;0.00731391;35.7541;0.0752196;35.7737;0.0124379;35.5802;0.310728;35.964;0.21363
732000;35.7615;0.0751291;35.7752;0.0122339;35.4919;0.0728564;35.5299;0.00730823;35.7555;0.0751691;35.7736;0.0124293;35.5736;0.310445;35.9597;0.213482
733000;35.7632;0.0750776;35.7755;0.0122264;35.4912;0.0728079;35.5298;0.0073032;35.756;0.0751173;35.7735;0.0124211;35.5725;0.310211;35.9624;0.213344
734000;35.7638;0.0750269;35.7751;0.0122179;35.4904;0.0727591;35.5298;0.00729843;35.7577;0.0750669;35.7733;0.0124123;35.5721;0.310008;35.9666;0.21321
735000;35.7623;0.0749757;35.7752;0.0122098;35.4917;0.0727095;35.5296;0.00729323;35.7576;0.0750159;35.7728;0.0124022;35.5657;0.309773;35.9673;0.213056
736000;35.7624;0.0749244;35.7751;0.0122004;35.4908;0.0726604;35.5295;0.00728816;35.7548;0.0749663;35.773;0.0123945;35.5668;0.309597;35.9643;0.212923
737000;35.7618;0.0748737;35.7749;0.012192;35.489;0.0726117;35.5296;0.00728299;35.7526;0.0749158;35.7728;0.0123853;35.5667;0.309355;35.9623;0.212811
738000;35.7606;0.0748235;35.7747;0.0121836;35.4889;0.0725631;35.5297;0.00727841;35.7509;0.0748651;35.773;0.0123772;35.5745;0.309184;35.9619;0.212668
739000;35.7606;0.0747719;35.7744;0.012175;35.4882;0.0725137;35.5296;0.00727305;35.7523;0.0748144;35.773;0.0123687;35.5829;0.309035;35.9585;0.212525
740000;35.7623;0.0747202;35.7749;0.0121678;35.4867;0.0724651;35.5296;0.00726766;35.7526;0.0747639;35.773;0.0123599;35.5822;0.308807;35.957;0.212389
741000;35.7631;0.0746696;35.7747;0.0121589;35.4861;0.0724158;35.5294;0.00726293;35.7541;0.0747128;35.7728;0.0123512;35.5846;0.30862;35.9638;0.212278
742000;35.7619;0.0746193;35.7746;0.0121509;35.4858;0.0723665;35.5294;0.00725819;35.7534;0.0746626;35.7729;0.0123432;35.5932;0.308457;35.9585;0.212114
743000;35.76;0.0745685;35.7745;0.012142;35.4868;0.0723174;35.5293;0.00725311;35.7546;0.0746127;35.7724;0.0123343;35.5945;0.308248;35.9562;0.211954
744000;35.7578;0.0745183;35.7746;0.0121346;35.4881;0.0722682;35.5294;0.00724882;35.7578;0.0745628;35.7729;0.0123268;35.5964;0.308022;35.9559;0.211826
745000;35.7576;0.0744688;35.7745;0.012126;35.4868;0.0722194;35.5293;0.0072442;35.7581;0.0745125;35.7726;0.0123188;35.5855;0.30774;35.9554;0.211672
746000;35.7605;0.0744183;35.7749;0.0121179;35.4882;0.072171;35.5293;0.00723943;35.7585;0.0744625;35.7727;0.0123111;35.5884;0.307548;35.956;0.211522
747000;35.7602;0.0743682;35.7754;0.0121108;35.4885;0.0721229;35.5295;0.0072347;35.7597;0.0744122;35.773;0.0123035;35.5888;0.307333;35.9575;0.211422
748000;35.7616;0.0743182;35.7754;0.0121026;35.488;0.0720753;35.5294;0.00722942;35.7599;0.0743625;35.7728;0.0122956;35.5942;0.30713;35.9559;0.211283
749000;35.761;0.0742688;35.7756;0.012095;35.4887;0.0720255;35.5294;0.00722458;35.7611;0.074313;35.7733;0.0122879;35.5997;0.306917;35.9588;0.211146
750000;35.7635;0.0742203;35.7754;0.0120858;35.4914;0.0719768;35.5291;0.00721978;35.7616;0.0742641;35.7736;0.0122805;35.5998;0.306719;35.9586;0.21103
751000;35.7612;0.0741721;35.7751;0.0120773;35.493;0.0719291;35.5292;0.00721473;35.759;0.0742153;35.7736;0.0122723;35.6036;0.306586;35.9598;0.210896
752000;35.7614;0.0741226;35.7744;0.0120678;35.4934;0.0718816;35.5292;0.00720986;35.7594;0.0741662;35.7739;0.0122653;35.6031;0.306354;35.9636;0.210755
753000;35.7617;0.074074;35.7739;0.0120594;35.4925;0.0718344;35.5292;0.00720539;35.76;0.0741166;35.7735;0.0122562;35.6151;0.306224;35.956;0.210578
754000;35.7599;0.074025;35.7736;0.012051;35.4914;0.0717873;35.5291;0.0072003;35.7619;0.0740678;35.7733;0.0122477;35.6163;0.306018;35.9542;0.21041
755000;35.7601;0.0739753;35.7738;0.0120438;35.4924;0.0717396;35.5291;0.00719518;35.7618;0.0740198;35.7737;0.0122401;35.6233;0.305853;35.9504;0.210249
756000;35.7594;0.0739263;35.7739;0.0120359;35.4899;0.0716913;35.529;0.00719035;35.7624;0.0739703;35.7737;0.012231;35.6173;0.305621;35.9462;0.21008
757000;35.7592;0.0738779;35.7735;0.0120278;35.4892;0.0716452;35.5291;0.00718599;35.7603;0.0739217;35.7737;0.0122233;35.6204;0.305437;35.9463;0.209924
758000;35.7612;0.0738297;35.7738;0.01202;35.4891;0.0715975;35.529;0.00718129;35.7588;0.0738732;35.7734;0.0122145;35.6188;0.305198;35.9493;0.2098
759000;35.7618;0.0737807;35.7736;0.0120118;35.4891;0.071549;35.5291;0.00717671;35.7566;0.0738252;35.7731;0.0122058;35.6149;0.304972;35.9539;0.209695
760000;35.7607;0.0737315;35.773;0.0120031;35.4889;0.0715013;35.529;0.00717178;35.7569;0.0737766;35.7729;0.0121971;35.6201;0.304809;35.9567;0.209558
761000;35.7605;0.0736826;35.7732;0.0119956;35.4889;0.0714539;35.5287;0.00716623;35.7556;0.073728;35.773;0.0121888;35.6223;0.304619;35.9532;0.209402
762000;35.7595;0.073635;35.7729;0.0119866;35.4884;0.0714068;35.5287;0.00716106;35.7553;0.0736802;35.7725;0.01218;35.6256;0.304451;35.9497;0.209259
763000;35.7599;0.0735865;35.7728;0.0119783;35.4883;0.0713591;35.5285;0.0071564;35.757;0.0736311;35.7723;0.0121716;35.6121;0.304181;35.946;0.209124
764000;35.7611;0.073539;35.7725;0.0119699;35.4861;0.0713121;35.5286;0.00715196;35.7575;0.073583;35.7725;0.0121644;35.6108;0.303971;35.9487;0.209003
765000;35.7638;0.0734903;35.7723;0.0119617;35.4861;0.0712654;35.5287;0.00714758;35.7564;0.0735353;35.7727;0.0121567;35.6059;0.303722;35.9557;0.208905
766000;35.7606;0.0734433;35.7722;0.0119531;35.4863;0.0712197;35.5288;0.00714304;35.7568;0.0734878;35.773;0.0121494;35.6043;0.303507;35.9524;0.208744
767000;35.7594;0.0733961;35.7722;0.0119457;35.4873;0.0711732;35.5289;0.00713838;35.7569;0.0734403;35.7729;0.0121412;35.6052;0.30332;35.9497;0.208606
768000;35.7578;0.0733492;35.7723;0.0119386;35.4868;0.0711271;35.5288;0.00713368;35.7552;0.0733931;35.7728;0.0121338;35.6062;0.303117;35.9478;0.208451
769000;35.7551;0.0733016;35.7721;0.0119299;35.486;0.0710814;35.5288;0.00712875;35.7541;0.0733452;35.7726;0.0121251;35.6161;0.302981;35.9466;0.208322
770000;35.7577;0.0732537;35.7722;0.0119223;35.4853;0.0710345;35.5289;0.00712428;35.7553;0.0732965;35.7724;0.012117;35.6143;0.302762;35.9486;0.208184
771000;35.7582;0.0732066;35.7723;0.0119146;35.4853;0.0709885;35.5291;0.00711981;35.7544;0.0732477;35.7722;0.0121089;35.6145;0.302602;35.9458;0.208046
772000;35.7569;0.0731598;35.7723;0.0119069;35.486;0.0709424;35.529;0.00711495;35.7527;0.0732003;35.7721;0.0121003;35.6128;0.302348;35.9414;0.207903
773000;35.7577;0.0731116;35.7723;0.0118992;35.4862;0.0708957;35.5291;0.00711013;35.7517;0.073152;35.7725;0.012094;35.6144;0.302175;35.9455;0.207791
774000;35.758;0.0730646;35.7722;0.0118916;35.4836;0.070851;35.5294;0.00710596;35.7536;0.073105;35.7723;0.0120858;35.6107;0.301926;35.9431;0.207639
775000;35.7591;0.0730163;35.7723;0.0118838;35.484;0.0708049;35.5292;0.00710111;35.7559;0.0730578;35.7726;0.0120785;35.6205;0.301767;35.9478;0.207509
776000;35.7597;0.0729693;35.7722;0.0118763;35.485;0.0707601;35.5294;0.0070967;35.7545;0.0730112;35.7722;0.0120697;35.6193;0.301562;35.9427;0.207342
777000;35.7596;0.0729223;35.7725;0.0118694;35.4826;0.0707143;35.5294;0.0070922;35.7523;0.0729647;35.7723;0.0120627;35.6216;0.301371;35.9395;0.207203
778000;35.7612;0.0728749;35.7726;0.0118614;35.4834;0.0706688;35.5294;0.00708746;35.7553;0.0729179;35.772;0.0120541;35.6312;0.301212;35.9439;0.2071
779000;35.7601;0.0728283;35.7727;0.0118539;35.4831;0.0706235;35.5294;0.00708219;35.7541;0.072872;35.7719;0.0120461;35.6419;0.301017;35.9384;0.206935
780000;35.7602;0.0727813;35.7723;0.0118454;35.4826;0.0705779;35.5294;0.00707731;35.7532;0.072824;35.7713;0.0120374;35.6391;0.300803;35.9369;0.2068
781000;35.761;0.0727347;35.7723;0.011838;35.4817;0.0705327;35.5292;0.00707312;35.7542;0.072777;35.7713;0.0120297;35.6371;0.300597;35.9337;0.20664
782000;35.7613;0.0726888;35.7722;0.0118298;35.4801;0.0704876;35.5292;0.00706839;35.7521;0.0727307;35.7713;0.0120219;35.6377;0.300406;35.9339;0.206496
783000;35.7619;0.0726424;35.772;0.0118227;35.4817;0.070443;35.529;0.00706397;35.7518;0.0726847;35.7713;0.0120138;35.6383;0.300207;35.9344;0.206357
784000;35.7625;0.0725953;35.772;0.0118155;35.4805;0.0703972;35.5291;0.00705925;35.7515;0.0726389;35.7713;0.0120057;35.6312;0.299973;35.9375;0.20623
785000;35.7599;0.0725488;35.7719;0.0118074;35.4811;0.0703527;35.529;0.00705503;35.75;0.0725936;35.7715;0.0119985;35.6269;0.29974;35.9386;0.206091
786000;35.758;0.0725039;35.7719;0.0117999;35.4811;0.0703074;35.5289;0.00705042;35.7493;0.0725477;35.7715;0.0119909;35.6349;0.299604;35.9375;0.205957
787000;35.7577;0.0724573;35.7719;0.011792;35.4807;0.0702621;35.5292;0.00704596;35.7481;0.0725018;35.7717;0.0119829;35.6291;0.299372;35.9334;0.20579
788000;35.7579;0.0724118;35.7721;0.0117851;35.4815;0.0702168;35.5292;0.00704146;35.7453;0.0724564;35.7717;0.011976;35.6298;0.29917;35.926;0.205636
789000;35.7574;0.0723658;35.7719;0.0117776;35.4811;0.0701714;35.5291;0.00703682;35.7464;0.0724111;35.7722;0.0119691;35.6271;0.298984;35.929;0.20553
790000;35.7574;0.0723199;35.772;0.0117704;35.4823;0.070126;35.529;0.00703189;35.7494;0.0723652;35.7722;0.0119615;35.6261;0.29878;35.9306;0.205394
791000;35.757;0.0722745;35.7719;0.0117626;35.4835;0.0700818;35.5289;0.00702771;35.7496;0.0723198;35.7725;0.0119551;35.6217;0.298587;35.9315;0.205266
792000;35.756;0.0722295;35.7718;0.011755;35.4842;0.0700374;35.5289;0.00702332;35.7481;0.0722751;35.7726;0.0119481;35.6278;0.298433;35.9321;0.205171
793000;35.7559;0.0721834;35.772;0.0117481;35.4844;0.0699936;35.5289;0.00701895;35.7488;0.0722283;35.7725;0.0119405;35.6317;0.298324;35.9312;0.205019
794000;35.7547;0.0721383;35.7719;0.0117408;35.4849;0.0699497;35.5288;0.00701429;35.7484;0.072183;35.7724;0.0119328;35.6261;0.298079;35.9324;0.204878
795000;35.7543;0.072092;35.7717;0.0117332;35.4845;0.0699057;35.5287;0.00700951;35.747;0.0721383;35.7727;0.0119255;35.6252;0.297873;35.9416;0.204773
796000;35.7526;0.0720473;35.7716;0.0117258;35.4849;0.0698619;35.5288;0.00700502;35.7469;0.0720927;35.7728;0.0119184;35.6272;0.297655;35.9417;0.204646
797000;35.7531;0.0720017;35.7714;0.0117177;35.4851;0.0698179;35.5287;0.00700041;35.745;0.072048;35.7726;0.0119105;35.6319;0.297486;35.9402;0.204545
798000;35.7534;0.0719556;35.7715;0.01171;35.4856;0.0697738;35.5286;0.00699591;35.7462;0.0720025;35.7728;0.0119031;35.6279;0.297263;35.9408;0.204407
799000;35.7528;0.0719115;35.7714;0.011703;35.4862;0.0697293;35.5288;0.00699168;35.7483;0.0719567;35.773;0.011896;35.624;0.297045;35.939;0.204272
800000;35.7531;0.0718662;35.7717;0.0116964;35.4873;0.0696862;35.529;0.00698743;35.747;0.0719119;35.7728;0.0118882;35.6289;0.296905;35.9375;0.204125
801000;35.755;0.0718205;35.7719;0.0116893;35.4871;0.0696432;35.5288;0.00698269;35.7476;0.0718674;35.7728;0.0118809;35.6215;0.29667;35.9343;0.20399
802000;35.7555;0.071776;35.7719;0.0116821;35.4893;0.0695993;35.5288;0.00697848;35.7461;0.0718223;35.7729;0.0118742;35.6225;0.296537;35.9364;0.203891
803000;35.7551;0.0717308;35.7723;0.011676;35.4882;0.0695569;35.5288;0.00697405;35.7449;0.0717772;35.7727;0.0118667;35.6165;0.296311;35.9363;0.203744
804000;35.7544;0.0716863;35.7723;0.0116689;35.4884;0.0695132;35.5288;0.00696963;35.7462;0.0717321;35.7732;0.01186;35.6157;0.296094;35.9373;0.203613
805000;35.7554;0.0716416;35.7719;0.0116607;35.4875;0.0694706;35.5287;0.00696517;35.7453;0.0716882;35.7733;0.0118531;35.6099;0.295894;35.9376;0.203485
806000;35.755;0.0715969;35.7719;0.0116543;35.4838;0.0694276;35.5286;0.00696074;35.7455;0.071644;35.7733;0.0118452;35.6114;0.295705;35.9347;0.203345
807000;35.7565;0.0715513;35.7721;0.0116475;35.4862;0.0693852;35.5288;0.00695646;35.7442;0.0715998;35.7734;0.0118381;35.6115;0.295493;35.934;0.203214
808000;35.7585;0.0715072;35.7717;0.0116393;35.4862;0.0693426;35.5287;0.00695224;35.7466;0.0715558;35.7735;0.0118304;35.614;0.295324;35.9362;0.203105
809000;35.7596;0.0714633;35.7718;0.0116323;35.4837;0.0692999;35.5285;0.00694763;35.7452;0.0715117;35.7735;0.0118225;35.6075;0.295084;35.9391;0.202991
810000;35.7604;0.0714191;35.7717;0.0116247;35.4838;0.0692565;35.5286;0.00694275;35.7439;0.0714678;35.7732;0.0118149;35.599;0.29486;35.9451;0.202894
811000;35.762;0.0713753;35.7717;0.0116174;35.4833;0.0692146;35.5287;0.00693849;35.7425;0.0714239;35.7737;0.0118086;35.6037;0.29471;35.9448;0.202764
812000;35.7599;0.071331;35.7713;0.0116094;35.4805;0.0691728;35.5286;0.00693437;35.7421;0.0713804;35.7737;0.0118015;35.591;0.29446;35.9474;0.202635
813000;35.76;0.0712866;35.7711;0.0116015;35.4804;0.0691293;35.5285;0.00693029;35.7436;0.0713363;35.774;0.0117952;35.5874;0.294223;35.9446;0.202497
814000;35.759;0.0712431;35.7715;0.0115951;35.4812;0.0690873;35.5283;0.00692579;35.7454;0.0712916;35.7739;0.0117877;35.5858;0.294057;35.95;0.202386
815000;35.7596;0.0711996;35.7712;0.0115876;35.481;0.0690456;35.5283;0.00692149;35.7463;0.0712476;35.7744;0.0117806;35.5857;0.293842;35.9487;0.202265
816000;35.7594;0.0711558;35.7711;0.0115806;35.4789;0.0690045;35.5283;0.00691673;35.7459;0.0712039;35.7742;0.0117735;35.5911;0.293712;35.9493;0.202154
817000;35.7569;0.071113;35.771;0.0115733;35.4814;0.0689624;35.5283;0.00691261;35.746;0.0711603;35.7741;0.0117658;35.5893;0.293565;35.9505;0.202029
818000;35.7558;0.0710706;35.771;0.0115662;35.4806;0.0689203;35.5282;0.00690844;35.7468;0.0711169;35.7742;0.0117585;35.5905;0.293353;35.943;0.201889
819000;35.7552;0.0710273;35.7711;0.0115593;35.4795;0.0688785;35.5282;0.00690431;35.7465;0.0710735;35.7746;0.0117526;35.5908;0.293178;35.9436;0.201775
820000;35.7543;0.0709847;35.7715;0.0115523;35.479;0.0688366;35.5283;0.00690034;35.7483;0.0710292;35.7745;0.011745;35.5867;0.292982;35.9461;0.201655
821000;35.7552;0.0709414;35.7719;0.0115455;35.48;0.0687951;35.5283;0.00689636;35.7497;0.0709859;35.7747;0.0117384;35.5876;0.292788;35.9439;0.201535
822000;35.7555;0.0708982;35.772;0.0115385;35.4783;0.0687541;35.5284;0.00689231;35.7487;0.0709429;35.7749;0.0117314;35.5816;0.292549;35.9419;0.201395
823000;35.7567;0.0708548;35.7722;0.0115311;35.48;0.0687118;35.5286;0.00688805;35.7479;0.0709006;35.7746;0.0117237;35.5848;0.292417;35.9415;0.20127
824000;35.7547;0.0708116;35.7721;0.0115234;35.4788;0.0686699;35.5285;0.00688389;35.7478;0.0708576;35.7746;0.0117171;35.5774;0.292218;35.9413;0.201134
825000;35.7554;0.0707686;35.7719;0.0115165;35.4782;0.0686285;35.5284;0.00687929;35.7478;0.0708147;35.7748;0.0117103;35.5727;0.292012;35.9414;0.201011
826000;35.7555;0.0707259;35.7721;0.0115095;35.4817;0.0685876;35.5285;0.0068751;35.7485;0.0707722;35.7747;0.0117032;35.5699;0.291837;35.9425;0.200904
827000;35.7572;0.0706826;35.7719;0.0115018;35.4831;0.0685454;35.5282;0.00687061;35.7471;0.0707295;35.7746;0.0116956;35.564;0.291609;35.9436;0.200779
828000;35.7576;0.0706402;35.7717;0.0114946;35.4854;0.0685033;35.5285;0.00686666;35.7463;0.0706867;35.7747;0.0116887;35.5664;0.291477;35.9426;0.200654
829000;35.7558;0.0705985;35.7715;0.0114872;35.4827;0.0684626;35.5284;0.00686266;35.7448;0.070644;35.7746;0.0116816;35.5635;0.29127;35.9425;0.20051
830000;35.7561;0.0705555;35.7712;0.01148;35.4838;0.0684214;35.5283;0.00685884;35.743;0.0706013;35.775;0.0116749;35.561;0.291086;35.9486;0.200402
831000;35.7588;0.0705121;35.7714;0.0114734;35.4826;0.0683803;35.5283;0.00685423;35.7444;0.0705587;35.7752;0.0116684;35.5592;0.290907;35.9481;0.200272
832000;35.7585;0.0704697;35.7716;0.0114665;35.4832;0.0683389;35.5283;0.00684969;35.7423;0.0705167;35.7754;0.0116616;35.5553;0.290689;35.9431;0.200128
833000;35.7573;0.0704271;35.7716;0.0114596;35.4806;0.0682992;35.5284;0.00684566;35.7422;0.0704749;35.7754;0.0116554;35.5564;0.290584;35.9409;0.19999
834000;35.7579;0.0703843;35.7715;0.0114524;35.4811;0.0682584;35.5285;0.0068416;35.7409;0.0704334;35.7758;0.0116497;35.5574;0.290438;35.9461;0.199888
835000;35.7566;0.0703419;35.7717;0.0114459;35.4793;0.0682179;35.5286;0.00683745;35.7429;0.0703912;35.7759;0.0116429;35.5583;0.290228;35.9495;0.199775
836000;35.7568;0.0703009;35.7717;0.0114391;35.4801;0.0681765;35.5288;0.00683333;35.7419;0.0703497;35.7761;0.0116366;35.5633;0.290062;35.9455;0.199646
837000;35.7603;0.0702588;35.7716;0.0114317;35.4802;0.0681351;35.5287;0.00683;35.7423;0.0703067;35.7765;0.0116296;35.5654;0.28988;35.9488;0.199547
838000;35.7611;0.0702168;35.7715;0.0114244;35.4794;0.0680938;35.5285;0.00682568;35.7432;0.0702648;35.7763;0.0116224;35.5576;0.289649;35.9496;0.199427
839000;35.7611;0.0701752;35.7715;0.0114176;35.4789;0.068053;35.5283;0.00682123;35.7423;0.070223;35.7765;0.0116155;35.5614;0.289503;35.9516;0.199298
840000;35.7603;0.0701337;35.7714;0.0114108;35.4806;0.0680125;35.5285;0.00681708;35.742;0.0701811;35.7764;0.0116086;35.5662;0.289387;35.958;0.19921
841000;35.7595;0.0700912;35.7713;0.0114041;35.4804;0.0679723;35.5285;0.00681289;35.744;0.0701396;35.7762;0.011601;35.5645;0.289301;35.9581;0.199084
842000;35.7588;0.0700494;35.7713;0.0113972;35.4808;0.0679318;35.5284;0.00680879;35.7443;0.0700984;35.7765;0.0115949;35.5668;0.289119;35.9562;0.198949
843000;35.7557;0.0700079;35.7711;0.0113896;35.4815;0.0678915;35.5283;0.00680444;35.7428;0.0700569;35.7766;0.0115884;35.5737;0.288964;35.9587;0.198831
844000;35.7543;0.0699661;35.7711;0.0113829;35.4805;0.0678513;35.5283;0.00680054;35.7423;0.0700159;35.7767;0.011581;35.5705;0.288778;35.9585;0.198711
845000;35.757;0.0699238;35.771;0.0113762;35.4788;0.067812;35.5283;0.00679671;35.7409;0.0699749;35.7766;0.0115738;35.5745;0.288657;35.9571;0.198598
846000;35.7554;0.0698829;35.7712;0.0113702;35.4789;0.0677728;35.5284;0.00679317;35.7414;0.0699341;35.7766;0.0115668;35.5783;0.288507;35.9561;0.198481
847000;35.7547;0.0698412;35.7712;0.0113639;35.4793;0.067732;35.5285;0.00678894;35.744;0.0698925;35.7765;0.0115594;35.5795;0.288332;35.9519;0.198353
848000;35.7532;0.0698001;35.7711;0.0113569;35.4789;0.0676926;35.5284;0.00678489;35.7453;0.0698503;35.7767;0.0115532;35.5907;0.288217;35.9523;0.198226
849000;35.7542;0.0697586;35.7709;0.0113496;35.4803;0.0676523;35.5283;0.00678058;35.7451;0.0698094;35.7768;0.0115459;35.5933;0.288038;35.9569;0.198129
850000;35.7554;0.0697175;35.771;0.0113432;35.4796;0.0676123;35.5284;0.00677694;35.7435;0.0697687;35.7767;0.0115389;35.5896;0.287871;35.9607;0.198029
851000;35.7552;0.0696769;35.7708;0.0113361;35.4792;0.0675728;35.5282;0.00677276;35.7428;0.0697273;35.7769;0.0115322;35.5917;0.287683;35.9613;0.197896
852000;35.7537;0.0696364;35.7705;0.0113287;35.4791;0.0675331;35.5281;0.00676876;35.7436;0.0696865;35.777;0.0115257;35.5916;0.28752;35.9668;0.197835
853000;35.7558;0.0695956;35.7707;0.0113222;35.4789;0.0674942;35.5281;0.00676494;35.7426;0.0696457;35.777;0.0115192;35.5855;0.287336;35.967;0.197728
854000;35.7584;0.0695536;35.7705;0.0113149;35.4761;0.0674538;35.528;0.00676083;35.7433;0.0696054;35.7769;0.0115121;35.5816;0.287142;35.967;0.197619
855000;35.7609;0.0695129;35.7704;0.0113081;35.4766;0.0674145;35.528;0.00675738;35.7426;0.069564;35.777;0.0115058;35.5767;0.286944;35.9717;0.19751
856000;35.7626;0.0694711;35.7703;0.011301;35.4749;0.067376;35.5282;0.00675341;35.7414;0.069523;35.777;0.0114985;35.5812;0.286792;35.9703;0.197386
857000;35.7643;0.0694308;35.7704;0.0112947;35.4741;0.0673364;35.5281;0.00674907;35.7418;0.0694831;35.777;0.0114918;35.5791;0.286604;35.971;0.197268
858000;35.7653;0.0693897;35.7706;0.0112882;35.4727;0.0672974;35.5281;0.00674523;35.7413;0.0694414;35.777;0.0114851;35.5758;0.286424;35.9687;0.197147
859000;35.7627;0.0693496;35.7706;0.0112821;35.474;0.0672571;35.5279;0.00674108;35.7424;0.0694006;35.7772;0.0114793;35.572;0.286219;35.9657;0.197013
860000;35.7634;0.0693098;35.7707;0.0112763;35.4768;0.0672179;35.5279;0.00673736;35.7426;0.0693603;35.7773;0.0114728;35.5781;0.286096;35.9564;0.196859
861000;35.7641;0.0692695;35.7706;0.0112696;35.4764;0.0671794;35.5279;0.0067332;35.7417;0.06932;35.7773;0.0114658;35.5758;0.285905;35.9513;0.196712
862000;35.7651;0.0692296;35.7706;0.011263;35.4764;0.0671414;35.5279;0.00672935;35.7419;0.0692794;35.7773;0.0114589;35.5838;0.285776;35.9492;0.196605
863000;35.7633;0.0691897;35.7703;0.0112557;35.4755;0.0671021;35.528;0.00672538;35.7402;0.0692393;35.7771;0.0114523;35.5837;0.285605;35.9473;0.19648
864000;35.7633;0.0691501;35.7705;0.0112495;35.4738;0.0670633;35.5281;0.00672157;35.7386;0.0692;35.777;0.0114453;35.5786;0.285405;35.9428;0.196336
865000;35.763;0.069111;35.7706;0.0112434;35.4755;0.067024;35.5282;0.0067177;35.7382;0.0691603;35.7769;0.0114391;35.5756;0.285216;35.9387;0.196207
866000;35.7619;0.069071;35.7705;0.0112366;35.476;0.0669853;35.5283;0.00671395;35.7395;0.0691199;35.7767;0.0114326;35.5743;0.285056;35.9458;0.196108
867000;35.7605;0.069032;35.7703;0.0112296;35.4764;0.0669467;35.5283;0.0067101;35.7401;0.0690795;35.7768;0.0114263;35.573;0.284877;35.9465;0.195999
868000;35.7609;0.0689927;35.7701;0.0112233;35.4765;0.0669086;35.5282;0.00670578;35.7399;0.0690389;35.777;0.0114195;35.5664;0.284679;35.9404;0.195868
869000;35.7617;0.0689532;35.7703;0.0112172;35.4761;0.0668704;35.5281;0.00670191;35.739;0.0689989;35.7771;0.0114128;35.5625;0.284488;35.9441;0.195772
870000;35.7637;0.068913;35.7707;0.0112111;35.4754;0.0668314;35.5282;0.00669853;35.7386;0.0689597;35.7771;0.0114063;35.5722;0.284373;35.9434;0.195642
871000;35.7633;0.0688734;35.7707;0.011205;35.4754;0.0667927;35.5283;0.00669466;35.7374;0.0689206;35.7774;0.0113999;35.5681;0.284183;35.9449;0.195542
872000;35.7638;0.0688336;35.7708;0.011199;35.4745;0.0667543;35.5281;0.00669033;35.7379;0.0688802;35.7774;0.0113937;35.5785;0.284052;35.9439;0.195422
873000;35.7639;0.0687944;35.771;0.0111928;35.474;0.066716;35.5281;0.00668636;35.7367;0.068841;35.7773;0.0113874;35.58;0.283909;35.944;0.195308
874000;35.7639;0.0687552;35.7709;0.0111861;35.475;0.0666771;35.5282;0.00668262;35.7367;0.0688016;35.7774;0.0113812;35.5779;0.283744;35.9446;0.195221
875000;35.7631;0.068716;35.771;0.0111798;35.4741;0.0666378;35.5281;0.00667865;35.737;0.0687625;35.7775;0.011375;35.5859;0.283653;35.9464;0.195136
876000;35.7628;0.0686765;35.7711;0.0111735;35.475;0.0666001;35.5279;0.0066749;35.7349;0.0687234;35.7775;0.0113679;35.5901;0.283514;35.9415;0.195008
877000;35.7642;0.0686376;35.7712;0.0111671;35.476;0.0665621;35.528;0.00667064;35.7344;0.0686842;35.7775;0.0113615;35.5951;0.283378;35.9461;0.194914
878000;35.7629;0.0685989;35.771;0.0111603;35.4756;0.0665242;35.5282;0.00666696;35.7361;0.0686453;35.7774;0.011355;35.5927;0.283236;35.9467;0.19479
879000;35.7632;0.0685598;35.771;0.0111536;35.4749;0.0664865;35.5282;0.00666319;35.7366;0.0686057;35.7774;0.0113487;35.5928;0.283081;35.9425;0.194663
880000;35.7623;0.0685213;35.7707;0.0111468;35.4751;0.0664488;35.5282;0.00665892;35.7364;0.0685671;35.7773;0.0113422;35.5961;0.28291;35.9453;0.194564
881000;35.7625;0.0684825;35.7704;0.01114;35.4751;0.0664111;35.5284;0.00665556;35.7366;0.0685278;35.7774;0.0113353;35.5866;0.282687;35.9486;0.194458
882000;35.7612;0.0684431;35.7702;0.0111328;35.476;0.0663734;35.5285;0.00665198;35.7367;0.068489;35.7771;0.0113281;35.5896;0.282545;35.9438;0.194324
883000;35.7603;0.0684035;35.7703;0.0111269;35.4763;0.0663365;35.5286;0.00664802;35.7393;0.0684502;35.7768;0.0113209;35.5787;0.282333;35.9484;0.194216
884000;35.7593;0.068365;35.7704;0.0111207;35.4748;0.0663;35.5286;0.00664403;35.7366;0.0684124;35.7768;0.0113145;35.5792;0.282174;35.9454;0.194116
885000;35.7566;0.0683271;35.7705;0.0111143;35.4758;0.066263;35.5286;0.00663999;35.7343;0.068374;35.7767;0.0113082;35.5829;0.282028;35.946;0.194009
886000;35.7577;0.0682885;35.7707;0.0111083;35.4761;0.0662256;35.5286;0.00663632;35.7341;0.0683362;35.7765;0.0113011;35.5771;0.281854;35.9449;0.193889
887000;35.7569;0.0682503;35.7711;0.0111031;35.476;0.0661873;35.5288;0.00663264;35.736;0.0682971;35.7767;0.0112949;35.5788;0.281699;35.9467;0.193776
888000;35.7582;0.0682117;35.7712;0.0110969;35.4765;0.0661504;35.529;0.00662897;35.7328;0.0682593;35.7769;0.011289;35.5815;0.28155;35.9447;0.193649
889000;35.7584;0.0681735;35.7712;0.0110904;35.4763;0.0661127;35.529;0.00662554;35.7353;0.0682206;35.777;0.0112827;35.5783;0.281395;35.9475;0.193561
890000;35.7594;0.0681352;35.771;0.0110841;35.4763;0.0660751;35.529;0.00662147;35.7348;0.0681823;35.7769;0.0112763;35.576;0.281221;35.9503;0.193467
891000;35.7587;0.0680974;35.7709;0.0110778;35.4772;0.066038;35.529;0.00661766;35.7351;0.0681443;35.7764;0.0112697;35.5819;0.281132;35.9453;0.193334
892000;35.7597;0.0680589;35.771;0.0110718;35.4792;0.0660002;35.5291;0.00661373;35.7334;0.0681067;35.7766;0.0112641;35.5812;0.280971;35.9441;0.19321
893000;35.7594;0.0680206;35.7709;0.0110661;35.4793;0.0659633;35.5289;0.00660972;35.7341;0.0680684;35.7766;0.0112578;35.5866;0.280854;35.9456;0.193118
894000;35.7568;0.0679833;35.7709;0.01106;35.4807;0.0659268;35.5289;0.00660611;35.7356;0.06803;35.7767;0.0112516;35.5836;0.280694;35.9569;0.193065
895000;35.7562;0.0679448;35.7713;0.0110542;35.4809;0.0658901;35.529;0.00660234;35.7369;0.0679913;35.7768;0.0112457;35.5855;0.28054;35.9569;0.192951
896000;35.7592;0.0679067;35.7715;0.0110486;35.4825;0.0658535;35.5289;0.00659857;35.7375;0.0679538;35.777;0.0112398;35.5849;0.280399;35.9553;0.192835
897000;35.7589;0.0678692;35.7716;0.011042;35.4811;0.0658168;35.5289;0.00659517;35.7367;0.0679164;35.777;0.0112334;35.5841;0.280213;35.9483;0.192694
898000;35.7589;0.0678312;35.7719;0.0110364;35.4801;0.0657803;35.5288;0.0065914;35.7361;0.0678792;35.7768;0.0112267;35.582;0.280054;35.9447;0.192564
899000;35.7567;0.0677939;35.7716;0.0110299;35.4794;0.0657431;35.5288;0.00658768;35.7364;0.0678415;35.7768;0.0112204;35.5803;0.279903;35.9408;0.19244
900000;35.7587;0.0677557;35.7715;0.0110237;35.4799;0.0657074;35.5287;0.00658398;35.7358;0.0678043;35.7769;0.0112145;35.5827;0.279756;35.9443;0.192348
901000;35.7595;0.0677179;35.7713;0.0110173;35.4795;0.0656713;35.5288;0.00658031;35.7367;0.0677667;35.7768;0.0112077;35.5813;0.279631;35.9401;0.192256
902000;35.7595;0.0676797;35.7712;0.0110113;35.4812;0.0656341;35.5289;0.0065765;35.7339;0.0677294;35.7766;0.0112014;35.5855;0.279498;35.9391;0.192145
903000;35.7603;0.0676416;35.7713;0.0110052;35.4803;0.0655977;35.5287;0.00657268;35.7363;0.0676917;35.7764;0.0111947;35.5859;0.279316;35.9423;0.192054
904000;35.7608;0.067604;35.7712;0.0109987;35.4808;0.0655606;35.5287;0.00656919;35.734;0.067655;35.7765;0.0111887;35.5881;0.27917;35.9412;0.191979
905000;35.7602;0.0675665;35.7711;0.0109926;35.4821;0.0655246;35.5288;0.00656527;35.7352;0.0676179;35.7765;0.0111826;35.5787;0.278967;35.9411;0.191885
906000;35.7597;0.0675293;35.7709;0.0109858;35.4825;0.0654881;35.5287;0.00656212;35.7365;0.0675803;35.7766;0.0111766;35.5823;0.278814;35.9439;0.191803
907000;35.7599;0.0674925;35.7708;0.0109796;35.484;0.0654521;35.5286;0.00655864;35.739;0.0675427;35.7767;0.0111705;35.587;0.278666;35.9459;0.191709
908000;35.7583;0.0674558;35.7712;0.0109743;35.486;0.0654163;35.5286;0.00655468;35.7408;0.0675055;35.7765;0.0111639;35.5839;0.278517;35.9458;0.191605
909000;35.7574;0.0674189;35.7711;0.0109683;35.4864;0.0653804;35.5286;0.00655067;35.7404;0.0674685;35.7765;0.0111575;35.5806;0.278352;35.95;0.191511
910000;35.7564;0.0673825;35.7713;0.0109627;35.4855;0.065344;35.5288;0.00654701;35.7412;0.0674306;35.7764;0.0111512;35.589;0.278241;35.9449;0.191378
911000;35.756;0.067345;35.7713;0.0109569;35.4872;0.0653074;35.5287;0.00654304;35.7411;0.0673941;35.7765;0.0111456;35.5887;0.278085;35.9425;0.191258
912000;35.7549;0.0673088;35.7715;0.0109511;35.4855;0.0652717;35.5289;0.00653999;35.7411;0.0673567;35.7767;0.01114;35.5827;0.277895;35.9397;0.191143
913000;35.7551;0.0672717;35.7717;0.0109452;35.4839;0.0652362;35.5289;0.00653634;35.7398;0.06732;35.7768;0.0111343;35.5777;0.2777;35.9356;0.191017
914000;35.7549;0.0672345;35.7718;0.0109395;35.4821;0.065201;35.5289;0.00653273;35.7392;0.0672832;35.7765;0.0111279;35.5757;0.277519;35.9289;0.190876
915000;35.7529;0.0671979;35.7717;0.0109331;35.482;0.0651657;35.5288;0.00652933;35.7389;0.0672467;35.7765;0.0111217;35.5691;0.277319;35.9315;0.190764
916000;35.7536;0.0671614;35.7718;0.0109275;35.482;0.0651304;35.5288;0.00652547;35.7399;0.0672106;35.7768;0.0111158;35.5652;0.277136;35.9293;0.190641
917000;35.7536;0.0671242;35.772;0.0109216;35.4837;0.0650948;35.5289;0.00652186;35.7402;0.0671741;35.7769;0.0111099;35.5662;0.276982;35.9265;0.190521
918000;35.7539;0.0670877;35.772;0.010916;35.4825;0.0650582;35.529;0.00651848;35.7415;0.0671375;35.7767;0.0111037;35.56;0.276786;35.9255;0.1904
919000;35.7533;0.0670515;35.7723;0.0109107;35.4818;0.0650234;35.5292;0.00651508;35.7416;0.0671003;35.7766;0.0110979;35.5616;0.27667;35.9262;0.190299
920000;35.7539;0.0670147;35.7725;0.0109052;35.484;0.0649881;35.5291;0.00651162;35.7417;0.0670639;35.7766;0.0110921;35.5678;0.276563;35.9256;0.190182
921000;35.7543;0.0669785;35.7725;0.0108996;35.4817;0.0649531;35.5291;0.00650806;35.7438;0.0670267;35.7766;0.0110861;35.5604;0.276369;35.9286;0.190084
922000;35.7549;0.0669423;35.7725;0.0108933;35.4824;0.0649179;35.5289;0.00650423;35.7439;0.0669903;35.7767;0.01108;35.5677;0.276265;35.9275;0.189978
923000;35.755;0.0669056;35.7724;0.0108877;35.4844;0.064882;35.5288;0.00650094;35.7422;0.0669539;35.7768;0.0110744;35.5686;0.27613;35.9329;0.189901
924000;35.7553;0.0668693;35.772;0.0108813;35.4833;0.0648469;35.5289;0.00649728;35.7442;0.0669178;35.7768;0.0110682;35.5708;0.276005;35.9372;0.189826
925000;35.7531;0.0668339;35.7721;0.0108754;35.4841;0.064812;35.5287;0.00649313;35.7448;0.0668816;35.7769;0.011062;35.5706;0.275841;35.9333;0.18972
926000;35.7526;0.0667978;35.7721;0.0108699;35.485;0.064777;35.5287;0.00648909;35.7452;0.0668446;35.7769;0.0110564;35.5721;0.275705;35.9305;0.189592
927000;35.7534;0.0667622;35.7722;0.0108643;35.4844;0.0647421;35.5287;0.00648558;35.7443;0.0668086;35.7767;0.0110501;35.5724;0.275544;35.9363;0.189497
928000;35.7542;0.0667258;35.7719;0.0108577;35.4863;0.0647073;35.5287;0.00648213;35.7446;0.0667723;35.7769;0.0110445;35.573;0.275396;35.9363;0.1894
929000;35.7536;0.0666895;35.7719;0.0108516;35.489;0.064672;35.5286;0.00647882;35.7409;0.0667366;35.7766;0.0110384;35.5755;0.27527;35.9376;0.1893
930000;35.7544;0.0666533;35.7715;0.010845;35.4894;0.0646372;35.5285;0.00647517;35.7404;0.066702;35.7765;0.0110327;35.5877;0.275212;35.9355;0.189174
931000;35.7532;0.0666177;35.7715;0.0108388;35.4886;0.0646029;35.5284;0.00647116;35.7384;0.0666668;35.7768;0.0110271;35.5841;0.275052;35.9314;0.189054
932000;35.752;0.0665815;35.7713;0.0108325;35.4888;0.0645684;35.5286;0.00646808;35.7386;0.0666305;35.7769;0.011022;35.5878;0.274925;35.9325;0.188965
933000;35.7524;0.0665456;35.7714;0.0108267;35.4886;0.0645328;35.5287;0.00646497;35.7392;0.0665948;35.7769;0.0110156;35.5923;0.27477;35.9319;0.188869
934000;35.7542;0.0665096;35.7713;0.0108204;35.4895;0.0644985;35.5285;0.00646161;35.7404;0.0665589;35.7765;0.0110093;35.5945;0.274645;35.9334;0.188784
935000;35.7547;0.0664734;35.7711;0.0108137;35.4893;0.0644638;35.5285;0.00645814;35.7423;0.0665233;35.7767;0.0110037;35.5993;0.274533;35.9333;0.188688
936000;35.7561;0.0664378;35.771;0.010808;35.4899;0.0644299;35.5286;0.0064548;35.7426;0.0664874;35.7769;0.0109985;35.597;0.27437;35.9322;0.18858
937000;35.7551;0.0664026;35.7709;0.0108022;35.4895;0.0643958;35.5285;0.00645127;35.7427;0.0664516;35.7767;0.0109921;35.5931;0.274195;35.9311;0.188477
938000;35.757;0.0663668;35.771;0.0107966;35.4891;0.0643621;35.5286;0.00644751;35.7424;0.066416;35.7768;0.0109864;35.5893;0.274054;35.9318;0.18839
939000;35.7567;0.0663311;35.7707;0.0107903;35.4871;0.0643278;35.5287;0.00644397;35.7416;0.0663809;35.7768;0.0109805;35.5996;0.273975;35.9291;0.188279
940000;35.7557;0.0662955;35.7708;0.0107849;35.4867;0.064294;35.5289;0.00644083;35.7402;0.0663458;35.7768;0.0109747;35.6011;0.273807;35.9283;0.188168
941000;35.7541;0.06626;35.7708;0.0107785;35.4879;0.0642591;35.5288;0.00643769;35.7402;0.0663104;35.7768;0.0109693;35.5952;0.273605;35.9286;0.18807
942000;35.7555;0.066224;35.7708;0.010773;35.4869;0.0642249;35.5289;0.00643399;35.7386;0.0662752;35.7769;0.010964;35.5995;0.273482;35.9248;0.187953
943000;35.7543;0.0661891;35.7706;0.010767;35.4877;0.0641906;35.5287;0.00643051;35.7383;0.06624;35.777;0.0109586;35.6067;0.273381;35.9227;0.187859
944000;35.7535;0.0661538;35.7708;0.0107617;35.4915;0.0641572;35.5288;0.00642702;35.7403;0.0662054;35.7769;0.0109528;35.6055;0.273203;35.9177;0.187741
945000;35.7541;0.0661187;35.7709;0.0107561;35.4905;0.0641231;35.5286;0.00642349;35.7401;0.0661702;35.7771;0.0109471;35.6085;0.27311;35.9136;0.18762
946000;35.7552;0.0660838;35.7712;0.0107509;35.4903;0.06409;35.5286;0.00641998;35.7395;0.0661356;35.7768;0.0109411;35.6073;0.272943;35.9096;0.187508
947000;35.756;0.0660489;35.7713;0.0107457;35.4915;0.0640568;35.5286;0.00641682;35.7393;0.0661007;35.7768;0.0109349;35.6115;0.27285;35.9093;0.187396
948000;35.7567;0.0660139;35.7713;0.0107404;35.4917;0.0640229;35.5285;0.00641316;35.7377;0.0660657;35.7768;0.0109292;35.6106;0.272707;35.9092;0.187298
949000;35.7566;0.0659797;35.7713;0.0107345;35.4926;0.0639887;35.5284;0.00640923;35.7387;0.0660307;35.7769;0.0109235;35.6071;0.272518;35.9065;0.187183
950000;35.7561;0.0659447;35.7714;0.0107289;35.4925;0.0639552;35.5286;0.0064056;35.7394;0.0659962;35.7771;0.0109179;35.6094;0.272378;35.9083;0.187087
951000;35.7592;0.0659109;35.7712;0.0107226;35.4928;0.0639211;35.5286;0.00640246;35.7394;0.0659617;35.7773;0.0109124;35.6115;0.27227;35.9101;0.18699
952000;35.7591;0.0658764;35.7713;0.0107172;35.4931;0.0638877;35.5287;0.00639926;35.7391;0.0659274;35.7774;0.0109066;35.6156;0.272164;35.9124;0.186907
953000;35.7586;0.0658417;35.7712;0.0107114;35.4933;0.0638549;35.5286;0.00639561;35.7396;0.0658923;35.7774;0.010901;35.6242;0.272054;35.9205;0.186837
954000;35.7581;0.0658068;35.771;0.0107058;35.4938;0.0638206;35.5288;0.00639235;35.7401;0.0658577;35.7773;0.0108951;35.6189;0.271877;35.925;0.186764
955000;35.7582;0.0657719;35.7711;0.0107005;35.4934;0.0637871;35.5287;0.0063888;35.7391;0.065824;35.7775;0.0108895;35.6204;0.271749;35.9214;0.186659
956000;35.7572;0.0657377;35.7714;0.0106953;35.4953;0.0637527;35.5287;0.00638544;35.7399;0.06579;35.7772;0.0108832;35.6234;0.271602;35.919;0.186571
957000;35.7572;0.0657041;35.7715;0.0106901;35.4963;0.0637189;35.5287;0.00638229;35.7371;0.0657566;35.7773;0.0108774;35.6228;0.27147;35.9164;0.186462
958000;35.759;0.0656692;35.7716;0.0106847;35.495;0.0636861;35.5287;0.00637883;35.7369;0.0657228;35.7775;0.0108717;35.6166;0.271306;35.92;0.18638
959000;35.7593;0.0656353;35.7718;0.0106795;35.4947;0.0636526;35.5287;0.00637545;35.7375;0.0656893;35.7775;0.0108664;35.6165;0.27115;35.9167;0.186275
960000;35.7581;0.0656015;35.7716;0.0106738;35.4935;0.06362;35.5287;0.0063716;35.7381;0.0656552;35.7775;0.0108608;35.6162;0.270995;35.9236;0.186203
961000;35.7567;0.0655678;35.7718;0.0106687;35.4922;0.0635868;35.5288;0.00636821;35.7373;0.0656215;35.7773;0.0108546;35.6104;0.270847;35.9223;0.186085
962000;35.7574;0.0655336;35.7715;0.010663;35.4947;0.0635537;35.5288;0.00636478;35.7351;0.0655876;35.7771;0.0108487;35.6084;0.270685;35.9253;0.186004
963000;35.7569;0.0654997;35.7715;0.0106575;35.4954;0.0635206;35.5287;0.00636129;35.7356;0.0655541;35.7769;0.010843;35.5991;0.270487;35.9246;0.185906
964000;35.7565;0.0654657;35.7716;0.0106518;35.4967;0.0634882;35.529;0.00635818;35.7349;0.0655196;35.7771;0.0108373;35.5993;0.270354;35.9248;0.185827
965000;35.7577;0.0654316;35.7716;0.0106461;35.4983;0.0634551;35.5289;0.00635455;35.7344;0.0654853;35.7773;0.0108324;35.5967;0.270196;35.9217;0.185734
966000;35.7584;0.0653977;35.7715;0.0106401;35.4985;0.0634217;35.529;0.00635119;35.7341;0.0654508;35.7773;0.010827;35.589;0.270025;35.9181;0.185614
967000;35.7594;0.0653638;35.7715;0.0106342;35.4985;0.0633897;35.529;0.00634778;35.7344;0.0654173;35.7772;0.0108211;35.59;0.269881;35.9114;0.185484
968000;35.7588;0.0653303;35.7717;0.0106288;35.4984;0.0633565;35.5289;0.00634438;35.7348;0.0653832;35.7771;0.0108154;35.5955;0.26978;35.908;0.185391
969000;35.7588;0.0652964;35.7718;0.010624;35.5002;0.0633236;35.529;0.00634149;35.7354;0.0653494;35.7771;0.0108102;35.5964;0.269645;35.9103;0.185317
970000;35.7596;0.0652622;35.772;0.0106191;35.4996;0.0632906;35.5291;0.00633823;35.7348;0.0653157;35.7771;0.0108049;35.5992;0.26954;35.9152;0.185234
971000;35.7608;0.0652288;35.772;0.0106136;35.499;0.0632587;35.529;0.0063351;35.7363;0.0652822;35.7771;0.010799;35.5967;0.269383;35.9176;0.185134
972000;35.7619;0.0651951;35.7718;0.0106078;35.497;0.0632264;35.529;0.00633204;35.7372;0.0652481;35.777;0.0107937;35.5978;0.269326;35.9165;0.185038
973000;35.762;0.0651616;35.7714;0.0106022;35.4966;0.0631943;35.529;0.00632876;35.7379;0.0652146;35.7767;0.0107879;35.6072;0.269226;35.92;0.184955
974000;35.7616;0.0651278;35.7715;0.010597;35.4969;0.0631622;35.5291;0.00632553;35.7379;0.0651812;35.7765;0.0107817;35.5987;0.269052;35.9189;0.184862
975000;35.7603;0.0650952;35.7714;0.0105913;35.497;0.0631293;35.5291;0.00632239;35.7401;0.0651477;35.7765;0.0107763;35.5942;0.268899;35.9184;0.184764
976000;35.76;0.065062;35.7713;0.0105855;35.4971;0.063097;35.5293;0.00631953;35.7408;0.0651145;35.7763;0.0107704;35.5969;0.268788;35.9159;0.184676
977000;35.7606;0.0650288;35.7713;0.0105798;35.499;0.063065;35.5293;0.00631654;35.7401;0.0650817;35.7763;0.0107649;35.5973;0.268652;35.9136;0.18457
978000;35.7608;0.064996;35.7712;0.0105742;35.499;0.0630325;35.5293;0.00631321;35.7409;0.0650487;35.7766;0.0107602;35.6017;0.268528;35.9074;0.184456
979000;35.7608;0.0649631;35.7711;0.0105688;35.4979;0.0630007;35.5293;0.00631006;35.7411;0.0650155;35.7763;0.010754;35.5987;0.268375;35.9105;0.184368
980000;35.7611;0.0649304;35.771;0.0105633;35.4977;0.0629685;35.5293;0.00630672;35.74;0.0649822;35.7761;0.0107481;35.5989;0.26827;35.9046;0.184258
981000;35.7634;0.0648969;35.7711;0.0105582;35.4963;0.0629364;35.5294;0.00630351;35.7391;0.064949;35.7758;0.0107422;35.5992;0.268146;35.9038;0.184154
982000;35.7636;0.0648642;35.7711;0.0105529;35.4959;0.0629044;35.5294;0.00630016;35.7395;0.0649154;35.7761;0.0107372;35.5975;0.268021;35.9047;0.184057
983000;35.7638;0.0648312;35.771;0.0105475;35.4966;0.0628725;35.5294;0.00629702;35.7401;0.0648821;35.7762;0.0107322;35.599;0.267871;35.9044;0.183959
984000;35.7638;0.0647983;35.7712;0.0105423;35.496;0.0628407;35.5294;0.00629345;35.7409;0.064849;35.7765;0.0107273;35.6024;0.267735;35.9054;0.183848
985000;35.7649;0.0647653;35.7713;0.0105371;35.4947;0.0628088;35.5295;0.00629025;35.7409;0.064816;35.7767;0.0107223;35.6;0.267586;35.9026;0.183748
986000;35.7658;0.0647322;35.7713;0.0105315;35.4967;0.0627771;35.5295;0.00628671;35.7413;0.064783;35.7768;0.0107169;35.5951;0.267418;35.9013;0.18365
987000;35.7673;0.0646994;35.7714;0.0105267;35.4965;0.0627455;35.5294;0.00628353;35.7396;0.0647504;35.7768;0.0107113;35.5961;0.267258;35.901;0.183564
988000;35.7676;0.0646665;35.7713;0.0105215;35.4963;0.062714;35.5294;0.00628046;35.7409;0.0647169;35.7767;0.0107062;35.5961;0.267104;35.9007;0.183468
989000;35.7671;0.0646334;35.7713;0.0105164;35.4968;0.0626827;35.5295;0.00627713;35.7388;0.0646843;35.7768;0.0107009;35.5904;0.266928;35.9036;0.183401
990000;35.7659;0.0646009;35.7716;0.0105115;35.4984;0.0626508;35.5295;0.00627392;35.7396;0.0646518;35.7766;0.0106951;35.603;0.266856;35.9014;0.183309
991000;35.7653;0.0645685;35.7713;0.0105055;35.4998;0.0626188;35.5294;0.00627029;35.7392;0.0646192;35.7764;0.0106895;35.605;0.266704;35.9026;0.183229
992000;35.7648;0.0645364;35.7716;0.0105003;35.4999;0.0625875;35.5294;0.00626726;35.741;0.0645863;35.7764;0.0106838;35.5995;0.266566;35.8985;0.183113
993000;35.7646;0.0645034;35.7718;0.0104954;35.499;0.0625561;35.5295;0.00626411;35.7412;0.0645536;35.7762;0.0106778;35.605;0.266466;35.8979;0.183009
994000;35.765;0.06447;35.772;0.0104906;35.4997;0.0625245;35.5293;0.00626067;35.742;0.0645209;35.7761;0.0106726;35.6083;0.266315;35.8948;0.182892
995000;35.7662;0.064437;35.7718;0.0104848;35.5003;0.0624935;35.5292;0.00625714;35.7409;0.0644879;35.7759;0.010667;35.6069;0.266193;35.895;0.182795
996000;35.7672;0.0644045;35.7719;0.0104802;35.5003;0.0624625;35.5289;0.00625386;35.7416;0.0644554;35.7759;0.0106615;35.6095;0.26608;35.8953;0.182713
997000;35.7658;0.0643722;35.772;0.0104749;35.4996;0.0624299;35.5288;0.00625074;35.7419;0.0644222;35.7759;0.0106559;35.6135;0.265974;35.894;0.182616
998000;35.7676;0.0643397;35.7719;0.0104696;35.4995;0.0623985;35.5288;0.00624727;35.7411;0.0643898;35.7759;0.0106509;35.6107;0.26582;35.8899;0.182506
999000;35.7671;0.0643079;35.7721;0.0104651;35.5012;0.0623669;35.5287;0.00624436;35.7409;0.0643572;35.7759;0.0106457;35.6156;0.265745;35.8905;0.182409
1000000;35.7676;0.0642762;35.7719;0.0104596;35.5006;0.0623356;35.5287;0.00624143;35.7392;0.0643247;35.776;0.0106402;35.6152;0.265606;35.8881;0.182316
