Nb sim;DF;IC_DF ;DF_anti;IC_DF_anti ;DF_d;IC_DF_d ;DF_d_anti;IC_DF_d_anti;Mall;IC_Mall ;Mall_anti;IC_Mall_anti
10000;0.275975;0.0690486;0.271451;0.0482789;0.285559;0.019177;0.283127;0.0130753;0.250222;0.0374811;0.288018;0.0278305
11000;0.287903;0.0672336;0.263225;0.0453374;0.288342;0.0179111;0.285411;0.0123352;0.25049;0.0356603;0.28539;0.0265051
12000;0.286532;0.0642186;0.267681;0.0437686;0.290223;0.0168483;0.284671;0.011669;0.25335;0.0342666;0.289608;0.0254477
13000;0.292332;0.0623163;0.271451;0.0423429;0.291336;0.0159315;0.289527;0.0111646;0.252104;0.0327601;0.29368;0.0244791
14000;0.277914;0.0585592;0.264988;0.0403197;0.29281;0.0151411;0.292554;0.0107025;0.255726;0.0316365;0.292032;0.0235539
15000;0.274467;0.0562237;0.263911;0.0388741;0.29406;0.0144443;0.293206;0.0102475;0.260512;0.0306274;0.289345;0.0227375
16000;0.271451;0.0541401;0.265796;0.0377722;0.294562;0.013825;0.294727;0.00987847;0.261472;0.0297772;0.29719;0.022056
17000;0.282096;0.0535371;0.260806;0.0363028;0.29517;0.0132733;0.29269;0.00949019;0.263576;0.0290796;0.293135;0.0213602
18000;0.286532;0.0524335;0.257627;0.0350668;0.294406;0.0127635;0.293306;0.00918707;0.262263;0.0282771;0.291973;0.0207978
19000;0.288119;0.0511752;0.263117;0.034489;0.29692;0.012346;0.294843;0.00892435;0.263003;0.0276462;0.293547;0.0202648
20000;0.294072;0.0503887;0.266927;0.0338552;0.297986;0.0119478;0.295384;0.00866233;0.262847;0.0269896;0.291724;0.0197125
21000;0.295149;0.0492637;0.26822;0.0331182;0.297675;0.011567;0.29537;0.00842424;0.261603;0.0262349;0.291063;0.0192725
22000;0.298185;0.0483762;0.269395;0.0324267;0.296928;0.0112172;0.295839;0.00819576;0.262219;0.0256979;0.294786;0.0188922
23000;0.297023;0.0472211;0.271451;0.0318333;0.29762;0.0109085;0.296134;0.00798878;0.265223;0.025234;0.293785;0.0184392
24000;0.295957;0.0461444;0.269566;0.0310559;0.296727;0.0106091;0.295191;0.00779047;0.2667;0.0247717;0.292383;0.0180117
25000;0.293167;0.0449999;0.268737;0.0303821;0.297939;0.0103538;0.294296;0.00760315;0.265526;0.0242214;0.293648;0.0176873
26000;0.292332;0.0440635;0.270581;0.0298929;0.298775;0.010113;0.294792;0.00744115;0.266313;0.0237369;0.293429;0.0173253
27000;0.291559;0.0431829;0.268938;0.029246;0.300157;0.00989458;0.295505;0.00729004;0.267905;0.0232117;0.293775;0.0170214
28000;0.297304;0.0428177;0.265796;0.0285527;0.30062;0.00967824;0.296764;0.00715464;0.269663;0.0228103;0.294268;0.0167404
29000;0.294852;0.0419003;0.264431;0.0279848;0.301444;0.00947957;0.297169;0.00701977;0.270919;0.0224852;0.294358;0.0164528
30000;0.294072;0.0411419;0.266927;0.0276425;0.301032;0.00927718;0.298241;0.00689358;0.272752;0.0221242;0.295706;0.016193
31000;0.297721;0.0407215;0.264884;0.0270899;0.300937;0.00909186;0.298761;0.00677379;0.270483;0.0217167;0.295173;0.0159386
32000;0.298314;0.0401197;0.265796;0.0267086;0.301073;0.0089202;0.299049;0.00665606;0.271028;0.0214074;0.294997;0.0156977
33000;0.294758;0.0392726;0.263911;0.0262085;0.301556;0.00875735;0.299364;0.00654595;0.272981;0.0211151;0.296778;0.0154757
34000;0.294072;0.038646;0.260806;0.0256696;0.302053;0.00860508;0.300065;0.00644484;0.275385;0.0208194;0.29652;0.0152261
35000;0.290841;0.0378814;0.262403;0.0253766;0.301579;0.00845159;0.299864;0.00633991;0.273134;0.0205119;0.296838;0.0150057
36000;0.287789;0.0371563;0.261397;0.0249743;0.301933;0.00831367;0.299345;0.00624205;0.274441;0.0202379;0.297037;0.0148346
37000;0.282456;0.0363117;0.262281;0.0246756;0.302254;0.00817918;0.299924;0.00615276;0.274312;0.0199267;0.294469;0.0146003
38000;0.280976;0.0357373;0.261331;0.0243051;0.301869;0.00804689;0.300029;0.00606139;0.276566;0.0197109;0.293971;0.0144016
39000;0.278412;0.0351158;0.259271;0.0238978;0.302173;0.0079253;0.30013;0.00597422;0.278795;0.0195427;0.296119;0.0142372
40000;0.279369;0.0347333;0.257879;0.0235345;0.301887;0.00780311;0.300749;0.0058975;0.283776;0.0193561;0.296124;0.0140385
41000;0.274762;0.0340248;0.259865;0.023334;0.302278;0.00769297;0.300857;0.00582118;0.287108;0.019171;0.295231;0.0138622
42000;0.273606;0.0335469;0.258525;0.0229957;0.30224;0.00758613;0.300606;0.0057447;0.286555;0.0189284;0.294417;0.0136971
43000;0.270399;0.0329608;0.261982;0.0228764;0.302784;0.00748725;0.300267;0.00566875;0.287543;0.0187761;0.293909;0.0135284
44000;0.275564;0.0328919;0.260655;0.0225583;0.303007;0.00738831;0.299603;0.00559249;0.28559;0.0185252;0.29367;0.0133777
45000;0.273462;0.0324009;0.259387;0.0222525;0.302146;0.00728431;0.299144;0.0055207;0.285068;0.0183103;0.293171;0.0132209
46000;0.274402;0.0321014;0.260633;0.0220615;0.302516;0.00719267;0.299187;0.00545515;0.283286;0.0180746;0.292923;0.0130783
47000;0.275302;0.0318098;0.2599;0.0217952;0.302785;0.00710662;0.299274;0.00539345;0.281107;0.0178508;0.292244;0.0129369
48000;0.278992;0.0316856;0.260612;0.0215961;0.303179;0.00702574;0.298977;0.00532908;0.28071;0.0176384;0.292726;0.0127893
49000;0.279761;0.0314036;0.26268;0.0214583;0.303639;0.00694726;0.299033;0.00527139;0.279161;0.0174195;0.292844;0.0126566
50000;0.27869;0.0310288;0.262403;0.0212315;0.303721;0.00686558;0.298669;0.00521062;0.277433;0.0172128;0.292952;0.0125267
51000;0.280322;0.0308123;0.26258;0.0210294;0.303637;0.00678653;0.299088;0.00516112;0.276796;0.0170233;0.293656;0.0124277
52000;0.283632;0.0306931;0.262751;0.0208329;0.302791;0.00670502;0.299145;0.00510918;0.275445;0.0168459;0.2957;0.0123152
53000;0.285963;0.030526;0.262061;0.0206086;0.302203;0.00662844;0.299527;0.00506076;0.274226;0.0166771;0.293878;0.0121931
54000;0.288207;0.0303598;0.264749;0.0205201;0.302381;0.0065602;0.299813;0.00501232;0.272034;0.0164819;0.294717;0.0120966
55000;0.287903;0.0300667;0.266104;0.020384;0.301624;0.00648559;0.299854;0.00496413;0.273607;0.0163755;0.294544;0.0119811
56000;0.286801;0.0297403;0.26822;0.0202804;0.301754;0.00642025;0.29968;0.00491597;0.273582;0.0162405;0.293318;0.0118657
57000;0.283357;0.0293019;0.266689;0.0200449;0.301145;0.00635252;0.299627;0.00486993;0.273365;0.0161045;0.292474;0.0117511
58000;0.283932;0.0290774;0.266771;0.0198744;0.300954;0.00628866;0.299579;0.00482352;0.273271;0.0159652;0.292452;0.0116505
59000;0.288321;0.0290505;0.266084;0.0196802;0.301227;0.00623034;0.299456;0.00477883;0.273659;0.0158381;0.291357;0.0115367
60000;0.288794;0.0288309;0.267681;0.0195733;0.3006;0.00616588;0.299503;0.00473781;0.274778;0.0156976;0.291708;0.0114442
61000;0.28851;0.0285796;0.269968;0.0194939;0.300255;0.00610496;0.299564;0.0046975;0.275122;0.0155536;0.291705;0.0113443
62000;0.287505;0.0282991;0.272181;0.0194142;0.299803;0.00604439;0.299216;0.00465452;0.274452;0.0154218;0.290832;0.0112573
63000;0.289404;0.0281656;0.272887;0.0192842;0.300028;0.00599039;0.299654;0.00461922;0.273588;0.0152935;0.290974;0.0111698
64000;0.291245;0.0280328;0.273218;0.0191444;0.300369;0.00593963;0.299409;0.00457652;0.274213;0.0151778;0.290721;0.0110724
65000;0.293028;0.0279008;0.276671;0.0191147;0.300961;0.00589239;0.299792;0.00454068;0.274249;0.0150484;0.289804;0.0109752
66000;0.292701;0.0276733;0.27625;0.0189551;0.300987;0.00584228;0.299848;0.00450492;0.275253;0.0149415;0.289264;0.0108739
67000;0.291709;0.0274197;0.276178;0.0188107;0.300995;0.00579389;0.299992;0.00447012;0.275325;0.0148242;0.289018;0.0108005
68000;0.292076;0.0272343;0.278437;0.0187471;0.301252;0.0057478;0.299892;0.00443678;0.276381;0.0147159;0.288724;0.0107346
69000;0.291122;0.0269923;0.278992;0.018629;0.301449;0.00570276;0.300012;0.00440435;0.277694;0.0146475;0.288248;0.0106597
70000;0.290194;0.0267564;0.278238;0.0184708;0.30139;0.00565622;0.299949;0.00436912;0.276691;0.0145198;0.287095;0.0105716
71000;0.28993;0.0265553;0.278461;0.0183475;0.301506;0.00561248;0.29971;0.00433321;0.276066;0.0144088;0.28641;0.0104946
72000;0.29093;0.0264154;0.278363;0.0182165;0.30123;0.00556706;0.299578;0.00430346;0.273493;0.0142669;0.285867;0.0104135
73000;0.289424;0.0261663;0.279508;0.018128;0.301114;0.00552414;0.299846;0.00427375;0.273911;0.0141605;0.286735;0.0103546
74000;0.28857;0.0259507;0.281539;0.0180696;0.301183;0.00548225;0.299699;0.00424234;0.273578;0.0140561;0.28658;0.0102824
75000;0.290754;0.0258739;0.2805;0.017916;0.301229;0.00544172;0.299865;0.00421295;0.273879;0.0139573;0.286913;0.0102265
76000;0.292286;0.0257703;0.280381;0.017794;0.301096;0.00540098;0.299853;0.00418414;0.273376;0.0138455;0.286843;0.0101556
77000;0.293191;0.0256417;0.280558;0.0176836;0.301309;0.00536396;0.299255;0.00415061;0.27421;0.0137572;0.2872;0.0100912
78000;0.291752;0.0254146;0.280732;0.0175752;0.301365;0.00532601;0.299332;0.00412333;0.273943;0.0136548;0.286902;0.0100213
79000;0.290922;0.0252176;0.2809;0.0174688;0.301254;0.00528761;0.299229;0.00409453;0.273516;0.0135757;0.286685;0.00995781
80000;0.29181;0.0250974;0.2805;0.0173471;0.300805;0.00524843;0.298671;0.00406275;0.273848;0.0134982;0.286287;0.00989376
81000;0.292676;0.0249787;0.281505;0.0172701;0.300778;0.00521231;0.298816;0.00403747;0.274584;0.013421;0.286334;0.00982849
82000;0.29352;0.0248615;0.281382;0.0171608;0.300973;0.00517839;0.298906;0.00401285;0.274237;0.0133362;0.285596;0.00976199
83000;0.2938;0.024723;0.282898;0.0171024;0.301049;0.0051448;0.299268;0.00398995;0.275689;0.0132616;0.285242;0.00970625
84000;0.290841;0.0244521;0.282762;0.0169963;0.300803;0.00510943;0.299649;0.00396663;0.275854;0.0131952;0.284622;0.0096388
85000;0.289548;0.0242541;0.28183;0.0168685;0.300641;0.00507549;0.29966;0.00394204;0.275552;0.0131208;0.284806;0.00958416
86000;0.29039;0.0241475;0.281183;0.0167511;0.300269;0.00504048;0.299635;0.00391862;0.276247;0.013071;0.28524;0.00952976
87000;0.290692;0.0240207;0.280552;0.0166361;0.300311;0.00500828;0.299307;0.00389295;0.277219;0.0130103;0.285477;0.00947277
88000;0.291502;0.0239169;0.280191;0.0165308;0.3002;0.00497629;0.299313;0.00387016;0.277808;0.0129411;0.285188;0.00941539
89000;0.291276;0.023773;0.281364;0.0164716;0.300323;0.00494702;0.299624;0.00385054;0.277841;0.0128735;0.285564;0.00936341
90000;0.293067;0.0237126;0.283264;0.0164343;0.300584;0.0049189;0.299714;0.00382759;0.276287;0.012788;0.285438;0.0093075
91000;0.292829;0.0235725;0.282389;0.0163188;0.30056;0.00488871;0.299267;0.00380424;0.276911;0.0127211;0.285398;0.00925091
92000;0.293089;0.0234543;0.280549;0.0161776;0.300271;0.00485737;0.299106;0.00378189;0.276611;0.0126513;0.285564;0.00920546
93000;0.293342;0.0233379;0.280208;0.0160807;0.300411;0.00483018;0.29917;0.00376014;0.276998;0.0125842;0.286314;0.00916766
94000;0.294072;0.0232421;0.280355;0.0159991;0.30041;0.00480198;0.299302;0.00373978;0.276842;0.012518;0.286628;0.0091233
95000;0.294787;0.0231473;0.279547;0.015892;0.30025;0.00477326;0.299227;0.00371879;0.276088;0.0124411;0.286069;0.00907425
96000;0.292658;0.0229437;0.279227;0.0158001;0.300244;0.00474614;0.299147;0.00369898;0.276441;0.0123691;0.286705;0.00903013
97000;0.294305;0.0228889;0.279147;0.0157162;0.300434;0.00472052;0.299267;0.00367988;0.27601;0.0123068;0.286891;0.0089823
98000;0.293611;0.0227451;0.279068;0.0156336;0.300452;0.00469469;0.299458;0.00366184;0.277119;0.0122678;0.287009;0.00893444
99000;0.292473;0.0225863;0.278992;0.0155524;0.300467;0.00466868;0.299447;0.00364257;0.277206;0.0122106;0.286727;0.00888779
100000;0.290905;0.0224132;0.281178;0.0155342;0.300265;0.0046419;0.299259;0.00362271;0.277939;0.0121619;0.286806;0.00884536
101000;0.290265;0.0222775;0.280858;0.0154484;0.299935;0.00461505;0.299017;0.00360317;0.277734;0.012102;0.286449;0.00879687
102000;0.289637;0.0221442;0.280766;0.01537;0.299796;0.00458948;0.298988;0.00358447;0.278565;0.012044;0.28643;0.0087515
103000;0.290339;0.022063;0.280016;0.015275;0.299671;0.00456393;0.29917;0.00356696;0.278446;0.0119933;0.28625;0.00870881
104000;0.288417;0.0218843;0.279499;0.0151875;0.299945;0.00454148;0.298843;0.00354771;0.278718;0.0119319;0.286935;0.00867301
105000;0.287394;0.0217415;0.278992;0.0151015;0.300072;0.00451931;0.298893;0.0035313;0.279032;0.0118832;0.286199;0.00862782
106000;0.285536;0.0215691;0.279347;0.0150395;0.30013;0.0044964;0.298707;0.00351368;0.279907;0.0118385;0.285934;0.00858727
107000;0.28625;0.0214947;0.280119;0.0149895;0.299827;0.00447148;0.298523;0.00349518;0.27893;0.0117754;0.286213;0.00854612
108000;0.28737;0.0214365;0.281086;0.0149453;0.299745;0.00444864;0.298504;0.0034783;0.278651;0.01171;0.286095;0.00850669
109000;0.286393;0.0213019;0.280375;0.014858;0.299715;0.00442651;0.298416;0.00346136;0.278837;0.0116515;0.286121;0.00847183
110000;0.285846;0.0211847;0.2805;0.0147936;0.299867;0.00440573;0.298367;0.00344456;0.278935;0.0115962;0.287021;0.00843608
111000;0.285717;0.0210843;0.281029;0.0147405;0.300028;0.00438511;0.298533;0.00342905;0.279248;0.0115457;0.287202;0.00839832
112000;0.285185;0.0209705;0.281146;0.0146776;0.299921;0.00436307;0.29846;0.00341256;0.280041;0.0115032;0.287168;0.00836197
113000;0.286265;0.0209168;0.28126;0.0146154;0.299711;0.00434121;0.298123;0.00339501;0.279231;0.0114417;0.287341;0.00833166
114000;0.286532;0.0208345;0.281571;0.0145591;0.29956;0.00432021;0.298145;0.00337949;0.278447;0.0113832;0.287251;0.00829361
115000;0.28522;0.0206965;0.281483;0.0144934;0.299209;0.00429791;0.298227;0.00336521;0.279566;0.0113429;0.287029;0.00825315
116000;0.285492;0.0206168;0.282372;0.0144533;0.299001;0.00427671;0.298213;0.00335078;0.279555;0.0112971;0.286765;0.00821563
117000;0.284212;0.0204827;0.282278;0.0143891;0.298737;0.00425599;0.298172;0.00333658;0.279623;0.0112552;0.286227;0.00817416
118000;0.284104;0.0203919;0.283337;0.0143545;0.298458;0.00423462;0.298161;0.00332269;0.279621;0.0112029;0.286335;0.00813754
119000;0.283237;0.0202752;0.284377;0.0143199;0.298279;0.00421434;0.298309;0.00330895;0.279209;0.0111548;0.285796;0.00809775
120000;0.281631;0.0201336;0.284081;0.0142528;0.298181;0.00419456;0.298157;0.00329353;0.27931;0.01111;0.285674;0.00806496
121000;0.280051;0.0199943;0.283977;0.0141912;0.298105;0.00417567;0.298268;0.00327964;0.279266;0.0110606;0.284898;0.00802658
122000;0.281464;0.019962;0.283318;0.0141167;0.298166;0.00415782;0.297943;0.00326389;0.27958;0.0110216;0.285243;0.00799178
123000;0.280647;0.019852;0.282486;0.0140388;0.297791;0.00413701;0.298064;0.00325064;0.279303;0.0109773;0.28531;0.00796207
124000;0.280573;0.0197692;0.28185;0.0139665;0.297714;0.00411861;0.298031;0.00323681;0.278799;0.0109291;0.284962;0.00792765
125000;0.281585;0.0197252;0.283214;0.0139438;0.297981;0.00410266;0.298068;0.00322346;0.278531;0.0108824;0.284714;0.00789607
126000;0.280069;0.0195942;0.2833;0.0138904;0.298287;0.00408677;0.298154;0.00321161;0.278769;0.010837;0.285008;0.00786697
127000;0.280357;0.0195268;0.284276;0.0138591;0.298471;0.00407051;0.298204;0.00319891;0.277892;0.0107852;0.284339;0.0078311
128000;0.279934;0.0194358;0.284706;0.0138152;0.298505;0.00405397;0.298238;0.00318608;0.278078;0.0107412;0.28442;0.00779741
129000;0.279518;0.019346;0.284428;0.0137549;0.298552;0.00403782;0.298362;0.00317424;0.277531;0.0106949;0.284909;0.00776936
130000;0.279108;0.0192574;0.28485;0.0137119;0.298594;0.0040215;0.298137;0.00316012;0.276961;0.0106459;0.284873;0.00774005
131000;0.279049;0.0191818;0.28492;0.0136611;0.298852;0.00400645;0.298108;0.00314806;0.27647;0.0105968;0.284487;0.00770741
132000;0.277963;0.019072;0.285332;0.013619;0.298666;0.00398905;0.298121;0.00313502;0.276887;0.0105591;0.284141;0.00767737
133000;0.277234;0.0189754;0.285568;0.0135732;0.298606;0.00397311;0.29809;0.00312236;0.277223;0.0105227;0.284144;0.00764653
134000;0.276516;0.0188801;0.285294;0.0135161;0.29865;0.00395762;0.298264;0.00311155;0.276334;0.0104792;0.284137;0.0076187
135000;0.277483;0.0188427;0.285862;0.0134791;0.298674;0.00394237;0.29841;0.00310073;0.275637;0.0104332;0.284037;0.00759099
136000;0.277106;0.0187606;0.285257;0.0134155;0.29864;0.00392653;0.298194;0.0030876;0.275361;0.0103884;0.284284;0.00756467
137000;0.276735;0.0186796;0.28433;0.013345;0.298667;0.00391135;0.298038;0.0030751;0.275904;0.0103567;0.284342;0.00753986
138000;0.276369;0.0185995;0.284729;0.0133057;0.298523;0.00389572;0.297907;0.00306302;0.276491;0.0103241;0.284059;0.0075119
139000;0.275357;0.0184988;0.28447;0.0132518;0.298555;0.00388118;0.298038;0.00305212;0.276481;0.0102846;0.284105;0.00748373
140000;0.275975;0.0184531;0.284539;0.013206;0.298574;0.00386658;0.298221;0.00304206;0.276173;0.0102404;0.284316;0.00745715
141000;0.275622;0.0183759;0.283805;0.0131423;0.298817;0.00385343;0.298155;0.00303055;0.27658;0.0102076;0.284597;0.00743015
142000;0.274637;0.0182785;0.283877;0.0130976;0.298811;0.00383897;0.298135;0.00301955;0.27676;0.010171;0.285045;0.0074068
143000;0.273666;0.0181825;0.284581;0.0130677;0.29879;0.00382453;0.298071;0.0030083;0.276754;0.0101356;0.284514;0.00737844
144000;0.274907;0.01816;0.284804;0.0130273;0.299063;0.00381183;0.298329;0.00299869;0.276642;0.0100992;0.284563;0.00735225
145000;0.274259;0.0180761;0.285024;0.0129872;0.298945;0.00379728;0.298319;0.00298758;0.276427;0.0100599;0.284048;0.00732562
146000;0.27393;0.0180033;0.285086;0.012944;0.298614;0.00378154;0.298474;0.00297731;0.276341;0.0100288;0.284214;0.00730534
147000;0.273606;0.0179314;0.285301;0.0129047;0.298538;0.00376792;0.298424;0.00296692;0.275927;0.00999018;0.284185;0.00727984
148000;0.27298;0.0178504;0.285513;0.0128658;0.298391;0.00375328;0.298477;0.00295715;0.275629;0.0099501;0.284304;0.00725678
149000;0.273273;0.0177999;0.286633;0.0128474;0.298394;0.00373978;0.298461;0.00294644;0.276223;0.00992427;0.283728;0.00722743
150000;0.273563;0.0177498;0.286532;0.0128022;0.298367;0.00372668;0.298693;0.00293779;0.276771;0.00990128;0.283545;0.00720015
151000;0.272949;0.0176712;0.286282;0.0127543;0.298279;0.00371349;0.298906;0.00292852;0.276587;0.00986837;0.283304;0.00717563
152000;0.272939;0.0176127;0.285589;0.0126971;0.298295;0.00370022;0.298834;0.00291812;0.277126;0.00983685;0.283474;0.0071536
153000;0.273817;0.017583;0.285497;0.0126535;0.298215;0.00368725;0.298786;0.00290841;0.276766;0.00979892;0.283796;0.00713218
154000;0.274977;0.0175627;0.285846;0.0126199;0.298155;0.00367432;0.298861;0.00289921;0.276768;0.00976814;0.283325;0.00710683
155000;0.275538;0.0175237;0.28517;0.0125645;0.298203;0.00366187;0.299075;0.00289078;0.276843;0.0097303;0.283271;0.00708332
156000;0.276961;0.0175122;0.284357;0.0125065;0.297946;0.0036483;0.298971;0.00288127;0.276305;0.00969343;0.28356;0.00706267
157000;0.27635;0.0174372;0.284563;0.012471;0.298113;0.00363675;0.298925;0.00287193;0.276515;0.00966388;0.283793;0.00704155
158000;0.276033;0.017372;0.28448;0.0124297;0.298344;0.00362604;0.299064;0.00286291;0.27628;0.00963126;0.283662;0.00701857
159000;0.276004;0.0173164;0.284398;0.0123888;0.298154;0.00361295;0.298913;0.00285299;0.276424;0.00960136;0.284017;0.00699593
160000;0.277389;0.0173052;0.284741;0.0123574;0.298135;0.00360078;0.299009;0.00284378;0.276118;0.0095698;0.283839;0.00697199
161000;0.277914;0.0172676;0.284799;0.0123202;0.298268;0.00358982;0.298988;0.00283461;0.276084;0.00953934;0.283953;0.00695112
162000;0.277316;0.0171958;0.285554;0.0122982;0.298197;0.00357793;0.298899;0.00282507;0.276225;0.00950799;0.283958;0.00692763
163000;0.277835;0.0171589;0.285607;0.0122615;0.298151;0.003566;0.298657;0.00281528;0.276737;0.00948755;0.283727;0.00690609
164000;0.278624;0.0171306;0.285382;0.0122193;0.298002;0.00355364;0.298774;0.00280641;0.276637;0.00945765;0.283439;0.0068827
165000;0.278854;0.0170857;0.285024;0.0121747;0.298206;0.00354387;0.298876;0.00279798;0.27719;0.00943337;0.283699;0.00686415
166000;0.27881;0.0170328;0.284669;0.0121305;0.298246;0.00353282;0.298858;0.00278896;0.277378;0.00940558;0.283542;0.00684331
167000;0.279308;0.0169968;0.284455;0.0120896;0.298235;0.00352176;0.298881;0.00278058;0.277925;0.00937777;0.283815;0.00682204
168000;0.278992;0.0169366;0.284781;0.0120604;0.298139;0.00350989;0.298721;0.00277106;0.277676;0.00935061;0.283739;0.00680049
169000;0.279215;0.0168931;0.285372;0.012037;0.298306;0.00349993;0.298854;0.00276336;0.277991;0.00932932;0.283633;0.00677993
170000;0.279169;0.016842;0.285556;0.0120054;0.298443;0.00348964;0.29877;0.00275467;0.278646;0.00930583;0.284216;0.00676267
171000;0.278859;0.0167834;0.285341;0.0119658;0.298352;0.00347832;0.298871;0.00274667;0.278493;0.00927446;0.284561;0.00674272
172000;0.279868;0.0167646;0.285261;0.0119293;0.29828;0.00346715;0.298992;0.00273921;0.278597;0.00924804;0.284855;0.00672356
173000;0.279297;0.0166991;0.284788;0.011885;0.298247;0.0034566;0.298858;0.00273067;0.27907;0.00922611;0.284868;0.00670436
174000;0.278992;0.016642;0.285232;0.0118599;0.298101;0.00344534;0.298998;0.00272332;0.278769;0.00919807;0.284518;0.00668444
175000;0.279207;0.0166007;0.285153;0.0118244;0.298067;0.00343482;0.299016;0.00271536;0.278418;0.00916468;0.284275;0.00666424
176000;0.279163;0.0165522;0.285589;0.0117996;0.297886;0.00342386;0.29901;0.00270751;0.277898;0.00913773;0.284535;0.00664731
177000;0.279119;0.0165041;0.286404;0.0117828;0.298069;0.00341481;0.299114;0.0027;0.277519;0.00910643;0.284921;0.00662935
178000;0.277551;0.0164117;0.286828;0.0117582;0.298221;0.00340548;0.299409;0.0026934;0.277643;0.00908138;0.284946;0.00661054
179000;0.277012;0.0163499;0.28649;0.0117185;0.298228;0.00339553;0.299722;0.00268691;0.277564;0.00905496;0.284997;0.0065928
180000;0.277483;0.0163183;0.286406;0.0116842;0.298331;0.00338595;0.299627;0.00267893;0.277214;0.00902895;0.285034;0.00657391
181000;0.2772;0.0162649;0.286574;0.0116553;0.298325;0.00337599;0.299673;0.00267133;0.277457;0.00900352;0.285473;0.0065567
182000;0.279654;0.0162913;0.286615;0.011624;0.29842;0.00336656;0.299483;0.00266308;0.2775;0.00897726;0.285786;0.0065395
183000;0.27961;0.0162455;0.287026;0.0116005;0.298401;0.00335689;0.299419;0.00265544;0.277652;0.00895323;0.286205;0.00652578
184000;0.279073;0.0161858;0.28731;0.0115745;0.2985;0.00334788;0.299379;0.0026477;0.277526;0.00892849;0.285822;0.00650597
185000;0.280255;0.0161759;0.287836;0.0115536;0.298568;0.00333869;0.299479;0.00264061;0.277362;0.00890147;0.285568;0.00648658
186000;0.280208;0.016131;0.287748;0.0115208;0.298552;0.00332912;0.299612;0.00263358;0.277451;0.00887806;0.285084;0.0064654
187000;0.280403;0.0160934;0.288145;0.0114978;0.298528;0.00331985;0.299567;0.00262639;0.277117;0.00885183;0.284945;0.00645047
188000;0.280355;0.0160492;0.287695;0.0114583;0.298411;0.00331028;0.299489;0.00261895;0.277335;0.00882619;0.285148;0.00643445
189000;0.281026;0.0160257;0.287729;0.0114286;0.298504;0.00330131;0.299461;0.00261214;0.277189;0.00880285;0.285203;0.00641882
190000;0.281452;0.0159955;0.286929;0.0113828;0.298376;0.00329185;0.299516;0.00260562;0.277459;0.00878025;0.285116;0.00640199
191000;0.281637;0.0159588;0.286729;0.0113491;0.298242;0.0032822;0.299654;0.00259909;0.277382;0.00875471;0.28511;0.00638744
192000;0.282055;0.0159289;0.287003;0.0113249;0.298163;0.00327279;0.299545;0.00259151;0.277416;0.00872934;0.284425;0.00636817
193000;0.283406;0.0159254;0.286688;0.0112894;0.298149;0.00326374;0.299445;0.00258467;0.277427;0.00870761;0.284092;0.00634983
194000;0.283811;0.0158955;0.28626;0.0112519;0.29818;0.00325519;0.299618;0.00257836;0.276837;0.0086791;0.283865;0.00633459
195000;0.283516;0.0158465;0.286184;0.0112216;0.298291;0.00324697;0.299606;0.00257136;0.276644;0.00865822;0.284044;0.00631854
196000;0.283454;0.0158043;0.285647;0.0111825;0.298195;0.00323783;0.299596;0.00256472;0.27626;0.00863347;0.284486;0.00630348
197000;0.284082;0.0157815;0.286034;0.0111616;0.298231;0.00322931;0.2995;0.00255773;0.276524;0.00861791;0.284596;0.00628779
198000;0.28379;0.0157336;0.286303;0.0111385;0.298363;0.00322126;0.299512;0.0025511;0.276629;0.00859822;0.284279;0.00627046
199000;0.283273;0.0156798;0.286115;0.0111069;0.29825;0.00321219;0.299621;0.00254504;0.2762;0.00857249;0.284522;0.00625721
200000;0.283893;0.0156575;0.286381;0.0110842;0.298524;0.00320526;0.299669;0.0025386;0.276558;0.00855345;0.284559;0.00624207
201000;0.283831;0.0156168;0.287657;0.0110808;0.298719;0.00319797;0.299639;0.00253218;0.276815;0.00853466;0.284149;0.00622583
202000;0.284217;0.0155887;0.287353;0.0110476;0.298786;0.00319004;0.299645;0.00252575;0.276938;0.00851504;0.283877;0.00620986
203000;0.283486;0.0155303;0.287498;0.0110231;0.298776;0.00318191;0.299618;0.00251939;0.277106;0.00849518;0.284132;0.00619792
204000;0.284314;0.0155147;0.286975;0.0109862;0.298933;0.00317434;0.299457;0.00251235;0.277009;0.00847429;0.284002;0.00618161
205000;0.283369;0.0154512;0.28712;0.0109621;0.298965;0.00316634;0.299672;0.00250746;0.276604;0.00844948;0.283854;0.00616598
206000;0.28375;0.0154239;0.287044;0.010934;0.298982;0.00315843;0.299608;0.00250082;0.277017;0.00843035;0.28369;0.00615085
207000;0.283035;0.0153674;0.287078;0.0109082;0.298885;0.00314995;0.299566;0.00249465;0.276665;0.00840685;0.283406;0.00613504
208000;0.282979;0.0153289;0.286242;0.0108663;0.29897;0.00314263;0.299559;0.00248849;0.276561;0.00838719;0.283451;0.00612132
209000;0.282275;0.0152732;0.286171;0.010839;0.299292;0.00313613;0.299596;0.00248263;0.27662;0.00837159;0.283428;0.0061066
210000;0.282869;0.0152528;0.286209;0.0108138;0.299433;0.00312905;0.29939;0.00247572;0.276392;0.00834934;0.28334;0.00609098
211000;0.281958;0.0151922;0.286353;0.0107909;0.299383;0.00312116;0.299638;0.0024704;0.276064;0.00832532;0.283409;0.0060786
212000;0.282335;0.0151664;0.285643;0.0107522;0.299301;0.00311336;0.299525;0.00246405;0.275731;0.0082993;0.282831;0.00606271
213000;0.282284;0.0151294;0.285576;0.0107257;0.299238;0.00310538;0.299403;0.00245775;0.276411;0.00828502;0.283432;0.00605127
214000;0.282233;0.0150927;0.285827;0.0107052;0.299373;0.00309846;0.299467;0.00245224;0.276409;0.00826533;0.28332;0.00603727
215000;0.282604;0.0150673;0.285445;0.0106732;0.299298;0.00309072;0.299437;0.00244634;0.276679;0.00824649;0.283519;0.00602313
216000;0.283181;0.0150477;0.28538;0.0106473;0.299202;0.00308276;0.2993;0.00244033;0.276903;0.00823063;0.283148;0.00600818
217000;0.283127;0.0150115;0.28542;0.0106235;0.299196;0.00307537;0.299309;0.00243465;0.276738;0.00821103;0.283207;0.00599267
218000;0.282865;0.0149702;0.285667;0.0106036;0.299112;0.0030678;0.299195;0.00242857;0.276771;0.00819396;0.283171;0.00597873
219000;0.282607;0.0149292;0.285396;0.0105744;0.299006;0.0030602;0.299156;0.00242283;0.277091;0.00817556;0.28322;0.00596429
220000;0.281733;0.0148723;0.285744;0.0105567;0.299039;0.00305319;0.299148;0.00241742;0.277258;0.00816152;0.283054;0.00594857
221000;0.282096;0.0148481;0.285577;0.0105298;0.298958;0.00304556;0.29917;0.00241197;0.277459;0.00814515;0.283018;0.00593484
222000;0.282048;0.0148134;0.285105;0.0104975;0.29916;0.00303917;0.299134;0.00240634;0.277715;0.00813167;0.282597;0.00591857
223000;0.281595;0.0147683;0.285348;0.0104783;0.299083;0.00303171;0.299105;0.00240092;0.277734;0.0081148;0.282664;0.00590667
224000;0.282156;0.0147499;0.286094;0.0104684;0.299141;0.00302471;0.299194;0.00239567;0.277641;0.00809599;0.282886;0.00589383
225000;0.281706;0.0147054;0.286029;0.0104439;0.299214;0.00301818;0.299179;0.00239012;0.277172;0.00807586;0.282563;0.00587926
226000;0.281861;0.0146769;0.286065;0.0104214;0.29908;0.00301061;0.299279;0.0023851;0.276634;0.00805324;0.282399;0.00586571
227000;0.281616;0.0146382;0.2861;0.0103991;0.299045;0.00300374;0.299341;0.00238007;0.276401;0.00803711;0.282332;0.00585243
228000;0.281968;0.0146151;0.286036;0.0103751;0.29894;0.00299649;0.29926;0.00237446;0.275936;0.00801652;0.282665;0.00584139
229000;0.281922;0.014582;0.28617;0.0103548;0.299148;0.0029906;0.299282;0.00236932;0.276238;0.00800041;0.282566;0.00582641
230000;0.282073;0.0145541;0.286106;0.0103311;0.29934;0.00298472;0.299266;0.0023641;0.275835;0.00797944;0.282493;0.00581427
231000;0.28144;0.0145064;0.286336;0.0103128;0.299507;0.00297861;0.299254;0.00235866;0.276007;0.00796265;0.282651;0.00580239
232000;0.282177;0.0144939;0.285979;0.0102843;0.299461;0.00297191;0.299152;0.00235283;0.275312;0.00794109;0.282657;0.00579005
233000;0.282713;0.0144764;0.285723;0.0102576;0.299531;0.0029656;0.299164;0.00234786;0.27535;0.00792561;0.282763;0.00577768
234000;0.282472;0.0144393;0.286145;0.0102431;0.299548;0.00295903;0.29917;0.00234264;0.275989;0.00791164;0.282843;0.00576452
235000;0.282232;0.0144025;0.286179;0.0102219;0.299551;0.00295254;0.299242;0.00233778;0.275844;0.00789421;0.282695;0.00575095
236000;0.282953;0.0143902;0.286212;0.0102008;0.299687;0.00294662;0.299148;0.00233251;0.275911;0.00787879;0.282881;0.00574005
237000;0.283859;0.0143826;0.286246;0.0101799;0.29964;0.00293998;0.299045;0.00232732;0.276183;0.00786377;0.282713;0.005727
238000;0.284187;0.0143606;0.286468;0.0101624;0.299676;0.00293362;0.299077;0.00232249;0.276455;0.00785099;0.282978;0.00571538
239000;0.283945;0.0143245;0.286027;0.0101334;0.29954;0.00292678;0.298978;0.00231715;0.276076;0.00783188;0.282992;0.00570291
240000;0.283893;0.0142933;0.285778;0.0101079;0.299594;0.0029207;0.29889;0.00231211;0.27607;0.0078135;0.283067;0.00568932
241000;0.283653;0.0142576;0.285625;0.0100842;0.299773;0.00291508;0.298922;0.00230744;0.276053;0.00779761;0.282696;0.00567607
242000;0.283603;0.0142269;0.285753;0.0100656;0.299808;0.00290909;0.299091;0.0023035;0.276142;0.00778175;0.2826;0.00566345
243000;0.283553;0.0141963;0.285694;0.0100438;0.299763;0.00290274;0.299136;0.00229886;0.275867;0.00776622;0.2825;0.00565251
244000;0.283874;0.0141752;0.285636;0.0100222;0.299541;0.00289576;0.299125;0.00229392;0.275791;0.0077479;0.2824;0.00564034
245000;0.284377;0.0141587;0.285762;0.0100039;0.299746;0.00289037;0.299199;0.00228931;0.275739;0.00773347;0.282381;0.00563025
246000;0.284141;0.014124;0.286072;0.00998893;0.299714;0.00288405;0.299214;0.00228444;0.275925;0.00771922;0.282676;0.00561969
247000;0.28409;0.0140941;0.286104;0.00996924;0.299763;0.00287824;0.299201;0.00227973;0.27588;0.0077035;0.282398;0.00560731
248000;0.284404;0.0140734;0.285681;0.00994184;0.299844;0.00287251;0.299216;0.00227482;0.276102;0.00768757;0.282466;0.0055962
249000;0.284897;0.0140572;0.285442;0.00991776;0.299803;0.00286636;0.299242;0.00227025;0.27631;0.00767352;0.282541;0.0055853
250000;0.284843;0.0140278;0.285114;0.0098923;0.299769;0.00286021;0.2992;0.00226568;0.276024;0.00765598;0.282298;0.00557278
251000;0.28515;0.0140073;0.284789;0.00986702;0.299634;0.00285371;0.299261;0.00226129;0.275717;0.00763862;0.282368;0.00556128
252000;0.284916;0.0139738;0.284467;0.00984192;0.299693;0.00284812;0.299185;0.00225635;0.275623;0.00762148;0.282509;0.00555029
253000;0.284505;0.0139361;0.284773;0.00982767;0.299746;0.00284266;0.299199;0.00225211;0.275962;0.0076084;0.282418;0.00553992
254000;0.284632;0.0139117;0.284721;0.00980742;0.299749;0.00283685;0.299167;0.00224726;0.275661;0.0075915;0.282077;0.00552747
255000;0.284758;0.0138875;0.284492;0.00978427;0.299661;0.00283085;0.299158;0.00224261;0.275646;0.00757768;0.28192;0.00551534
256000;0.284882;0.0138634;0.284352;0.00976278;0.299849;0.00282599;0.299142;0.00223814;0.275927;0.00756647;0.281934;0.00550415
257000;0.284126;0.0138181;0.284478;0.0097459;0.299911;0.00282052;0.299068;0.00223335;0.27613;0.00755311;0.282172;0.00549364
258000;0.284252;0.0137943;0.284165;0.0097217;0.300034;0.00281531;0.299053;0.00222901;0.276238;0.00753958;0.282184;0.00548346
259000;0.284377;0.0137707;0.284028;0.00970061;0.300037;0.00280953;0.299149;0.00222485;0.276561;0.00752652;0.282071;0.00547264
260000;0.28398;0.0137346;0.284241;0.00968552;0.30001;0.00280369;0.299198;0.00222076;0.276799;0.00751325;0.282329;0.0054621
261000;0.284105;0.0137113;0.284192;0.00966612;0.299989;0.00279799;0.299238;0.00221667;0.276718;0.00749978;0.282271;0.00545127
262000;0.285093;0.0137087;0.284229;0.00964829;0.299947;0.00279221;0.299227;0.00221234;0.276658;0.00748438;0.282481;0.00544122
263000;0.284525;0.0136691;0.284869;0.00964062;0.299977;0.00278685;0.299202;0.00220784;0.276961;0.00747326;0.282637;0.00543097
264000;0.284647;0.0136461;0.28499;0.00962435;0.2999;0.00278114;0.299247;0.00220389;0.277042;0.00745809;0.282525;0.00542088
265000;0.28528;0.0136353;0.284682;0.00960106;0.299893;0.00277563;0.299314;0.00219989;0.277041;0.00744349;0.282639;0.00541171
266000;0.284888;0.0136004;0.284292;0.00957652;0.299843;0.00277006;0.299299;0.00219557;0.277385;0.0074328;0.282704;0.00540174
267000;0.284499;0.0135657;0.284075;0.00955496;0.299943;0.002765;0.299329;0.00219146;0.277515;0.00741806;0.282585;0.00539226
268000;0.284787;0.0135472;0.284112;0.00953773;0.299853;0.00275921;0.299303;0.0021872;0.277718;0.00740759;0.282373;0.00538223
269000;0.284402;0.0135129;0.283729;0.00951364;0.29975;0.00275353;0.299342;0.00218321;0.277917;0.00739649;0.282529;0.00537162
270000;0.285024;0.0135025;0.284102;0.00950218;0.299749;0.00274827;0.299337;0.00217904;0.277789;0.00738219;0.282273;0.00536093
271000;0.284473;0.0134646;0.284056;0.00948386;0.29974;0.00274289;0.299495;0.00217549;0.277944;0.00736768;0.282052;0.00535091
272000;0.284591;0.0134426;0.283843;0.00946291;0.299725;0.00273763;0.299489;0.00217161;0.278531;0.00735743;0.282296;0.00534223
273000;0.284709;0.0134207;0.283549;0.00944073;0.299814;0.0027329;0.29942;0.00216753;0.278637;0.00734421;0.282406;0.00533281
274000;0.285321;0.0134105;0.283422;0.00942141;0.299686;0.00272718;0.299437;0.00216364;0.278671;0.00733127;0.282567;0.00532264
275000;0.2856;0.0133926;0.283132;0.00939951;0.299493;0.00272118;0.29942;0.00215983;0.279287;0.00732284;0.282498;0.00531207
276000;0.285548;0.0133671;0.283171;0.00938311;0.299542;0.00271628;0.299287;0.00215526;0.279215;0.007309;0.282591;0.00530307
277000;0.285661;0.0133456;0.282721;0.0093588;0.299569;0.00271125;0.299327;0.00215131;0.279009;0.00729463;0.282529;0.00529334
278000;0.284796;0.0133015;0.282518;0.00933863;0.299599;0.00270625;0.299268;0.0021472;0.279061;0.00728016;0.282322;0.00528228
279000;0.284586;0.0132728;0.282559;0.00932256;0.29955;0.00270094;0.299165;0.00214319;0.278719;0.00726473;0.282036;0.00527187
280000;0.284539;0.013248;0.282762;0.00930919;0.299693;0.00269653;0.299113;0.00213907;0.278739;0.00725167;0.281989;0.00526225
281000;0.28417;0.0132159;0.28256;0.00928935;0.299664;0.00269152;0.29916;0.0021354;0.278219;0.00723458;0.282048;0.00525437
282000;0.284767;0.0132062;0.28228;0.00926832;0.299676;0.0026867;0.299339;0.0021318;0.278335;0.0072228;0.282292;0.00524548
283000;0.28472;0.0131817;0.282242;0.00925131;0.299665;0.00268183;0.29927;0.00212783;0.278645;0.00721178;0.281979;0.00523503
284000;0.284355;0.0131501;0.282045;0.00923182;0.299745;0.00267741;0.299368;0.00212427;0.278915;0.00720028;0.281834;0.005225
285000;0.284151;0.0131223;0.282087;0.00921629;0.299674;0.0026723;0.299397;0.00212059;0.278711;0.00718735;0.281462;0.00521354
286000;0.283948;0.0130947;0.281813;0.00919575;0.299684;0.0026676;0.299434;0.00211702;0.278682;0.00717629;0.281484;0.00520348
287000;0.283432;0.0130601;0.282013;0.00918293;0.299618;0.0026625;0.29939;0.00211311;0.279053;0.00716814;0.281354;0.00519346
288000;0.283233;0.0130328;0.281976;0.00916639;0.299581;0.00265769;0.299434;0.00210956;0.279426;0.0071579;0.281425;0.00518423
289000;0.282566;0.012995;0.281783;0.00914742;0.299584;0.00265291;0.299427;0.00210574;0.279114;0.00714431;0.281115;0.00517468
290000;0.282216;0.0129646;0.281592;0.00912857;0.299561;0.00264807;0.299564;0.0021025;0.279129;0.00713044;0.28107;0.00516503
291000;0.28249;0.0129486;0.281401;0.00910983;0.299664;0.00264358;0.299536;0.00209851;0.27948;0.00711994;0.281146;0.00515702
292000;0.282762;0.0129326;0.28129;0.00909244;0.299678;0.00263911;0.299487;0.00209472;0.279773;0.00711192;0.28115;0.00514826
293000;0.28226;0.0128991;0.281719;0.00908375;0.299698;0.00263463;0.299612;0.00209152;0.27987;0.00709786;0.281122;0.00513896
294000;0.282223;0.0128763;0.281838;0.00907018;0.299656;0.00262987;0.299533;0.00208767;0.279437;0.00708269;0.281269;0.00513072
295000;0.28234;0.0128571;0.282033;0.00905789;0.299619;0.00262522;0.29964;0.00208436;0.279316;0.0070687;0.281134;0.00512043
296000;0.28215;0.0128311;0.282303;0.00904684;0.299629;0.00262064;0.299715;0.00208098;0.279565;0.00705777;0.281194;0.00511206
297000;0.28181;0.0128018;0.282724;0.00903824;0.299711;0.00261649;0.299741;0.0020775;0.279602;0.00704342;0.281374;0.00510428
298000;0.282079;0.0127863;0.282838;0.00902486;0.299792;0.00261226;0.299651;0.00207395;0.279591;0.00703449;0.281344;0.00509631
299000;0.282194;0.0127675;0.283405;0.00901867;0.299823;0.00260787;0.299661;0.00207048;0.279842;0.00702334;0.281177;0.00508789
300000;0.281706;0.0127353;0.284044;0.00901364;0.29973;0.00260307;0.299701;0.00206701;0.279696;0.00700984;0.280932;0.00507889
301000;0.282123;0.0127234;0.284152;0.00900035;0.29972;0.00259855;0.299812;0.00206391;0.279583;0.00699763;0.280678;0.00507036
302000;0.281938;0.0126982;0.284484;0.00899062;0.299657;0.00259394;0.299816;0.00206054;0.279941;0.00698803;0.280686;0.00506271
303000;0.281605;0.0126698;0.284367;0.00897394;0.299591;0.0025893;0.299815;0.00205697;0.27978;0.00697578;0.28072;0.0050537
304000;0.28172;0.0126515;0.284473;0.00896082;0.299503;0.00258457;0.299809;0.00205347;0.279667;0.00696431;0.280878;0.00504498
305000;0.281686;0.01263;0.284134;0.00894085;0.299502;0.00258017;0.299867;0.00205022;0.279788;0.00695414;0.280704;0.00503588
306000;0.281801;0.0126119;0.284018;0.00892444;0.299391;0.0025753;0.299792;0.00204657;0.279933;0.00694389;0.280901;0.00502864
307000;0.282651;0.0126102;0.283756;0.00890583;0.299406;0.00257101;0.299738;0.00204307;0.279938;0.00693203;0.280975;0.00501966
308000;0.282321;0.0125824;0.284157;0.00889756;0.299389;0.00256653;0.299796;0.00203992;0.280074;0.00692099;0.281029;0.00501166
309000;0.282432;0.0125645;0.283896;0.00887913;0.299292;0.00256188;0.299805;0.00203686;0.279891;0.00690794;0.281171;0.00500344
310000;0.282105;0.012537;0.284148;0.00886867;0.299247;0.00255747;0.299779;0.00203345;0.27977;0.0068946;0.281092;0.00499528
311000;0.282216;0.0125193;0.284398;0.00885825;0.299169;0.00255296;0.299809;0.00203027;0.280178;0.00688523;0.281016;0.00498773
312000;0.282037;0.0124952;0.284284;0.00884229;0.299209;0.00254896;0.299847;0.00202714;0.280311;0.00687492;0.280975;0.00497939
313000;0.281714;0.0124682;0.284388;0.00882974;0.299162;0.00254458;0.299769;0.0020235;0.280797;0.00686911;0.280685;0.00497103
314000;0.281537;0.0124444;0.284995;0.00882496;0.29912;0.00254034;0.299868;0.00202033;0.281171;0.00685981;0.280454;0.00496234
315000;0.281361;0.0124208;0.285167;0.00881357;0.299261;0.00253681;0.299932;0.00201761;0.281364;0.006848;0.280622;0.00495479
316000;0.281616;0.0124067;0.285482;0.0088044;0.299303;0.00253282;0.299995;0.00201448;0.281475;0.00683737;0.280553;0.00494632
317000;0.281156;0.0123771;0.285652;0.00879309;0.299302;0.00252875;0.299972;0.00201114;0.281633;0.00682975;0.280559;0.00493818
318000;0.280699;0.0123476;0.286176;0.0087872;0.299362;0.00252481;0.299858;0.00200758;0.282044;0.0068231;0.28061;0.00493011
319000;0.280528;0.0123245;0.286555;0.00877916;0.299304;0.00252051;0.299846;0.00200417;0.28218;0.00681426;0.280594;0.00492253
320000;0.2805;0.0123046;0.286862;0.00877005;0.299291;0.00251638;0.299899;0.00200107;0.282305;0.00680506;0.280706;0.00491446
321000;0.280049;0.0122756;0.287025;0.00875884;0.299265;0.00251228;0.299831;0.00199783;0.282287;0.00679435;0.280781;0.00490655
322000;0.27946;0.0122437;0.286766;0.00874133;0.299229;0.00250816;0.299857;0.00199485;0.282383;0.00678375;0.280738;0.00489885
323000;0.279435;0.0122242;0.286719;0.00872708;0.299363;0.00250474;0.299836;0.00199159;0.282195;0.00677401;0.280718;0.00489082
324000;0.279271;0.0122018;0.286951;0.00871708;0.29947;0.00250115;0.29976;0.0019882;0.282311;0.00676373;0.280708;0.00488317
325000;0.278968;0.0121764;0.286625;0.00869878;0.299522;0.00249741;0.29976;0.00198514;0.282624;0.00675488;0.280718;0.00487545
326000;0.278529;0.0121482;0.286578;0.00868473;0.299544;0.00249356;0.299778;0.00198223;0.282928;0.00674695;0.28078;0.00486812
327000;0.278369;0.0121262;0.286878;0.00867591;0.299626;0.00248994;0.299856;0.00197945;0.283252;0.00673797;0.28097;0.00486103
328000;0.278348;0.0121072;0.287382;0.00867019;0.299711;0.00248637;0.299803;0.00197618;0.282997;0.00672629;0.280744;0.00485298
329000;0.278052;0.0120824;0.287815;0.00866344;0.299671;0.00248242;0.299738;0.0019729;0.28304;0.00671898;0.280636;0.00484525
330000;0.277895;0.0120607;0.288108;0.00865465;0.299622;0.00247846;0.299774;0.00197008;0.283085;0.00670762;0.280669;0.0048371
331000;0.277329;0.0120303;0.288263;0.00864386;0.299696;0.00247502;0.299739;0.00196688;0.282811;0.0066955;0.280752;0.00483097
332000;0.277311;0.0120118;0.28794;0.00862605;0.299665;0.00247106;0.299692;0.00196398;0.28257;0.00668329;0.280689;0.00482305
333000;0.278244;0.0120137;0.288162;0.00861637;0.299698;0.00246739;0.2997;0.00196093;0.282785;0.00667566;0.280643;0.00481558
334000;0.277818;0.0119866;0.28818;0.00860372;0.299789;0.0024639;0.299654;0.00195784;0.282585;0.00666377;0.280714;0.00480773
335000;0.278069;0.0119741;0.287927;0.00858716;0.299923;0.00246052;0.299649;0.00195485;0.282414;0.00665246;0.28069;0.00479997
336000;0.277645;0.0119472;0.288013;0.00857563;0.299964;0.00245688;0.299716;0.0019521;0.282359;0.0066409;0.280749;0.00479297
337000;0.277492;0.0119262;0.28783;0.0085602;0.299968;0.00245318;0.299679;0.00194889;0.282328;0.00663132;0.280839;0.00478653
338000;0.277341;0.0119053;0.287848;0.0085478;0.300079;0.00244987;0.299631;0.00194575;0.282192;0.0066219;0.28067;0.00477875
339000;0.27759;0.011893;0.287666;0.00853252;0.300076;0.00244611;0.299527;0.00194255;0.28238;0.00661335;0.280668;0.00477248
340000;0.277572;0.0118752;0.287752;0.00852121;0.299986;0.00244209;0.299499;0.00193961;0.282356;0.00660227;0.280755;0.00476474
341000;0.277554;0.0118573;0.288035;0.00851285;0.299905;0.00243812;0.299493;0.00193659;0.282564;0.0065939;0.280866;0.0047568
342000;0.277007;0.0118284;0.288119;0.00850162;0.300015;0.00243483;0.299414;0.00193344;0.282482;0.00658344;0.280719;0.00474937
343000;0.276991;0.0118108;0.288203;0.00849043;0.300014;0.00243114;0.299428;0.00193062;0.282479;0.00657459;0.280688;0.00474157
344000;0.277369;0.0118016;0.288417;0.00848119;0.300044;0.00242759;0.299472;0.00192798;0.282432;0.00656423;0.280589;0.00473397
345000;0.277221;0.0117814;0.288237;0.00846627;0.300006;0.00242383;0.299483;0.00192502;0.282346;0.00655556;0.280556;0.004727
346000;0.277466;0.0117695;0.288515;0.00845806;0.299983;0.0024202;0.299535;0.00192241;0.282234;0.00654552;0.280834;0.00472102
347000;0.277579;0.0117549;0.288205;0.00844138;0.300066;0.00241686;0.29949;0.00191949;0.282469;0.0065372;0.280823;0.00471439
348000;0.277691;0.0117404;0.288417;0.0084323;0.300062;0.00241322;0.299512;0.00191684;0.282379;0.00652815;0.2807;0.00470658
349000;0.277674;0.0117232;0.288044;0.00841484;0.300078;0.00240975;0.299486;0.00191399;0.282017;0.00651722;0.280798;0.00469976
350000;0.277914;0.0117114;0.287997;0.00840213;0.300161;0.00240647;0.299436;0.00191103;0.282047;0.00650865;0.280645;0.00469241
351000;0.278412;0.0117051;0.288014;0.0083904;0.300145;0.00240294;0.299387;0.00190821;0.281923;0.00649957;0.280779;0.00468559
352000;0.27852;0.0116908;0.287967;0.0083778;0.300049;0.00239915;0.299455;0.00190577;0.281884;0.00649044;0.280889;0.00467907
353000;0.278244;0.0116684;0.287856;0.00836434;0.300142;0.00239585;0.299478;0.00190325;0.281668;0.00647895;0.28078;0.00467233
354000;0.278353;0.0116542;0.288065;0.00835551;0.300286;0.00239286;0.299488;0.00190058;0.281682;0.00647014;0.280911;0.00466608
355000;0.278078;0.0116321;0.287764;0.00833942;0.300224;0.00238926;0.299545;0.00189808;0.281867;0.00646257;0.280738;0.00465889
356000;0.277933;0.0116127;0.287782;0.00832795;0.300211;0.00238581;0.299536;0.00189526;0.281695;0.00645245;0.280698;0.00465206
357000;0.277534;0.0115882;0.287926;0.00831834;0.300184;0.00238225;0.299479;0.00189252;0.281654;0.00644196;0.280877;0.0046456
358000;0.27777;0.0115769;0.28769;0.00830336;0.300122;0.0023786;0.299493;0.00188985;0.281562;0.00643208;0.280954;0.00463892
359000;0.2775;0.0115551;0.287456;0.00828845;0.300139;0.00237523;0.299534;0.00188736;0.281675;0.00642311;0.281085;0.00463285
360000;0.276981;0.0115283;0.287789;0.00828166;0.300141;0.00237192;0.299422;0.00188449;0.281582;0.00641261;0.281154;0.00462757
361000;0.27684;0.0115095;0.288307;0.00827753;0.300202;0.00236876;0.299404;0.00188178;0.281389;0.00640238;0.281289;0.00462218
362000;0.27695;0.0114958;0.288136;0.00826366;0.300174;0.00236533;0.299423;0.00187906;0.281342;0.00639443;0.281262;0.00461612
363000;0.27706;0.0114822;0.287903;0.00824898;0.300064;0.00236157;0.299474;0.00187652;0.281266;0.00638652;0.281245;0.00460919
364000;0.276796;0.011461;0.288355;0.00824402;0.300033;0.00235817;0.299483;0.00187386;0.280957;0.00637605;0.28129;0.0046029
365000;0.276781;0.011445;0.288246;0.00823119;0.299954;0.00235461;0.299467;0.00187121;0.28098;0.00636757;0.281247;0.00459654
366000;0.276272;0.0114189;0.288139;0.00821842;0.299884;0.00235099;0.299452;0.00186873;0.280955;0.00635859;0.281217;0.00459034
367000;0.276259;0.0114031;0.287785;0.00820225;0.299908;0.00234782;0.299479;0.00186624;0.280782;0.0063502;0.281283;0.00458358
368000;0.276246;0.0113873;0.287495;0.00818702;0.299909;0.00234449;0.299491;0.00186367;0.281014;0.00634277;0.281341;0.00457711
369000;0.275988;0.0113666;0.286961;0.00816842;0.29988;0.00234116;0.299434;0.00186101;0.281014;0.00633449;0.28123;0.00457043
370000;0.276342;0.0113585;0.286613;0.00815249;0.299912;0.00233804;0.299476;0.00185859;0.280848;0.00632551;0.281155;0.0045646
371000;0.276451;0.0113454;0.286694;0.00814263;0.299896;0.00233484;0.29945;0.00185599;0.280919;0.00631913;0.281056;0.00455811
372000;0.276681;0.0113348;0.286836;0.00813366;0.299912;0.00233164;0.29943;0.00185333;0.280967;0.00631025;0.281062;0.004552
373000;0.276788;0.0113218;0.286795;0.00812218;0.299971;0.00232871;0.299467;0.00185096;0.281156;0.00630213;0.28107;0.00454707
374000;0.276532;0.0113014;0.286996;0.00811411;0.299939;0.00232539;0.299526;0.0018486;0.280757;0.00629195;0.281127;0.00454151
375000;0.276398;0.0112836;0.287135;0.00810523;0.299899;0.00232201;0.299544;0.00184617;0.280815;0.00628417;0.2812;0.00453529
376000;0.276024;0.011261;0.287093;0.00809387;0.299796;0.00231851;0.299486;0.00184347;0.280631;0.00627499;0.281198;0.00452951
377000;0.276011;0.0112458;0.287052;0.00808255;0.299853;0.00231558;0.299408;0.00184076;0.280731;0.00626577;0.281107;0.00452314
378000;0.275999;0.0112307;0.28719;0.00807377;0.299836;0.00231236;0.299343;0.00183801;0.280535;0.00625669;0.281053;0.00451729
379000;0.276465;0.0112253;0.28697;0.00806005;0.299924;0.00230951;0.299276;0.00183532;0.280376;0.00624634;0.281203;0.00451148
380000;0.276452;0.0112102;0.287107;0.00805135;0.299881;0.00230632;0.299218;0.00183285;0.280138;0.00623642;0.281135;0.00450444
381000;0.27727;0.0112119;0.287007;0.00803939;0.299994;0.00230358;0.299216;0.00183036;0.280075;0.00622738;0.281037;0.00449804
382000;0.276899;0.0111898;0.287321;0.0080332;0.299902;0.00230018;0.299196;0.00182793;0.280007;0.00621916;0.281074;0.00449179
383000;0.277712;0.0111915;0.287398;0.00802376;0.299898;0.00229705;0.299195;0.00182569;0.280009;0.00621029;0.280861;0.00448575
384000;0.27746;0.0111719;0.287298;0.00801192;0.299956;0.00229419;0.299193;0.0018233;0.279811;0.00620101;0.280989;0.00448012
385000;0.277209;0.0111523;0.287257;0.00800095;0.299968;0.00229122;0.299079;0.00182048;0.279765;0.00619351;0.281138;0.00447452
386000;0.277312;0.0111399;0.287391;0.00799243;0.299939;0.00228811;0.299165;0.00181828;0.279596;0.00618419;0.281138;0.00446888
387000;0.277063;0.0111206;0.287526;0.00798393;0.299883;0.00228482;0.299204;0.00181608;0.27945;0.00617501;0.281204;0.00446366
388000;0.276582;0.0110966;0.287659;0.00797546;0.299815;0.00228159;0.299149;0.00181356;0.279136;0.00616538;0.281266;0.00445802
389000;0.276336;0.0110775;0.287675;0.00796543;0.299759;0.00227835;0.299157;0.00181118;0.27912;0.00615625;0.281226;0.0044518
390000;0.276091;0.0110584;0.287344;0.00795069;0.299809;0.00227551;0.299104;0.00180874;0.279;0.00614776;0.281012;0.00444592
391000;0.275848;0.0110394;0.28713;0.00793759;0.299774;0.00227239;0.299137;0.00180649;0.278798;0.00613856;0.280962;0.00444015
392000;0.275491;0.0110182;0.28709;0.00792691;0.299774;0.00226944;0.299061;0.00180395;0.278943;0.00613041;0.281057;0.00443511
393000;0.27525;0.0109994;0.28705;0.00791628;0.299757;0.00226653;0.299094;0.00180177;0.278844;0.00612145;0.281185;0.00442894
394000;0.275011;0.0109807;0.286666;0.00790101;0.299711;0.00226336;0.299122;0.00179954;0.279136;0.00611343;0.281372;0.00442406
395000;0.275116;0.0109689;0.286513;0.00788892;0.299752;0.00226058;0.299067;0.00179706;0.279231;0.0061067;0.281373;0.00441803
396000;0.274993;0.0109526;0.286246;0.00787533;0.299697;0.00225746;0.299043;0.00179477;0.279029;0.00609811;0.281466;0.00441221
397000;0.275326;0.0109453;0.286323;0.00786645;0.299668;0.00225452;0.299085;0.00179261;0.279053;0.00609001;0.28153;0.00440702
398000;0.275202;0.0109292;0.286229;0.00785528;0.29962;0.00225156;0.29912;0.00179045;0.279034;0.00608144;0.281381;0.00440133
399000;0.27542;0.0109197;0.286362;0.00784723;0.29966;0.00224878;0.299169;0.00178833;0.279047;0.00607336;0.281357;0.00439559
400000;0.275523;0.0109081;0.286381;0.00783768;0.299753;0.00224626;0.299215;0.00178624;0.279285;0.0060674;0.281228;0.00438966
401000;0.275738;0.0108987;0.286175;0.00782511;0.299783;0.00224349;0.299173;0.00178388;0.279432;0.00606173;0.281212;0.00438476
402000;0.275503;0.0108805;0.286194;0.00781564;0.29972;0.00224045;0.299088;0.0017814;0.27965;0.00605555;0.281195;0.00437913
403000;0.275717;0.0108712;0.286158;0.00780544;0.299705;0.00223747;0.299061;0.0017791;0.279623;0.00604774;0.281202;0.00437398
404000;0.276043;0.0108641;0.286009;0.00779378;0.299681;0.00223457;0.299103;0.00177687;0.27968;0.00604122;0.281389;0.00436849
405000;0.275696;0.0108439;0.286029;0.00778442;0.299702;0.00223182;0.299163;0.00177479;0.279613;0.00603309;0.281271;0.00436265
406000;0.275463;0.010826;0.286105;0.00777584;0.299736;0.0022291;0.299139;0.00177244;0.279611;0.00602559;0.281224;0.00435736
407000;0.275675;0.0108169;0.285735;0.00776133;0.299789;0.00222649;0.299158;0.00177023;0.279718;0.00602011;0.281217;0.00435232
408000;0.276108;0.010812;0.285423;0.00774763;0.299765;0.00222358;0.299113;0.0017678;0.279812;0.00601276;0.281233;0.00434677
409000;0.276208;0.0108007;0.285555;0.00773992;0.2997;0.00222067;0.299122;0.0017656;0.279885;0.00600682;0.281222;0.0043406
410000;0.276417;0.0107916;0.285244;0.00772633;0.299735;0.00221804;0.299082;0.00176335;0.279654;0.00599841;0.281182;0.00433464
411000;0.275854;0.0107676;0.285266;0.00771721;0.299772;0.00221529;0.299073;0.00176124;0.279524;0.00599039;0.281394;0.0043301
412000;0.275734;0.0107522;0.285068;0.00770519;0.299786;0.00221263;0.299082;0.00175918;0.279448;0.00598339;0.281377;0.00432486
413000;0.275504;0.0107347;0.284761;0.00769177;0.299722;0.00220971;0.299117;0.00175713;0.27969;0.00597767;0.28151;0.0043204
414000;0.275385;0.0107194;0.284565;0.00767986;0.299709;0.00220696;0.299124;0.00175501;0.279789;0.0059696;0.28136;0.00431467
415000;0.275485;0.0107084;0.284261;0.00766655;0.29979;0.00220449;0.299182;0.00175302;0.279889;0.0059627;0.281214;0.00430879
416000;0.275475;0.0106954;0.28423;0.00765692;0.299795;0.00220173;0.299222;0.00175094;0.279855;0.00595583;0.281509;0.00430438
417000;0.275574;0.0106844;0.284308;0.00764877;0.299715;0.00219876;0.29922;0.00174884;0.279759;0.00594825;0.281567;0.00429907
418000;0.275239;0.0106652;0.284223;0.00763849;0.299666;0.0021959;0.299298;0.00174681;0.279822;0.0059419;0.281583;0.00429379
419000;0.275014;0.0106481;0.284192;0.00762897;0.299677;0.00219328;0.29936;0.00174477;0.279868;0.00593526;0.281345;0.00428827
420000;0.274898;0.0106332;0.284162;0.00761948;0.299679;0.00219059;0.299295;0.00174245;0.27996;0.00592856;0.281406;0.0042838
421000;0.27489;0.0106204;0.284508;0.00761499;0.299677;0.00218793;0.299326;0.0017404;0.27992;0.00592256;0.281199;0.00427804
422000;0.274882;0.0106077;0.284584;0.00760697;0.299674;0.00218522;0.299373;0.00173847;0.279869;0.00591617;0.281314;0.00427314
423000;0.274874;0.010595;0.284767;0.00760039;0.299602;0.00218235;0.29944;0.00173653;0.280004;0.00590936;0.281258;0.00426787
424000;0.275293;0.0105905;0.284682;0.0075903;0.29962;0.00217978;0.299384;0.00173422;0.28001;0.00590258;0.281234;0.00426278
425000;0.275496;0.0105819;0.285024;0.00758585;0.299563;0.00217698;0.29935;0.00173215;0.280091;0.00589587;0.281285;0.00425784
426000;0.275487;0.0105693;0.284939;0.00757583;0.299568;0.00217433;0.299413;0.00173025;0.280073;0.00588848;0.281282;0.00425265
427000;0.275371;0.0105547;0.285013;0.00756793;0.299631;0.00217191;0.299523;0.00172857;0.280111;0.00588241;0.281071;0.00424642
428000;0.275151;0.0105382;0.284823;0.00755659;0.299687;0.00216943;0.299554;0.00172654;0.280231;0.00587587;0.280989;0.00424134
429000;0.275037;0.0105237;0.284686;0.00754599;0.299705;0.00216694;0.299467;0.00172414;0.280196;0.00586918;0.281017;0.00423636
430000;0.275239;0.0105153;0.284656;0.00753681;0.299724;0.00216431;0.299414;0.00172203;0.280079;0.00586207;0.281184;0.00423246
431000;0.27523;0.0105029;0.28473;0.00752903;0.299726;0.00216178;0.299399;0.00172006;0.279924;0.00585501;0.28137;0.00422816
432000;0.274907;0.0104847;0.284699;0.00751991;0.299694;0.00215911;0.299463;0.00171813;0.279879;0.00584773;0.281537;0.00422404
433000;0.275213;0.0104783;0.284355;0.00750674;0.299717;0.00215656;0.299447;0.00171604;0.279964;0.0058431;0.28153;0.00421963
434000;0.275308;0.0104681;0.284169;0.00749567;0.299674;0.00215388;0.299391;0.00171388;0.280061;0.00583869;0.281579;0.0042149
435000;0.275403;0.0104578;0.284504;0.0074914;0.29969;0.00215143;0.299381;0.00171195;0.280015;0.00583177;0.281499;0.00420987
436000;0.275291;0.0104437;0.284837;0.00748713;0.299727;0.00214905;0.299395;0.00171008;0.279887;0.00582402;0.281665;0.0042051
437000;0.275075;0.0104277;0.284755;0.00747749;0.299761;0.00214663;0.299333;0.00170802;0.279955;0.00581743;0.281787;0.00420013
438000;0.275066;0.0104156;0.284828;0.00746989;0.299694;0.00214396;0.299355;0.0017061;0.280145;0.00581131;0.281739;0.00419518
439000;0.275161;0.0104055;0.284488;0.00745698;0.299659;0.00214138;0.299259;0.00170392;0.28035;0.00580594;0.281668;0.00419004
440000;0.274844;0.0103877;0.284818;0.00745277;0.299764;0.00213925;0.299234;0.00170184;0.280431;0.00579887;0.281774;0.00418478
441000;0.274324;0.0103662;0.285044;0.00744724;0.299681;0.00213646;0.299208;0.0016997;0.28065;0.00579387;0.281849;0.00418014
442000;0.27401;0.0103486;0.284962;0.00743775;0.299718;0.0021341;0.299179;0.00169772;0.280596;0.00578626;0.281914;0.00417618
443000;0.273902;0.0103348;0.284881;0.0074283;0.299701;0.00213158;0.29916;0.00169572;0.280729;0.00578216;0.281938;0.00417141
444000;0.273795;0.0103212;0.284749;0.00741823;0.299724;0.00212923;0.299108;0.00169382;0.280859;0.00577607;0.281858;0.00416691
445000;0.274501;0.0103228;0.28477;0.00741016;0.299717;0.00212673;0.29907;0.00169184;0.280925;0.00576985;0.281713;0.00416211
446000;0.2749;0.0103187;0.28479;0.00740212;0.299709;0.00212429;0.299046;0.00168986;0.281043;0.00576409;0.281693;0.00415782
447000;0.274892;0.010307;0.284609;0.0073915;0.299692;0.00212181;0.299091;0.00168808;0.281238;0.00575743;0.28148;0.0041528
448000;0.274481;0.0102878;0.284478;0.00738158;0.299688;0.00211945;0.299122;0.00168633;0.281352;0.00575083;0.281506;0.00414831
449000;0.274575;0.0102781;0.284298;0.00737105;0.299673;0.002117;0.299226;0.00168478;0.281295;0.00574344;0.281542;0.00414398
450000;0.27487;0.0102721;0.284471;0.00736506;0.299661;0.00211461;0.299196;0.00168279;0.281366;0.00573754;0.281363;0.00413891
451000;0.275263;0.010268;0.284492;0.00735716;0.299757;0.00211252;0.299186;0.00168078;0.281544;0.00573137;0.281362;0.00413419
452000;0.275055;0.0102528;0.284563;0.00734993;0.29967;0.00210981;0.299183;0.00167894;0.281448;0.00572368;0.281417;0.00413032
453000;0.274847;0.0102376;0.284584;0.00734208;0.299774;0.00210771;0.299167;0.00167695;0.281209;0.00571626;0.281567;0.00412641
454000;0.27474;0.0102244;0.284605;0.00733425;0.299803;0.00210542;0.299164;0.00167517;0.281201;0.00571042;0.281666;0.00412277
455000;0.274434;0.0102075;0.284676;0.00732709;0.299826;0.00210317;0.299137;0.00167326;0.281384;0.00570555;0.281619;0.00411806
456000;0.274626;0.0101998;0.284647;0.00731868;0.299869;0.00210097;0.299179;0.00167146;0.281366;0.00569949;0.281503;0.00411338
457000;0.274421;0.0101849;0.284519;0.00730905;0.299879;0.00209864;0.299157;0.00166966;0.281681;0.00569438;0.281603;0.00410912
458000;0.274513;0.0101755;0.284194;0.00729695;0.299928;0.00209645;0.299161;0.00166777;0.28157;0.00568752;0.28156;0.00410469
459000;0.274113;0.010157;0.284117;0.00728802;0.300033;0.00209445;0.299121;0.00166575;0.281588;0.00568066;0.281569;0.00410001
460000;0.273812;0.0101404;0.283893;0.00727726;0.30003;0.00209217;0.299136;0.00166393;0.281691;0.00567425;0.281624;0.00409542
461000;0.273708;0.0101275;0.283817;0.0072684;0.299974;0.00208964;0.299088;0.00166201;0.281564;0.005667;0.281618;0.00409054
462000;0.273997;0.0101218;0.283643;0.00725833;0.300057;0.00208761;0.29911;0.00166031;0.281691;0.00566159;0.281667;0.00408655
463000;0.27409;0.0101126;0.283763;0.00725201;0.300065;0.00208536;0.299112;0.00165849;0.281616;0.00565481;0.281706;0.0040828
464000;0.274084;0.0101016;0.283542;0.0072414;0.30001;0.0020829;0.299158;0.00165681;0.281922;0.00565119;0.281643;0.00407782
465000;0.273884;0.0100871;0.283808;0.00723695;0.299957;0.00208046;0.299104;0.00165493;0.281941;0.0056454;0.281614;0.00407347
466000;0.27417;0.0100815;0.28383;0.00722946;0.299933;0.00207804;0.299119;0.00165311;0.281767;0.00563897;0.281578;0.00406896
467000;0.274067;0.0100688;0.283658;0.00721956;0.29992;0.00207567;0.299102;0.00165128;0.281809;0.00563326;0.281545;0.00406504
468000;0.274448;0.010065;0.283438;0.00720909;0.29996;0.00207353;0.299076;0.00164944;0.281602;0.00562635;0.281623;0.00406092
469000;0.274635;0.0100576;0.283558;0.00720289;0.299964;0.00207128;0.299053;0.00164767;0.28139;0.00562067;0.281552;0.00405688
470000;0.274435;0.0100433;0.283628;0.00719611;0.299989;0.00206909;0.299073;0.00164599;0.281196;0.00561448;0.281633;0.00405299
471000;0.274333;0.0100308;0.28365;0.00718874;0.300079;0.00206717;0.299064;0.00164419;0.281458;0.00560899;0.281533;0.00404877
472000;0.274614;0.0100253;0.283624;0.0071808;0.300096;0.00206499;0.299059;0.00164248;0.281497;0.00560258;0.281488;0.00404455
473000;0.274608;0.0100145;0.283599;0.00717288;0.300172;0.00206301;0.299046;0.00164068;0.281581;0.00559741;0.281515;0.00404071
474000;0.274219;0.00999692;0.283621;0.00716559;0.300111;0.0020606;0.299028;0.00163887;0.281653;0.00559083;0.281411;0.0040367
475000;0.274118;0.00998457;0.2835;0.00715653;0.300078;0.00205826;0.299006;0.00163707;0.281814;0.00558562;0.281372;0.00403269
476000;0.274303;0.00997741;0.283665;0.00715106;0.299987;0.00205577;0.299058;0.00163545;0.281752;0.00557909;0.281331;0.0040286
477000;0.274202;0.00996512;0.283781;0.00714501;0.299966;0.00205356;0.299058;0.00163368;0.281785;0.00557439;0.281343;0.00402445
478000;0.274291;0.0099563;0.283614;0.00713545;0.299952;0.00205133;0.299014;0.00163195;0.281621;0.00556849;0.281284;0.00402021
479000;0.274285;0.00994579;0.283635;0.00712827;0.299938;0.00204911;0.299092;0.00163042;0.281394;0.00556089;0.28126;0.00401602
480000;0.273996;0.00993023;0.283751;0.00712228;0.299846;0.00204661;0.299097;0.00162867;0.281089;0.00555386;0.28118;0.00401128
481000;0.274085;0.0099215;0.283632;0.00711339;0.299849;0.00204446;0.299098;0.00162701;0.281079;0.00554805;0.281293;0.00400742
482000;0.274079;0.0099111;0.283466;0.00710396;0.299993;0.00204271;0.299112;0.00162537;0.280883;0.00554149;0.281313;0.00400336
483000;0.274355;0.00990578;0.283628;0.00709861;0.299898;0.00204026;0.299185;0.00162386;0.280937;0.00553522;0.281232;0.0039994
484000;0.274816;0.00990381;0.283603;0.00709096;0.299967;0.00203835;0.299233;0.00162222;0.280864;0.00552963;0.281195;0.00399502
485000;0.275183;0.00990014;0.283578;0.00708333;0.299893;0.00203598;0.299159;0.00162037;0.280994;0.00552473;0.281169;0.00399062
486000;0.275454;0.0098948;0.283739;0.00707803;0.299923;0.00203398;0.299096;0.00161853;0.280895;0.00551839;0.281302;0.00398668
487000;0.27526;0.00988118;0.283575;0.00706873;0.299895;0.00203177;0.299141;0.00161698;0.280698;0.00551183;0.281282;0.0039826
488000;0.275345;0.00987256;0.283689;0.00706289;0.299838;0.00202949;0.299112;0.00161518;0.280586;0.00550532;0.281238;0.00397874
489000;0.275152;0.00985903;0.283432;0.00705252;0.299802;0.00202724;0.299104;0.00161359;0.280759;0.00550121;0.28107;0.00397387
490000;0.27496;0.00984554;0.283362;0.00704445;0.299751;0.00202502;0.299107;0.00161191;0.280562;0.00549488;0.281032;0.00396959
491000;0.27486;0.00983374;0.283384;0.00703754;0.299782;0.00202295;0.299088;0.00161016;0.280492;0.00548963;0.280942;0.00396551
492000;0.275497;0.00983505;0.283589;0.0070329;0.299772;0.00202089;0.299129;0.0016086;0.280314;0.00548356;0.280925;0.00396156
493000;0.275581;0.00982655;0.283978;0.00703051;0.299792;0.00201883;0.29912;0.00160695;0.280386;0.00547843;0.281027;0.00395784
494000;0.275572;0.00981645;0.283861;0.00702197;0.299826;0.00201685;0.299115;0.00160523;0.280171;0.00547158;0.280973;0.0039539
495000;0.275381;0.00980315;0.283927;0.00701568;0.299839;0.00201477;0.299097;0.00160348;0.280258;0.00546674;0.281054;0.00394945
496000;0.2751;0.00978829;0.283902;0.0070083;0.299789;0.0020125;0.299101;0.00160191;0.280097;0.00545992;0.280876;0.00394482
497000;0.275001;0.0097767;0.283922;0.00700149;0.299801;0.00201051;0.299124;0.00160037;0.280089;0.00545446;0.280816;0.00394076
498000;0.275085;0.00976835;0.283988;0.00699526;0.299845;0.00200854;0.299168;0.0015988;0.280208;0.0054494;0.280771;0.00393734
499000;0.275531;0.00976642;0.284054;0.00698904;0.299846;0.00200651;0.299198;0.00159723;0.280192;0.0054433;0.280679;0.00393361
500000;0.275613;0.0097581;0.284074;0.00698229;0.299843;0.00200453;0.299168;0.00159561;0.280274;0.00543814;0.280747;0.0039297
501000;0.275695;0.00974979;0.283913;0.00697337;0.299835;0.00200249;0.299147;0.00159398;0.280182;0.00543302;0.280708;0.00392586
502000;0.276138;0.00974784;0.283618;0.00696285;0.299736;0.00200021;0.299132;0.00159236;0.280061;0.00542612;0.280683;0.003922
503000;0.276038;0.0097364;0.283459;0.006954;0.299749;0.00199825;0.299062;0.0015905;0.280081;0.0054206;0.280451;0.00391717
504000;0.27585;0.00972344;0.283614;0.00694898;0.299714;0.0019961;0.299053;0.00158892;0.279956;0.00541486;0.280256;0.00391276
505000;0.27602;0.00971679;0.28359;0.0069418;0.299763;0.00199422;0.298981;0.00158721;0.279821;0.00540856;0.280162;0.00390828
506000;0.275922;0.00970546;0.283432;0.00693303;0.299818;0.00199238;0.298943;0.00158554;0.279738;0.00540267;0.279931;0.00390351
507000;0.276091;0.00969885;0.283498;0.00692698;0.299848;0.00199051;0.298965;0.00158391;0.279734;0.0053978;0.2798;0.00389924
508000;0.27626;0.00969224;0.283474;0.00691988;0.299799;0.00198839;0.298966;0.0015823;0.279863;0.00539247;0.27983;0.00389547
509000;0.276251;0.00968255;0.283406;0.00691226;0.299702;0.00198609;0.298982;0.00158078;0.279661;0.00538582;0.279788;0.00389206
510000;0.27633;0.00967443;0.283427;0.00690573;0.299735;0.0019842;0.299042;0.00157934;0.279628;0.00537995;0.279683;0.00388815
511000;0.27694;0.00967556;0.283448;0.00689922;0.299663;0.00198207;0.298984;0.00157772;0.279562;0.00537394;0.279649;0.00388407
512000;0.277018;0.00966746;0.283513;0.00689326;0.299695;0.00198021;0.298991;0.00157613;0.279459;0.00536784;0.279661;0.00388066
513000;0.277095;0.00965937;0.283445;0.00688572;0.299743;0.00197838;0.299016;0.00157462;0.279565;0.00536368;0.279662;0.003877
514000;0.27682;0.00964521;0.283378;0.00687821;0.299678;0.00197622;0.298955;0.00157286;0.279704;0.00535933;0.279608;0.00387294
515000;0.27681;0.00963566;0.283267;0.0068702;0.299728;0.0019744;0.299007;0.00157142;0.279644;0.0053541;0.279604;0.003869
516000;0.276449;0.00962007;0.283288;0.00686379;0.299677;0.0019723;0.299015;0.0015699;0.279549;0.00534807;0.279721;0.00386551
517000;0.276352;0.00960909;0.282959;0.00685322;0.299645;0.00197032;0.299001;0.00156834;0.279567;0.00534237;0.279694;0.00386153
518000;0.27643;0.00960115;0.282805;0.00684477;0.299618;0.00196832;0.299024;0.00156686;0.279414;0.00533667;0.279728;0.00385776
519000;0.276333;0.00959023;0.282783;0.00683791;0.299652;0.00196641;0.299058;0.00156532;0.279403;0.00533117;0.27977;0.00385404
520000;0.276236;0.00957934;0.282631;0.00682952;0.29964;0.00196448;0.299077;0.00156386;0.279323;0.0053259;0.279748;0.00385085
521000;0.276488;0.00957447;0.282523;0.00682167;0.29964;0.00196257;0.299067;0.00156234;0.279143;0.00531983;0.279678;0.00384678
522000;0.276825;0.00957109;0.282632;0.00681643;0.299567;0.00196044;0.299042;0.00156074;0.279043;0.00531509;0.279749;0.00384364
523000;0.277247;0.00956918;0.282697;0.00681068;0.299516;0.00195838;0.299023;0.0015592;0.279219;0.0053116;0.279712;0.00384007
524000;0.27715;0.00955837;0.282934;0.006807;0.29954;0.00195655;0.299054;0.00155783;0.279119;0.00530578;0.279609;0.0038362
525000;0.277053;0.0095476;0.282956;0.00680077;0.299575;0.00195479;0.299078;0.0015564;0.278953;0.00529974;0.27986;0.00383309
526000;0.276956;0.00953687;0.282934;0.00679404;0.299618;0.00195301;0.29905;0.00155484;0.279066;0.0052957;0.279906;0.00383009
527000;0.276945;0.00952764;0.282912;0.00678733;0.299645;0.0019512;0.299066;0.00155331;0.279061;0.00529088;0.279868;0.00382591
528000;0.276849;0.00951697;0.282719;0.00677862;0.299697;0.00194951;0.299046;0.00155179;0.279094;0.00528638;0.27984;0.00382198
529000;0.276668;0.00950488;0.282954;0.00677499;0.299663;0.00194755;0.298993;0.00155021;0.279121;0.0052811;0.279707;0.0038178
530000;0.276573;0.00949428;0.28289;0.00676783;0.299661;0.00194566;0.299006;0.00154879;0.279052;0.00527579;0.279743;0.0038145
531000;0.276563;0.00948517;0.282911;0.00676171;0.299643;0.00194379;0.299031;0.0015474;0.279019;0.00527083;0.279782;0.00381115
532000;0.276384;0.00947319;0.282889;0.0067551;0.299633;0.00194192;0.299002;0.00154586;0.278918;0.00526502;0.279909;0.00380799
533000;0.276374;0.00946415;0.282995;0.00675;0.299653;0.00194006;0.299005;0.00154429;0.278861;0.0052605;0.279851;0.00380439
534000;0.27645;0.00945656;0.282762;0.00674093;0.299709;0.00193841;0.299001;0.00154278;0.278877;0.00525535;0.279814;0.00380088
535000;0.276525;0.009449;0.282783;0.00673488;0.29974;0.00193666;0.29904;0.00154146;0.278823;0.00524945;0.279732;0.00379691
536000;0.276431;0.00943859;0.282973;0.00673082;0.29965;0.00193458;0.299051;0.00154005;0.278941;0.00524397;0.279783;0.00379381
537000;0.276338;0.00942821;0.283078;0.00672578;0.29978;0.00193312;0.299074;0.00153872;0.278887;0.00523937;0.279642;0.00378974
538000;0.276749;0.00942641;0.283056;0.00671928;0.299784;0.0019313;0.299038;0.00153715;0.278881;0.005234;0.279733;0.00378671
539000;0.276571;0.00941466;0.283034;0.00671279;0.29975;0.00192941;0.299046;0.00153575;0.278882;0.00522835;0.279487;0.00378238
540000;0.276562;0.00940577;0.28339;0.00671073;0.299784;0.00192769;0.299045;0.00153434;0.27899;0.00522398;0.279554;0.00377864
541000;0.276552;0.00939692;0.283201;0.00670231;0.299897;0.00192617;0.299018;0.00153281;0.279096;0.00522033;0.279463;0.00377501
542000;0.27646;0.00938668;0.283179;0.00669587;0.299901;0.00192435;0.299016;0.00153136;0.278995;0.00521467;0.279453;0.00377117
543000;0.27645;0.00937788;0.282991;0.00668751;0.299944;0.0019227;0.298996;0.00152988;0.278861;0.00520899;0.279395;0.00376759
544000;0.276358;0.0093677;0.28272;0.0066782;0.299897;0.00192077;0.299094;0.00152866;0.278926;0.00520411;0.279388;0.00376414
545000;0.276432;0.00936034;0.282616;0.00667087;0.299844;0.00191879;0.299069;0.00152721;0.279006;0.00520001;0.279458;0.00376099
546000;0.276671;0.00935579;0.282637;0.006665;0.299943;0.00191728;0.299086;0.00152588;0.279218;0.00519683;0.279349;0.00375704
547000;0.276414;0.00934291;0.282493;0.00665722;0.300031;0.00191575;0.29906;0.0015245;0.279204;0.00519153;0.279503;0.00375362
548000;0.276487;0.00933561;0.282679;0.00665331;0.299975;0.00191381;0.299046;0.00152307;0.279143;0.00518636;0.279502;0.00374981
549000;0.276396;0.00932557;0.282865;0.0066494;0.299979;0.00191204;0.299108;0.00152189;0.279194;0.00518211;0.279306;0.0037458
550000;0.276551;0.0093197;0.282967;0.00664454;0.299973;0.00191026;0.299098;0.00152053;0.279111;0.00517682;0.279493;0.00374284
551000;0.276542;0.00931108;0.283029;0.00663922;0.299953;0.00190847;0.299096;0.00151912;0.278989;0.00517131;0.279423;0.00373934
552000;0.276615;0.00930386;0.282967;0.00663249;0.299941;0.00190667;0.299144;0.00151787;0.27897;0.00516627;0.279408;0.00373612
553000;0.276851;0.00929938;0.2827;0.00662341;0.299918;0.00190488;0.299167;0.00151655;0.279169;0.00516281;0.279401;0.00373255
554000;0.276678;0.0092881;0.282762;0.00661814;0.299877;0.00190304;0.299119;0.0015151;0.279116;0.00515838;0.279455;0.00372938
555000;0.276587;0.00927821;0.282578;0.00661005;0.299844;0.0019012;0.299122;0.00151372;0.279061;0.00515314;0.27945;0.00372577
556000;0.276659;0.00927107;0.282477;0.00660294;0.299904;0.00189963;0.299092;0.00151229;0.279179;0.00514972;0.279538;0.00372288
557000;0.276812;0.00926529;0.282376;0.00659584;0.299893;0.00189784;0.299086;0.00151098;0.279147;0.00514518;0.279461;0.00371926
558000;0.27664;0.00925413;0.282194;0.00658783;0.299957;0.00189627;0.299055;0.00150957;0.279268;0.00514114;0.279348;0.00371551
559000;0.276388;0.00924166;0.281932;0.00657892;0.299891;0.00189435;0.299091;0.00150832;0.279235;0.00513627;0.279455;0.00371228
560000;0.276379;0.00923326;0.281954;0.00657329;0.29989;0.00189263;0.299066;0.00150691;0.279245;0.00513329;0.279434;0.00370893
561000;0.276371;0.00922488;0.282258;0.00657093;0.299882;0.00189088;0.299123;0.00150581;0.279286;0.00512926;0.279523;0.00370605
562000;0.276362;0.00921652;0.282158;0.00656393;0.299882;0.00188916;0.299116;0.00150444;0.279418;0.00512512;0.279582;0.00370322
563000;0.276433;0.00920952;0.282139;0.00655788;0.299901;0.00188749;0.299121;0.00150317;0.279477;0.00512115;0.279585;0.00370028
564000;0.276425;0.00920121;0.28212;0.00655185;0.299914;0.00188581;0.299125;0.00150185;0.279367;0.0051157;0.279499;0.00369699
565000;0.276576;0.00919556;0.282221;0.00654721;0.299986;0.00188434;0.299109;0.00150047;0.279452;0.0051119;0.27942;0.00369398
566000;0.276647;0.0091886;0.282402;0.00654349;0.300027;0.00188276;0.299114;0.00149915;0.279487;0.00510732;0.27945;0.00369088
567000;0.276638;0.00918035;0.282423;0.00653795;0.299974;0.00188092;0.299128;0.00149785;0.279577;0.00510347;0.2794;0.00368737
568000;0.276549;0.0091708;0.282403;0.00653197;0.299919;0.00187908;0.299167;0.00149655;0.279572;0.005099;0.279269;0.00368347
569000;0.276301;0.00915866;0.282424;0.00652647;0.299898;0.00187737;0.299175;0.00149527;0.279556;0.00509422;0.279247;0.00367973
570000;0.276214;0.00914918;0.282166;0.0065178;0.299918;0.00187576;0.29916;0.00149396;0.27964;0.00508958;0.279145;0.00367618
571000;0.276284;0.00914233;0.282148;0.00651188;0.299897;0.00187406;0.299177;0.0014927;0.279553;0.00508483;0.279056;0.00367239
572000;0.276276;0.00913419;0.282129;0.00650597;0.299872;0.00187231;0.299161;0.00149134;0.279532;0.00507988;0.279018;0.00366907
573000;0.27611;0.00912349;0.28211;0.00650008;0.299928;0.00187083;0.299147;0.00148994;0.279515;0.00507458;0.278867;0.00366546
574000;0.27618;0.0091167;0.282249;0.006496;0.299935;0.00186918;0.29912;0.00148856;0.279678;0.00507065;0.278904;0.00366226
575000;0.276408;0.0091125;0.282231;0.00649013;0.29996;0.00186757;0.299103;0.00148719;0.279526;0.00506524;0.278997;0.00365901
576000;0.276321;0.00910316;0.281937;0.00648116;0.299981;0.00186595;0.299082;0.00148589;0.279649;0.00506191;0.27893;0.00365568
577000;0.276626;0.00910026;0.281801;0.00647401;0.29996;0.00186421;0.299078;0.00148463;0.279822;0.00505791;0.278949;0.00365275
578000;0.276774;0.00909479;0.28194;0.00646997;0.299964;0.00186261;0.299052;0.00148322;0.279822;0.00505579;0.279009;0.00364949
579000;0.276608;0.00908423;0.281883;0.00646374;0.299937;0.00186092;0.299079;0.00148202;0.279886;0.00505208;0.279099;0.0036465
580000;0.276599;0.00907626;0.281787;0.00645708;0.299911;0.00185918;0.299036;0.00148066;0.279867;0.00504766;0.279102;0.00364336
581000;0.276513;0.00906703;0.281652;0.00645;0.299899;0.0018575;0.299034;0.00147936;0.280024;0.00504367;0.279079;0.00363994
582000;0.276271;0.0090553;0.281712;0.00644513;0.299911;0.00185593;0.299016;0.00147804;0.280141;0.00503987;0.279089;0.0036366
583000;0.276185;0.00904613;0.281772;0.00644028;0.29995;0.00185441;0.298997;0.00147678;0.280066;0.00503575;0.279154;0.00363369
584000;0.275944;0.00903447;0.281755;0.00643456;0.299907;0.00185271;0.29904;0.00147561;0.280277;0.00503261;0.279163;0.00363046
585000;0.276323;0.0090329;0.28166;0.00642799;0.299947;0.00185119;0.299032;0.00147434;0.280292;0.00502775;0.27918;0.00362771
586000;0.276392;0.00902631;0.281719;0.00642318;0.299955;0.00184961;0.299039;0.00147303;0.280154;0.00502244;0.27904;0.0036243
587000;0.276153;0.00901473;0.281663;0.00641707;0.299968;0.00184803;0.298995;0.00147171;0.280097;0.00501761;0.279091;0.00362149
588000;0.276068;0.00900569;0.2818;0.00641315;0.299973;0.00184648;0.298996;0.00147047;0.279951;0.00501285;0.279063;0.00361853
589000;0.275829;0.00899418;0.281898;0.0064088;0.299986;0.00184488;0.299013;0.00146917;0.280013;0.00500857;0.279064;0.00361501
590000;0.276205;0.00899264;0.281842;0.00640274;0.299973;0.00184325;0.299029;0.00146785;0.280085;0.00500513;0.279017;0.00361174
591000;0.276351;0.00898737;0.281747;0.00639626;0.299972;0.00184166;0.298996;0.00146651;0.279917;0.0050001;0.278931;0.00360836
592000;0.276419;0.00898088;0.281654;0.00638981;0.29997;0.00184012;0.299005;0.00146529;0.279958;0.00499573;0.279132;0.00360578
593000;0.276181;0.00896947;0.281751;0.00638551;0.299949;0.0018385;0.298947;0.00146391;0.279912;0.00499156;0.279155;0.00360263
594000;0.276021;0.00895933;0.281695;0.00637951;0.29994;0.00183691;0.298884;0.00146259;0.279716;0.00498596;0.279076;0.00359972
595000;0.276089;0.0089529;0.282058;0.0063782;0.299946;0.00183532;0.298878;0.00146136;0.279585;0.00498109;0.279054;0.00359672
596000;0.276006;0.00894404;0.28223;0.00637476;0.29999;0.00183392;0.298843;0.00146008;0.279346;0.00497529;0.279067;0.00359375
597000;0.276377;0.00894252;0.282212;0.00636922;0.300029;0.00183249;0.298841;0.00145882;0.279381;0.00497133;0.279018;0.00359044
598000;0.276293;0.00893369;0.282156;0.00636327;0.299965;0.0018308;0.298815;0.00145759;0.279291;0.004967;0.278973;0.0035873
599000;0.276663;0.00893216;0.282101;0.00635734;0.299884;0.00182903;0.298785;0.00145627;0.279448;0.00496386;0.278892;0.00358406
600000;0.276579;0.00892337;0.28197;0.00635059;0.299872;0.00182744;0.29879;0.00145511;0.279566;0.00496035;0.278714;0.00358056
601000;0.276721;0.00891822;0.282178;0.00634761;0.299945;0.00182606;0.298803;0.00145394;0.279648;0.00495645;0.27884;0.00357795
602000;0.277238;0.00891908;0.282048;0.00634089;0.29988;0.00182434;0.298776;0.00145266;0.279623;0.00495179;0.278801;0.00357458
603000;0.277453;0.00891512;0.281918;0.00633419;0.299789;0.00182255;0.298725;0.0014513;0.279685;0.00494776;0.278643;0.00357091
604000;0.277219;0.008904;0.282088;0.00633083;0.299791;0.00182101;0.298767;0.0014502;0.279593;0.00494355;0.2787;0.00356809
605000;0.277284;0.00889767;0.282107;0.00632581;0.29979;0.00181949;0.298755;0.00144899;0.279491;0.00493876;0.278735;0.0035651
606000;0.277125;0.0088878;0.282388;0.0063237;0.299766;0.00181785;0.298793;0.00144784;0.279596;0.00493579;0.278784;0.0035622
607000;0.276892;0.00887676;0.282631;0.00632117;0.299765;0.00181634;0.298772;0.00144656;0.279616;0.004932;0.278742;0.00355907
608000;0.276883;0.00886932;0.282762;0.00631741;0.299807;0.0018149;0.29877;0.00144541;0.279663;0.00492846;0.27869;0.00355615
609000;0.2768;0.00886071;0.28278;0.00631242;0.299772;0.00181331;0.298793;0.00144428;0.279637;0.00492408;0.278751;0.00355341
610000;0.276569;0.00884977;0.28265;0.00630582;0.299745;0.00181173;0.298742;0.00144298;0.279647;0.00492025;0.278708;0.00355025
611000;0.276634;0.00884356;0.282706;0.00630127;0.299781;0.0018103;0.298733;0.00144179;0.279821;0.00491749;0.278712;0.00354729
612000;0.2767;0.00883738;0.282762;0.00629673;0.299821;0.0018089;0.298729;0.00144064;0.279801;0.00491249;0.2787;0.00354421
613000;0.276765;0.0088312;0.282669;0.00629058;0.299844;0.00180745;0.298715;0.00143943;0.279767;0.00490836;0.278702;0.00354125
614000;0.276756;0.00882387;0.282762;0.00628646;0.29985;0.00180594;0.298746;0.00143822;0.279897;0.00490474;0.278797;0.00353836
615000;0.276454;0.00881189;0.28278;0.00628155;0.299866;0.00180448;0.298787;0.00143712;0.279923;0.00490136;0.278678;0.00353502
616000;0.276739;0.00880926;0.282615;0.00627464;0.299839;0.00180293;0.29878;0.00143604;0.28;0.00489778;0.278654;0.00353184
617000;0.276657;0.00880082;0.28256;0.00626895;0.299789;0.00180133;0.298816;0.00143496;0.28;0.0048937;0.278632;0.00352881
618000;0.276649;0.00879357;0.282615;0.00626448;0.299784;0.00179985;0.298821;0.00143383;0.279912;0.00488912;0.278678;0.00352637
619000;0.276421;0.00878287;0.282597;0.00625922;0.299799;0.00179841;0.298845;0.00143273;0.27981;0.00488447;0.27887;0.0035242
620000;0.27634;0.0087745;0.282616;0.00625438;0.299852;0.00179709;0.298844;0.00143152;0.279758;0.00488018;0.278885;0.0035217
621000;0.276405;0.00876846;0.282707;0.00625034;0.299834;0.00179553;0.298845;0.00143036;0.279623;0.00487555;0.278911;0.00351882
622000;0.276325;0.00876014;0.282834;0.0062467;0.299862;0.00179417;0.298835;0.00142921;0.279648;0.00487221;0.279047;0.00351666
623000;0.276026;0.00874841;0.28278;0.00624109;0.299889;0.00179275;0.298852;0.0014281;0.279642;0.00486782;0.27893;0.00351353
624000;0.276309;0.00874584;0.282617;0.00623431;0.29981;0.0017911;0.298889;0.00142698;0.279758;0.00486396;0.279049;0.00351129
625000;0.276084;0.00873531;0.282744;0.0062307;0.299821;0.00178967;0.298876;0.00142579;0.279718;0.00485969;0.279146;0.00350857
626000;0.275788;0.00872367;0.282545;0.00622356;0.299755;0.00178806;0.298828;0.00142452;0.279807;0.00485568;0.279148;0.00350557
627000;0.275636;0.00871433;0.282527;0.0062184;0.299758;0.00178661;0.2988;0.00142333;0.279805;0.00485111;0.279074;0.00350264
628000;0.275341;0.00870276;0.282582;0.00621404;0.299707;0.00178505;0.298831;0.00142224;0.279739;0.00484662;0.279049;0.00349986
629000;0.275263;0.00869461;0.282528;0.00620852;0.29969;0.00178363;0.298858;0.00142109;0.279807;0.00484252;0.278927;0.00349655
630000;0.275329;0.00868874;0.28251;0.0062034;0.2997;0.00178224;0.298858;0.00142005;0.279656;0.00483808;0.278924;0.00349366
631000;0.275466;0.00868401;0.282385;0.00619712;0.299741;0.00178091;0.298924;0.00141904;0.279669;0.00483414;0.27897;0.0034908
632000;0.275388;0.00867591;0.282404;0.00619242;0.29972;0.00177943;0.298935;0.00141794;0.279679;0.00482992;0.279001;0.00348821
633000;0.275168;0.0086656;0.282494;0.0061885;0.299738;0.00177803;0.298914;0.00141681;0.279684;0.00482627;0.278912;0.00348553
634000;0.275162;0.00865868;0.282548;0.0061842;0.299729;0.00177658;0.298921;0.00141565;0.279678;0.00482267;0.278813;0.00348245
635000;0.27537;0.0086551;0.282637;0.00618029;0.299765;0.00177528;0.298905;0.00141453;0.279682;0.00481933;0.278845;0.00347972
636000;0.275648;0.00865264;0.282691;0.00617601;0.2997;0.00177368;0.298927;0.00141345;0.279726;0.0048161;0.278862;0.00347715
637000;0.275855;0.00864906;0.282708;0.00617135;0.299699;0.00177226;0.298931;0.00141234;0.27964;0.00481195;0.278894;0.00347437
638000;0.275848;0.00864217;0.28262;0.00616556;0.2997;0.00177084;0.29893;0.00141132;0.279693;0.00480843;0.27886;0.00347164
639000;0.275841;0.0086353;0.282673;0.00616131;0.299667;0.00176936;0.298914;0.00141018;0.279789;0.00480507;0.278898;0.00346887
640000;0.275622;0.00862515;0.28262;0.00615592;0.29966;0.00176794;0.298923;0.00140916;0.279774;0.00480095;0.278984;0.00346642
641000;0.275757;0.00862051;0.28285;0.00615359;0.299647;0.0017665;0.299002;0.0014082;0.279836;0.00479744;0.27903;0.00346385
642000;0.275609;0.0086115;0.282903;0.00614936;0.299667;0.00176519;0.299035;0.00140713;0.279795;0.00479325;0.278947;0.00346064
643000;0.275673;0.0086058;0.282955;0.00614514;0.299657;0.00176377;0.298978;0.0014059;0.279806;0.00478932;0.278984;0.00345842
644000;0.275596;0.00859792;0.283078;0.00614168;0.299631;0.00176233;0.298903;0.00140467;0.279858;0.00478624;0.278991;0.00345587
645000;0.275519;0.00859007;0.282849;0.00613447;0.299636;0.00176096;0.29893;0.00140368;0.279759;0.00478225;0.279143;0.0034532
646000;0.275513;0.00858332;0.282972;0.00613103;0.299642;0.0017596;0.298949;0.00140265;0.279796;0.00477912;0.27906;0.00345036
647000;0.275577;0.00857767;0.282849;0.00612498;0.299647;0.00175822;0.298939;0.00140153;0.279532;0.00477465;0.279013;0.00344784
648000;0.275361;0.00856771;0.282936;0.00612118;0.299614;0.00175672;0.298918;0.00140042;0.279461;0.00477037;0.279078;0.00344554
649000;0.275494;0.00856317;0.282884;0.0061159;0.299624;0.0017554;0.298904;0.00139932;0.279454;0.00476681;0.27919;0.00344326
650000;0.275419;0.00855541;0.282866;0.00611101;0.299612;0.00175396;0.298933;0.00139828;0.279326;0.00476237;0.279204;0.00344076
651000;0.275274;0.0085466;0.282849;0.00610613;0.299654;0.00175269;0.298859;0.00139701;0.279238;0.00475858;0.279204;0.00343789
652000;0.275198;0.00853888;0.28297;0.00610273;0.299616;0.00175122;0.298903;0.00139599;0.279143;0.00475514;0.279154;0.00343509
653000;0.275262;0.00853332;0.282952;0.00609787;0.299615;0.00174987;0.298894;0.00139484;0.279152;0.00475131;0.279136;0.00343214
654000;0.275394;0.00852883;0.283038;0.00609412;0.299632;0.00174853;0.298905;0.00139374;0.27915;0.00474756;0.27922;0.00342988
655000;0.275181;0.00851904;0.282917;0.00608818;0.299617;0.00174713;0.298861;0.00139261;0.279083;0.00474333;0.279336;0.00342763
656000;0.275037;0.00851033;0.282693;0.00608116;0.299636;0.00174582;0.298874;0.00139152;0.279011;0.00473912;0.279319;0.00342544
657000;0.27517;0.00850589;0.282744;0.00607708;0.299617;0.00174442;0.298868;0.00139048;0.27904;0.00473665;0.279245;0.0034225
658000;0.275233;0.00850039;0.282762;0.00607264;0.29961;0.00174309;0.298849;0.0013894;0.279043;0.00473289;0.279213;0.00341968
659000;0.275364;0.00849595;0.282642;0.00606676;0.299571;0.00174164;0.298861;0.0013883;0.278979;0.00472893;0.279236;0.00341749
660000;0.275564;0.00849257;0.282487;0.00606053;0.299565;0.00174028;0.298906;0.00138729;0.278974;0.0047253;0.279158;0.00341464
661000;0.275353;0.00848291;0.282334;0.00605432;0.299613;0.00173906;0.298899;0.00138625;0.279019;0.00472228;0.279184;0.00341259
662000;0.27521;0.00847432;0.282352;0.00604993;0.299561;0.00173758;0.298887;0.00138522;0.27903;0.00471899;0.279152;0.00340976
663000;0.275546;0.00847305;0.282335;0.00604519;0.299533;0.00173615;0.298829;0.00138401;0.278895;0.00471479;0.279171;0.00340722
664000;0.275471;0.00846554;0.282591;0.00604334;0.299491;0.0017347;0.298832;0.00138295;0.27897;0.00471162;0.27918;0.0034046
665000;0.275329;0.008457;0.282643;0.00603934;0.299489;0.00173339;0.298834;0.00138189;0.279035;0.00470846;0.279258;0.00340229
666000;0.275323;0.00845056;0.282694;0.00603534;0.299476;0.00173202;0.298827;0.00138083;0.279124;0.00470536;0.279244;0.00339981
667000;0.275182;0.00844207;0.282813;0.00603207;0.299422;0.00173058;0.298807;0.00137972;0.279071;0.00470123;0.279269;0.00339693
668000;0.275312;0.00843772;0.283033;0.00602987;0.299433;0.00172928;0.29879;0.00137863;0.279032;0.00469714;0.279299;0.00339445
669000;0.275509;0.00843441;0.282948;0.00602446;0.299474;0.00172807;0.298774;0.00137753;0.279077;0.00469326;0.279277;0.00339188
670000;0.275368;0.00842597;0.282829;0.00601872;0.299487;0.00172678;0.298781;0.00137653;0.278987;0.00468929;0.279268;0.00338932
671000;0.275429;0.00842063;0.28288;0.00601477;0.299461;0.00172541;0.298787;0.00137551;0.279026;0.00468546;0.27935;0.00338687
672000;0.275895;0.00842142;0.282694;0.00600834;0.299451;0.00172407;0.298825;0.0013746;0.279095;0.00468188;0.27936;0.00338444
673000;0.275955;0.00841608;0.282778;0.00600476;0.299467;0.00172277;0.298855;0.00137364;0.27913;0.00467815;0.279284;0.00338171
674000;0.275881;0.00840872;0.282728;0.00599978;0.299428;0.00172136;0.298856;0.0013726;0.279057;0.00467394;0.279302;0.00337919
675000;0.275875;0.00840239;0.282477;0.0059927;0.299459;0.00172016;0.298829;0.00137159;0.279144;0.00467072;0.279335;0.0033767
676000;0.275734;0.00839405;0.282394;0.00598739;0.299387;0.00171868;0.298838;0.00137061;0.279212;0.0046676;0.279411;0.00337425
677000;0.275862;0.00838977;0.282444;0.0059835;0.299423;0.00171748;0.298849;0.00136962;0.279211;0.00466415;0.279473;0.00337183
678000;0.275855;0.00838348;0.282528;0.00597996;0.29941;0.00171615;0.298823;0.00136854;0.279188;0.00466063;0.279409;0.0033693
679000;0.275716;0.0083752;0.282412;0.00597434;0.299413;0.00171485;0.298801;0.00136746;0.279254;0.00465798;0.279424;0.00336676
680000;0.27551;0.00836593;0.282296;0.00596874;0.29939;0.00171351;0.298809;0.0013665;0.278994;0.00465357;0.279474;0.00336437
681000;0.275504;0.0083597;0.28218;0.00596315;0.299327;0.00171209;0.298802;0.00136551;0.279177;0.00465097;0.279422;0.00336182
682000;0.275697;0.00835647;0.282165;0.00595861;0.299341;0.00171086;0.298808;0.0013645;0.279291;0.00464791;0.279461;0.00335982
683000;0.275691;0.00835026;0.282447;0.00595719;0.299366;0.00170964;0.298783;0.00136339;0.279066;0.00464358;0.279401;0.00335747
684000;0.275486;0.00834108;0.282398;0.00595232;0.299394;0.00170845;0.298765;0.00136236;0.279045;0.00463984;0.279459;0.00335528
685000;0.275414;0.0083339;0.282448;0.0059485;0.299455;0.00170734;0.298753;0.00136134;0.279098;0.0046368;0.27947;0.00335265
686000;0.275276;0.00832576;0.282366;0.00594331;0.299408;0.00170593;0.298765;0.00136036;0.279155;0.00463371;0.279358;0.00335005
687000;0.275139;0.00831763;0.282383;0.00593916;0.29939;0.00170462;0.298762;0.00135936;0.279263;0.00463122;0.279365;0.00334753
688000;0.275265;0.00831348;0.282532;0.00593638;0.299358;0.00170327;0.298771;0.00135838;0.279399;0.00462852;0.279272;0.0033447
689000;0.275325;0.00830835;0.282351;0.0059302;0.299391;0.0017021;0.298767;0.00135738;0.279308;0.00462493;0.27925;0.00334213
690000;0.275385;0.00830322;0.282368;0.00592608;0.299413;0.00170089;0.298759;0.00135636;0.279251;0.0046214;0.27928;0.00333967
691000;0.275445;0.00829811;0.282254;0.00592061;0.299363;0.0016995;0.298791;0.00135544;0.279255;0.00461806;0.279273;0.00333713
692000;0.275309;0.00829007;0.282337;0.00591718;0.299376;0.00169832;0.298763;0.00135435;0.279279;0.00461512;0.279351;0.00333476
693000;0.275564;0.0082879;0.282321;0.00591275;0.299415;0.00169718;0.298762;0.0013533;0.279337;0.00461176;0.279405;0.00333247
694000;0.275428;0.00827989;0.28224;0.00590765;0.299354;0.00169579;0.298803;0.00135237;0.279331;0.00460805;0.279427;0.00333036
695000;0.275422;0.00827385;0.28216;0.00590257;0.299416;0.0016947;0.298796;0.00135141;0.279176;0.00460424;0.279442;0.003328
696000;0.275741;0.00827267;0.282534;0.00590219;0.299395;0.00169342;0.298753;0.00135029;0.279188;0.00460095;0.279463;0.00332549
697000;0.275605;0.0082647;0.282713;0.0058998;0.299428;0.00169226;0.298767;0.00134932;0.279189;0.00459789;0.279489;0.00332305
698000;0.27547;0.00825676;0.282567;0.00589407;0.299387;0.0016909;0.298732;0.00134827;0.279085;0.00459392;0.279554;0.0033207
699000;0.275464;0.00825077;0.282746;0.00589169;0.299402;0.0016897;0.298703;0.00134719;0.279181;0.00459106;0.279667;0.00331862
700000;0.275458;0.00824479;0.2826;0.00588598;0.299423;0.00168851;0.298686;0.00134615;0.279123;0.00458746;0.279734;0.00331635
701000;0.275453;0.00823882;0.282713;0.00588294;0.299435;0.00168729;0.298681;0.00134521;0.279064;0.0045836;0.279732;0.00331409
702000;0.275511;0.00823382;0.282633;0.00587793;0.299425;0.00168608;0.298699;0.00134433;0.279056;0.00458066;0.279812;0.00331173
703000;0.275441;0.00822692;0.282746;0.0058749;0.299447;0.00168488;0.298693;0.00134333;0.279048;0.00457762;0.27971;0.00330926
704000;0.275371;0.00822004;0.282794;0.00587122;0.299456;0.00168369;0.298732;0.00134248;0.279002;0.0045745;0.279793;0.00330708
705000;0.275558;0.00821698;0.282746;0.00586656;0.299377;0.00168231;0.298741;0.00134151;0.278939;0.00457077;0.279682;0.00330453
706000;0.275424;0.00820917;0.282858;0.00586356;0.299413;0.00168119;0.298762;0.00134062;0.278977;0.00456735;0.279657;0.00330187
707000;0.275291;0.00820139;0.283034;0.0058612;0.2994;0.00167995;0.298709;0.00133954;0.279011;0.00456397;0.279769;0.00329962
708000;0.275285;0.00819551;0.283209;0.00585886;0.299412;0.00167879;0.298703;0.00133854;0.279078;0.00456181;0.279686;0.00329696
709000;0.275407;0.00819154;0.283352;0.00585618;0.299357;0.00167745;0.298687;0.00133755;0.279046;0.0045581;0.279597;0.00329457
710000;0.275402;0.00818569;0.283335;0.00585188;0.299277;0.00167603;0.298697;0.00133664;0.279124;0.00455502;0.279663;0.00329239
711000;0.275396;0.00817985;0.283255;0.00584695;0.29928;0.00167485;0.29865;0.0013356;0.279144;0.00455215;0.279544;0.00328986
712000;0.275709;0.0081787;0.283461;0.00584494;0.299267;0.00167364;0.298661;0.00133465;0.279126;0.0045488;0.279605;0.00328768
713000;0.275893;0.00817568;0.283539;0.00584163;0.299278;0.00167247;0.298651;0.0013337;0.2793;0.00454719;0.279593;0.00328557
714000;0.276077;0.00817266;0.283585;0.00583801;0.299217;0.00167116;0.298655;0.00133274;0.279353;0.00454408;0.279621;0.00328332
715000;0.27626;0.00816964;0.283568;0.00583376;0.299182;0.00166989;0.298637;0.00133176;0.279353;0.00454084;0.279715;0.00328126
716000;0.276253;0.00816383;0.283678;0.00583079;0.299206;0.00166876;0.298631;0.00133077;0.279271;0.00453725;0.279589;0.00327874
717000;0.27631;0.00815896;0.283598;0.00582591;0.299188;0.00166756;0.298603;0.00132976;0.279158;0.004534;0.279678;0.00327667
718000;0.27624;0.00815226;0.283707;0.00582296;0.299165;0.00166635;0.298576;0.00132879;0.279159;0.00453112;0.279673;0.00327432
719000;0.276359;0.00814833;0.283753;0.00581937;0.299249;0.00166538;0.298508;0.00132772;0.279172;0.00452821;0.27961;0.00327223
720000;0.276478;0.00814441;0.283893;0.00581675;0.299278;0.0016643;0.298495;0.00132673;0.279085;0.00452455;0.279484;0.00326997
721000;0.276408;0.00813774;0.283907;0.00581285;0.299272;0.0016631;0.298479;0.00132578;0.279105;0.00452093;0.279473;0.00326762
722000;0.276464;0.00813292;0.283733;0.00580707;0.299223;0.00166178;0.298509;0.00132485;0.27911;0.00451751;0.279528;0.00326509
723000;0.276582;0.00812902;0.283685;0.00580257;0.299189;0.00166053;0.29845;0.00132383;0.278975;0.00451362;0.27954;0.00326297
724000;0.27695;0.00812877;0.283637;0.00579807;0.299159;0.00165928;0.298474;0.00132299;0.278999;0.00451072;0.279478;0.00326055
725000;0.277005;0.00812396;0.283557;0.00579327;0.299115;0.001658;0.298505;0.00132215;0.278865;0.00450713;0.279541;0.00325827
726000;0.276997;0.00811825;0.283572;0.00578943;0.299087;0.00165678;0.298502;0.00132126;0.278769;0.0045039;0.27953;0.00325577
727000;0.277052;0.00811346;0.283524;0.00578496;0.299047;0.00165555;0.298454;0.00132021;0.278687;0.00450059;0.27957;0.00325337
728000;0.276858;0.00810506;0.283383;0.00577957;0.299011;0.00165432;0.298443;0.00131931;0.27854;0.00449704;0.279574;0.00325098
729000;0.277161;0.00810391;0.283212;0.00577388;0.299027;0.00165318;0.298431;0.00131842;0.278523;0.00449378;0.279584;0.00324887
730000;0.277153;0.00809824;0.283072;0.00576851;0.299005;0.00165196;0.298392;0.00131743;0.278445;0.00449049;0.279619;0.00324665
731000;0.277269;0.00809438;0.283056;0.00576441;0.298962;0.00165073;0.298437;0.00131662;0.27842;0.00448727;0.279731;0.00324467
732000;0.276952;0.00808425;0.282947;0.00575938;0.298948;0.00164952;0.298455;0.00131576;0.278487;0.0044848;0.279729;0.00324257
733000;0.277438;0.00808578;0.283147;0.00575746;0.298978;0.00164846;0.298491;0.00131491;0.27832;0.0044812;0.27975;0.00324037
734000;0.277368;0.00807926;0.283224;0.0057543;0.298992;0.00164734;0.298494;0.00131406;0.278284;0.00447825;0.279686;0.00323779
735000;0.277422;0.00807454;0.283054;0.00574868;0.298994;0.0016462;0.298508;0.00131317;0.278239;0.004475;0.279859;0.00323576
736000;0.277229;0.00806627;0.282946;0.00574369;0.298985;0.00164506;0.298467;0.00131218;0.278248;0.00447234;0.279908;0.0032338
737000;0.277283;0.00806157;0.283053;0.00574087;0.298978;0.00164389;0.298459;0.0013113;0.278244;0.00446911;0.279944;0.00323172
738000;0.277459;0.00805864;0.283099;0.00573744;0.299007;0.00164284;0.298448;0.00131042;0.278399;0.00446669;0.279979;0.00322943
739000;0.277328;0.00805131;0.282808;0.00573064;0.298992;0.00164169;0.298454;0.0013095;0.278207;0.00446264;0.279956;0.00322715
740000;0.277198;0.00804399;0.282701;0.0057257;0.298969;0.00164047;0.298459;0.0013086;0.278239;0.00445956;0.279998;0.00322504
741000;0.277129;0.00803757;0.282716;0.00572198;0.298962;0.00163932;0.298439;0.00130769;0.278123;0.00445609;0.280006;0.00322304
742000;0.277305;0.00803467;0.28264;0.00571737;0.29904;0.00163838;0.298461;0.00130686;0.278142;0.00445324;0.279985;0.00322089
743000;0.27754;0.00803265;0.282686;0.00571398;0.299047;0.00163726;0.29848;0.00130604;0.278025;0.00445014;0.27997;0.00321862
744000;0.27735;0.00802451;0.282579;0.00570907;0.299061;0.00163619;0.2985;0.00130521;0.278042;0.00444708;0.279973;0.00321664
745000;0.277403;0.00801989;0.282777;0.00570721;0.299074;0.0016351;0.298449;0.00130422;0.278051;0.00444418;0.279815;0.00321418
746000;0.277455;0.00801526;0.282944;0.00570504;0.299003;0.0016338;0.29845;0.00130332;0.277954;0.00444064;0.279819;0.00321214
747000;0.27775;0.00801413;0.282868;0.00570047;0.298993;0.00163268;0.29843;0.00130241;0.277932;0.00443764;0.279836;0.00320989
748000;0.277742;0.00800865;0.282731;0.0056953;0.298968;0.00163154;0.29844;0.00130157;0.277947;0.00443474;0.279769;0.00320771
749000;0.277794;0.00800404;0.283018;0.00569435;0.298926;0.00163033;0.298463;0.00130072;0.278121;0.00443238;0.279831;0.00320595
750000;0.277845;0.00799945;0.282882;0.0056892;0.298892;0.00162915;0.298448;0.00129979;0.278212;0.00442992;0.279871;0.00320408
751000;0.277777;0.00799314;0.282867;0.00568526;0.298821;0.00162788;0.298428;0.00129888;0.278127;0.00442666;0.279959;0.0032019
752000;0.277407;0.00798254;0.283032;0.00568312;0.298818;0.00162676;0.298429;0.00129801;0.278059;0.00442355;0.279981;0.00319974
753000;0.277279;0.00797541;0.283047;0.00567949;0.298844;0.00162572;0.298426;0.0012971;0.277955;0.0044201;0.279972;0.00319749
754000;0.277331;0.00797086;0.282942;0.00567468;0.298874;0.00162469;0.298448;0.00129627;0.277778;0.00441668;0.279841;0.00319516
755000;0.277444;0.00796718;0.282837;0.00566988;0.298847;0.00162353;0.298411;0.00129532;0.277965;0.00441408;0.279843;0.00319326
756000;0.277256;0.00795924;0.282822;0.00566598;0.298819;0.0016224;0.29842;0.00129449;0.278016;0.00441118;0.279894;0.0031912
757000;0.277129;0.00795216;0.282807;0.00566209;0.29884;0.00162136;0.298447;0.00129365;0.27792;0.00440779;0.279827;0.00318906
758000;0.277181;0.00794766;0.282642;0.00565673;0.298829;0.00162029;0.298474;0.00129285;0.277935;0.00440487;0.279865;0.00318698
759000;0.276995;0.00793977;0.282568;0.00565227;0.298835;0.0016192;0.298488;0.00129206;0.277922;0.00440177;0.279763;0.00318458
760000;0.277047;0.00793529;0.282524;0.00564811;0.29885;0.00161814;0.298453;0.00129115;0.277913;0.00439862;0.279807;0.00318294
761000;0.276861;0.00792743;0.28245;0.00564367;0.298847;0.00161705;0.298488;0.00129035;0.278084;0.00439667;0.27988;0.00318083
762000;0.277151;0.00792635;0.282524;0.0056407;0.298864;0.001616;0.298516;0.00128955;0.278108;0.00439389;0.279886;0.00317881
763000;0.277381;0.00792441;0.282391;0.00563569;0.298831;0.00161484;0.298514;0.00128871;0.278226;0.00439128;0.279903;0.00317691
764000;0.277373;0.00791911;0.282495;0.00563302;0.298855;0.0016138;0.29857;0.00128796;0.278247;0.00438862;0.279919;0.00317487
765000;0.277365;0.00791383;0.282451;0.00562891;0.298828;0.00161271;0.298559;0.00128709;0.278237;0.00438581;0.279829;0.00317263
766000;0.277476;0.00791022;0.282555;0.00562625;0.298865;0.00161175;0.298532;0.00128618;0.278335;0.0043831;0.279788;0.00317025
767000;0.277409;0.00790412;0.282658;0.0056236;0.298879;0.00161073;0.298492;0.00128528;0.278573;0.00438112;0.279882;0.0031685
768000;0.277283;0.00789719;0.282791;0.00562124;0.298872;0.00160965;0.298446;0.00128434;0.278647;0.00437881;0.279943;0.0031665
769000;0.277217;0.00789112;0.282982;0.00561946;0.298858;0.0016086;0.298455;0.00128354;0.278644;0.00437556;0.280007;0.00316503
770000;0.277209;0.00788589;0.283055;0.00561653;0.298846;0.00160753;0.298437;0.00128269;0.278615;0.00437252;0.279865;0.0031626
771000;0.277084;0.00787901;0.283216;0.00561446;0.298852;0.00160648;0.298407;0.00128182;0.278563;0.00436948;0.279871;0.00316068
772000;0.277194;0.00787545;0.283143;0.0056101;0.298864;0.00160543;0.298427;0.00128101;0.278595;0.00436696;0.279901;0.0031586
773000;0.277187;0.00787025;0.283245;0.00560746;0.298891;0.00160445;0.29841;0.00128014;0.278568;0.00436418;0.279958;0.00315659
774000;0.277296;0.00786671;0.283112;0.00560255;0.298846;0.0016033;0.298409;0.00127933;0.278534;0.00436129;0.279973;0.00315448
775000;0.277347;0.00786235;0.283097;0.00559879;0.298872;0.00160231;0.298396;0.00127847;0.278532;0.00435834;0.280113;0.00315288
776000;0.277689;0.0078621;0.283112;0.00559532;0.298903;0.00160133;0.298397;0.00127766;0.278557;0.00435564;0.280118;0.00315084
777000;0.277681;0.00785693;0.283009;0.00559072;0.298907;0.00160026;0.298396;0.00127684;0.278543;0.00435294;0.280193;0.00314885
778000;0.277557;0.00785013;0.283023;0.00558726;0.298867;0.00159913;0.298327;0.00127589;0.278564;0.00434995;0.280226;0.00314687
779000;0.277607;0.00784579;0.28327;0.00558607;0.298842;0.00159806;0.29831;0.00127505;0.278665;0.00434814;0.280241;0.00314483
780000;0.277541;0.00783984;0.283139;0.00558122;0.298863;0.00159707;0.298316;0.00127427;0.278672;0.00434538;0.280296;0.00314308
781000;0.27765;0.00783633;0.283124;0.0055775;0.298895;0.00159614;0.298318;0.00127344;0.278726;0.00434264;0.280308;0.00314097
782000;0.277699;0.00783202;0.282906;0.00557182;0.298931;0.0015952;0.298298;0.00127256;0.278679;0.00433984;0.280199;0.00313849
783000;0.277807;0.00782852;0.282949;0.00556868;0.298893;0.0015941;0.298308;0.00127181;0.278695;0.00433691;0.280063;0.00313617
784000;0.277626;0.00782099;0.282906;0.0055647;0.298855;0.00159297;0.298315;0.00127109;0.278623;0.00433447;0.280032;0.00313401
785000;0.27756;0.00781509;0.282805;0.00556017;0.298867;0.00159196;0.298324;0.00127034;0.278532;0.00433132;0.280069;0.00313193
786000;0.27738;0.0078076;0.282675;0.00555538;0.29883;0.00159087;0.298354;0.00126959;0.278558;0.00432876;0.280066;0.00313011
787000;0.27743;0.00780333;0.28269;0.00555199;0.298829;0.00158986;0.298353;0.00126877;0.278445;0.00432588;0.280108;0.00312824
788000;0.277307;0.00779667;0.282647;0.00554805;0.298846;0.00158886;0.298359;0.00126797;0.278252;0.00432223;0.280067;0.00312626
789000;0.277472;0.00779403;0.282547;0.00554356;0.298874;0.0015879;0.298357;0.00126712;0.278207;0.00431919;0.279999;0.00312403
790000;0.277464;0.00778898;0.282504;0.00553964;0.298908;0.00158697;0.298368;0.00126633;0.278249;0.00431663;0.279995;0.00312221
791000;0.277228;0.00778076;0.282519;0.00553628;0.298927;0.00158601;0.298393;0.00126561;0.278216;0.00431339;0.279974;0.00312008
792000;0.277278;0.00777654;0.282505;0.00553265;0.298912;0.00158496;0.298392;0.00126483;0.278214;0.00431038;0.279998;0.00311815
793000;0.277442;0.00777392;0.282491;0.00552902;0.298895;0.00158391;0.298399;0.00126403;0.278163;0.00430721;0.280033;0.00311614
794000;0.277491;0.00776971;0.282363;0.0055243;0.298929;0.00158295;0.298397;0.00126322;0.278365;0.00430564;0.28006;0.00311421
795000;0.277882;0.00777026;0.282463;0.00552179;0.298968;0.00158204;0.298398;0.00126242;0.278347;0.00430258;0.280054;0.00311247
796000;0.277987;0.00776684;0.282421;0.00551792;0.298948;0.00158101;0.298389;0.00126155;0.278286;0.00429961;0.280048;0.00311054
797000;0.278093;0.00776343;0.282577;0.00551596;0.298901;0.0015799;0.298396;0.00126083;0.278261;0.00429678;0.280094;0.00310874
798000;0.278028;0.00775766;0.28262;0.00551292;0.298884;0.00157888;0.298363;0.00125997;0.278283;0.00429446;0.280175;0.00310694
799000;0.278133;0.00775426;0.282634;0.0055096;0.298859;0.0015778;0.298395;0.00125923;0.278206;0.00429135;0.280147;0.00310513
800000;0.278238;0.00775086;0.282762;0.00550739;0.298876;0.00157683;0.298405;0.00125846;0.278179;0.00428853;0.280158;0.00310301
801000;0.278229;0.0077459;0.282635;0.00550273;0.298854;0.0015758;0.298384;0.00125768;0.278129;0.00428587;0.280079;0.00310081
802000;0.278164;0.00774018;0.282649;0.00549943;0.298844;0.00157478;0.298405;0.00125693;0.278182;0.00428348;0.280022;0.00309866
803000;0.278212;0.00773602;0.282579;0.00549533;0.298853;0.00157381;0.298393;0.00125614;0.278169;0.00428069;0.280001;0.00309669
804000;0.278035;0.00772876;0.282621;0.00549232;0.298868;0.00157284;0.298409;0.00125538;0.278112;0.0042782;0.279906;0.00309476
805000;0.278308;0.00772772;0.282523;0.00548797;0.298883;0.00157191;0.298425;0.00125465;0.278096;0.00427548;0.279906;0.00309278
806000;0.278243;0.00772203;0.282621;0.0054855;0.298868;0.00157088;0.298423;0.00125387;0.278133;0.00427243;0.279911;0.00309089
807000;0.278291;0.0077179;0.282495;0.0054809;0.298935;0.00157005;0.298469;0.00125318;0.278085;0.00426951;0.279846;0.00308885
808000;0.278394;0.00771455;0.282426;0.00547684;0.298924;0.00156905;0.298498;0.00125245;0.278151;0.00426699;0.27978;0.00308657
809000;0.278386;0.00770967;0.282524;0.00547439;0.298967;0.00156818;0.298522;0.00125175;0.278123;0.00426418;0.279733;0.00308468
810000;0.278265;0.00770325;0.282706;0.00547275;0.298988;0.00156724;0.298514;0.00125096;0.278235;0.004262;0.279761;0.00308287
811000;0.278201;0.00769762;0.282692;0.00546924;0.298998;0.00156628;0.298503;0.00125017;0.278216;0.00425898;0.279723;0.00308081
812000;0.278249;0.00769353;0.282873;0.0054676;0.298976;0.00156526;0.29851;0.00124943;0.277951;0.00425549;0.279784;0.00307901
813000;0.278073;0.00768639;0.282943;0.0054649;0.298993;0.00156431;0.298513;0.00124865;0.277848;0.00425247;0.279811;0.00307712
814000;0.27801;0.00768079;0.282817;0.00546035;0.298991;0.00156333;0.298492;0.0012478;0.27786;0.00424973;0.279821;0.0030752
815000;0.278279;0.00767977;0.282831;0.00545713;0.298999;0.00156237;0.298489;0.00124705;0.277776;0.00424679;0.279866;0.00307342
816000;0.278326;0.00767571;0.2829;0.00545444;0.298991;0.00156137;0.298521;0.00124634;0.277746;0.00424484;0.279825;0.0030713
817000;0.278373;0.00767165;0.282859;0.00545071;0.298968;0.00156036;0.298565;0.00124563;0.277671;0.00424178;0.279754;0.00306933
818000;0.278475;0.00766836;0.282928;0.00544803;0.298939;0.00155932;0.298576;0.0012449;0.277646;0.00423941;0.279768;0.00306785
819000;0.278467;0.00766356;0.282969;0.0054451;0.298924;0.00155835;0.298592;0.00124419;0.277523;0.00423608;0.279783;0.00306587
820000;0.278679;0.00766179;0.2829;0.00544112;0.298917;0.00155736;0.298638;0.00124357;0.277599;0.0042338;0.279781;0.00306395
821000;0.278615;0.00765625;0.282831;0.00543715;0.298895;0.00155635;0.298649;0.00124286;0.277548;0.00423094;0.279777;0.00306186
822000;0.278551;0.00765072;0.282844;0.00543397;0.298886;0.00155536;0.298703;0.00124218;0.27752;0.00422794;0.279601;0.00305967
823000;0.278433;0.00764445;0.282803;0.00543027;0.298945;0.00155455;0.298704;0.00124141;0.277489;0.00422577;0.279635;0.00305784
824000;0.278479;0.00764044;0.282597;0.00542503;0.298987;0.00155369;0.298698;0.00124063;0.277487;0.00422278;0.279612;0.00305584
825000;0.278361;0.0076342;0.282474;0.00542057;0.299016;0.0015528;0.298731;0.00123994;0.277347;0.00421998;0.279609;0.00305385
826000;0.278188;0.00762723;0.28257;0.0054182;0.298999;0.00155181;0.298733;0.00123917;0.277379;0.00421743;0.279608;0.00305212
827000;0.278071;0.00762101;0.282474;0.00541402;0.299008;0.00155089;0.298737;0.00123842;0.277266;0.00421492;0.279681;0.00305032
828000;0.278063;0.0076163;0.282516;0.00541114;0.299012;0.00154995;0.298739;0.00123768;0.277368;0.0042129;0.279643;0.00304831
829000;0.278218;0.00761382;0.282639;0.00540904;0.299024;0.00154906;0.298704;0.00123686;0.277338;0.0042106;0.279637;0.00304661
830000;0.278156;0.00760838;0.282871;0.00540797;0.299004;0.00154807;0.2987;0.00123607;0.277375;0.00420827;0.279651;0.00304464
831000;0.278093;0.00760296;0.282911;0.0054051;0.298989;0.0015471;0.298699;0.00123534;0.277484;0.00420585;0.279619;0.00304263
832000;0.277868;0.00759532;0.282952;0.00540223;0.298988;0.00154617;0.298694;0.00123464;0.277681;0.00420424;0.279666;0.00304083
833000;0.277806;0.00758992;0.282993;0.00539937;0.298963;0.00154518;0.298704;0.00123391;0.27759;0.00420135;0.279741;0.00303915
834000;0.277852;0.007586;0.282979;0.005396;0.298992;0.0015443;0.298698;0.00123316;0.27751;0.00419839;0.279725;0.00303746
835000;0.277953;0.00758282;0.282992;0.00539289;0.298993;0.00154337;0.298707;0.0012324;0.277612;0.00419613;0.279755;0.00303589
836000;0.277837;0.00757671;0.282762;0.0053875;0.299034;0.00154254;0.298742;0.00123175;0.277623;0.00419356;0.279786;0.00303403
837000;0.277883;0.00757282;0.282829;0.00538492;0.299071;0.0015417;0.298737;0.00123105;0.277537;0.00419078;0.279762;0.00303217
838000;0.27793;0.00756892;0.282816;0.00538157;0.299036;0.00154067;0.298738;0.00123031;0.277517;0.00418789;0.279753;0.00303035
839000;0.277976;0.00756504;0.282586;0.00537621;0.299041;0.00153974;0.298704;0.00122949;0.277534;0.00418569;0.279808;0.00302871
840000;0.277914;0.0075597;0.282465;0.00537188;0.299088;0.00153892;0.298744;0.00122884;0.277534;0.00418336;0.279793;0.00302691
841000;0.278337;0.00756091;0.282694;0.00537083;0.299111;0.00153807;0.298746;0.00122811;0.277565;0.00418109;0.279874;0.00302539
842000;0.278383;0.00755703;0.282735;0.00536802;0.299106;0.00153712;0.298751;0.00122734;0.277458;0.0041784;0.279874;0.00302391
843000;0.278589;0.00755533;0.282882;0.00536622;0.299092;0.00153618;0.298734;0.00122659;0.277381;0.00417558;0.279946;0.00302234
844000;0.278688;0.00755218;0.282842;0.00536266;0.299086;0.00153523;0.298727;0.00122585;0.277407;0.00417271;0.280042;0.00302092
845000;0.278733;0.00754832;0.282802;0.00535911;0.299139;0.00153443;0.298702;0.00122507;0.277582;0.00417081;0.279951;0.00301876
846000;0.278617;0.0075423;0.282869;0.00535656;0.299174;0.00153358;0.298691;0.00122428;0.277545;0.00416788;0.279972;0.00301688
847000;0.278662;0.00753845;0.282935;0.00535402;0.299183;0.00153269;0.298704;0.00122356;0.277663;0.00416564;0.280002;0.00301501
848000;0.278867;0.00753676;0.282815;0.00534974;0.299187;0.00153177;0.298732;0.00122287;0.27759;0.00416327;0.279983;0.00301316
849000;0.278965;0.00753363;0.282802;0.00534647;0.29915;0.00153077;0.298708;0.00122212;0.277763;0.00416202;0.280043;0.00301168
850000;0.279009;0.0075298;0.282921;0.00534444;0.29916;0.00152989;0.29874;0.00122145;0.277877;0.00415962;0.280024;0.00300966
851000;0.279054;0.00752596;0.283041;0.00534241;0.299167;0.00152901;0.298724;0.0012207;0.277927;0.00415714;0.280054;0.00300808
852000;0.279098;0.00752214;0.28308;0.00533964;0.299177;0.00152813;0.298742;0.00122;0.277857;0.00415432;0.280006;0.00300653
853000;0.278877;0.00751477;0.28304;0.00533614;0.299194;0.00152725;0.298799;0.00121932;0.277718;0.00415153;0.280038;0.00300487
854000;0.27908;0.00751308;0.283027;0.00533289;0.299227;0.00152643;0.298782;0.00121854;0.277827;0.00414922;0.279955;0.00300286
855000;0.27923;0.00751069;0.283092;0.00533038;0.299217;0.00152552;0.298788;0.00121781;0.277886;0.00414746;0.279903;0.00300115
856000;0.279115;0.00750477;0.283132;0.00532763;0.299278;0.00152476;0.298734;0.00121703;0.277903;0.00414498;0.279891;0.00299933
857000;0.279159;0.00750098;0.283039;0.00532366;0.299262;0.00152381;0.298722;0.00121628;0.277999;0.00414296;0.279894;0.00299743
858000;0.278886;0.00749296;0.28292;0.00531945;0.299245;0.00152288;0.298716;0.00121557;0.277901;0.00414025;0.279898;0.00299584
859000;0.278719;0.00748638;0.282986;0.00531696;0.299257;0.00152199;0.298683;0.00121482;0.277867;0.00413792;0.279861;0.00299427
860000;0.278553;0.00747981;0.283104;0.00531496;0.299289;0.00152116;0.298687;0.00121407;0.277888;0.00413553;0.279819;0.00299252
861000;0.27865;0.00747675;0.283116;0.00531199;0.299282;0.00152024;0.298723;0.00121344;0.277903;0.00413326;0.279761;0.00299069
862000;0.278589;0.0074716;0.283208;0.00530976;0.299249;0.00151929;0.298717;0.00121272;0.277934;0.00413121;0.279755;0.00298882
863000;0.278424;0.00746507;0.283247;0.00530704;0.299263;0.00151842;0.298709;0.00121197;0.277955;0.0041287;0.279774;0.00298728
864000;0.278416;0.00746064;0.283312;0.00530457;0.299255;0.00151751;0.298733;0.00121129;0.277995;0.00412648;0.279729;0.00298547
865000;0.278512;0.00745761;0.283455;0.00530282;0.299284;0.00151666;0.298703;0.00121052;0.277885;0.00412373;0.279698;0.00298369
866000;0.278608;0.00745458;0.283467;0.00529987;0.299249;0.00151571;0.298699;0.00120981;0.277935;0.00412143;0.279714;0.00298196
867000;0.278705;0.00745156;0.283401;0.00529621;0.299291;0.0015149;0.298685;0.00120911;0.277974;0.00411875;0.279648;0.00298002
868000;0.278644;0.00744646;0.283413;0.00529327;0.299332;0.00151412;0.298671;0.00120842;0.277974;0.00411649;0.279721;0.00297866
869000;0.278688;0.00744276;0.283373;0.00528986;0.299306;0.00151318;0.298636;0.00120764;0.27801;0.00411414;0.279709;0.00297669
870000;0.278732;0.00743906;0.283438;0.00528741;0.2993;0.00151229;0.298657;0.00120697;0.277952;0.00411164;0.279688;0.00297487
871000;0.278775;0.00743537;0.283398;0.00528401;0.299317;0.00151145;0.298646;0.00120628;0.277998;0.00410937;0.279687;0.00297318
872000;0.27887;0.00743236;0.283462;0.00528156;0.299316;0.00151059;0.298664;0.00120561;0.278004;0.00410689;0.279722;0.00297141
873000;0.278914;0.00742868;0.283474;0.00527865;0.299291;0.00150965;0.298681;0.00120493;0.278045;0.00410466;0.279791;0.00297002
874000;0.278698;0.00742158;0.283435;0.00527527;0.299295;0.0015088;0.298683;0.00120423;0.27808;0.00410228;0.279819;0.00296837
875000;0.278587;0.00741586;0.283292;0.00527094;0.299275;0.00150788;0.298697;0.00120356;0.27807;0.00409995;0.279764;0.00296641
876000;0.278527;0.00741083;0.283201;0.00526709;0.299272;0.001507;0.298678;0.0012028;0.278069;0.00409776;0.279798;0.00296489
877000;0.278467;0.00740582;0.283213;0.0052642;0.299257;0.00150612;0.298677;0.00120213;0.278066;0.00409544;0.27974;0.00296297
878000;0.278253;0.00739877;0.283251;0.00526155;0.299247;0.00150525;0.298676;0.00120147;0.278028;0.00409291;0.279716;0.00296133
879000;0.278245;0.00739446;0.283315;0.00525914;0.299229;0.00150434;0.298651;0.00120073;0.278041;0.004091;0.27964;0.00295939
880000;0.278238;0.00739015;0.28325;0.00525556;0.299289;0.00150361;0.298669;0.00120004;0.27798;0.00408859;0.27962;0.00295779
881000;0.278538;0.00738992;0.283288;0.00525293;0.299271;0.00150272;0.298705;0.00119943;0.277851;0.00408599;0.279616;0.00295609
882000;0.27853;0.00738562;0.283121;0.00524842;0.299283;0.00150188;0.298713;0.00119873;0.277811;0.00408333;0.279557;0.00295434
883000;0.278676;0.00738336;0.283031;0.00524462;0.299283;0.00150105;0.298713;0.00119808;0.277757;0.0040806;0.279529;0.00295269
884000;0.278412;0.00737571;0.283171;0.00524294;0.299281;0.0015002;0.298753;0.00119744;0.277704;0.00407804;0.279536;0.00295096
885000;0.278353;0.00737076;0.283235;0.00524055;0.299333;0.00149946;0.298764;0.00119681;0.277673;0.00407573;0.27947;0.00294925
886000;0.278192;0.00736448;0.28317;0.00523701;0.299277;0.00149846;0.298761;0.0011961;0.277696;0.00407367;0.279446;0.00294749
887000;0.278286;0.00736157;0.283106;0.00523347;0.299287;0.00149762;0.298764;0.0011954;0.277763;0.00407178;0.279333;0.00294561
888000;0.278278;0.00735733;0.283016;0.0052297;0.299289;0.00149675;0.298766;0.00119471;0.277711;0.00406937;0.279291;0.00294394
889000;0.278321;0.00735375;0.283003;0.00522664;0.299314;0.00149598;0.29877;0.00119406;0.27788;0.00406786;0.279282;0.00294211
890000;0.278517;0.00735219;0.282863;0.00522243;0.299331;0.00149517;0.298785;0.00119344;0.277927;0.00406542;0.279304;0.0029403
891000;0.27856;0.00734862;0.282901;0.00521984;0.299342;0.00149437;0.298789;0.00119278;0.277992;0.00406329;0.279224;0.00293849
892000;0.278552;0.0073444;0.283142;0.00521911;0.299339;0.0014935;0.298787;0.00119212;0.277976;0.00406102;0.279173;0.00293672
893000;0.278544;0.00734018;0.283154;0.0052163;0.299416;0.00149284;0.298771;0.00119146;0.277959;0.00405873;0.279146;0.00293519
894000;0.278688;0.00733796;0.283192;0.00521372;0.299488;0.00149213;0.298758;0.00119075;0.278009;0.00405659;0.279157;0.00293352
895000;0.278629;0.00733309;0.283153;0.00521046;0.299505;0.00149132;0.298754;0.00119011;0.278061;0.00405493;0.279098;0.00293173
896000;0.278621;0.00732889;0.283166;0.00520766;0.29952;0.00149053;0.298782;0.00118948;0.278089;0.00405265;0.279138;0.00293011
897000;0.278664;0.00732536;0.283127;0.00520441;0.299471;0.00148959;0.29877;0.00118881;0.278065;0.00405022;0.279104;0.00292835
898000;0.278756;0.00732249;0.28314;0.00520162;0.299447;0.0014887;0.298759;0.00118812;0.2782;0.00404836;0.279039;0.00292665
899000;0.278899;0.00732028;0.283152;0.00519884;0.299403;0.00148777;0.298737;0.0011874;0.27809;0.00404574;0.279035;0.00292518
900000;0.278941;0.00731676;0.283189;0.00519628;0.299375;0.00148686;0.298734;0.00118674;0.278085;0.00404341;0.278994;0.00292335
901000;0.278933;0.00731259;0.283201;0.00519351;0.299341;0.00148595;0.298732;0.00118604;0.278105;0.00404093;0.278985;0.00292159
902000;0.278975;0.00730908;0.283238;0.00519097;0.299339;0.00148509;0.298746;0.00118541;0.278196;0.00403872;0.278944;0.00292004
903000;0.278966;0.00730492;0.283175;0.00518752;0.299327;0.00148423;0.298734;0.00118472;0.278062;0.00403619;0.278925;0.00291846
904000;0.278858;0.00729947;0.282962;0.00518272;0.29934;0.00148344;0.298711;0.00118404;0.27804;0.004034;0.278872;0.00291676
905000;0.27875;0.00729403;0.282924;0.00517952;0.299337;0.0014826;0.298711;0.0011834;0.278015;0.00403162;0.278883;0.00291516
906000;0.278892;0.00729185;0.282812;0.00517564;0.29935;0.00148179;0.298736;0.00118281;0.278031;0.0040301;0.278928;0.00291373
907000;0.279083;0.00729031;0.282824;0.0051729;0.299371;0.001481;0.298697;0.00118209;0.278113;0.00402827;0.278928;0.00291206
908000;0.279025;0.00728554;0.282737;0.00516926;0.29937;0.00148018;0.298682;0.00118138;0.278063;0.0040256;0.278898;0.00291035
909000;0.279216;0.007284;0.282675;0.00516586;0.29938;0.00147939;0.29869;0.00118075;0.278153;0.00402387;0.278837;0.00290862
910000;0.279058;0.00727796;0.282662;0.00516291;0.299381;0.00147858;0.298702;0.00118011;0.27823;0.00402186;0.278767;0.00290691
911000;0.279;0.00727321;0.282724;0.00516063;0.299378;0.00147776;0.298696;0.00117945;0.278221;0.00401994;0.278694;0.00290516
912000;0.279041;0.00726976;0.282737;0.00515792;0.29937;0.00147693;0.298691;0.00117881;0.278209;0.00401752;0.27864;0.00290338
913000;0.278934;0.00726438;0.282749;0.0051552;0.299369;0.00147612;0.29872;0.00117822;0.278149;0.00401517;0.278671;0.00290166
914000;0.278975;0.00726094;0.282638;0.00515138;0.299383;0.00147533;0.298756;0.00117762;0.278099;0.00401307;0.278735;0.00290016
915000;0.278967;0.00725687;0.282601;0.00514823;0.299366;0.00147448;0.298739;0.00117693;0.278131;0.00401098;0.27877;0.00289854
916000;0.27886;0.00725152;0.282564;0.00514509;0.299354;0.00147364;0.298748;0.00117627;0.278022;0.0040081;0.278787;0.00289694
917000;0.27895;0.00724874;0.2827;0.0051435;0.299355;0.0014728;0.298741;0.0011756;0.278143;0.0040064;0.278782;0.0028952
918000;0.279041;0.00724596;0.282712;0.00514081;0.29935;0.00147198;0.298762;0.001175;0.278076;0.00400395;0.278765;0.00289343
919000;0.278983;0.00724127;0.282651;0.00513746;0.299394;0.00147128;0.29875;0.00117432;0.278071;0.00400176;0.278701;0.00289186
920000;0.278828;0.00723533;0.28259;0.00513412;0.299358;0.0014704;0.298729;0.00117367;0.278107;0.00399957;0.278764;0.00289074
921000;0.278721;0.00723003;0.282651;0.00513188;0.299339;0.00146954;0.298723;0.00117303;0.278227;0.0039981;0.278835;0.00288926
922000;0.278763;0.00722664;0.282664;0.00512921;0.299372;0.00146883;0.298706;0.00117234;0.27818;0.00399553;0.278794;0.00288756
923000;0.278706;0.00722199;0.282627;0.0051261;0.299358;0.00146798;0.298713;0.00117171;0.278142;0.00399305;0.278773;0.00288592
924000;0.278551;0.00721609;0.28259;0.005123;0.299373;0.0014672;0.298726;0.00117107;0.27815;0.00399091;0.278696;0.00288424
925000;0.278543;0.00721209;0.282505;0.00511947;0.299373;0.00146638;0.298726;0.00117043;0.278144;0.00398881;0.278669;0.00288256
926000;0.278487;0.00720746;0.282517;0.00511681;0.299418;0.00146569;0.298691;0.00116976;0.278185;0.00398679;0.278682;0.00288099
927000;0.278528;0.00720411;0.282408;0.00511307;0.299439;0.00146494;0.298664;0.00116909;0.278157;0.00398445;0.278656;0.00287927
928000;0.278423;0.00719887;0.282372;0.00511;0.299403;0.00146406;0.298677;0.00116848;0.278134;0.00398218;0.278545;0.00287746
929000;0.278367;0.00719428;0.282336;0.00510692;0.299444;0.00146336;0.298706;0.0011679;0.278162;0.00398038;0.278533;0.00287592
930000;0.278359;0.00719031;0.282397;0.00510472;0.299473;0.00146263;0.298665;0.00116717;0.278057;0.00397777;0.278597;0.0028745
931000;0.278352;0.00718635;0.282434;0.00510231;0.299493;0.00146188;0.298669;0.00116653;0.27808;0.00397552;0.278554;0.00287281
932000;0.27849;0.00718427;0.282495;0.00510011;0.29947;0.00146103;0.29867;0.0011659;0.278144;0.00397378;0.278546;0.0028712
933000;0.278385;0.00717908;0.282434;0.00509684;0.299456;0.00146021;0.298678;0.00116528;0.278207;0.00397222;0.278543;0.00286959
934000;0.278233;0.00717328;0.282568;0.0050953;0.299417;0.00145933;0.298689;0.00116468;0.27824;0.0039703;0.278565;0.00286814
935000;0.278129;0.00716811;0.282556;0.00509247;0.299387;0.00145848;0.298709;0.00116409;0.278241;0.00396835;0.278567;0.00286671
936000;0.278122;0.00716419;0.282496;0.00508922;0.299391;0.00145771;0.298706;0.00116347;0.278344;0.00396626;0.278507;0.00286501
937000;0.278066;0.00715965;0.282436;0.00508596;0.29941;0.00145695;0.298736;0.00116289;0.278326;0.0039642;0.278545;0.00286373
938000;0.278156;0.00715698;0.282472;0.00508358;0.299408;0.00145614;0.298741;0.00116227;0.278319;0.00396201;0.278631;0.0028622
939000;0.278148;0.00715308;0.28234;0.0050797;0.299407;0.00145536;0.298782;0.00116178;0.278298;0.00395973;0.278655;0.00286058
940000;0.278286;0.00715102;0.282377;0.00507732;0.299382;0.00145454;0.298801;0.00116117;0.278296;0.00395759;0.278642;0.00285916
941000;0.278663;0.00715204;0.282389;0.00507473;0.299403;0.00145381;0.298807;0.00116054;0.27829;0.00395563;0.278637;0.00285755
942000;0.278703;0.00714875;0.282185;0.00507023;0.299425;0.00145308;0.298817;0.00115995;0.278335;0.00395384;0.278673;0.00285618
943000;0.278744;0.00714548;0.282198;0.00506765;0.299422;0.00145228;0.298818;0.00115934;0.278265;0.00395138;0.278614;0.00285455
944000;0.278592;0.00713976;0.282282;0.00506571;0.299425;0.00145151;0.298822;0.00115875;0.278249;0.00394931;0.278607;0.0028529
945000;0.278585;0.00713589;0.282079;0.00506124;0.29939;0.00145067;0.298787;0.00115805;0.278248;0.00394708;0.278559;0.00285132
946000;0.278625;0.00713263;0.282164;0.00505931;0.299421;0.00144995;0.29877;0.00115737;0.278295;0.00394503;0.278579;0.00284984
947000;0.278713;0.00712998;0.282224;0.00505717;0.299394;0.0014491;0.29874;0.00115672;0.278199;0.00394265;0.278552;0.00284817
948000;0.278514;0.00712369;0.282165;0.00505398;0.299382;0.00144832;0.298732;0.0011561;0.278211;0.00394105;0.278615;0.0028468
949000;0.278459;0.00711924;0.282202;0.00505164;0.29939;0.00144759;0.298719;0.00115546;0.278211;0.00393891;0.278555;0.00284534
950000;0.278309;0.00711358;0.282214;0.00504909;0.299379;0.00144681;0.298736;0.0011549;0.278203;0.00393694;0.278531;0.00284369
951000;0.278254;0.00710915;0.282179;0.00504612;0.299375;0.00144602;0.298717;0.00115427;0.278236;0.00393488;0.278528;0.00284206
952000;0.278152;0.00710412;0.282073;0.00504253;0.29934;0.00144518;0.298743;0.00115368;0.278196;0.00393258;0.278577;0.00284069
953000;0.278145;0.0071003;0.28218;0.00504084;0.299346;0.00144442;0.298748;0.00115307;0.27803;0.00392997;0.278614;0.00283924
954000;0.278185;0.00709709;0.282287;0.00503914;0.29933;0.0014436;0.298747;0.00115245;0.27808;0.00392788;0.278545;0.00283758
955000;0.278084;0.00709208;0.282418;0.00503765;0.2993;0.00144276;0.298785;0.00115193;0.278116;0.00392612;0.278535;0.00283622
956000;0.278029;0.00708768;0.282312;0.00503408;0.299297;0.00144198;0.298823;0.00115141;0.278114;0.0039237;0.278552;0.00283495
957000;0.277975;0.00708329;0.282183;0.00503031;0.299286;0.0014412;0.298845;0.00115085;0.278057;0.00392126;0.278618;0.00283354
958000;0.277874;0.00707831;0.282195;0.00502779;0.299268;0.00144041;0.298861;0.00115027;0.278098;0.00391919;0.278596;0.0028319
959000;0.278009;0.00707633;0.282089;0.00502424;0.299316;0.00143975;0.298863;0.00114966;0.278235;0.00391776;0.278622;0.00283049
960000;0.278049;0.00707315;0.282125;0.00502194;0.299337;0.00143902;0.298823;0.00114896;0.278264;0.00391577;0.278638;0.00282899
961000;0.278136;0.00707057;0.282209;0.00502006;0.299335;0.00143828;0.298861;0.00114841;0.278234;0.0039143;0.27869;0.00282754
962000;0.278082;0.00706622;0.282197;0.00501735;0.29936;0.00143758;0.298864;0.00114783;0.278308;0.00391255;0.278759;0.00282612
963000;0.277981;0.00706127;0.282163;0.00501444;0.299388;0.00143688;0.298878;0.00114727;0.278287;0.00391033;0.278788;0.00282468
964000;0.278022;0.00705812;0.282128;0.00501154;0.299389;0.00143615;0.298883;0.00114669;0.278372;0.00390865;0.278726;0.00282341
965000;0.278155;0.00705615;0.282047;0.00500823;0.299408;0.00143543;0.298864;0.00114608;0.278402;0.00390667;0.278765;0.00282193
966000;0.278195;0.00705299;0.282036;0.00500554;0.2994;0.0014347;0.298865;0.00114547;0.278408;0.00390473;0.278763;0.00282038
967000;0.278329;0.00705103;0.282048;0.00500306;0.29944;0.00143401;0.29886;0.00114485;0.278469;0.00390276;0.278833;0.00281916
968000;0.278415;0.00704847;0.282014;0.00500017;0.299417;0.00143321;0.298832;0.00114419;0.278537;0.00390105;0.278801;0.00281748
969000;0.278455;0.00704533;0.28205;0.0049979;0.299475;0.00143259;0.298865;0.00114366;0.278552;0.00389923;0.278722;0.00281599
970000;0.278401;0.00704102;0.282085;0.00499564;0.299458;0.0014318;0.298834;0.00114301;0.278555;0.00389716;0.278744;0.00281461
971000;0.278347;0.00703672;0.281981;0.00499216;0.299465;0.00143107;0.298838;0.00114242;0.278619;0.00389529;0.27878;0.00281316
972000;0.278247;0.00703184;0.281994;0.0049897;0.299499;0.00143039;0.298838;0.00114183;0.278632;0.00389301;0.278831;0.00281164
973000;0.27824;0.00702814;0.281983;0.00498704;0.299508;0.00142965;0.298851;0.00114126;0.278738;0.00389131;0.278821;0.00281005
974000;0.27814;0.00702328;0.281949;0.00498418;0.299535;0.00142896;0.298846;0.00114067;0.278729;0.00388946;0.278808;0.0028084
975000;0.278087;0.007019;0.282008;0.00498214;0.299542;0.00142822;0.298869;0.0011401;0.27863;0.003887;0.278737;0.00280685
976000;0.278404;0.00701939;0.28202;0.00497969;0.299547;0.00142751;0.298866;0.00113949;0.278583;0.00388473;0.27877;0.00280547
977000;0.278444;0.00701629;0.282056;0.00497745;0.299555;0.00142677;0.298852;0.0011389;0.278521;0.00388261;0.278761;0.00280406
978000;0.278251;0.00701029;0.281998;0.00497441;0.299553;0.00142604;0.298822;0.00113826;0.278495;0.00388061;0.278783;0.00280258
979000;0.278244;0.00700662;0.281941;0.00497137;0.299547;0.00142529;0.298843;0.00113772;0.278475;0.00387843;0.278862;0.00280113
980000;0.27833;0.00700412;0.281861;0.00496814;0.299549;0.00142457;0.298857;0.00113717;0.278411;0.00387627;0.278846;0.00279988
981000;0.278369;0.00700103;0.281759;0.00496471;0.299563;0.00142385;0.298851;0.00113658;0.278561;0.00387456;0.278906;0.0027985
982000;0.278224;0.00699565;0.281679;0.00496149;0.299562;0.00142312;0.298851;0.00113599;0.278549;0.00387214;0.278967;0.00279727
983000;0.278401;0.00699431;0.281623;0.00495848;0.299565;0.00142239;0.29887;0.00113545;0.278552;0.00387008;0.278987;0.00279577
984000;0.278532;0.00699239;0.281635;0.00495607;0.299564;0.00142166;0.29891;0.00113495;0.278521;0.00386776;0.278961;0.00279436
985000;0.278571;0.00698932;0.281763;0.00495466;0.299548;0.00142088;0.298919;0.00113438;0.278622;0.00386595;0.278931;0.00279293
986000;0.278655;0.00698683;0.281775;0.00495225;0.299517;0.00142009;0.298948;0.00113386;0.278631;0.00386389;0.278897;0.0027915
987000;0.278602;0.00698262;0.281811;0.00495005;0.29952;0.00141937;0.298983;0.00113337;0.27861;0.00386181;0.278842;0.00279003
988000;0.278412;0.00697672;0.281915;0.00494844;0.299526;0.00141867;0.298969;0.00113277;0.278553;0.0038598;0.27887;0.00278854
989000;0.278359;0.00697253;0.281995;0.00494664;0.29952;0.00141795;0.29898;0.00113223;0.278458;0.00385757;0.278917;0.00278711
990000;0.278306;0.00696836;0.282145;0.00494544;0.299542;0.00141725;0.298983;0.00113167;0.278447;0.00385561;0.27888;0.0027856
991000;0.278253;0.00696419;0.282065;0.00494225;0.299559;0.00141657;0.298995;0.00113113;0.278488;0.0038537;0.278857;0.00278413
992000;0.278383;0.00696229;0.282055;0.00493967;0.299565;0.00141587;0.299021;0.00113058;0.278438;0.00385157;0.278889;0.00278266
993000;0.278468;0.00695983;0.282135;0.00493788;0.299556;0.00141512;0.298993;0.00112997;0.278387;0.00384928;0.278821;0.00278135
994000;0.278369;0.00695511;0.282124;0.0049353;0.299564;0.00141442;0.298957;0.00112934;0.27832;0.00384701;0.278857;0.00278006
995000;0.278408;0.00695209;0.282296;0.0049343;0.299583;0.00141374;0.298961;0.00112877;0.278301;0.00384511;0.27892;0.00277886
996000;0.278446;0.00694908;0.282194;0.00493094;0.299587;0.00141303;0.298944;0.00112817;0.278289;0.00384324;0.27892;0.00277739
997000;0.278439;0.0069455;0.282251;0.00492896;0.299576;0.0014123;0.298943;0.0011276;0.278233;0.00384127;0.27888;0.00277586
998000;0.278387;0.00694138;0.282263;0.00492659;0.299592;0.00141161;0.298926;0.00112701;0.278261;0.00383926;0.278796;0.00277432
999000;0.278335;0.00693725;0.282275;0.00492423;0.299613;0.00141093;0.298909;0.0011264;0.278147;0.00383729;0.278819;0.00277296
1000000;0.278192;0.00693202;0.282241;0.00492148;0.299568;0.00141013;0.298891;0.00112582;0.278119;0.00383526;0.278873;0.00277154
