Nb sim;DF;IC_DF ;DF_anti;IC_DF_anti ;DF_d;IC_DF_d ;DF_d_anti;IC_DF_d_anti;Mall;IC_Mall ;Mall_anti;IC_Mall_anti
10000;-0.904837;1.77348;0;1.2541;0.000363091;0.0598569;-0.00140172;0.0364278;5.12882e-05;6.51541e-06;4.24497e-05;4.5278e-06
11000;-0.822579;1.61226;0;1.14009;0.000567235;0.0544905;-0.00177012;0.0332489;5.10786e-05;6.20127e-06;4.35231e-05;4.33138e-06
12000;-0.754031;1.4779;0;1.04508;0.000226861;0.050486;-0.00407459;0.0307135;5.09138e-05;5.95579e-06;4.41296e-05;4.16399e-06
13000;-0.696029;1.36422;0;0.964684;0.000878953;0.0469152;-0.00274769;0.028539;4.97611e-05;5.70475e-06;4.42228e-05;3.98452e-06
14000;-0.646312;1.26677;0;0.895775;-0.000193358;0.0437681;-0.00248138;0.0266775;4.84845e-05;5.42962e-06;4.45285e-05;3.82794e-06
15000;-0.603225;1.18232;0;0.836055;-0.000180467;0.0408502;-0.00270979;0.0250749;4.86977e-05;5.25025e-06;4.46015e-05;3.71527e-06
16000;-0.565523;1.10843;0;0.7838;0.00030733;0.0383083;-0.00161775;0.0235758;4.88539e-05;5.09555e-06;4.43787e-05;3.58189e-06
17000;-0.532257;1.04322;0;0.737693;0.00570983;0.0365728;0.00100855;0.0223305;4.83646e-05;4.94244e-06;4.42079e-05;3.47553e-06
18000;-0.502687;0.985267;0;0.696709;0.00469782;0.0346897;-0.000159231;0.0211305;4.76803e-05;4.79459e-06;4.35461e-05;3.36443e-06
19000;-0.47623;0.933411;0;0.660039;0.00384771;0.0329617;-0.00192611;0.0200978;4.81258e-05;4.67315e-06;4.3462e-05;3.27891e-06
20000;-0.452419;0.886741;0;0.627036;0.00324379;0.031493;-0.00224888;0.0192415;4.9265e-05;4.58056e-06;4.29757e-05;3.18467e-06
21000;-0.430875;0.844515;-0.215437;0.731383;0.00413009;0.0301482;-0.000777311;0.0184309;5.01811e-05;4.51796e-06;4.30514e-05;3.1012e-06
22000;-0.41129;0.806128;0;0.806146;0.00599213;0.0289122;-0.000241511;0.0176744;5.02199e-05;4.42723e-06;4.30278e-05;3.02595e-06
23000;-0.393408;0.771079;0;0.771096;0.00565929;0.0278349;-0.00197224;0.0170778;4.97906e-05;4.31465e-06;4.28014e-05;2.9549e-06
24000;-0.377016;0.738951;0;0.738966;0.00466289;0.0267167;-0.000606752;0.016469;4.963e-05;4.21499e-06;4.31159e-05;2.9002e-06
25000;-0.361935;0.709393;0;0.709407;0.00417205;0.0258134;0.000230581;0.0159037;4.92539e-05;4.12249e-06;4.316e-05;2.83663e-06
26000;-0.348014;0.682108;0;0.682121;0.00381795;0.0250355;0.000279408;0.0153743;4.88566e-05;4.0331e-06;4.30954e-05;2.78085e-06
27000;0;0.928936;0;0.656857;0.00455793;0.0241754;0.000985465;0.0149313;4.81126e-05;3.9436e-06;4.32892e-05;2.73358e-06
28000;0;0.895759;0;0.633398;0.0056314;0.0234936;0.000822342;0.0144918;4.83363e-05;3.88359e-06;4.36657e-05;2.68588e-06
29000;0;0.864871;-0.156006;0.683738;0.00557861;0.0226944;0.00117604;0.0140481;4.80897e-05;3.80718e-06;4.41978e-05;2.64377e-06
30000;0;0.836041;-0.150806;0.660946;0.00648682;0.0220592;0.001482;0.0137098;4.80435e-05;3.74706e-06;4.41441e-05;2.6021e-06
31000;0;0.809072;-0.145942;0.639625;0.00477159;0.0214335;0.000975887;0.013349;4.87118e-05;3.69875e-06;4.40292e-05;2.55989e-06
32000;0;0.783788;-0.141381;0.619637;0.00424097;0.0208723;0.00133946;0.0130304;4.88561e-05;3.64423e-06;4.42147e-05;2.52092e-06
33000;0;0.760036;-0.137097;0.60086;0.00495111;0.0204199;0.00164762;0.0127146;4.91834e-05;3.59955e-06;4.4595e-05;2.48931e-06
34000;0;0.737682;-0.133064;0.583187;0.00333059;0.0199626;0.0017546;0.0123892;4.96747e-05;3.55659e-06;4.48542e-05;2.45339e-06
35000;0;0.716605;-0.129262;0.566524;0.00264195;0.0194271;0.00181369;0.0120938;5.0227e-05;3.51539e-06;4.45925e-05;2.41242e-06
36000;0;0.696699;-0.125672;0.550787;0.00234434;0.019088;0.000797492;0.0118382;5.03364e-05;3.48369e-06;4.48851e-05;2.38807e-06
37000;0;0.677869;-0.122275;0.535901;0.0027589;0.0186294;0.00148833;0.0115885;5.04266e-05;3.43651e-06;4.50855e-05;2.35695e-06
38000;0;0.66003;-0.119058;0.521798;0.00239662;0.0181481;0.00232173;0.0113487;4.99713e-05;3.38158e-06;4.52741e-05;2.3309e-06
39000;0.23201;0.787637;-0.116005;0.508419;0.00234936;0.0177277;0.00171084;0.011102;4.93917e-05;3.3288e-06;4.50216e-05;2.30002e-06
40000;0.226209;0.767946;-0.113105;0.495708;0.00273428;0.0173238;0.00232543;0.0109386;4.95339e-05;3.28148e-06;4.47103e-05;2.26831e-06
41000;0.220692;0.749216;-0.110346;0.483618;0.00383435;0.0169801;0.00257817;0.010681;4.92074e-05;3.23753e-06;4.45619e-05;2.24063e-06
42000;0.215437;0.731377;-0.107719;0.472103;0.00464966;0.0166756;0.00286125;0.0104837;4.90127e-05;3.19524e-06;4.44878e-05;2.21317e-06
43000;0.210427;0.714368;0;0.505137;0.00407438;0.0164201;0.0028005;0.0102979;4.90249e-05;3.15383e-06;4.44458e-05;2.18522e-06
44000;0.205645;0.698133;0;0.493656;0.00419611;0.0160926;0.00233052;0.0101418;4.85108e-05;3.10583e-06;4.45429e-05;2.15993e-06
45000;0.201075;0.682618;0.100537;0.521359;0.0032637;0.0157817;0.00237601;0.00996788;4.89245e-05;3.07671e-06;4.46031e-05;2.13398e-06
46000;0.196704;0.667779;0.0983519;0.510025;0.00283264;0.0155029;0.00265099;0.00981983;4.8807e-05;3.04048e-06;4.47976e-05;2.11158e-06
47000;0.192519;0.653571;0.0962593;0.499174;0.00291644;0.0151757;0.00214456;0.00966623;4.85471e-05;3.00566e-06;4.51025e-05;2.09142e-06
48000;0.188508;0.639954;0.0942539;0.488774;0.00299663;0.0149065;0.00119382;0.00950954;4.84785e-05;2.96965e-06;4.51604e-05;2.07272e-06
49000;0.184661;0.626894;0.0923303;0.478799;0.00272979;0.0146495;0.0015282;0.00938466;4.81621e-05;2.92996e-06;4.50426e-05;2.05129e-06
50000;0.180967;0.614356;0;0.501621;0.00202495;0.0144206;0.00185233;0.00920704;4.80412e-05;2.90244e-06;4.51884e-05;2.03256e-06
51000;0.177419;0.60231;-0.0887096;0.521617;0.00148966;0.0141941;0.00170119;0.00905143;4.8228e-05;2.87896e-06;4.51754e-05;2.01314e-06
52000;0.174007;0.590727;-0.0870036;0.511586;0.000857426;0.0139625;0.00180182;0.00889161;4.83989e-05;2.85591e-06;4.51314e-05;1.99269e-06
53000;0.170724;0.579581;-0.085362;0.501933;0.000153214;0.0137462;0.00201985;0.00877822;4.84201e-05;2.82842e-06;4.51144e-05;1.97511e-06
54000;0.335125;0.656845;0;0.519286;-0.000680984;0.0135418;0.00180743;0.00865635;4.83636e-05;2.79979e-06;4.52533e-05;1.95812e-06
55000;0.329032;0.644902;-0.0822579;0.534729;-0.00123748;0.0133345;0.00186797;0.00852946;4.79267e-05;2.7653e-06;4.56898e-05;1.94635e-06
56000;0.323156;0.633386;-0.0807891;0.52518;-0.00157284;0.0131446;0.0019972;0.00841494;4.80549e-05;2.74051e-06;4.58279e-05;1.92889e-06
57000;0.317487;0.622274;-0.158743;0.538908;-0.00230672;0.0130223;0.00177764;0.0083044;4.79754e-05;2.71529e-06;4.5812e-05;1.9116e-06
58000;0.156006;0.683733;-0.156006;0.529617;-0.00154202;0.012836;0.00212326;0.00822075;4.77897e-05;2.6874e-06;4.57842e-05;1.89448e-06
59000;0.153362;0.672144;-0.153362;0.52064;-0.00157045;0.0126773;0.00259396;0.00812118;4.73082e-05;2.65934e-06;4.57871e-05;1.87684e-06
60000;0.150806;0.660942;-0.150806;0.511963;-0.00199479;0.0125349;0.00119033;0.00806457;4.77139e-05;2.64334e-06;4.58016e-05;1.86042e-06
61000;0.148334;0.650107;-0.148334;0.50357;-0.00196209;0.0123294;0.00105448;0.00795748;4.75276e-05;2.61749e-06;4.58306e-05;1.847e-06
62000;0.145942;0.639621;-0.145942;0.495448;-0.000813719;0.0122056;0.000904676;0.00788275;4.76877e-05;2.59441e-06;4.58957e-05;1.83371e-06
63000;0.143625;0.629468;-0.143625;0.487583;-0.00102561;0.0120199;0.00100444;0.00776352;4.77224e-05;2.57312e-06;4.61078e-05;1.81978e-06
64000;0.282762;0.678771;-0.141381;0.479965;-0.00132732;0.0118444;0.000553321;0.0076779;4.76369e-05;2.55068e-06;4.60422e-05;1.80388e-06
65000;0.278412;0.668329;-0.139206;0.510446;-0.000599034;0.0117037;0.00108194;0.00759736;4.74573e-05;2.52662e-06;4.59144e-05;1.79139e-06
66000;0.274193;0.658202;-0.137097;0.502712;4.27607e-05;0.0115741;0.00132179;0.00751378;4.76799e-05;2.51233e-06;4.58828e-05;1.77765e-06
67000;0.270101;0.648378;-0.13505;0.495209;8.78094e-05;0.0114215;0.000763591;0.00742155;4.77772e-05;2.49351e-06;4.58939e-05;1.76487e-06
68000;0.399193;0.690027;-0.199596;0.50505;-7.72481e-05;0.0112836;0.000506897;0.00734199;4.78055e-05;2.47408e-06;4.59199e-05;1.75191e-06
69000;0.393408;0.680026;-0.196704;0.497731;-8.03151e-05;0.0111726;0.00108818;0.00725356;4.76514e-05;2.45302e-06;4.58099e-05;1.73785e-06
70000;0.387787;0.670312;-0.258525;0.506709;0.000442634;0.0110418;0.000825533;0.00719052;4.77377e-05;2.43471e-06;4.58775e-05;1.72587e-06
71000;0.382326;0.660871;-0.318605;0.514946;0.000107264;0.0109054;0.00109253;0.00710565;4.75918e-05;2.41639e-06;4.58499e-05;1.71304e-06
72000;0.377016;0.651692;-0.31418;0.507794;0.000276109;0.0108604;0.00115098;0.00705583;4.7639e-05;2.40167e-06;4.58872e-05;1.70247e-06
73000;0.371851;0.642765;-0.309876;0.500837;0.000579165;0.0107236;0.00145081;0.00698231;4.74454e-05;2.38058e-06;4.57995e-05;1.6905e-06
74000;0.366826;0.634079;-0.305688;0.494069;0.000764477;0.010635;0.00148475;0.00691027;4.75605e-05;2.36428e-06;4.56491e-05;1.67809e-06
75000;0.361935;0.625624;-0.301612;0.487482;0.000765088;0.0105268;0.00156432;0.00685119;4.74822e-05;2.34798e-06;4.57043e-05;1.66712e-06
76000;0.357173;0.617392;-0.238115;0.495016;0.000400437;0.0104115;0.00132346;0.00678513;4.74799e-05;2.33109e-06;4.57132e-05;1.65546e-06
77000;0.352534;0.609374;-0.235023;0.488588;0.0011349;0.0103118;0.00116605;0.00672778;4.73356e-05;2.31658e-06;4.5643e-05;1.64351e-06
78000;0.348014;0.601562;-0.23201;0.482324;0.000777971;0.0101977;0.00119254;0.00665454;4.72802e-05;2.29964e-06;4.56912e-05;1.63233e-06
79000;0.343609;0.593947;-0.229073;0.476218;0.000913731;0.0101088;0.00145766;0.00659401;4.75027e-05;2.28895e-06;4.56762e-05;1.62194e-06
80000;0.339314;0.586523;-0.282762;0.483151;0.00113854;0.0100411;0.00122868;0.00653302;4.74644e-05;2.27486e-06;4.56138e-05;1.61153e-06
81000;0.335125;0.579282;-0.279271;0.477186;0.00112448;0.00991711;0.00103602;0.00648495;4.75145e-05;2.25971e-06;4.56399e-05;1.60069e-06
82000;0.331038;0.572217;-0.275865;0.471367;0.000679181;0.0098163;0.000807588;0.00643787;4.74225e-05;2.24697e-06;4.55974e-05;1.59065e-06
83000;0.32705;0.565323;-0.272541;0.465687;0.000310314;0.00975904;0.000685046;0.00639764;4.75298e-05;2.2342e-06;4.56074e-05;1.58169e-06
84000;0.323156;0.558593;-0.269297;0.460144;-0.000135374;0.00969466;0.000594729;0.00637134;4.7365e-05;2.21845e-06;4.56882e-05;1.57286e-06
85000;0.319354;0.552021;-0.266129;0.45473;-0.000138813;0.00961646;0.00131645;0.00632625;4.75823e-05;2.2065e-06;4.56899e-05;1.56348e-06
86000;0.315641;0.545603;-0.263034;0.449443;8.2653e-05;0.00951852;0.00118542;0.00627105;4.76729e-05;2.19577e-06;4.5573e-05;1.55377e-06
87000;0.208009;0.576572;-0.260011;0.444277;0.00134445;0.00947828;0.000630534;0.00621758;4.75362e-05;2.18139e-06;4.55316e-05;1.54551e-06
88000;0.205645;0.57002;-0.257056;0.439228;0.0011243;0.00937917;0.000252487;0.00616835;4.75397e-05;2.16905e-06;4.55546e-05;1.53728e-06
89000;0.203334;0.563615;-0.254168;0.434293;0.000586107;0.00930339;0.000305523;0.00613279;4.75399e-05;2.15662e-06;4.56376e-05;1.52938e-06
90000;0.201075;0.557353;-0.301612;0.440623;0.000263901;0.00922081;0.000397016;0.00609498;4.74831e-05;2.14496e-06;4.57104e-05;1.52038e-06
91000;0.198865;0.551228;-0.298298;0.435781;0.000125872;0.00916505;0.000349777;0.00605901;4.77501e-05;2.13535e-06;4.59085e-05;1.51395e-06
92000;0.196704;0.545237;-0.295056;0.431044;0.000636509;0.00909386;0.000407628;0.00600638;4.77162e-05;2.12332e-06;4.59227e-05;1.50714e-06
93000;0.194589;0.539374;-0.291883;0.426409;0.000629665;0.00899607;0.00013765;0.00598733;4.78301e-05;2.11258e-06;4.58721e-05;1.49858e-06
94000;0.192519;0.533636;-0.336908;0.43229;0.000778274;0.00893687;0.000677112;0.0059549;4.80528e-05;2.10314e-06;4.59662e-05;1.49061e-06
95000;0.190492;0.528019;-0.428607;0.447642;0.000492413;0.0089026;0.000802945;0.00593509;4.79418e-05;2.08992e-06;4.58075e-05;1.4829e-06
96000;0.188508;0.522518;-0.424143;0.442979;0.000702065;0.00885501;0.000444828;0.00589102;4.78591e-05;2.07671e-06;4.58149e-05;1.47523e-06
97000;0.186564;0.517132;-0.41977;0.438413;0.000764007;0.00876477;0.000630459;0.00583826;4.78582e-05;2.06705e-06;4.59132e-05;1.46802e-06
98000;0.184661;0.511855;-0.415487;0.433939;0.00073565;0.00871764;0.000638112;0.00581174;4.77609e-05;2.05468e-06;4.59075e-05;1.46e-06
99000;0.0913977;0.537421;-0.456989;0.438793;0.000913764;0.00864298;0.000911865;0.0057659;4.79345e-05;2.0478e-06;4.6085e-05;1.45388e-06
100000;0.0904837;0.532047;-0.452419;0.434406;0.000929573;0.00858006;0.000997936;0.00571859;4.77655e-05;2.03561e-06;4.6061e-05;1.44675e-06
101000;0.0895879;0.526779;-0.492733;0.438972;0.00061954;0.00850556;0.00120152;0.0056912;4.78783e-05;2.02738e-06;4.62221e-05;1.4408e-06
102000;0.0887096;0.521614;-0.487903;0.434669;0.00066511;0.00843437;0.00130339;0.00563933;4.78946e-05;2.01723e-06;4.62889e-05;1.43332e-06
103000;0.0878483;0.51655;-0.483166;0.430449;0.000423587;0.00836518;0.0013102;0.00558669;4.79702e-05;2.0073e-06;4.62115e-05;1.42642e-06
104000;0;0.539256;-0.47852;0.42631;0.000836845;0.00830516;0.00137009;0.00554963;4.79653e-05;1.99831e-06;4.6072e-05;1.41944e-06
105000;0;0.534121;-0.473962;0.42225;0.000439437;0.00824498;0.00119578;0.00552763;4.78417e-05;1.98734e-06;4.62282e-05;1.4139e-06
106000;0;0.529082;-0.469491;0.418266;0.000641048;0.00817715;0.000954835;0.00549041;4.77439e-05;1.9771e-06;4.62427e-05;1.40731e-06
107000;0;0.524137;-0.422821;0.422565;0.000251632;0.00814287;0.00101625;0.00546161;4.78154e-05;1.96705e-06;4.61761e-05;1.40119e-06
108000;0;0.519284;-0.418906;0.418653;0.000180725;0.00806859;0.000998555;0.00542461;4.77693e-05;1.95679e-06;4.6137e-05;1.39399e-06
109000;0;0.51452;-0.415063;0.414812;0.000179067;0.00799457;0.00115859;0.00539153;4.77024e-05;1.94598e-06;4.61262e-05;1.38764e-06
110000;0;0.509842;-0.41129;0.411041;-2.13974e-05;0.00796433;0.00110404;0.0053558;4.76938e-05;1.93731e-06;4.62203e-05;1.38163e-06
111000;0;0.505249;-0.366826;0.415099;-0.000191612;0.00789965;0.00133812;0.00532697;4.76645e-05;1.92781e-06;4.61393e-05;1.37464e-06
112000;0;0.500738;-0.323156;0.418943;-0.000189901;0.00782911;0.00097419;0.00531613;4.76112e-05;1.91794e-06;4.6159e-05;1.36869e-06
113000;0;0.496307;-0.280259;0.422587;-2.37273e-05;0.00776653;0.00129075;0.00529724;4.76434e-05;1.90937e-06;4.62284e-05;1.36307e-06
114000;0;0.491953;-0.277801;0.41888;0.000101079;0.00772;0.00155934;0.00526031;4.7627e-05;1.90029e-06;4.61158e-05;1.35635e-06
115000;0;0.487675;-0.236045;0.422337;-6.2387e-05;0.0076595;0.0012366;0.00522748;4.75221e-05;1.89031e-06;4.61985e-05;1.35121e-06
116000;0;0.483471;-0.23401;0.418696;-0.000169932;0.00760589;0.000881574;0.00519845;4.76167e-05;1.88393e-06;4.61817e-05;1.34549e-06
117000;0;0.479339;-0.23201;0.415117;0.000357433;0.00756756;0.000760827;0.00515697;4.7615e-05;1.87618e-06;4.61575e-05;1.33954e-06
118000;0;0.520639;-0.230043;0.4116;0.000659941;0.00752318;0.000631094;0.00512945;4.76441e-05;1.86796e-06;4.61769e-05;1.33384e-06
119000;0;0.516264;-0.266129;0.414887;0.000859473;0.00748685;0.000636438;0.00510673;4.77254e-05;1.86116e-06;4.60818e-05;1.32776e-06
120000;0.0754031;0.532867;-0.301612;0.418012;0.000908627;0.00745832;0.000793668;0.00507578;4.77884e-05;1.85508e-06;4.60146e-05;1.32227e-06
121000;0.07478;0.528463;-0.29912;0.414557;0.00162614;0.00743584;0.000696272;0.00505977;4.7799e-05;1.84814e-06;4.60402e-05;1.31737e-06
122000;0.074167;0.524131;-0.296668;0.411159;0.00161843;0.00739418;0.00084467;0.00502835;4.7815e-05;1.84107e-06;4.60206e-05;1.31237e-06
123000;0.073564;0.51987;-0.294256;0.407816;0.00167607;0.00734334;0.000757363;0.00499629;4.77815e-05;1.83355e-06;4.60357e-05;1.30718e-06
124000;0.0729708;0.515678;-0.255398;0.410801;0.00178639;0.0073277;0.000465476;0.00497226;4.7691e-05;1.82468e-06;4.60845e-05;1.30263e-06
125000;0.072387;0.511552;-0.289548;0.413642;0.00215815;0.00730024;0.000498474;0.00493774;4.77453e-05;1.81812e-06;4.60827e-05;1.29722e-06
126000;0.0718125;0.507492;-0.28725;0.410359;0.0023698;0.00724949;0.000519634;0.0049117;4.77665e-05;1.81015e-06;4.61093e-05;1.29216e-06
127000;0.071247;0.503496;-0.284988;0.407128;0.00202367;0.00721338;0.000517714;0.00487845;4.77915e-05;1.80268e-06;4.60794e-05;1.28732e-06
128000;0.0706904;0.499563;-0.282762;0.403947;0.00206157;0.00718312;0.000450554;0.00484754;4.77353e-05;1.79539e-06;4.6122e-05;1.28232e-06
129000;0.0701424;0.49569;-0.28057;0.400816;0.00211677;0.0071288;0.000372944;0.00481864;4.7702e-05;1.78883e-06;4.61329e-05;1.27772e-06
130000;0.0696029;0.491877;-0.24361;0.40354;0.00203052;0.00709072;0.000422634;0.0047903;4.76822e-05;1.78184e-06;4.61168e-05;1.27233e-06
131000;0.0690716;0.488122;-0.172679;0.411743;0.00190919;0.00707518;0.000453075;0.00476127;4.76753e-05;1.77459e-06;4.61495e-05;1.26765e-06
132000;0.0685483;0.484424;-0.171371;0.408624;0.00194248;0.00703526;0.000629314;0.00473998;4.77218e-05;1.76745e-06;4.61442e-05;1.26289e-06
133000;0.136066;0.498931;-0.170082;0.405552;0.00180888;0.00698455;0.000814032;0.00471158;4.76604e-05;1.76191e-06;4.60276e-05;1.25776e-06
134000;0.13505;0.495207;-0.13505;0.407929;0.00205153;0.00697257;0.00107126;0.00469333;4.76472e-05;1.75375e-06;4.59811e-05;1.25273e-06
135000;0.067025;0.508792;-0.100537;0.410201;0.00217287;0.00692609;0.00118218;0.00467805;4.75798e-05;1.746e-06;4.59987e-05;1.24812e-06
136000;0.0665322;0.505051;-0.0997982;0.407185;0.00236013;0.0069084;0.00111109;0.00464985;4.76728e-05;1.74027e-06;4.59757e-05;1.24313e-06
137000;0.0660465;0.501364;-0.0990698;0.404212;0.0022033;0.00687725;0.00111621;0.00463309;4.76151e-05;1.73242e-06;4.5958e-05;1.23838e-06
138000;0.0655679;0.497731;-0.0983519;0.401283;0.00213322;0.00683555;0.00109603;0.00460568;4.76041e-05;1.7263e-06;4.58813e-05;1.23362e-06
139000;0.0650962;0.49415;-0.0976443;0.398396;0.00211788;0.00678637;0.001548;0.00459296;4.76797e-05;1.72115e-06;4.59155e-05;1.22929e-06
140000;0.0646312;0.49062;-0.0646312;0.40059;0.00217378;0.00676301;0.00161388;0.00456495;4.77511e-05;1.71427e-06;4.5974e-05;1.22553e-06
141000;0.0641729;0.487141;-0.0641729;0.397749;0.00276498;0.00674455;0.00146079;0.00454018;4.77192e-05;1.70791e-06;4.5995e-05;1.22109e-06
142000;0.0637209;0.48371;-0.0955814;0.399854;0.0027706;0.0067248;0.00158185;0.00451615;4.76669e-05;1.70096e-06;4.60716e-05;1.21696e-06
143000;0.126551;0.49608;-0.094913;0.397058;0.00277927;0.00669554;0.00167354;0.00449702;4.76735e-05;1.69505e-06;4.6095e-05;1.2133e-06
144000;0.125672;0.492635;-0.0942539;0.3943;0.00264881;0.00665262;0.00137987;0.00447905;4.76411e-05;1.68831e-06;4.61267e-05;1.20925e-06
145000;0.124805;0.489237;-0.0624026;0.396328;0.00270216;0.00662946;0.00137175;0.00445309;4.7528e-05;1.68157e-06;4.60506e-05;1.20474e-06
146000;0.12395;0.485887;-0.0619752;0.393613;0.00296024;0.00660419;0.00124258;0.0044369;4.75741e-05;1.6762e-06;4.60268e-05;1.20048e-06
147000;0.184661;0.497433;-0.0615536;0.390936;0.00328229;0.00657077;0.001301;0.00442624;4.75201e-05;1.66996e-06;4.60567e-05;1.19616e-06
148000;0.183413;0.494072;-0.0611377;0.388294;0.0027503;0.00655647;0.00126702;0.00440568;4.76253e-05;1.66475e-06;4.61667e-05;1.19294e-06
149000;0.121455;0.504984;-0.091091;0.399225;0.00273185;0.00651247;0.00134099;0.00438248;4.74701e-05;1.65799e-06;4.61108e-05;1.18882e-06
150000;0.0603225;0.515363;-0.0904837;0.396564;0.00300031;0.00648152;0.00131504;0.00436573;4.74244e-05;1.65177e-06;4.60173e-05;1.18441e-06
151000;0.119846;0.52525;-0.0898845;0.393937;0.00297755;0.0064437;0.00113339;0.00434848;4.74235e-05;1.64565e-06;4.60739e-05;1.18105e-06
152000;0.119058;0.521794;-0.0892932;0.391346;0.00301797;0.00642566;0.00101998;0.00433085;4.73124e-05;1.64046e-06;4.61007e-05;1.17701e-06
153000;0.118279;0.518384;-0.0887096;0.388788;0.00296507;0.00640941;0.000800384;0.00431676;4.72882e-05;1.63477e-06;4.61251e-05;1.17324e-06
154000;0.117511;0.515018;-0.117511;0.390531;0.00288444;0.00637673;0.000584191;0.00429534;4.71818e-05;1.62827e-06;4.60994e-05;1.16946e-06
155000;0.116753;0.511695;-0.0875649;0.392207;0.00279764;0.00634545;0.000422829;0.00427161;4.72116e-05;1.62303e-06;4.60414e-05;1.16555e-06
156000;0.116005;0.508415;-0.0580024;0.393817;0.00284221;0.00631929;0.00050558;0.0042469;4.72595e-05;1.61788e-06;4.60625e-05;1.16198e-06
157000;0.115266;0.505176;-0.0288165;0.395363;0.00249155;0.00630293;0.000382114;0.00422347;4.72306e-05;1.61256e-06;4.60244e-05;1.1582e-06
158000;0.114536;0.501979;-0.0286341;0.392861;0.00228633;0.006281;0.000336279;0.00420494;4.72325e-05;1.60745e-06;4.60094e-05;1.15459e-06
159000;0.113816;0.498822;-0.028454;0.39039;0.0018603;0.00625923;0.000176068;0.00418807;4.72448e-05;1.60304e-06;4.59815e-05;1.15095e-06
160000;0.113105;0.495704;-0.0282762;0.38795;0.00167253;0.00622885;0.000252973;0.00416688;4.7248e-05;1.59768e-06;4.60424e-05;1.14816e-06
161000;0.112402;0.492625;-0.0281005;0.385541;0.00120397;0.00620699;0.000643329;0.00416061;4.71444e-05;1.59187e-06;4.60154e-05;1.14457e-06
162000;0.111708;0.489585;-0.0279271;0.383161;0.00109804;0.00617972;0.000412594;0.0041425;4.71871e-05;1.58703e-06;4.60003e-05;1.14062e-06
163000;0.111023;0.486581;-0.0277557;0.38081;0.00116109;0.00615474;0.000510654;0.00412514;4.72461e-05;1.5828e-06;4.60068e-05;1.13714e-06
164000;0.110346;0.483614;-0.055173;0.382331;0.0012369;0.00613878;0.000683071;0.00410606;4.71716e-05;1.5765e-06;4.6025e-05;1.13364e-06
165000;0.109677;0.480683;-0.0548386;0.380013;0.00141302;0.00610763;0.00100131;0.00408985;4.71344e-05;1.57142e-06;4.60096e-05;1.13023e-06
166000;0.109017;0.477787;-0.0272541;0.381483;0.00154219;0.00607384;0.000920465;0.00407531;4.71701e-05;1.56714e-06;4.6023e-05;1.12678e-06
167000;0;0.498107;-0.0270909;0.379198;0.00161366;0.00604421;0.00102699;0.0040636;4.71002e-05;1.56278e-06;4.59618e-05;1.12323e-06
168000;0;0.495142;-0.0269297;0.376941;0.00161588;0.00601029;0.00112542;0.00405252;4.7039e-05;1.55756e-06;4.59006e-05;1.11956e-06
169000;0;0.492212;-0.0267703;0.374711;0.00152694;0.00599;0.00122023;0.0040371;4.71547e-05;1.55431e-06;4.58724e-05;1.11624e-06
170000;0;0.489317;-0.0266129;0.372507;0.00162454;0.00595843;0.00124127;0.00401832;4.71217e-05;1.54976e-06;4.58675e-05;1.11276e-06
171000;0;0.486456;-0.0264572;0.370328;0.00156019;0.00593641;0.00127368;0.00399761;4.70235e-05;1.54436e-06;4.58991e-05;1.10985e-06
172000;0;0.483627;-0.0526068;0.371767;0.0016907;0.00590823;0.00123575;0.00398647;4.70771e-05;1.54024e-06;4.59769e-05;1.10696e-06
173000;0;0.480832;-0.0523027;0.369618;0.00178584;0.00588606;0.0014331;0.00397053;4.69372e-05;1.53448e-06;4.59809e-05;1.10334e-06
174000;0;0.478068;-0.0520022;0.367494;0.00175242;0.00585713;0.00122754;0.00395924;4.6867e-05;1.52918e-06;4.59855e-05;1.10027e-06
175000;0;0.475336;0.0258525;0.375786;0.00173054;0.00583529;0.00118494;0.0039446;4.69738e-05;1.52553e-06;4.59948e-05;1.09669e-06
176000;0.0514112;0.483258;0.0514112;0.377033;0.00148401;0.00580715;0.00121844;0.00392448;4.70315e-05;1.52191e-06;4.59742e-05;1.09346e-06
177000;0.102242;0.490863;0.0511208;0.374903;0.00167932;0.00578605;0.00126242;0.00391519;4.69255e-05;1.51695e-06;4.59703e-05;1.09026e-06
178000;0.101667;0.488105;0.0508336;0.372796;0.00135426;0.00576682;0.00116257;0.00389588;4.69152e-05;1.51254e-06;4.60049e-05;1.08716e-06
179000;0.101099;0.485378;0.0505496;0.370714;0.00121986;0.00573847;0.00105097;0.00388216;4.6932e-05;1.50856e-06;4.60084e-05;1.08425e-06
180000;0.100537;0.482682;0.0502687;0.368654;0.00124449;0.00572054;0.000877995;0.00387668;4.69889e-05;1.50504e-06;4.60922e-05;1.08161e-06
181000;0.049991;0.489913;0.049991;0.366617;0.00104637;0.00569742;0.000882981;0.00385873;4.70152e-05;1.50108e-06;4.60678e-05;1.07891e-06
182000;0.0497163;0.487221;0.0497163;0.364603;0.00118354;0.00568077;0.000880625;0.00385053;4.69916e-05;1.49664e-06;4.60616e-05;1.07573e-06
183000;0;0.494155;0.074167;0.365834;0.00137506;0.00565696;0.000833279;0.0038304;4.70281e-05;1.49394e-06;4.60758e-05;1.07265e-06
184000;0;0.49147;0.0737639;0.363846;0.00117317;0.00564429;0.00101024;0.00382199;4.70125e-05;1.48918e-06;4.60402e-05;1.06919e-06
185000;0;0.488813;0.0733652;0.361879;0.00122514;0.00562839;0.000873613;0.00380766;4.70367e-05;1.48493e-06;4.59806e-05;1.06607e-06
186000;0;0.486185;0.0729708;0.359933;0.00119931;0.00560237;0.000846709;0.00379438;4.70741e-05;1.48162e-06;4.59878e-05;1.06352e-06
187000;0;0.483585;0.0725805;0.358009;0.00129861;0.00557462;0.000779992;0.00378813;4.70077e-05;1.47677e-06;4.59438e-05;1.06053e-06
188000;0;0.481013;0.0721945;0.356104;0.00116274;0.00555072;0.000589762;0.00377499;4.70048e-05;1.47301e-06;4.60269e-05;1.05801e-06
189000;0;0.478468;0.0718125;0.35422;0.00138771;0.00552759;0.000571726;0.00375908;4.70685e-05;1.46978e-06;4.6019e-05;1.05513e-06
190000;0;0.475949;0.0714345;0.352356;0.00115574;0.00550536;0.000624908;0.00374725;4.69964e-05;1.46546e-06;4.5994e-05;1.05208e-06
191000;0;0.473458;0.0710605;0.350511;0.00118285;0.00547692;0.000495475;0.00373372;4.70086e-05;1.46227e-06;4.60099e-05;1.04953e-06
192000;0;0.470992;0.0706904;0.348685;0.000813882;0.00546818;0.000584029;0.00372129;4.70361e-05;1.45883e-06;4.60312e-05;1.04682e-06
193000;0;0.468551;0.0703242;0.346879;0.000420744;0.00545619;0.000444991;0.00370977;4.70382e-05;1.45505e-06;4.59735e-05;1.04429e-06
194000;0;0.466136;0.0699617;0.345091;0.000562862;0.00543543;0.000480168;0.00370254;4.70981e-05;1.45194e-06;4.60205e-05;1.04188e-06
195000;0;0.463746;0.0696029;0.343321;0.000748167;0.005423;0.000325229;0.00368837;4.71431e-05;1.44895e-06;4.60271e-05;1.03916e-06
196000;0;0.46138;0.0692478;0.341569;0.000779231;0.00540689;0.000311622;0.00367609;4.70817e-05;1.44451e-06;4.60436e-05;1.03654e-06
197000;0;0.459038;0.0688963;0.339836;0.000812288;0.00538313;0.000330166;0.00366554;4.71245e-05;1.44061e-06;4.6055e-05;1.03359e-06
198000;0;0.456719;0.0685483;0.338119;0.000881256;0.00535705;0.000422988;0.00365075;4.70563e-05;1.43622e-06;4.60596e-05;1.03118e-06
199000;0;0.454424;0.0454692;0.339358;0.000786576;0.00534106;0.000295278;0.00364134;4.71105e-05;1.43299e-06;4.61027e-05;1.02841e-06
200000;0;0.452152;0.0452419;0.337662;0.00076351;0.00532424;0.000161035;0.00362932;4.71027e-05;1.4293e-06;4.61039e-05;1.02608e-06
201000;0;0.449902;0.0675252;0.338866;0.00105252;0.00530815;1.73948e-05;0.00361533;4.71483e-05;1.42574e-06;4.61258e-05;1.0234e-06
202000;0;0.447675;0.0895879;0.340033;0.000882149;0.00528747;-4.34542e-07;0.00360881;4.71427e-05;1.42186e-06;4.61535e-05;1.02117e-06
203000;0;0.44547;0.0891465;0.338358;0.00076987;0.00527285;-0.000199443;0.00359942;4.72356e-05;1.41968e-06;4.62207e-05;1.0188e-06
204000;0;0.443286;0.0887096;0.3367;0.000628096;0.00525397;-0.000136169;0.00359436;4.72855e-05;1.4167e-06;4.62282e-05;1.01625e-06
205000;0;0.441124;0.0882768;0.335057;0.000518428;0.00524493;-9.59823e-05;0.00357864;4.72265e-05;1.41271e-06;4.62195e-05;1.01348e-06
206000;-0.0439241;0.447345;0.0878483;0.333431;0.000448434;0.00522114;-0.000116418;0.00356892;4.73009e-05;1.40978e-06;4.62468e-05;1.01113e-06
207000;-0.043712;0.445184;0.0874239;0.33182;0.000559271;0.00520459;-0.000121681;0.00355584;4.72703e-05;1.4059e-06;4.62226e-05;1.0087e-06
208000;-0.0435018;0.443043;0.0870036;0.330225;0.000774175;0.00518844;-0.000119537;0.00354231;4.72884e-05;1.40224e-06;4.621e-05;1.00645e-06
209000;-0.0432937;0.440923;0.0649405;0.331372;0.000592048;0.00516856;-0.000101711;0.00353037;4.73169e-05;1.39938e-06;4.61899e-05;1.00391e-06
210000;-0.0430875;0.438824;0.0646312;0.329794;0.000582399;0.00514727;-0.000220868;0.00352038;4.73165e-05;1.39657e-06;4.62029e-05;1.00176e-06
211000;-0.0428833;0.436744;0.0643249;0.328231;0.00068739;0.00513756;-0.000311885;0.00350794;4.73326e-05;1.3936e-06;4.61687e-05;9.99446e-07
212000;-0.042681;0.434684;0.0640215;0.326683;0.000798806;0.00513057;-0.00035709;0.00349461;4.73519e-05;1.39033e-06;4.61849e-05;9.9729e-07
213000;0;0.440582;0.0637209;0.325149;0.000562198;0.00511513;-0.000180896;0.00348675;4.73797e-05;1.38719e-06;4.61967e-05;9.94893e-07
214000;0;0.438524;0.0634232;0.32363;0.000546483;0.00510222;-9.06021e-05;0.00348538;4.74014e-05;1.38371e-06;4.62063e-05;9.92775e-07
215000;0;0.436484;0.0631282;0.322125;0.000507014;0.00508464;-2.39344e-05;0.00348215;4.73544e-05;1.38034e-06;4.61922e-05;9.90469e-07
216000;0;0.434463;0.0628359;0.320633;0.000456944;0.00507276;-9.59371e-06;0.00347105;4.73609e-05;1.37716e-06;4.61644e-05;9.88145e-07
217000;0;0.432461;0.0625464;0.319156;0.000762413;0.00506054;1.5349e-06;0.00346332;4.73233e-05;1.37411e-06;4.61206e-05;9.85855e-07
218000;0;0.430477;0.0622595;0.317692;0.000701505;0.00504457;0.00011198;0.00345869;4.73088e-05;1.37075e-06;4.60599e-05;9.83254e-07
219000;0;0.428512;0.0619752;0.316241;0.000699417;0.00503008;0.000110439;0.00344852;4.73726e-05;1.36778e-06;4.60459e-05;9.80988e-07
220000;0.041129;0.434114;0.0822579;0.317373;0.000696238;0.00500721;6.36885e-05;0.00344222;4.73231e-05;1.36444e-06;4.60343e-05;9.78582e-07
221000;0.0409429;0.43215;0.0614143;0.318475;0.000754347;0.00499614;-2.94073e-05;0.00343063;4.72568e-05;1.36098e-06;4.60672e-05;9.76526e-07
222000;0.0815169;0.437557;0.0611377;0.317041;0.000742055;0.00497744;-0.000122228;0.00341767;4.71847e-05;1.35772e-06;4.60717e-05;9.7432e-07
223000;0.0811513;0.435595;0.0405757;0.318114;0.000764194;0.00496481;-0.000245477;0.00340835;4.72024e-05;1.3551e-06;4.60287e-05;9.71862e-07
224000;0.0807891;0.433651;0.0403945;0.316694;0.000695025;0.00494432;-0.000237139;0.00340031;4.71724e-05;1.35192e-06;4.60139e-05;9.69624e-07
225000;0.08043;0.431723;0.040215;0.315286;0.000910685;0.00493498;-0.000197285;0.00338828;4.71818e-05;1.34869e-06;4.59641e-05;9.67184e-07
226000;0.0800741;0.429813;0.0200185;0.316334;0.000846333;0.00491457;-0.000347011;0.0033813;4.71851e-05;1.34617e-06;4.59631e-05;9.65362e-07
227000;0.0398607;0.434993;0.0199303;0.31494;0.000749775;0.00490155;-0.000275872;0.00337394;4.71574e-05;1.34337e-06;4.60248e-05;9.63594e-07
228000;0.0396859;0.433085;0.0198429;0.313559;0.000767922;0.00488059;-0.000162194;0.00336661;4.71126e-05;1.34028e-06;4.60804e-05;9.61907e-07
229000;0.0395126;0.431194;0.0197563;0.31219;0.000795051;0.00486714;-0.000150451;0.00336208;4.70644e-05;1.33694e-06;4.60509e-05;9.59904e-07
230000;0.0393408;0.429319;0.0196704;0.310832;0.000579676;0.00485433;-0.000211061;0.00334909;4.69075e-05;1.33301e-06;4.60558e-05;9.57838e-07
231000;0.0391705;0.427461;0;0.311858;0.000252953;0.00484293;-0.00040778;0.00334314;4.69355e-05;1.33036e-06;4.60549e-05;9.56127e-07
232000;0.0390016;0.425618;0;0.310514;0.000687421;0.00484918;-0.000288277;0.00333266;4.69125e-05;1.32772e-06;4.60139e-05;9.53901e-07
233000;0.0388342;0.423792;0.0194171;0.311515;0.000647094;0.00483893;-0.000388977;0.00332036;4.68893e-05;1.32473e-06;4.60371e-05;9.51857e-07
234000;0.0386683;0.421981;0.0193341;0.310184;0.000644328;0.00481825;-0.000437485;0.00331709;4.68748e-05;1.32185e-06;4.60972e-05;9.49894e-07
235000;0.0770074;0.426908;0;0.31116;0.000624431;0.00482204;-0.000376068;0.00330501;4.69106e-05;1.31937e-06;4.60802e-05;9.47752e-07
236000;0.0766811;0.425099;0;0.309842;0.000667452;0.0048222;-0.000300793;0.00329561;4.68326e-05;1.31574e-06;4.60448e-05;9.45548e-07
237000;0.0763576;0.423306;0;0.308534;0.000653156;0.0048075;-0.000364536;0.00329283;4.68653e-05;1.31311e-06;4.60288e-05;9.43416e-07
238000;0.0760368;0.421527;0.0190092;0.309489;0.000481821;0.00479272;-0.000282821;0.00328199;4.67927e-05;1.30994e-06;4.60163e-05;9.41491e-07
239000;0.0757186;0.419763;0.0189297;0.308194;0.000520261;0.0047822;-0.000228333;0.00327227;4.68583e-05;1.30721e-06;4.60856e-05;9.40177e-07
240000;0.0754031;0.418014;0.0188508;0.30691;0.000641065;0.0047654;-0.000201983;0.00326509;4.68599e-05;1.30497e-06;4.6089e-05;9.38206e-07
241000;0.0750902;0.41628;0.0187726;0.305636;0.000551109;0.00475702;-0.000228234;0.00325607;4.68522e-05;1.30201e-06;4.61338e-05;9.36364e-07
242000;0.07478;0.41456;0.018695;0.304373;0.000557327;0.00474476;-0.00016826;0.00324712;4.68405e-05;1.29963e-06;4.60951e-05;9.34208e-07
243000;0.0744722;0.412854;0.0186181;0.303121;0.00043807;0.00473108;-0.000243045;0.00324069;4.68018e-05;1.29657e-06;4.61051e-05;9.32438e-07
244000;0.074167;0.411162;0.0185418;0.301879;0.00044889;0.00473475;-6.41865e-05;0.00323396;4.67677e-05;1.29352e-06;4.61091e-05;9.30592e-07
245000;0.0738643;0.409483;0.0369321;0.302817;0.000326663;0.00471872;-0.000202867;0.00323002;4.66805e-05;1.29025e-06;4.61006e-05;9.28642e-07
246000;0.073564;0.407819;0.036782;0.301586;0.000519395;0.00470952;-0.000212709;0.00321822;4.67095e-05;1.28793e-06;4.61486e-05;9.27277e-07
247000;0.109899;0.412465;0.0366331;0.300365;0.000688723;0.00470123;-0.000160651;0.00320773;4.66759e-05;1.28497e-06;4.61496e-05;9.25517e-07
248000;0.109456;0.410802;0.0182427;0.301283;0.000549428;0.00469377;-0.000166911;0.00319734;4.66155e-05;1.28203e-06;4.62138e-05;9.24081e-07
249000;0.109017;0.409152;0.0363389;0.302179;0.000651041;0.00468375;-0.00016297;0.0031902;4.66274e-05;1.27935e-06;4.62421e-05;9.22354e-07
250000;0.10858;0.407516;0.0180967;0.303053;0.000348724;0.0046754;-0.000187246;0.00318088;4.65863e-05;1.27681e-06;4.62482e-05;9.206e-07
251000;0.108148;0.405892;0.0360493;0.303906;0.000161525;0.00466214;-0.000415002;0.00317661;4.66081e-05;1.27393e-06;4.62791e-05;9.18786e-07
252000;0.107719;0.404281;0.0359062;0.3027;8.59967e-05;0.00464493;-0.000461807;0.00317195;4.66137e-05;1.27167e-06;4.62974e-05;9.16915e-07
253000;0.107293;0.402683;0.0357643;0.301504;9.33444e-05;0.00462858;-0.000582649;0.00316158;4.66201e-05;1.26908e-06;4.62836e-05;9.1526e-07
254000;0.106871;0.401098;0.0534353;0.302339;-0.000126288;0.00461748;-0.000477729;0.00315169;4.65995e-05;1.26697e-06;4.62411e-05;9.13313e-07
255000;0.106451;0.399525;0.0532257;0.301153;2.73804e-05;0.00460433;-0.000455679;0.00314346;4.65864e-05;1.26436e-06;4.62473e-05;9.1155e-07
256000;0.141381;0.403949;0.0530178;0.299977;2.20674e-05;0.00459067;-0.0004348;0.00313322;4.65795e-05;1.26164e-06;4.62768e-05;9.09842e-07
257000;0.140831;0.402377;0.0704154;0.300795;-9.9496e-05;0.00459047;-0.000412465;0.00313024;4.65729e-05;1.25919e-06;4.62662e-05;9.07908e-07
258000;0.140285;0.400818;0.0701424;0.299629;-0.000170297;0.00457481;-0.0005026;0.00312366;4.65675e-05;1.25656e-06;4.6248e-05;9.06077e-07
259000;0.139743;0.39927;0.0698716;0.298472;-0.000363318;0.00457121;-0.000305064;0.00311807;4.65609e-05;1.25396e-06;4.625e-05;9.04311e-07
260000;0.139206;0.397734;0.0870036;0.299274;-0.000189024;0.00456511;-0.000275792;0.00311688;4.65605e-05;1.25134e-06;4.62481e-05;9.02466e-07
261000;0.138672;0.396211;0.0693362;0.300057;-0.00030073;0.00455048;-0.000311716;0.0031103;4.66097e-05;1.24953e-06;4.62539e-05;9.00725e-07
262000;0.138143;0.394698;0.0863394;0.300822;-0.000217418;0.00453597;-0.000279741;0.00310357;4.66198e-05;1.24728e-06;4.62541e-05;8.98992e-07
263000;0.137618;0.393198;0.0860112;0.299678;-0.000480796;0.00452817;-0.000270147;0.0031009;4.66569e-05;1.24511e-06;4.62341e-05;8.9723e-07
264000;0.137097;0.391708;0.102822;0.300426;-0.000544724;0.00451286;-0.000313604;0.00309872;4.66321e-05;1.24265e-06;4.62518e-05;8.9563e-07
265000;0.136579;0.39023;0.102434;0.299293;-0.000433177;0.0044995;-0.000352821;0.00308755;4.66182e-05;1.23998e-06;4.63044e-05;8.94176e-07
266000;0.170082;0.394438;0.102049;0.298168;-0.000462726;0.004483;-0.000343322;0.00307972;4.66874e-05;1.23827e-06;4.62625e-05;8.925e-07
267000;0.169445;0.392961;0.101667;0.297051;-0.000468725;0.00446817;-0.000241024;0.00307569;4.66688e-05;1.23587e-06;4.62855e-05;8.90536e-07
268000;0.168813;0.391495;0.101288;0.295942;-0.000390059;0.00445405;-0.000307809;0.003069;4.66121e-05;1.23355e-06;4.6279e-05;8.88948e-07
269000;0.168185;0.39004;0.100911;0.294842;-0.000298039;0.00444104;-0.000481193;0.00306183;4.66208e-05;1.2312e-06;4.62776e-05;8.87278e-07
270000;0.167562;0.388595;0.100537;0.29375;-0.000438188;0.00443197;-0.00043781;0.00305454;4.66504e-05;1.22935e-06;4.62246e-05;8.85498e-07
271000;0.166944;0.387161;0.100167;0.292666;-0.000270741;0.00442175;-0.000230907;0.00304794;4.66449e-05;1.22693e-06;4.62327e-05;8.83856e-07
272000;0.16633;0.385738;0.0997982;0.29159;-0.000295187;0.00440723;-0.000128442;0.00304013;4.66708e-05;1.22485e-06;4.62311e-05;8.82324e-07
273000;0.165721;0.384325;0.0994327;0.290522;-0.000384619;0.00440185;-0.000183984;0.00303314;4.66603e-05;1.22238e-06;4.62135e-05;8.80641e-07
274000;0.165116;0.382922;0.0990698;0.289462;-0.000230143;0.00439834;-0.000272461;0.00302647;4.66415e-05;1.21974e-06;4.62138e-05;8.78993e-07
275000;0.164516;0.38153;0.0987095;0.288409;-0.000243751;0.00439084;-0.000163869;0.00301893;4.66757e-05;1.21775e-06;4.61859e-05;8.77287e-07
276000;0.16392;0.380147;0.0983519;0.287364;-0.000223914;0.00437596;-0.000100452;0.00301029;4.6691e-05;1.21568e-06;4.61626e-05;8.7566e-07
277000;0.163328;0.378775;0.0979968;0.286327;-0.000297738;0.00436261;-0.000277107;0.00300377;4.66575e-05;1.21312e-06;4.61876e-05;8.74251e-07
278000;0.162741;0.377412;0.0976443;0.285297;-0.000296667;0.00434692;-8.5905e-05;0.00300323;4.6635e-05;1.21097e-06;4.61805e-05;8.72805e-07
279000;0.162157;0.37606;0.0972943;0.284274;-0.000199101;0.00433357;-1.82906e-05;0.00299897;4.65885e-05;1.20852e-06;4.61984e-05;8.71459e-07
280000;0.161578;0.374717;0.0969469;0.283259;-0.000105796;0.0043219;1.85439e-05;0.00299004;4.65106e-05;1.206e-06;4.6226e-05;8.70016e-07
281000;0.161003;0.373383;0.0966019;0.282251;-0.000177873;0.00431952;2.26952e-05;0.00297965;4.65333e-05;1.20412e-06;4.62244e-05;8.68475e-07
282000;0.160432;0.372059;0.112303;0.283003;-0.000313755;0.00431859;-8.77605e-05;0.0029716;4.65242e-05;1.20166e-06;4.62357e-05;8.66966e-07
283000;0.159865;0.370744;0.111906;0.282003;-0.000605319;0.00431322;-1.26113e-07;0.00296773;4.64766e-05;1.19916e-06;4.62916e-05;8.65785e-07
284000;0.159302;0.369439;0.111512;0.28101;-0.000699711;0.00430616;5.81871e-05;0.00295844;4.64983e-05;1.1972e-06;4.63076e-05;8.64286e-07
285000;0.158743;0.368143;0.11112;0.280024;-0.000460561;0.00430344;-9.14803e-05;0.00295147;4.64617e-05;1.19468e-06;4.63099e-05;8.62751e-07
286000;0.158188;0.366855;0.110732;0.279044;-0.000507554;0.00428945;-9.1628e-05;0.0029434;4.64372e-05;1.19237e-06;4.63087e-05;8.61343e-07
287000;0.157637;0.365577;0.0945823;0.279783;-0.000423349;0.00428486;-7.72576e-05;0.00293848;4.64433e-05;1.19046e-06;4.62722e-05;8.59852e-07
288000;0.15709;0.364308;0.0942539;0.278812;-0.000353913;0.00427105;-7.78955e-05;0.00293051;4.65024e-05;1.18877e-06;4.63131e-05;8.58335e-07
289000;0.156546;0.363047;0.0939278;0.277847;-0.000109941;0.00426363;-0.000150527;0.00292528;4.65184e-05;1.18644e-06;4.63238e-05;8.56936e-07
290000;0.156006;0.361795;0.0936039;0.276889;-0.000113071;0.00425922;-6.22464e-05;0.00291671;4.65009e-05;1.18441e-06;4.6314e-05;8.55385e-07
291000;0.15547;0.360552;0.0932822;0.279282;-4.17627e-05;0.00425405;-9.37178e-05;0.00291073;4.64674e-05;1.18184e-06;4.63303e-05;8.54059e-07
292000;0.154938;0.359317;0.0929627;0.278326;-4.82217e-05;0.00424616;2.8006e-05;0.00290513;4.64351e-05;1.17964e-06;4.63356e-05;8.52682e-07
293000;0.154409;0.358091;0.0926455;0.277376;-7.84609e-05;0.00423401;6.77593e-05;0.00289847;4.64694e-05;1.17801e-06;4.63388e-05;8.51209e-07
294000;0.153884;0.356873;0.0923303;0.276433;-0.00024091;0.00422966;3.3463e-05;0.00289064;4.64209e-05;1.17618e-06;4.63143e-05;8.49737e-07
295000;0.153362;0.355663;0.0920174;0.275496;-0.000240093;0.00421532;0.000180605;0.00288582;4.64266e-05;1.174e-06;4.63354e-05;8.4831e-07
296000;0.152844;0.354462;0.0917065;0.274565;-0.000239282;0.00420108;0.000286729;0.00287855;4.63909e-05;1.17168e-06;4.63453e-05;8.46926e-07
297000;0.15233;0.353268;0.0913977;0.27364;-0.000270075;0.00419201;0.000360435;0.00287459;4.63623e-05;1.16959e-06;4.63306e-05;8.45328e-07
298000;0.182182;0.357077;0.091091;0.272722;-0.000288485;0.0041844;0.000385172;0.00286938;4.63449e-05;1.1676e-06;4.63023e-05;8.43796e-07
299000;0.151311;0.360792;0.105917;0.273423;-0.000233176;0.00417117;0.000352001;0.00286047;4.6353e-05;1.16551e-06;4.62975e-05;8.42372e-07
300000;0.150806;0.359589;0.105564;0.272512;-0.000178362;0.00416813;0.000353082;0.00285456;4.63612e-05;1.16373e-06;4.6264e-05;8.40986e-07
301000;0.120244;0.363205;0.105214;0.271606;2.0969e-05;0.00416046;0.00034393;0.00285011;4.63958e-05;1.16197e-06;4.62695e-05;8.3961e-07
302000;0.119846;0.362003;0.0898845;0.272295;5.69264e-05;0.004158;0.000456027;0.00284598;4.64452e-05;1.16035e-06;4.62538e-05;8.38127e-07
303000;0.11945;0.360808;0.0895879;0.271396;-6.88427e-05;0.00415258;0.000444275;0.00284277;4.63927e-05;1.15864e-06;4.62184e-05;8.36642e-07
304000;0.148822;0.364322;0.0892932;0.270503;-0.000185254;0.00414551;0.000435496;0.0028391;4.64172e-05;1.1566e-06;4.62048e-05;8.35124e-07
305000;0.148334;0.363128;0.0890004;0.269616;-0.000180973;0.00413499;0.0005285;0.00283628;4.64065e-05;1.15467e-06;4.6172e-05;8.33631e-07
306000;0.147849;0.361941;0.0739246;0.270293;-2.24808e-05;0.00412746;0.000554584;0.0028283;4.64265e-05;1.15332e-06;4.6156e-05;8.32121e-07
307000;0.147368;0.360762;0.0884206;0.270957;-0.000317858;0.00412313;0.000502656;0.00282757;4.63935e-05;1.15133e-06;4.61607e-05;8.30718e-07
308000;0.146889;0.359591;0.102822;0.271607;-0.000496153;0.0041204;0.000483998;0.00282082;4.63477e-05;1.14896e-06;4.61456e-05;8.29461e-07
309000;0.175697;0.362993;0.10249;0.270728;-0.000527975;0.00411249;0.000439732;0.00281306;4.63057e-05;1.14697e-06;4.61384e-05;8.28194e-07
310000;0.17513;0.361822;0.102159;0.269855;-0.000462787;0.00410018;0.000481501;0.00280563;4.6283e-05;1.14482e-06;4.61827e-05;8.26916e-07
311000;0.174567;0.360659;0.130925;0.271993;-0.000534683;0.00408846;0.000527328;0.0028001;4.62644e-05;1.14273e-06;4.62175e-05;8.25641e-07
312000;0.174007;0.359503;0.130505;0.271121;-0.0003835;0.00409356;0.00044342;0.0027958;4.62781e-05;1.14104e-06;4.62211e-05;8.24307e-07
313000;0.173451;0.358354;0.130088;0.270255;-0.000345826;0.00408322;0.000436643;0.00279272;4.6334e-05;1.13956e-06;4.62623e-05;8.23169e-07
314000;0.172899;0.357213;0.129674;0.269394;-0.000332972;0.00407208;0.000452747;0.00278981;4.62842e-05;1.1374e-06;4.62447e-05;8.21819e-07
315000;0.17235;0.356079;0.129262;0.268539;-0.000264305;0.00406131;0.000489285;0.00278542;4.63056e-05;1.13578e-06;4.62936e-05;8.20756e-07
316000;0.14317;0.359362;0.128853;0.267689;-0.000344001;0.00405154;0.000514676;0.00277894;4.63572e-05;1.13449e-06;4.62709e-05;8.19335e-07
317000;0.142719;0.358228;0.128447;0.266844;-0.000419454;0.00404154;0.000565376;0.00277475;4.63273e-05;1.13306e-06;4.63123e-05;8.18305e-07
318000;0.14227;0.357102;0.14227;0.267463;-0.000342691;0.00403155;0.000697354;0.00276903;4.63235e-05;1.13122e-06;4.62524e-05;8.16672e-07
319000;0.141824;0.355982;0.141824;0.266624;-0.000422237;0.00402047;0.00072736;0.00276532;4.62631e-05;1.1292e-06;4.6265e-05;8.15368e-07
320000;0.141381;0.35487;0.141381;0.265791;-0.000322113;0.00401716;0.000801049;0.00275993;4.6297e-05;1.12773e-06;4.62552e-05;8.14077e-07
321000;0.112752;0.358052;0.14094;0.264963;-3.6033e-05;0.00401872;0.000821211;0.00275467;4.63101e-05;1.12599e-06;4.62441e-05;8.12706e-07
322000;0.0843016;0.361165;0.126452;0.265572;-3.33996e-05;0.00401187;0.000699075;0.00274834;4.62942e-05;1.1239e-06;4.62486e-05;8.11473e-07
323000;0.0840406;0.360047;0.140068;0.266169;-0.000180377;0.00400469;0.000725805;0.00274255;4.62639e-05;1.1218e-06;4.62445e-05;8.10139e-07
324000;0.0837812;0.358935;0.139635;0.265348;-0.000155474;0.00399261;0.000736914;0.00273593;4.62546e-05;1.11994e-06;4.62645e-05;8.09085e-07
325000;0.0835235;0.357831;0.139206;0.264531;-0.000313229;0.00399008;0.000704923;0.0027311;4.62397e-05;1.11801e-06;4.62449e-05;8.07915e-07
326000;0.0832672;0.356733;0.138779;0.26372;-0.00020371;0.00398174;0.000609366;0.00272743;4.62848e-05;1.11681e-06;4.62285e-05;8.06622e-07
327000;0.0830126;0.355642;0.124519;0.264308;-0.000203087;0.00396956;0.00052548;0.00273025;4.62314e-05;1.11481e-06;4.62071e-05;8.05332e-07
328000;0.0827595;0.354558;0.137933;0.264886;-2.98675e-05;0.00396518;0.00039863;0.00272672;4.62757e-05;1.1135e-06;4.62114e-05;8.04146e-07
329000;0.0550053;0.357567;0.137513;0.266817;-0.000191317;0.00395805;0.000343365;0.00271962;4.62576e-05;1.11154e-06;4.6228e-05;8.02966e-07
330000;0.0548386;0.356484;0.137097;0.266009;-0.000297438;0.00395348;0.000414675;0.00271412;4.62204e-05;1.1095e-06;4.62147e-05;8.0162e-07
331000;0.054673;0.355407;0.150351;0.266555;-0.000330153;0.00394518;0.0005496;0.0027106;4.62342e-05;1.10783e-06;4.62374e-05;8.00367e-07
332000;0.0545083;0.354336;0.149898;0.265752;-0.000197609;0.00393761;0.000661567;0.00270711;4.62557e-05;1.10628e-06;4.62615e-05;7.99266e-07
333000;0.108689;0.361212;0.163034;0.266288;-0.000256048;0.00392749;0.000673894;0.00270194;4.62634e-05;1.10473e-06;4.62436e-05;7.97846e-07
334000;0.0812728;0.364024;0.149;0.266815;-0.000171274;0.00391747;0.000584074;0.00269873;4.62572e-05;1.10301e-06;4.6235e-05;7.96653e-07
335000;0.0810302;0.362937;0.148555;0.266019;-0.000268052;0.00391357;0.000549661;0.00269307;4.62443e-05;1.10119e-06;4.62282e-05;7.9561e-07
336000;0.0807891;0.361857;0.134648;0.266537;-0.000267254;0.00390192;0.000537173;0.00268614;4.62961e-05;1.09981e-06;4.62249e-05;7.94466e-07
337000;0.0536996;0.364601;0.134249;0.265746;-0.000182098;0.00389807;0.000497917;0.00268252;4.63392e-05;1.09866e-06;4.62126e-05;7.93158e-07
338000;0.0535407;0.363522;0.133852;0.26496;-0.000138836;0.00388784;0.000600292;0.00267701;4.63455e-05;1.09749e-06;4.61985e-05;7.91933e-07
339000;0.0533827;0.36245;0.133457;0.264178;-0.00013499;0.00388174;0.000574829;0.00267252;4.63471e-05;1.09586e-06;4.61844e-05;7.90649e-07
340000;0.0532257;0.361384;0.133064;0.263401;-0.000134978;0.00387775;0.000495079;0.00266943;4.6347e-05;1.0942e-06;4.61778e-05;7.89535e-07
341000;0.0530696;0.360324;0.119407;0.263913;-3.52996e-05;0.00387491;0.000492461;0.00266527;4.63242e-05;1.09279e-06;4.61497e-05;7.88194e-07
342000;0.0529145;0.359271;0.119058;0.263141;-0.000141543;0.00386978;0.000488442;0.0026618;4.6293e-05;1.09085e-06;4.61393e-05;7.86926e-07
343000;0.0527602;0.358223;0.11871;0.262374;-0.000177493;0.00385915;0.000402438;0.00265903;4.63124e-05;1.08947e-06;4.61386e-05;7.85785e-07
344000;0.0526068;0.357182;0.144669;0.264139;-0.000432135;0.00385637;0.000435932;0.00265433;4.63719e-05;1.08834e-06;4.61643e-05;7.84804e-07
345000;0.0524543;0.356147;0.144249;0.263374;-0.000338681;0.00384817;0.000421818;0.00265158;4.63949e-05;1.08699e-06;4.61342e-05;7.83625e-07
346000;0.0523027;0.355117;0.156908;0.26386;-0.000205;0.0038416;0.000447913;0.00264549;4.63895e-05;1.08555e-06;4.61344e-05;7.82484e-07
347000;0.052152;0.354094;0.143418;0.264338;-0.000195807;0.00383154;0.000488649;0.00264312;4.64087e-05;1.08404e-06;4.61185e-05;7.81347e-07
348000;0.0520022;0.353076;0.143006;0.263578;-0.000218138;0.00382384;0.00046924;0.0026371;4.63944e-05;1.08229e-06;4.61042e-05;7.80192e-07
349000;0.0259266;0.355713;0.142596;0.262823;-0.000258011;0.00381371;0.00044154;0.00263199;4.64088e-05;1.0808e-06;4.61469e-05;7.79205e-07
350000;0.0258525;0.354697;0.142189;0.262072;-0.00025155;0.00380723;0.000498847;0.0026267;4.64453e-05;1.07952e-06;4.61743e-05;7.78122e-07
351000;0.0257788;0.353686;0.141784;0.261325;-0.000114919;0.0038012;0.000447846;0.00262532;4.64313e-05;1.07788e-06;4.61808e-05;7.77071e-07
352000;0.0771168;0.359807;0.141381;0.260583;-8.50736e-05;0.00379065;0.000432071;0.00261898;4.64252e-05;1.07635e-06;4.61997e-05;7.76228e-07
353000;0.0768984;0.358788;0.14098;0.259845;-1.31225e-05;0.00378423;0.00042948;0.00261337;4.6398e-05;1.07462e-06;4.6205e-05;7.75118e-07
354000;0.0766811;0.357774;0.140582;0.259111;-7.63605e-05;0.00377434;0.000247678;0.00261195;4.63979e-05;1.07307e-06;4.62249e-05;7.74007e-07
355000;0.0764651;0.356766;0.140186;0.258381;-0.000143958;0.00376519;0.0001553;0.00260764;4.63753e-05;1.07141e-06;4.62577e-05;7.72852e-07
356000;0.0762503;0.355764;0.127084;0.258856;-7.84551e-05;0.00375678;7.58014e-05;0.0026042;4.64551e-05;1.07048e-06;4.6288e-05;7.71766e-07
357000;0.0506912;0.358229;0.126728;0.258131;-0.000115647;0.00375329;-1.00319e-05;0.00259891;4.64401e-05;1.06881e-06;4.6294e-05;7.70663e-07
358000;0.0505496;0.357228;0.126374;0.25741;7.35103e-05;0.00375305;-3.09748e-05;0.00259747;4.64916e-05;1.0675e-06;4.62615e-05;7.69422e-07
359000;0.0504088;0.356233;0.126022;0.256693;0.000147989;0.00374546;2.7274e-05;0.00259702;4.64717e-05;1.0662e-06;4.62416e-05;7.68258e-07
360000;0.0502687;0.355244;0.125672;0.25598;6.10881e-05;0.00373751;0.000168635;0.00259353;4.645e-05;1.0645e-06;4.62114e-05;7.67081e-07
361000;0.0501295;0.35426;0.125324;0.255271;0.000141199;0.00373469;0.00034694;0.00259117;4.64541e-05;1.06292e-06;4.62321e-05;7.66145e-07
362000;0.049991;0.353281;0.124978;0.254566;0.000109517;0.00373366;0.000298404;0.00258722;4.64625e-05;1.06167e-06;4.62021e-05;7.64949e-07
363000;0.0498533;0.352308;0.124633;0.253864;4.37381e-05;0.00372559;0.000330502;0.00258267;4.65049e-05;1.06065e-06;4.61597e-05;7.6378e-07
364000;0.0497163;0.35134;0.124291;0.253167;0.000109268;0.00372075;0.000285896;0.00257814;4.64758e-05;1.0589e-06;4.61809e-05;7.62887e-07
365000;0.0495801;0.350377;0.12395;0.252473;0.000132355;0.00371084;0.000351442;0.00257254;4.64659e-05;1.05753e-06;4.61721e-05;7.61784e-07
366000;0.0494447;0.34942;0.135973;0.252947;6.39288e-05;0.0037031;0.00031777;0.00257145;4.64056e-05;1.05572e-06;4.61731e-05;7.60814e-07
367000;0.0493099;0.348468;0.135602;0.252257;0.000243437;0.00369897;0.000330387;0.00256558;4.64272e-05;1.0545e-06;4.6188e-05;7.59797e-07
368000;0.0491759;0.347521;0.135234;0.251572;0.000296771;0.0036918;0.000321511;0.00255966;4.64538e-05;1.05311e-06;4.61876e-05;7.58782e-07
369000;0.0490427;0.346579;0.134867;0.25089;0.000311299;0.00368378;0.000266762;0.0025596;4.64963e-05;1.0519e-06;4.61869e-05;7.57729e-07
370000;0.0489101;0.345642;0.134503;0.250212;0.000519007;0.00367978;0.000379971;0.00255576;4.65271e-05;1.05051e-06;4.61831e-05;7.56823e-07
371000;0.0487783;0.344711;0.13414;0.249538;0.000345898;0.00367576;0.000456004;0.0025512;4.65809e-05;1.04955e-06;4.62034e-05;7.55875e-07
372000;0.0486472;0.343784;0.13378;0.248867;0.000192977;0.00367126;0.000435617;0.00255137;4.65389e-05;1.04792e-06;4.61923e-05;7.54866e-07
373000;0.0242584;0.346144;0.133421;0.2482;0.000224444;0.00367321;0.000470225;0.00254549;4.65466e-05;1.04668e-06;4.61646e-05;7.53853e-07
374000;0.0241935;0.345218;0.120968;0.248669;0.000223843;0.00366339;0.000484407;0.00254117;4.6567e-05;1.0455e-06;4.61897e-05;7.52874e-07
375000;0.024129;0.344297;0.120645;0.248006;0.000225885;0.00365945;0.000573341;0.00253699;4.65862e-05;1.0441e-06;4.619e-05;7.51902e-07
376000;0.0240648;0.343382;0.120324;0.247346;0.000225285;0.00364971;0.00049079;0.0025347;4.65733e-05;1.04234e-06;4.61982e-05;7.50914e-07
377000;0.024001;0.342471;0.120005;0.24669;0.000241954;0.00364033;0.000559969;0.00253235;4.65629e-05;1.04106e-06;4.61669e-05;7.49768e-07
378000;0.0239375;0.341565;0.119687;0.246037;0.000298238;0.00363738;0.000665981;0.00252817;4.65902e-05;1.03985e-06;4.61362e-05;7.48689e-07
379000;0.0238743;0.340664;0.107435;0.246501;0.000276173;0.0036347;0.000723472;0.00252375;4.66168e-05;1.03856e-06;4.61337e-05;7.47634e-07
380000;0.0238115;0.339767;0.119058;0.246957;0.000224274;0.00363174;0.000744278;0.00252074;4.66146e-05;1.03727e-06;4.61306e-05;7.46645e-07
381000;0.023749;0.338875;0.118745;0.246309;0.000203216;0.00362457;0.000751272;0.00251623;4.65955e-05;1.03585e-06;4.61644e-05;7.45711e-07
382000;0.0236868;0.337988;0.118434;0.245664;0.000211261;0.00361937;0.000681756;0.00251155;4.65897e-05;1.03446e-06;4.62198e-05;7.44924e-07
383000;0.023625;0.337106;0.106312;0.246115;0.000261497;0.00361062;0.000663708;0.00250856;4.65912e-05;1.03329e-06;4.62116e-05;7.43954e-07
384000;0.0235635;0.336228;0.106036;0.245474;2.13614e-05;0.00360947;0.000593223;0.00250532;4.66006e-05;1.0318e-06;4.62206e-05;7.43027e-07
385000;0.0235023;0.335355;0.10576;0.244836;-0.000180014;0.00360912;0.000671379;0.00250122;4.65922e-05;1.03041e-06;4.62227e-05;7.41993e-07
386000;0.0234414;0.334486;0.105486;0.244202;-0.000179548;0.00359977;0.000714136;0.00249997;4.65835e-05;1.02888e-06;4.62082e-05;7.41043e-07
387000;0.0233808;0.333622;0.116904;0.244646;-0.000214161;0.0035931;0.000779184;0.00249496;4.65928e-05;1.02736e-06;4.61954e-05;7.39971e-07
388000;0.0233206;0.332762;0.116603;0.244015;-0.000234001;0.00358449;0.00081747;0.00249006;4.65639e-05;1.02569e-06;4.62099e-05;7.3907e-07
389000;0.0232606;0.331906;0.116303;0.243388;-0.000235725;0.00357528;0.000787697;0.0024849;4.65992e-05;1.02466e-06;4.62157e-05;7.38195e-07
390000;0.023201;0.331055;0.116005;0.242764;-3.11305e-05;0.00357484;0.000832067;0.00248094;4.65376e-05;1.02301e-06;4.62344e-05;7.37298e-07
391000;0;0.333309;0.115708;0.242143;3.08348e-05;0.00356808;0.000754304;0.0024775;4.6538e-05;1.02172e-06;4.62558e-05;7.36428e-07
392000;0;0.332459;0.115413;0.241526;-8.81777e-05;0.00356156;0.000778096;0.00247327;4.65812e-05;1.02051e-06;4.62428e-05;7.35427e-07
393000;0;0.331613;0.149655;0.24406;-0.000147452;0.003558;0.000706615;0.00246839;4.65777e-05;1.01922e-06;4.62542e-05;7.34509e-07
394000;0;0.330771;0.149275;0.243441;-0.000181926;0.00355216;0.000772643;0.0024649;4.65507e-05;1.01767e-06;4.62607e-05;7.33495e-07
395000;0;0.329934;0.148897;0.242824;-0.000156296;0.0035462;0.000769688;0.00245944;4.65707e-05;1.01656e-06;4.62928e-05;7.3269e-07
396000;0;0.329101;0.148521;0.242211;-0.000144096;0.00354177;0.000780203;0.00245511;4.65909e-05;1.01552e-06;4.63033e-05;7.31737e-07
397000;0;0.328272;0.148147;0.241601;-0.000153642;0.00354038;0.000810256;0.00245243;4.66141e-05;1.01443e-06;4.63011e-05;7.30797e-07
398000;0;0.327447;0.147775;0.240994;-0.000250422;0.00353418;0.000764115;0.00244807;4.6591e-05;1.01316e-06;4.63026e-05;7.29942e-07
399000;0;0.326626;0.147405;0.24039;-0.000255981;0.00352832;0.000691675;0.00244611;4.65854e-05;1.0118e-06;4.63043e-05;7.29107e-07
400000;0;0.32581;0.147036;0.239789;-0.000234732;0.00352643;0.000722691;0.00244359;4.65878e-05;1.01054e-06;4.62959e-05;7.28309e-07
401000;0;0.324997;0.157952;0.240211;-0.000292028;0.00351947;0.000691766;0.00243912;4.65711e-05;1.00931e-06;4.62713e-05;7.27325e-07
402000;0;0.324189;0.157559;0.239613;-0.000351907;0.00351272;0.000640059;0.00243605;4.65744e-05;1.008e-06;4.62793e-05;7.26562e-07
403000;0;0.323384;0.168394;0.240029;-0.000431403;0.00350594;0.000762893;0.0024334;4.65718e-05;1.00662e-06;4.62813e-05;7.25782e-07
404000;0;0.322584;0.167977;0.239435;-0.000469064;0.00349809;0.000781409;0.00243245;4.65751e-05;1.0053e-06;4.6292e-05;7.24938e-07
405000;0;0.321787;0.178733;0.239846;-0.000452542;0.00349441;0.000796531;0.00242857;4.65648e-05;1.00405e-06;4.62723e-05;7.23963e-07
406000;-0.0222866;0.323953;0.178293;0.239255;-0.000384167;0.00349041;0.000743793;0.00242526;4.65814e-05;1.00276e-06;4.62715e-05;7.23064e-07
407000;-0.0222319;0.323157;0.177855;0.238667;-0.000304236;0.0034874;0.000747302;0.00242247;4.65445e-05;1.00134e-06;4.62625e-05;7.22142e-07
408000;-0.0443548;0.325283;0.177419;0.238082;-0.000328026;0.00348164;0.000705789;0.00241894;4.6534e-05;1.00012e-06;4.62776e-05;7.21277e-07
409000;-0.0442463;0.324487;0.176985;0.2375;-0.000257654;0.00347918;0.000661096;0.00241547;4.65555e-05;9.99101e-07;4.63278e-05;7.20599e-07
410000;-0.0441384;0.323696;0.165519;0.237906;-0.000465725;0.00347567;0.000644673;0.00241016;4.65641e-05;9.98173e-07;4.63124e-05;7.1969e-07
411000;-0.044031;0.322908;0.165116;0.237327;-0.000424179;0.0034682;0.000651251;0.0024059;4.65652e-05;9.96952e-07;4.63266e-05;7.18931e-07
412000;-0.0439241;0.322125;0.164716;0.236751;-0.000483735;0.00346182;0.0006331;0.00240238;4.65592e-05;9.95686e-07;4.63153e-05;7.17952e-07
413000;-0.0438178;0.321345;0.164317;0.236178;-0.000564525;0.00345725;0.000697911;0.00239843;4.65491e-05;9.94583e-07;4.6323e-05;7.17126e-07
414000;-0.043712;0.320568;0.16392;0.235607;-0.000508077;0.00346203;0.000669985;0.00239552;4.6537e-05;9.93398e-07;4.63147e-05;7.1621e-07
415000;-0.0436066;0.319796;0.163525;0.235039;-0.000452535;0.0034587;0.000692677;0.00239251;4.65392e-05;9.92216e-07;4.62853e-05;7.15323e-07
416000;-0.0435018;0.319027;0.163132;0.234474;-0.000374615;0.00345231;0.00070887;0.00238725;4.6529e-05;9.90952e-07;4.62714e-05;7.14365e-07
417000;-0.0433975;0.318262;0.162741;0.233912;-0.000491833;0.00345208;0.00069702;0.00238488;4.65253e-05;9.89853e-07;4.62662e-05;7.13529e-07
418000;-0.0432937;0.317501;0.173175;0.234315;-0.000620346;0.00344851;0.000754408;0.00238239;4.65664e-05;9.88887e-07;4.62613e-05;7.12666e-07
419000;-0.0431903;0.316743;0.172761;0.233756;-0.000666503;0.00344712;0.000820127;0.00237848;4.65496e-05;9.87602e-07;4.62672e-05;7.1178e-07
420000;-0.0430875;0.315989;0.17235;0.233199;-0.00061752;0.00344543;0.00079493;0.00237624;4.65108e-05;9.86314e-07;4.62506e-05;7.10964e-07
421000;-0.0429852;0.315238;0.171941;0.232645;-0.000768139;0.00344119;0.000796385;0.00237305;4.65462e-05;9.85267e-07;4.62643e-05;7.10158e-07
422000;-0.0428833;0.314491;0.171533;0.232094;-0.000766337;0.003437;0.000853515;0.0023698;4.65551e-05;9.84015e-07;4.62543e-05;7.09263e-07
423000;-0.0427819;0.313748;0.171128;0.233435;-0.00077385;0.00342892;0.000803364;0.00236767;4.65517e-05;9.8279e-07;4.63055e-05;7.08626e-07
424000;-0.042681;0.313008;0.160054;0.233822;-0.000709344;0.00342626;0.000814592;0.00236488;4.6539e-05;9.81563e-07;4.6298e-05;7.07736e-07
425000;-0.0425806;0.312271;0.159677;0.235131;-0.000656115;0.00342149;0.000878974;0.00236174;4.65434e-05;9.80361e-07;4.62806e-05;7.06987e-07
426000;-0.0424806;0.311538;0.159302;0.234579;-0.00060631;0.00341815;0.000849738;0.00235905;4.65367e-05;9.79219e-07;4.62527e-05;7.06064e-07
427000;-0.0423811;0.310809;0.158929;0.234029;-0.000507169;0.00341501;0.00073311;0.00235635;4.6541e-05;9.78025e-07;4.6243e-05;7.05288e-07
428000;-0.0422821;0.310083;0.158558;0.233482;-0.000448534;0.0034121;0.000682555;0.00235319;4.65099e-05;9.766e-07;4.62461e-05;7.04481e-07
429000;-0.0632753;0.31211;0.158188;0.232938;-0.000388809;0.00340608;0.000638123;0.00234935;4.65341e-05;9.75601e-07;4.62674e-05;7.03713e-07
430000;-0.0631282;0.311384;0.168342;0.23331;-0.000426305;0.00340104;0.00065632;0.00234689;4.6597e-05;9.74943e-07;4.62982e-05;7.02996e-07
431000;-0.0629817;0.310661;0.167951;0.232768;-0.000478218;0.00339473;0.000577478;0.00234308;4.66221e-05;9.73854e-07;4.62935e-05;7.02227e-07
432000;-0.0628359;0.309942;0.167562;0.232229;-0.000588305;0.00338946;0.000592409;0.002342;4.66436e-05;9.7279e-07;4.63144e-05;7.01467e-07
433000;-0.0626908;0.309226;0.167176;0.231693;-0.000504572;0.00338544;0.000491569;0.00234105;4.66492e-05;9.71394e-07;4.62941e-05;7.00562e-07
434000;-0.0625464;0.308514;0.16679;0.231159;-0.000400116;0.00338658;0.000460657;0.0023401;4.66402e-05;9.7021e-07;4.63069e-05;6.99832e-07
435000;-0.0416017;0.310493;0.166407;0.230628;-0.000282985;0.00338266;0.00048545;0.00233652;4.66623e-05;9.6921e-07;4.63155e-05;6.99032e-07
436000;-0.0207532;0.31244;0.166025;0.230099;-0.0003407;0.00337888;0.000486837;0.00233319;4.66613e-05;9.68011e-07;4.63022e-05;6.98284e-07
437000;-0.0207057;0.311725;0.175998;0.230467;-0.00033992;0.00337115;0.000503786;0.00232831;4.6673e-05;9.67025e-07;4.62978e-05;6.97381e-07
438000;-0.0206584;0.311013;0.175596;0.229941;-0.000302654;0.00336422;0.000505615;0.00232345;4.66977e-05;9.6647e-07;4.62847e-05;6.96492e-07
439000;-0.0206113;0.310305;0.175196;0.229417;-0.00034778;0.00335877;0.00041974;0.0023213;4.66667e-05;9.65133e-07;4.62826e-05;6.95646e-07
440000;-0.0205645;0.3096;0.18508;0.229781;-0.000258071;0.00335353;0.000391611;0.00231853;4.6662e-05;9.63854e-07;4.6306e-05;6.9497e-07
441000;0;0.311504;0.174402;0.230141;-0.000208694;0.00334671;0.000292561;0.00231505;4.67185e-05;9.63321e-07;4.63003e-05;6.94146e-07
442000;0;0.3108;0.174007;0.22962;-0.000250187;0.00334242;0.000285542;0.00231338;4.67608e-05;9.62654e-07;4.627e-05;6.93259e-07
443000;0;0.310098;0.173614;0.229102;-0.000208695;0.00333722;0.000289961;0.00231109;4.67426e-05;9.61489e-07;4.62895e-05;6.92534e-07
444000;0.0407584;0.314514;0.183413;0.229456;-0.000208498;0.00333366;0.00039128;0.00230805;4.67225e-05;9.60306e-07;4.62846e-05;6.91848e-07
445000;0.0406669;0.313807;0.183001;0.228941;-0.000208029;0.00332617;0.000378582;0.00230458;4.66974e-05;9.59137e-07;4.62717e-05;6.91021e-07
446000;0.0405757;0.313104;0.182591;0.228427;-0.000214374;0.00331992;0.000411887;0.00230208;4.66918e-05;9.58074e-07;4.63099e-05;6.90362e-07
447000;0.0404849;0.312403;0.182182;0.227916;-0.00015099;0.00331416;0.000383462;0.00229827;4.67076e-05;9.57008e-07;4.63203e-05;6.89534e-07
448000;0.0403945;0.311706;0.181775;0.227408;-0.000150653;0.00330676;0.000335297;0.00229635;4.67122e-05;9.56049e-07;4.63402e-05;6.88881e-07
449000;0.0403046;0.311012;0.181371;0.226901;-0.00011222;0.00330151;0.000373711;0.00229548;4.67312e-05;9.55039e-07;4.63382e-05;6.88145e-07
450000;0.040215;0.31032;0.180967;0.226397;-0.00016232;0.00329565;0.000396344;0.00229121;4.67588e-05;9.54121e-07;4.63493e-05;6.87499e-07
451000;0.0401258;0.309632;0.180566;0.225895;-0.000150849;0.00329158;0.000395001;0.00228768;4.67389e-05;9.52922e-07;4.63312e-05;6.86638e-07
452000;0.0600556;0.311429;0.170157;0.226247;-5.33676e-05;0.00329118;0.000373773;0.00228435;4.67294e-05;9.51717e-07;4.6319e-05;6.85849e-07
453000;0.059923;0.310741;0.169782;0.225748;-6.5359e-05;0.00328545;0.000395522;0.0022823;4.67386e-05;9.50672e-07;4.63341e-05;6.85016e-07
454000;0.059791;0.310057;0.169408;0.225251;-5.59881e-05;0.00328479;0.000395925;0.002278;4.67366e-05;9.49605e-07;4.63358e-05;6.84213e-07
455000;0.0397731;0.311821;0.169036;0.224756;7.79571e-05;0.00328359;0.000372778;0.00227574;4.67357e-05;9.48527e-07;4.63474e-05;6.83447e-07
456000;0.0396859;0.311137;0.168665;0.224263;-6.29235e-05;0.00328323;0.000476666;0.00227282;4.67348e-05;9.4748e-07;4.63561e-05;6.82646e-07
457000;0.039599;0.310457;0.168296;0.223772;-0.00012132;0.00327805;0.000393908;0.00227126;4.67464e-05;9.46383e-07;4.63546e-05;6.81917e-07
458000;0.0395126;0.309779;0.177806;0.225788;-0.000157839;0.00327262;0.000394803;0.00227071;4.67382e-05;9.45348e-07;4.63842e-05;6.8118e-07
459000;0.0394265;0.309104;0.177419;0.225296;-0.000166984;0.00327132;0.000484755;0.00226937;4.67484e-05;9.4441e-07;4.63777e-05;6.8042e-07
460000;0.0393408;0.308432;0.177033;0.224806;-0.000244654;0.00326703;0.000542104;0.00226803;4.6768e-05;9.43582e-07;4.63783e-05;6.796e-07
461000;0.0392554;0.307763;0.176649;0.224318;-0.000338463;0.00326559;0.000538402;0.00226602;4.67381e-05;9.42302e-07;4.64048e-05;6.79037e-07
462000;0.0391705;0.307097;0.18606;0.224654;-0.000316422;0.00326274;0.000578431;0.00226193;4.67254e-05;9.41323e-07;4.64126e-05;6.78429e-07
463000;0.0390858;0.306433;0.185658;0.224169;-0.000271498;0.00326363;0.000596649;0.00225787;4.67241e-05;9.40327e-07;4.64195e-05;6.77679e-07
464000;0.0390016;0.305773;0.185258;0.223686;-0.000247471;0.00326008;0.000579353;0.00225631;4.67428e-05;9.39261e-07;4.64032e-05;6.76912e-07
465000;0.0389177;0.305115;0.194589;0.224018;-0.000330482;0.00325827;0.000618075;0.00225428;4.67061e-05;9.38147e-07;4.63867e-05;6.76089e-07
466000;0.0388342;0.304461;0.194171;0.223537;-0.000365383;0.00325496;0.000634144;0.00225256;4.6717e-05;9.37206e-07;4.63405e-05;6.75326e-07
467000;0.0387511;0.303809;0.193755;0.223058;-0.000457883;0.00325422;0.000647259;0.00224925;4.67209e-05;9.36243e-07;4.63437e-05;6.74623e-07
468000;0.0386683;0.30316;0.203008;0.223387;-0.000402656;0.00325288;0.000673275;0.0022457;4.67358e-05;9.35454e-07;4.63385e-05;6.73829e-07
469000;0.0385858;0.302513;0.212222;0.223711;-0.000335947;0.0032473;0.0006121;0.00224276;4.67096e-05;9.34261e-07;4.63458e-05;6.73106e-07
470000;0.0385037;0.301869;0.202145;0.224031;-0.000383142;0.00324357;0.000650478;0.0022388;4.67068e-05;9.33198e-07;4.63709e-05;6.72587e-07
471000;0.038422;0.301229;0.201715;0.223555;-0.000546352;0.00324069;0.00061735;0.00223558;4.67123e-05;9.32121e-07;4.63479e-05;6.71837e-07
472000;0.0383406;0.30059;0.191703;0.223871;-0.000561958;0.00323392;0.000582124;0.00223148;4.67121e-05;9.31083e-07;4.6365e-05;6.71205e-07
473000;0.0382595;0.299955;0.191298;0.223398;-0.000488086;0.00323107;0.000522095;0.00222793;4.67424e-05;9.30268e-07;4.63754e-05;6.70517e-07
474000;0.0381788;0.299322;0.190894;0.222926;-0.000416548;0.003226;0.000620426;0.00222634;4.67643e-05;9.29367e-07;4.6382e-05;6.69804e-07
475000;0.0380984;0.298692;0.190492;0.222457;-0.000496557;0.00322154;0.000612253;0.00222376;4.67595e-05;9.28283e-07;4.63905e-05;6.69181e-07
476000;0.0380184;0.298064;0.190092;0.22199;-0.000489372;0.00321582;0.000581059;0.00222136;4.67871e-05;9.27378e-07;4.63723e-05;6.68407e-07
477000;0.0379387;0.29744;0.189693;0.221524;-0.000543921;0.00321006;0.000575187;0.00221749;4.68073e-05;9.26509e-07;4.63784e-05;6.67652e-07
478000;0.0378593;0.296817;0.189297;0.221061;-0.000520632;0.00320386;0.000620881;0.00221697;4.67877e-05;9.25486e-07;4.63904e-05;6.66895e-07
479000;0.0377803;0.296198;0.188901;0.220599;-0.000490766;0.00319743;0.000607038;0.00221436;4.68142e-05;9.24634e-07;4.64044e-05;6.66303e-07
480000;0.0377016;0.295581;0.188508;0.22014;-0.000503724;0.00319088;0.000639911;0.0022109;4.67821e-05;9.23539e-07;4.64061e-05;6.65618e-07
481000;0;0.299539;0.197522;0.220454;-0.000525808;0.00318783;0.000650213;0.00220961;4.67923e-05;9.22412e-07;4.64117e-05;6.65015e-07
482000;0;0.298918;0.197112;0.219997;-0.000363276;0.00318566;0.000677595;0.00220659;4.68118e-05;9.2154e-07;4.64014e-05;6.64354e-07
483000;0;0.298299;0.196704;0.219541;-0.000362524;0.00317906;0.000752896;0.00220623;4.67936e-05;9.20402e-07;4.64174e-05;6.63692e-07
484000;0;0.297683;0.196297;0.219088;-0.000343174;0.00317271;0.000710227;0.00220396;4.67993e-05;9.1932e-07;4.64237e-05;6.62996e-07
485000;0;0.297069;0.195893;0.218636;-0.000375069;0.00316735;0.000677508;0.00220293;4.67983e-05;9.18524e-07;4.64234e-05;6.6232e-07
486000;0;0.296458;0.19549;0.218186;-0.000318759;0.00316333;0.000685635;0.00220167;4.67697e-05;9.17422e-07;4.64368e-05;6.61646e-07
487000;0;0.295849;0.176508;0.219256;-0.000390961;0.00315911;0.000567786;0.00219904;4.67895e-05;9.16486e-07;4.6429e-05;6.61e-07
488000;0;0.295243;0.176147;0.22031;-0.000370591;0.00315502;0.000520852;0.00219673;4.67917e-05;9.15508e-07;4.64112e-05;6.60258e-07
489000;0;0.294639;0.175786;0.21986;-0.000386491;0.00315057;0.000473109;0.00219413;4.67708e-05;9.14513e-07;4.64093e-05;6.59593e-07
490000;0;0.294038;0.166195;0.220156;-0.000399018;0.00314425;0.000530538;0.00219268;4.67827e-05;9.13687e-07;4.64149e-05;6.589e-07
491000;0;0.293439;0.165856;0.219708;-0.000299838;0.00314026;0.000599682;0.00219038;4.67698e-05;9.12767e-07;4.63888e-05;6.58109e-07
492000;0;0.292842;0.165519;0.219261;-0.000286178;0.00313898;0.00055851;0.00218696;4.67616e-05;9.11732e-07;4.63905e-05;6.57486e-07
493000;0;0.292248;0.17436;0.219554;-0.000290058;0.00313617;0.00059078;0.00218398;4.6748e-05;9.10711e-07;4.63747e-05;6.56817e-07
494000;0;0.291657;0.174007;0.21911;-0.000289471;0.00312982;0.000639363;0.00218062;4.67399e-05;9.09855e-07;4.63796e-05;6.56119e-07
495000;-0.0182795;0.293264;0.173656;0.218667;-0.00023528;0.00312527;0.000605593;0.0021769;4.67329e-05;9.08975e-07;4.63987e-05;6.55523e-07
496000;-0.0182427;0.292673;0.164184;0.218958;-0.000328586;0.00312175;0.000666463;0.00217707;4.67539e-05;9.08162e-07;4.64051e-05;6.54843e-07
497000;-0.018206;0.292084;0.163854;0.218517;-0.000420801;0.00312146;0.000765562;0.00217453;4.67359e-05;9.07245e-07;4.6403e-05;6.5419e-07
498000;-0.0363389;0.293665;0.163525;0.218078;-0.000521873;0.0031184;0.000674929;0.00217287;4.67212e-05;9.06353e-07;4.63917e-05;6.53477e-07
499000;-0.036266;0.293076;0.172264;0.218365;-0.000575075;0.00311397;0.000731082;0.00217136;4.67126e-05;9.05345e-07;4.63794e-05;6.52752e-07
500000;-0.0361935;0.29249;0.171919;0.217929;-0.000690439;0.00311474;0.000764584;0.00216751;4.67304e-05;9.04532e-07;4.63745e-05;6.52097e-07
501000;-0.0361213;0.291906;0.180606;0.218213;-0.0006554;0.00311197;0.000801797;0.00216385;4.67185e-05;9.0363e-07;4.6403e-05;6.51513e-07
502000;-0.0360493;0.291325;0.180246;0.217778;-0.000626358;0.00311066;0.000818793;0.00216126;4.67662e-05;9.02885e-07;4.64205e-05;6.50852e-07
503000;-0.0359776;0.290746;0.179888;0.217345;-0.000545938;0.00310659;0.000858068;0.00215776;4.67938e-05;9.02355e-07;4.64254e-05;6.50185e-07
504000;-0.0359062;0.290169;0.179531;0.216914;-0.000574858;0.00310475;0.000824367;0.00215636;4.68175e-05;9.01545e-07;4.64007e-05;6.49479e-07
505000;-0.0358351;0.289594;0.179176;0.216484;-0.000575458;0.00310118;0.00070022;0.00215562;4.6859e-05;9.00841e-07;4.64071e-05;6.48847e-07
506000;-0.0357643;0.289022;0.178822;0.216056;-0.000590482;0.00309763;0.000739966;0.00215243;4.68531e-05;8.99896e-07;4.6438e-05;6.48269e-07
507000;-0.0535407;0.290565;0.178469;0.21563;-0.000515433;0.00309374;0.000734447;0.00215017;4.68679e-05;8.99026e-07;4.6443e-05;6.47595e-07
508000;-0.0534353;0.289993;0.178118;0.215206;-0.000514419;0.00308765;0.000728272;0.0021477;4.68655e-05;8.98095e-07;4.64445e-05;6.46955e-07
509000;-0.0533303;0.289423;0.177768;0.214783;-0.000447959;0.00308305;0.000755714;0.00214533;4.68539e-05;8.97177e-07;4.64514e-05;6.46309e-07
510000;-0.0532257;0.288856;0.18629;0.215066;-0.000548916;0.00308365;0.000777365;0.00214255;4.68396e-05;8.96183e-07;4.64611e-05;6.45693e-07
511000;-0.0531216;0.288291;0.185925;0.214645;-0.00060611;0.00307884;0.000771841;0.00213893;4.68452e-05;8.95251e-07;4.64427e-05;6.45025e-07
512000;-0.0530178;0.287728;0.185562;0.214226;-0.000624948;0.00307649;0.000713534;0.00213819;4.68387e-05;8.94262e-07;4.64247e-05;6.44311e-07
513000;-0.0529145;0.287167;0.185201;0.213808;-0.000650305;0.00307094;0.000719365;0.0021351;4.68283e-05;8.93233e-07;4.64186e-05;6.43604e-07
514000;-0.0528115;0.286608;0.18484;0.213392;-0.000670106;0.00306805;0.000809786;0.00213559;4.68326e-05;8.92303e-07;4.6424e-05;6.42949e-07
515000;-0.052709;0.286052;0.184481;0.212978;-0.000633489;0.0030666;0.000863867;0.00213354;4.68326e-05;8.91387e-07;4.64316e-05;6.42404e-07
516000;-0.0526068;0.285497;0.175356;0.213259;-0.000668539;0.00306148;0.00087238;0.00213245;4.6871e-05;8.90757e-07;4.63997e-05;6.41708e-07
517000;-0.0525051;0.284945;0.175017;0.212846;-0.000667569;0.00305838;0.000906134;0.00213121;4.68705e-05;8.89972e-07;4.64207e-05;6.41241e-07
518000;-0.0524037;0.284395;0.174679;0.212435;-0.00053006;0.00305593;0.000934409;0.00212821;4.686e-05;8.8905e-07;4.64259e-05;6.40592e-07
519000;-0.0523027;0.283847;0.165625;0.212713;-0.000584161;0.00305191;0.000890013;0.00212524;4.68752e-05;8.88381e-07;4.64267e-05;6.39957e-07
520000;-0.0348014;0.285347;0.174007;0.212988;-0.00055138;0.00304668;0.000928531;0.00212349;4.69088e-05;8.87584e-07;4.63992e-05;6.39219e-07
521000;-0.0347346;0.284799;0.173673;0.212579;-0.000553414;0.00304354;0.000970976;0.00212103;4.69376e-05;8.8681e-07;4.63784e-05;6.38648e-07
522000;-0.0346681;0.284253;0.173341;0.212172;-0.000646307;0.00304124;0.000950016;0.00212007;4.69164e-05;8.85838e-07;4.63701e-05;6.38023e-07
523000;-0.0346018;0.28371;0.173009;0.211766;-0.000623551;0.00303919;0.000937711;0.00211995;4.69435e-05;8.85106e-07;4.63716e-05;6.37513e-07
524000;-0.0345358;0.283168;0.172679;0.211362;-0.000622361;0.00303339;0.00091144;0.00211645;4.69704e-05;8.84437e-07;4.63949e-05;6.36967e-07
525000;-0.017235;0.284641;0.17235;0.210959;-0.000672679;0.0030293;0.000875145;0.00211403;4.6954e-05;8.83557e-07;4.63899e-05;6.36372e-07
526000;-0.0172022;0.284099;0.172022;0.210558;-0.000760275;0.00302651;0.00085774;0.00211344;4.69363e-05;8.82578e-07;4.63879e-05;6.35738e-07
527000;0.0171696;0.287526;0.171696;0.210159;-0.000774283;0.00302305;0.000868913;0.00211054;4.69515e-05;8.81832e-07;4.63735e-05;6.35083e-07
528000;0.0171371;0.286982;0.171371;0.209761;-0.000783655;0.0030174;0.000851598;0.00210801;4.69393e-05;8.80938e-07;4.63683e-05;6.34464e-07
529000;0.0171047;0.286439;0.171047;0.209364;-0.000698926;0.0030144;0.000785136;0.00210631;4.69422e-05;8.80124e-07;4.63319e-05;6.33784e-07
530000;0.0170724;0.285899;0.170724;0.208969;-0.000711545;0.00301107;0.000810594;0.002103;4.69308e-05;8.79194e-07;4.63208e-05;6.3316e-07
531000;0.0170403;0.285361;0.170403;0.208576;-0.000795164;0.00300749;0.000800847;0.00210034;4.69622e-05;8.7854e-07;4.63337e-05;6.3257e-07
532000;0.0170082;0.284824;0.170082;0.208184;-0.000774589;0.00300435;0.000734442;0.00209904;4.69839e-05;8.77737e-07;4.6348e-05;6.3204e-07
533000;0.0169763;0.28429;0.169763;0.207793;-0.000750973;0.00299994;0.000748083;0.00209576;4.69872e-05;8.7692e-07;4.63594e-05;6.31469e-07
534000;0.0169445;0.283757;0.152501;0.208729;-0.000774872;0.00299553;0.000796574;0.00209403;4.69946e-05;8.76073e-07;4.63469e-05;6.30795e-07
535000;0.0169128;0.283227;0.152216;0.208339;-0.000681731;0.00299264;0.000943189;0.00209281;4.70025e-05;8.75207e-07;4.63604e-05;6.30198e-07
536000;0.0168813;0.282699;0.151932;0.20795;-0.000718723;0.00298885;0.000926088;0.00208903;4.69934e-05;8.74263e-07;4.6347e-05;6.29505e-07
537000;0.0336997;0.284098;0.160074;0.208219;-0.00073558;0.00298525;0.000965341;0.00208739;4.69827e-05;8.73316e-07;4.63497e-05;6.28937e-07
538000;0.0336371;0.287377;0.168185;0.208484;-0.00077393;0.00298484;0.000906739;0.00208612;4.69647e-05;8.72441e-07;4.63605e-05;6.28343e-07
539000;0.0335747;0.286844;0.167873;0.208098;-0.000792005;0.00298208;0.00088275;0.00208345;4.69612e-05;8.71599e-07;4.63718e-05;6.27784e-07
540000;0.0502687;0.28819;0.167562;0.207712;-0.000777042;0.00298055;0.000847746;0.00208045;4.69435e-05;8.70803e-07;4.63531e-05;6.27187e-07
541000;0.0501758;0.287657;0.167253;0.207328;-0.000730633;0.00297634;0.000814306;0.00207817;4.69571e-05;8.7e-07;4.63543e-05;6.26685e-07
542000;0.0500833;0.287126;0.166944;0.206946;-0.00070553;0.00297272;0.000849737;0.00207581;4.69694e-05;8.69294e-07;4.63574e-05;6.26169e-07
543000;0.049991;0.286598;0.166637;0.206565;-0.00076673;0.00297157;0.00093032;0.00207359;4.69991e-05;8.6872e-07;4.63432e-05;6.25543e-07
544000;0.0498991;0.286071;0.16633;0.206185;-0.00078692;0.00296838;0.00100536;0.00207309;4.70012e-05;8.67927e-07;4.63547e-05;6.25014e-07
545000;0.0498076;0.285546;0.174326;0.206449;-0.00078819;0.00296655;0.000971808;0.00207004;4.69686e-05;8.66973e-07;4.63632e-05;6.24467e-07
546000;0.0497163;0.285023;0.174007;0.206071;-0.000784705;0.00296648;0.000956796;0.00206709;4.69724e-05;8.65995e-07;4.63669e-05;6.23907e-07
547000;0.0496255;0.284502;0.173689;0.205694;-0.000680774;0.00296412;0.000906693;0.00206596;4.69742e-05;8.65122e-07;4.6374e-05;6.23351e-07
548000;0.0495349;0.283983;0.173372;0.205319;-0.000628054;0.00296044;0.00100181;0.00206528;4.69935e-05;8.64349e-07;4.63438e-05;6.22751e-07
549000;0.0494447;0.283465;0.173056;0.204945;-0.000605418;0.00295675;0.000898537;0.00206339;4.69637e-05;8.63411e-07;4.63453e-05;6.22143e-07
550000;0.0493548;0.28295;0.172742;0.204572;-0.000450669;0.00295948;0.000891941;0.00206049;4.69553e-05;8.62767e-07;4.63528e-05;6.21569e-07
551000;0.0492652;0.282436;0.172428;0.204201;-0.000461544;0.0029558;0.000896219;0.00205757;4.6965e-05;8.62037e-07;4.63745e-05;6.21124e-07
552000;0.0491759;0.281925;0.180312;0.204463;-0.000528363;0.00295145;0.000922129;0.00205612;4.69664e-05;8.61228e-07;4.63814e-05;6.20544e-07
553000;0.049087;0.281415;0.179986;0.204093;-0.000520966;0.00294811;0.000926593;0.00205343;4.69639e-05;8.60388e-07;4.63966e-05;6.19949e-07
554000;0.0489984;0.280907;0.179661;0.203725;-0.000626427;0.00294671;0.00093221;0.00205123;4.69549e-05;8.59498e-07;4.63975e-05;6.19358e-07
555000;0.0489101;0.280401;0.179337;0.203358;-0.000648297;0.00294174;0.000901764;0.00204973;4.69405e-05;8.58668e-07;4.6427e-05;6.18845e-07
556000;0.0325481;0.281708;0.170878;0.203617;-0.000539003;0.00293872;0.000861629;0.00204823;4.69698e-05;8.58158e-07;4.64292e-05;6.18269e-07
557000;0.0324897;0.281202;0.170571;0.203252;-0.000538035;0.00293345;0.00089223;0.0020462;4.69682e-05;8.57361e-07;4.64503e-05;6.1772e-07
558000;0.0162157;0.282492;0.170265;0.202888;-0.000537071;0.00292819;0.00093712;0.00204375;4.69606e-05;8.5666e-07;4.64342e-05;6.17173e-07
559000;0.0161867;0.281987;0.169961;0.202525;-0.000573322;0.00292571;0.000974493;0.00204055;4.69747e-05;8.56045e-07;4.64565e-05;6.16691e-07
560000;0.0161578;0.281483;0.169657;0.202163;-0.000591374;0.00292132;0.00100195;0.00203843;4.6989e-05;8.55325e-07;4.64401e-05;6.1611e-07
561000;0.032258;0.282754;0.177419;0.202421;-0.000660936;0.00291892;0.00102624;0.00203632;4.7007e-05;8.54542e-07;4.64189e-05;6.15533e-07
562000;0.0322006;0.282251;0.177103;0.202061;-0.00065976;0.00291373;0.00100583;0.00203471;4.69483e-05;8.53559e-07;4.64218e-05;6.14988e-07
563000;0.0321434;0.28175;0.176789;0.201702;-0.000688913;0.00290916;0.000992259;0.00203228;4.6938e-05;8.52705e-07;4.64196e-05;6.14359e-07
564000;0.0320864;0.28125;0.176475;0.201344;-0.000700606;0.00290625;0.000910378;0.00203154;4.69829e-05;8.52097e-07;4.6407e-05;6.13839e-07
565000;0.0320296;0.280752;0.176163;0.200988;-0.000795795;0.00290329;0.000836187;0.00202947;4.70071e-05;8.51441e-07;4.64082e-05;6.1334e-07
566000;0.0319731;0.280256;0.175852;0.200633;-0.000842984;0.00289973;0.000852593;0.00202748;4.70168e-05;8.50828e-07;4.64204e-05;6.12801e-07
567000;0.0319167;0.279762;0.167562;0.200888;-0.000795301;0.00289603;0.000726802;0.00202711;4.70403e-05;8.50271e-07;4.64068e-05;6.12177e-07
568000;0.0318605;0.27927;0.167267;0.200535;-0.000709704;0.00289636;0.000676946;0.00202464;4.71016e-05;8.49802e-07;4.64233e-05;6.1162e-07
569000;0.0159022;0.280516;0.166974;0.200182;-0.000697593;0.00289491;0.000636234;0.00202222;4.70781e-05;8.48993e-07;4.64202e-05;6.11039e-07
570000;0.0158743;0.280024;0.158743;0.200436;-0.000696369;0.00288983;0.000675326;0.00202049;4.70769e-05;8.48192e-07;4.64127e-05;6.10542e-07
571000;0.0158465;0.279533;0.174312;0.201286;-0.000692196;0.00288673;0.000656922;0.00201776;4.70776e-05;8.47464e-07;4.64366e-05;6.09991e-07
572000;0.0158188;0.279045;0.174007;0.200935;-0.000659947;0.00288233;0.000659742;0.00201602;4.70474e-05;8.46573e-07;4.64439e-05;6.09514e-07
573000;0.0157912;0.278558;0.181599;0.20118;-0.000658795;0.0028773;0.000641379;0.00201503;4.70244e-05;8.45721e-07;4.64472e-05;6.08967e-07
574000;0.0157637;0.278072;0.181283;0.200829;-0.00070921;0.00287518;0.000683159;0.00201238;4.70323e-05;8.44972e-07;4.64466e-05;6.08439e-07
575000;0.0157363;0.277589;0.180967;0.20048;-0.000764213;0.00287127;0.00069374;0.00200975;4.70532e-05;8.44382e-07;4.64531e-05;6.07898e-07
576000;0.015709;0.277107;0.180653;0.200132;-0.000693136;0.00286808;0.00065536;0.00200932;4.70192e-05;8.43474e-07;4.64497e-05;6.074e-07
577000;0.0156818;0.276626;0.18034;0.199785;-0.000711003;0.00286443;0.000748;0.00200871;4.70143e-05;8.42857e-07;4.64534e-05;6.06908e-07
578000;0.0156546;0.276148;0.180028;0.19944;-0.000631488;0.00286132;0.000788735;0.00200661;4.70157e-05;8.42174e-07;4.64456e-05;6.06368e-07
579000;0.0156276;0.275671;0.179717;0.199095;-0.000656284;0.00285838;0.000752363;0.00200405;4.69859e-05;8.41383e-07;4.64294e-05;6.05829e-07
580000;0.0156006;0.275196;0.187208;0.199339;-0.000688771;0.00285495;0.000758132;0.00200166;4.69848e-05;8.40669e-07;4.64422e-05;6.05325e-07
581000;0.0155738;0.274722;0.186886;0.198996;-0.000721301;0.00285047;0.000764857;0.00200125;4.70011e-05;8.40063e-07;4.64502e-05;6.048e-07
582000;0.015547;0.27425;0.186564;0.198654;-0.000685297;0.00284639;0.000795934;0.00199965;4.70066e-05;8.39345e-07;4.64488e-05;6.04278e-07
583000;0.0155204;0.27378;0.186244;0.198313;-0.000701564;0.0028432;0.000762078;0.00199751;4.70203e-05;8.38658e-07;4.64457e-05;6.03753e-07
584000;0.0154938;0.273311;0.185925;0.197974;-0.000685095;0.00284079;0.000803505;0.00199472;4.70111e-05;8.38013e-07;4.64485e-05;6.03227e-07
585000;0.0154673;0.272844;0.185608;0.197635;-0.000743564;0.00283905;0.000765276;0.00199279;4.69981e-05;8.3718e-07;4.64413e-05;6.02684e-07
586000;0.0154409;0.272378;0.185291;0.197298;-0.0008554;0.0028371;0.00076704;0.00199144;4.69739e-05;8.36384e-07;4.6458e-05;6.02211e-07
587000;0.0154146;0.271914;0.184975;0.196962;-0.00082527;0.00283283;0.000740514;0.00199066;4.69729e-05;8.35706e-07;4.64751e-05;6.01699e-07
588000;0.0153884;0.271451;0.184661;0.196627;-0.000875188;0.00283066;0.00076632;0.00198863;4.69732e-05;8.3501e-07;4.6463e-05;6.01227e-07
589000;0.0153623;0.270991;0.184347;0.196293;-0.000818408;0.00282731;0.000784086;0.00198726;4.6986e-05;8.34357e-07;4.64457e-05;6.00713e-07
590000;0.0153362;0.270531;0.184035;0.19596;-0.000731715;0.002825;0.000761028;0.00198449;4.69792e-05;8.33593e-07;4.64579e-05;6.00232e-07
591000;0.0153103;0.270074;0.183723;0.195629;-0.000785871;0.00282328;0.000767055;0.00198205;4.69794e-05;8.32957e-07;4.64719e-05;5.99738e-07
592000;0.0152844;0.269617;0.183413;0.195298;-0.000838804;0.00282103;0.000761369;0.00197872;4.69603e-05;8.32209e-07;4.64751e-05;5.99252e-07
593000;0.0152586;0.269163;0.183104;0.194969;-0.000825031;0.00281861;0.000786422;0.00197604;4.69367e-05;8.3135e-07;4.64577e-05;5.98726e-07
594000;0.015233;0.26871;0.175179;0.195212;-0.000838432;0.00281548;0.000830266;0.00197327;4.69219e-05;8.30641e-07;4.64699e-05;5.98216e-07
595000;0.0152074;0.268258;0.174885;0.194884;-0.000740937;0.0028132;0.00083452;0.00197116;4.69106e-05;8.29824e-07;4.64807e-05;5.97749e-07
596000;0.0151818;0.267808;0.174591;0.194557;-0.000765971;0.00281041;0.000826593;0.00196983;4.69262e-05;8.29249e-07;4.651e-05;5.97359e-07
597000;0.0303128;0.269005;0.174299;0.194231;-0.000754155;0.00280746;0.000848988;0.00196899;4.69216e-05;8.28468e-07;4.65107e-05;5.96878e-07
598000;0.0302621;0.268555;0.174007;0.193907;-0.00070108;0.00280531;0.000875787;0.00196628;4.69382e-05;8.27809e-07;4.65049e-05;5.96325e-07
599000;0.0302116;0.268106;0.173717;0.193583;-0.00066737;0.00280135;0.000877028;0.00196362;4.6971e-05;8.27417e-07;4.65071e-05;5.95886e-07
600000;0.0452419;0.269287;0.173427;0.19326;-0.000644404;0.00279701;0.000873669;0.00196052;4.69674e-05;8.26705e-07;4.64873e-05;5.9538e-07
601000;0.0451666;0.268839;0.173139;0.192939;-0.000685729;0.00279359;0.000837212;0.00195841;4.69322e-05;8.25933e-07;4.64886e-05;5.94843e-07
602000;0.0450916;0.268392;0.180366;0.193181;-0.000642641;0.00279252;0.000845633;0.00195758;4.69427e-05;8.25316e-07;4.64923e-05;5.94411e-07
603000;0.0450168;0.267947;0.180067;0.19286;-0.000495491;0.00279092;0.000838856;0.00195738;4.69455e-05;8.24584e-07;4.64975e-05;5.93919e-07
604000;0.0449423;0.267503;0.179769;0.192541;-0.000511521;0.00279072;0.000833369;0.00195415;4.69318e-05;8.23764e-07;4.64891e-05;5.93419e-07
605000;0.044868;0.267061;0.179472;0.192223;-0.000510675;0.0027861;0.000814315;0.00195226;4.69216e-05;8.23033e-07;4.64941e-05;5.92966e-07
606000;0.0447939;0.26662;0.17171;0.192463;-0.000515853;0.00278509;0.000748915;0.00195044;4.69129e-05;8.22273e-07;4.64988e-05;5.92475e-07
607000;0.0298134;0.26778;0.171427;0.192146;-0.000439344;0.00278188;0.000664229;0.00194901;4.69083e-05;8.2162e-07;4.65054e-05;5.92014e-07
608000;0.0297644;0.267339;0.163704;0.192383;-0.00045623;0.00277752;0.000623552;0.00194658;4.69285e-05;8.20934e-07;4.65121e-05;5.91551e-07
609000;0.0445733;0.268484;0.163435;0.192067;-0.000477918;0.00277404;0.000660554;0.00194472;4.69043e-05;8.20172e-07;4.65184e-05;5.91109e-07
610000;0.0445002;0.268044;0.163167;0.191752;-0.000415278;0.00277099;0.000672772;0.00194362;4.69073e-05;8.19497e-07;4.65344e-05;5.90664e-07
611000;0.0444274;0.267606;0.1629;0.191439;-0.000414832;0.00276744;0.000643603;0.00194126;4.68687e-05;8.18705e-07;4.65358e-05;5.90219e-07
612000;0.0443548;0.267168;0.155242;0.191674;-0.00053031;0.0027655;0.000675262;0.00193963;4.68435e-05;8.18002e-07;4.654e-05;5.89764e-07
613000;0.0442824;0.266732;0.154988;0.191362;-0.000550146;0.00276294;0.000653005;0.0019373;4.68417e-05;8.17274e-07;4.65335e-05;5.89258e-07
614000;0.0442103;0.266298;0.154736;0.19105;-0.000562936;0.00276123;0.000679305;0.0019346;4.68207e-05;8.16592e-07;4.65308e-05;5.88756e-07
615000;0.0441384;0.265865;0.154484;0.190739;-0.000542722;0.00275739;0.000771876;0.0019334;4.68226e-05;8.15977e-07;4.65247e-05;5.88292e-07
616000;0.0440668;0.265433;0.146889;0.190973;-0.000524495;0.0027541;0.000814226;0.00193194;4.68421e-05;8.15439e-07;4.65273e-05;5.87817e-07
617000;0.0439953;0.265003;0.153984;0.191204;-0.00044828;0.00275189;0.000831354;0.0019306;4.68359e-05;8.14809e-07;4.65281e-05;5.87344e-07
618000;0.0439241;0.264574;0.153735;0.190895;-0.000488989;0.00275014;0.000836348;0.00192943;4.68461e-05;8.14281e-07;4.6513e-05;5.86839e-07
619000;0.0438532;0.264147;0.146177;0.191124;-0.000525324;0.00274666;0.000850677;0.00192755;4.68252e-05;8.13502e-07;4.65277e-05;5.86426e-07
620000;0.0437825;0.263721;0.145942;0.190816;-0.000522413;0.00274223;0.000838507;0.00192577;4.68199e-05;8.12751e-07;4.65297e-05;5.85921e-07
621000;0.043712;0.266376;0.138421;0.191043;-0.000465202;0.00274176;0.000849011;0.00192357;4.67981e-05;8.12051e-07;4.65397e-05;5.85435e-07
622000;0.0436417;0.265948;0.130925;0.191268;-0.000441996;0.00274003;0.000825718;0.00192383;4.6807e-05;8.11345e-07;4.65435e-05;5.84959e-07
623000;0.0435716;0.265521;0.130715;0.190961;-0.000412741;0.00273911;0.000854418;0.00192166;4.68023e-05;8.10604e-07;4.65409e-05;5.84434e-07
624000;0.0435018;0.265095;0.145006;0.191711;-0.000433759;0.00273564;0.000791669;0.00192086;4.68059e-05;8.09952e-07;4.65442e-05;5.83908e-07
625000;0.0434322;0.264671;0.144774;0.191404;-0.000444308;0.00273306;0.000792361;0.00191877;4.6803e-05;8.09174e-07;4.65341e-05;5.83461e-07
626000;0.0433628;0.264248;0.144543;0.191099;-0.000369253;0.00273018;0.000811906;0.00191678;4.67805e-05;8.08466e-07;4.65429e-05;5.83021e-07
627000;0.0432937;0.263827;0.137097;0.191317;-0.000402385;0.00272662;0.000832911;0.00191493;4.67529e-05;8.07871e-07;4.65325e-05;5.82567e-07
628000;0.0288165;0.264916;0.136878;0.191013;-0.000409596;0.00272415;0.000771252;0.00191377;4.67799e-05;8.07346e-07;4.65352e-05;5.82061e-07
629000;0.0287707;0.264495;0.136661;0.190709;-0.000403743;0.00272203;0.00075262;0.00191149;4.67429e-05;8.06531e-07;4.65533e-05;5.81638e-07
630000;0.028725;0.267059;0.136444;0.190406;-0.000420255;0.002719;0.000828088;0.00191065;4.67686e-05;8.06048e-07;4.65593e-05;5.81196e-07
631000;0.0286795;0.266636;0.136228;0.190105;-0.00045426;0.00271599;0.000801688;0.0019091;4.67595e-05;8.05283e-07;4.65546e-05;5.80759e-07
632000;0.0286341;0.266214;0.136012;0.189804;-0.000347595;0.00271453;0.000849982;0.00190768;4.67399e-05;8.04614e-07;4.65687e-05;5.80403e-07
633000;0.0285889;0.265794;0.135797;0.189504;-0.00034045;0.00271178;0.000805145;0.00190532;4.67383e-05;8.03994e-07;4.65677e-05;5.79924e-07
634000;0.0285438;0.265374;0.135583;0.189205;-0.000298234;0.00270862;0.000880189;0.00190488;4.67503e-05;8.03375e-07;4.65715e-05;5.79437e-07
635000;0.0284988;0.264956;0.135369;0.188907;-0.000466092;0.00270856;0.00089351;0.00190304;4.67557e-05;8.02758e-07;4.65737e-05;5.78963e-07
636000;0.028454;0.26454;0.135157;0.18861;-0.000439476;0.00270478;0.000801815;0.00190193;4.67831e-05;8.02128e-07;4.65696e-05;5.78455e-07
637000;0.0284093;0.264125;0.134944;0.188314;-0.000364468;0.00270252;0.000834314;0.00190015;4.67815e-05;8.01452e-07;4.6563e-05;5.77988e-07
638000;0.0425472;0.265172;0.134733;0.188019;-0.000362916;0.00269908;0.000770824;0.00189847;4.67941e-05;8.00857e-07;4.6552e-05;5.77459e-07
639000;0.0283204;0.266207;0.134522;0.187725;-0.000438872;0.00269695;0.000719825;0.00189635;4.67801e-05;8.0009e-07;4.65577e-05;5.77026e-07
640000;0.0282762;0.265791;0.120174;0.188453;-0.000486425;0.00269494;0.000744357;0.00189528;4.67529e-05;7.99366e-07;4.65681e-05;5.76647e-07
641000;0.0282321;0.265377;0.119986;0.188159;-0.000491929;0.00269265;0.000783127;0.0018935;4.67859e-05;7.9884e-07;4.65653e-05;5.76207e-07
642000;0.0281881;0.264963;0.126846;0.188373;-0.000508895;0.00269116;0.000832534;0.00189241;4.67714e-05;7.98197e-07;4.65572e-05;5.75772e-07
643000;0.0281442;0.264551;0.126649;0.18808;-0.000466149;0.00268805;0.000849235;0.00189057;4.68082e-05;7.97686e-07;4.65578e-05;5.75294e-07
644000;0.0281005;0.26414;0.126452;0.187788;-0.000427601;0.0026851;0.000827312;0.00188916;4.68156e-05;7.9699e-07;4.65727e-05;5.74884e-07
645000;0.028057;0.263731;0.126256;0.187496;-0.000422135;0.00268339;0.0008161;0.00188711;4.68148e-05;7.96331e-07;4.65775e-05;5.74439e-07
646000;0.0280135;0.263323;0.133064;0.187709;-0.000469657;0.00268166;0.000779629;0.00188455;4.6809e-05;7.95731e-07;4.65739e-05;5.74003e-07
647000;0.0279702;0.262916;0.132859;0.187419;-0.000434282;0.00267799;0.000815663;0.00188362;4.68151e-05;7.9514e-07;4.65726e-05;5.73543e-07
648000;0.0279271;0.26251;0.132654;0.187129;-0.000543105;0.00267757;0.000868278;0.00188182;4.68387e-05;7.94797e-07;4.65777e-05;5.73112e-07
649000;0.027884;0.262106;0.132449;0.186841;-0.000643213;0.00267605;0.00086251;0.00188024;4.6828e-05;7.94151e-07;4.65671e-05;5.72618e-07
650000;0.0278412;0.261702;0.132245;0.186554;-0.000575771;0.00267355;0.000898722;0.00187831;4.68426e-05;7.93544e-07;4.65723e-05;5.72199e-07
651000;0.0277984;0.2613;0.132042;0.186267;-0.000574886;0.00266944;0.000862866;0.00187635;4.68372e-05;7.92922e-07;4.65692e-05;5.71744e-07
652000;0.0277557;0.2609;0.13184;0.185981;-0.000636181;0.00266807;0.000877464;0.00187496;4.68619e-05;7.92435e-07;4.65663e-05;5.71266e-07
653000;0.0277132;0.2605;0.138566;0.186192;-0.000604566;0.00266529;0.000890623;0.00187326;4.68969e-05;7.91899e-07;4.65411e-05;5.70779e-07
654000;0.0138354;0.261511;0.145272;0.186401;-0.00060237;0.00266378;0.000870947;0.00187095;4.68943e-05;7.91241e-07;4.65495e-05;5.70409e-07
655000;0.0138143;0.261112;0.14505;0.186117;-0.00058896;0.00266163;0.000853586;0.00187014;4.68894e-05;7.90753e-07;4.65467e-05;5.69955e-07
656000;0.0137933;0.260714;0.144829;0.185833;-0.000601993;0.00265876;0.000820187;0.00186796;4.68688e-05;7.90094e-07;4.65591e-05;5.69523e-07
657000;0.0137723;0.260317;0.144609;0.18555;-0.000601076;0.00265471;0.000800404;0.00186558;4.68526e-05;7.89416e-07;4.65488e-05;5.69029e-07
658000;0.0137513;0.259922;0.144389;0.185268;-0.000665892;0.00265238;0.000747333;0.00186382;4.68522e-05;7.88777e-07;4.65332e-05;5.68532e-07
659000;0.0137305;0.259527;0.14417;0.184987;-0.000664882;0.00264835;0.0007338;0.00186239;4.6855e-05;7.88189e-07;4.6557e-05;5.68118e-07
660000;0.0137097;0.259134;0.150806;0.185195;-0.000621596;0.00264564;0.000736023;0.00186067;4.68561e-05;7.87664e-07;4.65796e-05;5.67754e-07
661000;0.0136889;0.258742;0.150578;0.184915;-0.000588048;0.00264225;0.000728657;0.00185865;4.68438e-05;7.87046e-07;4.65576e-05;5.67298e-07
662000;0.0136682;0.258351;0.150351;0.184635;-0.000632549;0.00263951;0.000728779;0.00185684;4.68323e-05;7.86361e-07;4.65486e-05;5.66812e-07
663000;0.0136476;0.257961;0.150124;0.184357;-0.000656198;0.00263597;0.00074287;0.00185416;4.6844e-05;7.8579e-07;4.65501e-05;5.6636e-07
664000;0.0272541;0.258954;0.149898;0.184079;-0.000659244;0.00263403;0.00071268;0.00185292;4.68521e-05;7.85193e-07;4.65529e-05;5.65937e-07
665000;0.0272132;0.258565;0.149672;0.183802;-0.000684821;0.00263413;0.000670422;0.00185111;4.68679e-05;7.84614e-07;4.65564e-05;5.65593e-07
666000;0.0271723;0.258176;0.156241;0.184009;-0.000705461;0.00263188;0.000675325;0.00185017;4.68902e-05;7.84234e-07;4.65612e-05;5.65203e-07
667000;0.0271316;0.257789;0.156006;0.183733;-0.000720282;0.00262957;0.000696624;0.00184872;4.69001e-05;7.83645e-07;4.65575e-05;5.64754e-07
668000;0.0270909;0.257403;0.155773;0.183458;-0.000692708;0.00263103;0.000680579;0.00184832;4.69002e-05;7.83022e-07;4.65505e-05;5.64296e-07
669000;0.0270504;0.257019;0.15554;0.183184;-0.000627623;0.00262997;0.000708021;0.00184633;4.68933e-05;7.82469e-07;4.65527e-05;5.63912e-07
670000;0.0270101;0.256635;0.148555;0.183388;-0.000648504;0.00262624;0.000695181;0.00184497;4.68921e-05;7.81963e-07;4.65581e-05;5.63551e-07
671000;0.0269698;0.256253;0.155076;0.183591;-0.000697842;0.00262471;0.000700403;0.00184411;4.69128e-05;7.81409e-07;4.6546e-05;5.63089e-07
672000;0.0269297;0.255871;0.154846;0.183318;-0.000720739;0.00262122;0.000668205;0.00184224;4.69107e-05;7.80818e-07;4.65445e-05;5.62716e-07
673000;0.0268897;0.255491;0.154616;0.183046;-0.000691249;0.00261872;0.00068929;0.00184068;4.69437e-05;7.80469e-07;4.65449e-05;5.62296e-07
674000;0.0134249;0.256465;0.154386;0.182774;-0.00078718;0.00261849;0.000679259;0.00184008;4.69217e-05;7.79865e-07;4.65553e-05;5.61916e-07
675000;0.013405;0.256085;0.154157;0.182503;-0.000746067;0.00261638;0.000646986;0.00183849;4.6925e-05;7.79339e-07;4.65477e-05;5.61515e-07
676000;0.0133852;0.255707;0.153929;0.182233;-0.000765168;0.00261298;0.000638362;0.00183673;4.69293e-05;7.78749e-07;4.65517e-05;5.6108e-07
677000;0.0133654;0.255329;0.153702;0.181964;-0.000743203;0.00260944;0.000686334;0.00183603;4.6909e-05;7.7813e-07;4.65389e-05;5.60669e-07
678000;0.0133457;0.254952;0.153475;0.181696;-0.000773632;0.00260633;0.000653337;0.00183464;4.6905e-05;7.77472e-07;4.65394e-05;5.60265e-07
679000;0.013326;0.254577;0.153249;0.181428;-0.000937927;0.00260675;0.000682596;0.00183363;4.68923e-05;7.76787e-07;4.65282e-05;5.59812e-07
680000;0.0133064;0.254203;0.153024;0.181161;-0.00089663;0.00260413;0.000685529;0.00183225;4.68922e-05;7.76253e-07;4.65544e-05;5.59471e-07
681000;0.0132869;0.253829;0.132869;0.182296;-0.00101024;0.00260349;0.000668207;0.00183074;4.68854e-05;7.75654e-07;4.65639e-05;5.59067e-07
682000;0.0132674;0.253457;0.132674;0.182029;-0.00100417;0.00259969;0.000674408;0.00182915;4.68675e-05;7.75063e-07;4.65572e-05;5.58641e-07
683000;0.013248;0.253086;0.13248;0.181762;-0.0010027;0.00259588;0.000728417;0.00182762;4.68726e-05;7.74456e-07;4.65482e-05;5.58251e-07
684000;0;0.254043;0.132286;0.181496;-0.00103195;0.00259403;0.000696906;0.00182646;4.68816e-05;7.73845e-07;4.6572e-05;5.5795e-07
685000;0;0.253672;0.132093;0.181232;-0.00105878;0.00259232;0.000755363;0.00182542;4.68647e-05;7.7316e-07;4.65737e-05;5.57517e-07
686000;0;0.253302;0.1319;0.180967;-0.000970086;0.00259413;0.000747761;0.00182355;4.68691e-05;7.72652e-07;4.65639e-05;5.57071e-07
687000;-0.0131709;0.254247;0.131709;0.180704;-0.00096363;0.00259083;0.000722421;0.00182178;4.68836e-05;7.72114e-07;4.65413e-05;5.56615e-07
688000;-0.0131517;0.253878;0.124941;0.180901;-0.000952042;0.00258714;0.000740642;0.00182075;4.69059e-05;7.7169e-07;4.65445e-05;5.56247e-07
689000;-0.0131326;0.253509;0.12476;0.180638;-0.000995709;0.00258477;0.000771249;0.00182055;4.69219e-05;7.71204e-07;4.65304e-05;5.55815e-07
690000;-0.0131136;0.253142;0.118022;0.180834;-0.00107804;0.00258315;0.000819075;0.00182003;4.69321e-05;7.707e-07;4.65264e-05;5.55415e-07
691000;-0.0130946;0.252775;0.111304;0.181028;-0.00106908;0.00257951;0.000810454;0.00181813;4.69338e-05;7.70072e-07;4.65017e-05;5.54973e-07
692000;-0.0130757;0.25241;0.111143;0.180766;-0.00100243;0.00257743;0.000791018;0.00181707;4.69326e-05;7.69564e-07;4.64935e-05;5.54558e-07
693000;-0.0130568;0.252046;0.110983;0.18141;-0.00104161;0.00257521;0.000802101;0.00181479;4.6929e-05;7.69029e-07;4.65066e-05;5.54182e-07
694000;-0.013038;0.251683;0.110823;0.181149;-0.000975983;0.0025731;0.000804808;0.00181303;4.69402e-05;7.68554e-07;4.65109e-05;5.53804e-07
695000;0;0.252613;0.110664;0.180888;-0.00100366;0.00257254;0.000793461;0.00181153;4.69295e-05;7.67979e-07;4.65287e-05;5.5344e-07
696000;0;0.25225;0.110505;0.180628;-0.00100576;0.00256943;0.00079911;0.00181058;4.6928e-05;7.67358e-07;4.65425e-05;5.53046e-07
697000;0;0.251888;0.110346;0.180369;-0.00100472;0.00256952;0.000815178;0.00181;4.69102e-05;7.66671e-07;4.65427e-05;5.5264e-07
698000;-0.0129633;0.252807;0.110188;0.180111;-0.00107867;0.00256754;0.000790154;0.00180848;4.69046e-05;7.66105e-07;4.65259e-05;5.52217e-07
699000;-0.0129447;0.252445;0.11003;0.179853;-0.00111545;0.00256593;0.00081937;0.00180688;4.68936e-05;7.65517e-07;4.65297e-05;5.51878e-07
700000;-0.0129262;0.252085;0.109873;0.179596;-0.00109712;0.00256583;0.000791805;0.001806;4.69088e-05;7.65079e-07;4.65253e-05;5.5146e-07
701000;-0.0129078;0.251725;0.109716;0.17934;-0.00117633;0.00256447;0.000783936;0.00180497;4.68908e-05;7.64442e-07;4.65225e-05;5.51064e-07
702000;-0.0128894;0.251367;0.10956;0.179973;-0.00115638;0.00256107;0.000826316;0.00180384;4.6889e-05;7.63899e-07;4.65153e-05;5.50636e-07
703000;-0.0128711;0.251009;0.109404;0.179717;-0.00113104;0.00255814;0.000860113;0.00180277;4.68673e-05;7.63205e-07;4.65155e-05;5.5027e-07
704000;-0.0128528;0.250652;0.102822;0.179903;-0.0010756;0.00255683;0.000814642;0.00180221;4.68683e-05;7.62824e-07;4.65209e-05;5.4993e-07
705000;-0.0128346;0.250297;0.109094;0.180088;-0.00105591;0.00255458;0.000752966;0.00180112;4.68693e-05;7.62264e-07;4.65161e-05;5.49547e-07
706000;-0.0128164;0.249942;0.102531;0.180271;-0.00107389;0.0025543;0.000755164;0.00179985;4.68664e-05;7.61649e-07;4.65221e-05;5.49173e-07
707000;-0.0127983;0.249589;0.108785;0.180452;-0.00110928;0.00255394;0.000768659;0.0017984;4.68609e-05;7.61198e-07;4.65217e-05;5.48745e-07
708000;-0.0127802;0.249236;0.108632;0.180197;-0.00111892;0.00255325;0.000772287;0.00179631;4.68893e-05;7.60766e-07;4.65221e-05;5.48346e-07
709000;-0.0127622;0.248885;0.108478;0.179943;-0.00112261;0.00254967;0.000744214;0.0017941;4.69005e-05;7.60209e-07;4.65354e-05;5.47983e-07
710000;-0.0127442;0.248534;0.114698;0.180123;-0.00112069;0.00254716;0.000790491;0.00179278;4.68987e-05;7.59585e-07;4.65472e-05;5.47647e-07
711000;-0.0127263;0.248185;0.114536;0.17987;-0.00110003;0.00254545;0.000821967;0.00179185;4.68784e-05;7.58954e-07;4.65514e-05;5.47231e-07
712000;-0.0127084;0.247836;0.114376;0.179617;-0.00109055;0.00254193;0.00075429;0.00179066;4.68896e-05;7.58524e-07;4.65693e-05;5.46845e-07
713000;0;0.248735;0.12056;0.179796;-0.00109061;0.00253983;0.000705116;0.00178898;4.69063e-05;7.58115e-07;4.65773e-05;5.46495e-07
714000;0;0.248387;0.107719;0.180401;-0.00106833;0.00253758;0.000712967;0.00178707;4.69053e-05;7.57556e-07;4.65945e-05;5.46166e-07
715000;0;0.24804;0.107568;0.180149;-0.0011223;0.00253512;0.00073603;0.00178662;4.69289e-05;7.57081e-07;4.65933e-05;5.458e-07
716000;0;0.247693;0.107418;0.179897;-0.00103186;0.00253343;0.000692783;0.00178586;4.69345e-05;7.56578e-07;4.65753e-05;5.45392e-07
717000;0;0.247348;0.107268;0.179646;-0.00103042;0.0025299;0.000681513;0.00178513;4.6937e-05;7.56069e-07;4.6567e-05;5.44971e-07
718000;0;0.247003;0.119721;0.180244;-0.000979104;0.00252738;0.000644241;0.00178315;4.69363e-05;7.55534e-07;4.65638e-05;5.44553e-07
719000;0;0.24666;0.119554;0.179994;-0.000960276;0.00252468;0.000670884;0.00178145;4.69247e-05;7.54989e-07;4.65493e-05;5.44156e-07
720000;0;0.246317;0.119388;0.179744;-0.000979655;0.00252277;0.000659992;0.00178017;4.69228e-05;7.54442e-07;4.65358e-05;5.4373e-07
721000;0;0.245975;0.119223;0.179494;-0.00100858;0.00251992;0.000683318;0.00177881;4.69255e-05;7.53884e-07;4.6528e-05;5.43372e-07
722000;0;0.245635;0.125324;0.179666;-0.00103584;0.00251742;0.000688858;0.00177704;4.69521e-05;7.53427e-07;4.65263e-05;5.43005e-07
723000;0;0.245295;0.12515;0.179418;-0.00104632;0.00251501;0.000694118;0.00177622;4.69536e-05;7.52842e-07;4.65474e-05;5.42662e-07
724000;0;0.244956;0.124978;0.17917;-0.00107337;0.00251215;0.000695947;0.00177438;4.69608e-05;7.52421e-07;4.65484e-05;5.42299e-07
725000;0;0.244618;0.124805;0.178923;-0.00105015;0.0025101;0.000619828;0.00177321;4.69632e-05;7.5184e-07;4.65456e-05;5.41902e-07
726000;0;0.244281;0.124633;0.178676;-0.0010287;0.0025085;0.000575048;0.00177294;4.69696e-05;7.5136e-07;4.65452e-05;5.41528e-07
727000;0;0.243945;0.124462;0.17843;-0.0010352;0.00250616;0.000594424;0.00177123;4.6979e-05;7.5087e-07;4.6542e-05;5.41125e-07
728000;0.0248582;0.246034;0.118076;0.178601;-0.0010449;0.00250281;0.000569936;0.00176979;4.69576e-05;7.50257e-07;4.65458e-05;5.40745e-07
729000;0.0248241;0.245697;0.117914;0.178356;-0.00106564;0.0024998;0.000518263;0.00176906;4.69454e-05;7.49677e-07;4.65575e-05;5.40386e-07
730000;0.0247901;0.24536;0.117753;0.178112;-0.00107437;0.00249803;0.000476655;0.00176797;4.69177e-05;7.49115e-07;4.656e-05;5.39969e-07
731000;0.0247562;0.245025;0.117592;0.177868;-0.0010331;0.00249681;0.000439351;0.00176766;4.69449e-05;7.48686e-07;4.65472e-05;5.39542e-07
732000;0.0370835;0.245886;0.117431;0.177625;-0.00105152;0.00249522;0.000407528;0.00176661;4.69511e-05;7.48182e-07;4.65548e-05;5.392e-07
733000;0.0370329;0.245551;0.111099;0.177795;-0.00105009;0.00249181;0.000380421;0.00176514;4.69317e-05;7.47664e-07;4.65466e-05;5.3881e-07
734000;0.0369825;0.245216;0.110947;0.177553;-0.00104509;0.00249093;0.000376656;0.00176345;4.69169e-05;7.47221e-07;4.65459e-05;5.38399e-07
735000;0.0246214;0.246069;0.110796;0.177311;-0.00104672;0.00248764;0.000339127;0.0017627;4.69215e-05;7.46841e-07;4.65415e-05;5.38042e-07
736000;0.024588;0.245734;0.104499;0.17748;-0.00102191;0.00248469;0.00036305;0.00176197;4.68943e-05;7.46209e-07;4.65539e-05;5.377e-07
737000;0.0245546;0.245401;0.104357;0.177239;-0.000977816;0.00248202;0.000332293;0.00176166;4.69134e-05;7.45838e-07;4.65626e-05;5.3738e-07
738000;0.0245213;0.245068;0.104216;0.176999;-0.000988862;0.00247987;0.00035028;0.00176009;4.69135e-05;7.4531e-07;4.65551e-05;5.36994e-07
739000;0.0244882;0.244737;0.104075;0.176759;-0.000977213;0.00247778;0.00033849;0.00175848;4.69209e-05;7.44768e-07;4.65518e-05;5.36621e-07
740000;0.0244551;0.244406;0.0978203;0.176927;-0.000945075;0.00247669;0.00033583;0.00175719;4.69129e-05;7.44211e-07;4.65452e-05;5.36265e-07
741000;0.0244221;0.244076;0.0976883;0.176688;-0.000958503;0.00247352;0.000313269;0.00175582;4.69197e-05;7.43748e-07;4.65386e-05;5.35883e-07
742000;0.0243891;0.243747;0.0975566;0.17645;-0.00100695;0.00247236;0.000300877;0.001754;4.69409e-05;7.43261e-07;4.6538e-05;5.35588e-07
743000;0.0243563;0.243419;0.0913362;0.176616;-0.000971439;0.00246951;0.0003816;0.00175388;4.69508e-05;7.42804e-07;4.65456e-05;5.35288e-07
744000;0.0243236;0.243092;0.0912134;0.176379;-0.001031;0.00246767;0.000328438;0.00175275;4.6946e-05;7.42286e-07;4.654e-05;5.34921e-07
745000;0.0242909;0.242766;0.091091;0.176142;-0.00100211;0.00246542;0.000343293;0.00175207;4.69528e-05;7.41844e-07;4.65246e-05;5.34544e-07
746000;0.0242584;0.24244;0.0909689;0.175906;-0.00104377;0.00246285;0.000344266;0.00175163;4.69442e-05;7.41275e-07;4.65354e-05;5.34194e-07
747000;0.0242259;0.242116;0.0908471;0.17567;-0.00101921;0.00246205;0.000289505;0.00175004;4.69378e-05;7.40768e-07;4.65382e-05;5.33861e-07
748000;0.0241935;0.241792;0.0967741;0.175835;-0.00100202;0.00245969;0.000273729;0.00174825;4.69379e-05;7.40305e-07;4.65305e-05;5.33471e-07
749000;0.0241612;0.241469;0.102685;0.175999;-0.000960171;0.00245738;0.000286412;0.00174644;4.69244e-05;7.39768e-07;4.65513e-05;5.3316e-07
750000;0.024129;0.241147;0.102548;0.175765;-0.000940007;0.00245438;0.000202278;0.00174626;4.6927e-05;7.3926e-07;4.65451e-05;5.32762e-07
751000;0.0240969;0.240826;0.102412;0.175531;-0.000938756;0.00245111;0.000207203;0.0017458;4.69441e-05;7.3882e-07;4.65437e-05;5.32403e-07
752000;0.0240648;0.240506;0.102276;0.175297;-0.000917936;0.0024497;0.000212763;0.00174474;4.69502e-05;7.3835e-07;4.65372e-05;5.32033e-07
753000;0.0240329;0.240187;0.10214;0.175064;-0.000912345;0.0024475;0.000259713;0.00174449;4.69394e-05;7.37823e-07;4.6535e-05;5.31689e-07
754000;0.0120005;0.241018;0.096004;0.175227;-0.000949027;0.00244594;0.000283989;0.0017433;4.69468e-05;7.37339e-07;4.65449e-05;5.31362e-07
755000;0.0119846;0.240699;0.101869;0.175389;-0.000943743;0.00244346;0.000286647;0.00174196;4.69464e-05;7.36841e-07;4.65397e-05;5.30968e-07
756000;0.0119687;0.240381;0.101734;0.175157;-0.000962701;0.00244054;0.000291837;0.00174002;4.69537e-05;7.3641e-07;4.65394e-05;5.30624e-07
757000;0.0119529;0.240063;0.1016;0.174925;-0.000997631;0.00244128;0.000287493;0.0017388;4.69647e-05;7.35997e-07;4.65491e-05;5.30307e-07
758000;0.0119372;0.239747;0.107435;0.175086;-0.00093328;0.00243967;0.000309987;0.00173813;4.69753e-05;7.35514e-07;4.65464e-05;5.29955e-07
759000;0.0119214;0.239431;0.113254;0.175245;-0.000950091;0.00243671;0.000335507;0.00173668;4.70028e-05;7.35087e-07;4.65457e-05;5.29632e-07
760000;0.0238115;0.240252;0.113105;0.175015;-0.00089855;0.00243463;0.000334198;0.00173521;4.70004e-05;7.34729e-07;4.65407e-05;5.29255e-07
761000;0.0237802;0.239936;0.112956;0.174785;-0.000936062;0.00243314;0.000333256;0.0017346;4.70193e-05;7.34304e-07;4.65581e-05;5.28936e-07
762000;0.023749;0.239621;0.112808;0.174555;-0.000939817;0.00243163;0.000342687;0.0017337;4.70164e-05;7.33818e-07;4.654e-05;5.28549e-07
763000;0.0237179;0.239307;0.11266;0.174326;-0.000897817;0.00242914;0.000314982;0.00173235;4.70134e-05;7.33271e-07;4.65322e-05;5.28186e-07
764000;0.0236868;0.238994;0.112513;0.174098;-0.00090207;0.00242753;0.000277157;0.00173081;4.70154e-05;7.32732e-07;4.65318e-05;5.27871e-07
765000;0.0236559;0.238681;0.112365;0.173871;-0.000887161;0.00242485;0.000276354;0.00172897;4.70009e-05;7.32232e-07;4.65289e-05;5.27519e-07
766000;0.023625;0.23837;0.112219;0.173644;-0.000937426;0.00242467;0.000271276;0.00172837;4.70116e-05;7.31834e-07;4.65242e-05;5.27184e-07
767000;0.0235942;0.238059;0.112072;0.173417;-0.000900675;0.00242251;0.000233276;0.00172738;4.70091e-05;7.31272e-07;4.65343e-05;5.26856e-07
768000;0.0235635;0.237749;0.111927;0.173191;-0.000916089;0.00242173;0.000256912;0.00172577;4.70208e-05;7.30894e-07;4.65442e-05;5.2655e-07
769000;0.0235328;0.23744;0.111781;0.172966;-0.00094712;0.00242025;0.000269922;0.00172419;4.70129e-05;7.30392e-07;4.65478e-05;5.26229e-07
770000;0.0235023;0.237131;0.111636;0.172742;-0.000914413;0.00241796;0.000268801;0.00172274;4.70045e-05;7.29832e-07;4.65529e-05;5.25889e-07
771000;0.0234718;0.236824;0.111491;0.172518;-0.000923985;0.00241513;0.000293386;0.0017211;4.69974e-05;7.2932e-07;4.6546e-05;5.25497e-07
772000;0.0234414;0.236517;0.111347;0.172294;-0.000971432;0.00241374;0.000306009;0.00172048;4.69922e-05;7.2884e-07;4.65688e-05;5.25208e-07
773000;0.0234111;0.236211;0.111203;0.172071;-0.000931232;0.00241305;0.000327326;0.00171862;4.70103e-05;7.28452e-07;4.65789e-05;5.24883e-07
774000;0.0233808;0.235906;0.111059;0.171849;-0.000877867;0.00241102;0.000311583;0.00171691;4.70132e-05;7.27964e-07;4.65598e-05;5.24496e-07
775000;0;0.237814;0.110916;0.171627;-0.000927057;0.00240892;0.000289105;0.00171673;4.69984e-05;7.27404e-07;4.65498e-05;5.24155e-07
776000;0;0.237507;0.110773;0.171406;-0.000866765;0.00240721;0.00031118;0.00171576;4.70024e-05;7.27001e-07;4.65304e-05;5.23771e-07
777000;0;0.237202;0.11063;0.171185;-0.00088671;0.0024043;0.000245698;0.00171505;4.70078e-05;7.26473e-07;4.65484e-05;5.23469e-07
778000;0;0.236897;0.116303;0.171345;-0.000853614;0.00240202;0.0002637;0.00171359;4.70041e-05;7.26032e-07;4.65451e-05;5.23135e-07
779000;0;0.236593;0.116154;0.171125;-0.000902203;0.00239998;0.000297832;0.00171323;4.69898e-05;7.25528e-07;4.6555e-05;5.22821e-07
780000;0;0.236289;0.116005;0.170905;-0.000857986;0.00239795;0.000288378;0.00171261;4.69884e-05;7.25036e-07;4.65572e-05;5.22494e-07
781000;0;0.235987;0.115856;0.170687;-0.000921683;0.00239668;0.000309016;0.00171215;4.69866e-05;7.2454e-07;4.65872e-05;5.22199e-07
782000;0;0.235685;0.115708;0.170468;-0.000928255;0.00239404;0.000259418;0.00171167;4.69822e-05;7.24076e-07;4.65607e-05;5.21792e-07
783000;0;0.235384;0.11556;0.170251;-0.000900056;0.0023948;0.000297255;0.00171026;4.6977e-05;7.23578e-07;4.65656e-05;5.21503e-07
784000;0;0.235084;0.115413;0.170034;-0.000907968;0.00239243;0.000294723;0.0017089;4.69778e-05;7.23181e-07;4.65656e-05;5.21171e-07
785000;0;0.234784;0.115266;0.169817;-0.000900938;0.00238988;0.000277501;0.00170804;4.69707e-05;7.22633e-07;4.65886e-05;5.20873e-07
786000;0;0.234486;0.115119;0.169601;-0.000854726;0.00238777;0.000294725;0.00170655;4.69821e-05;7.22142e-07;4.65873e-05;5.20551e-07
787000;0;0.234188;0.114973;0.169385;-0.000889826;0.00238528;0.000379197;0.00170638;4.69824e-05;7.21684e-07;4.65843e-05;5.20188e-07
788000;-0.0114827;0.234971;0.114827;0.16917;-0.00092844;0.00238374;0.000418226;0.00170536;4.69591e-05;7.21169e-07;4.65854e-05;5.19866e-07
789000;-0.0114682;0.234673;0.108947;0.169329;-0.000937261;0.0023808;0.000461821;0.00170448;4.69544e-05;7.20649e-07;4.65993e-05;5.19571e-07
790000;-0.0114536;0.234376;0.103083;0.169487;-0.00103967;0.00238016;0.000433797;0.00170346;4.69458e-05;7.20293e-07;4.65917e-05;5.19229e-07
791000;-0.0114392;0.23408;0.102952;0.169273;-0.00103836;0.00237715;0.000461256;0.00170172;4.69442e-05;7.19837e-07;4.6606e-05;5.18938e-07
792000;0;0.234854;0.102822;0.169059;-0.000977289;0.00237692;0.000466268;0.00170003;4.69589e-05;7.19406e-07;4.66092e-05;5.18584e-07
793000;0;0.234558;0.0969876;0.169216;-0.00101762;0.00237473;0.000536267;0.00169895;4.6975e-05;7.18971e-07;4.66087e-05;5.18242e-07
794000;0;0.234262;0.0968655;0.169739;-0.00107998;0.00237338;0.000579146;0.00169765;4.6968e-05;7.18495e-07;4.66096e-05;5.17899e-07
795000;0;0.233968;0.0967436;0.169526;-0.00106713;0.00237145;0.000598336;0.0016961;4.69754e-05;7.18062e-07;4.66055e-05;5.17565e-07
796000;0;0.233674;0.0966221;0.169313;-0.00105946;0.00236851;0.0006097;0.00169534;4.69865e-05;7.17592e-07;4.66143e-05;5.17228e-07
797000;-0.011353;0.234439;0.0908243;0.169466;-0.00101841;0.0023688;0.000564971;0.00169378;4.70024e-05;7.17264e-07;4.66044e-05;5.16872e-07
798000;-0.0226776;0.235198;0.0907105;0.169254;-0.0010228;0.00236586;0.000553887;0.00169353;4.69846e-05;7.16739e-07;4.6583e-05;5.16489e-07
799000;-0.0113246;0.23595;0.0849347;0.169406;-0.00105165;0.00236364;0.000547196;0.00169229;4.69806e-05;7.16299e-07;4.65697e-05;5.16123e-07
800000;0;0.236695;0.0848285;0.169194;-0.00102667;0.00236114;0.000612851;0.0016912;4.69774e-05;7.15816e-07;4.65886e-05;5.15841e-07
801000;0;0.2364;0.0847226;0.168983;-0.00101334;0.00235863;0.000647959;0.0016899;4.69808e-05;7.15337e-07;4.65763e-05;5.15489e-07
802000;0;0.236105;0.084617;0.168772;-0.00099058;0.00235606;0.000692709;0.0016895;4.69842e-05;7.14899e-07;4.65656e-05;5.15141e-07
803000;0;0.235811;0.0845116;0.168562;-0.000999875;0.00235385;0.000617841;0.00168896;4.69783e-05;7.1438e-07;4.65539e-05;5.14786e-07
804000;0;0.235518;0.0956607;0.169073;-0.000950925;0.00235252;0.000596246;0.00168818;4.69701e-05;7.13882e-07;4.65781e-05;5.14508e-07
805000;0.0224804;0.237279;0.0955418;0.168863;-0.000980583;0.00235153;0.000599416;0.00168671;4.69819e-05;7.13457e-07;4.65856e-05;5.1421e-07
806000;0.0224525;0.236985;0.0954233;0.168654;-0.000937206;0.00235084;0.000633116;0.00168594;4.69815e-05;7.12949e-07;4.65838e-05;5.13881e-07
807000;0.0224247;0.236691;0.0953051;0.168445;-0.00097369;0.00234921;0.000618732;0.00168443;4.69574e-05;7.12359e-07;4.65803e-05;5.13543e-07
808000;0.022397;0.236398;0.0951871;0.168236;-0.000897144;0.00234786;0.000615281;0.00168269;4.69725e-05;7.1199e-07;4.6582e-05;5.13214e-07
809000;0.0223693;0.236106;0.0950694;0.168028;-0.000841721;0.00234697;0.000592356;0.00168093;4.6955e-05;7.1145e-07;4.65937e-05;5.12924e-07
810000;0.0223417;0.235815;0.0949521;0.167821;-0.000879172;0.00234484;0.000613566;0.00167918;4.69594e-05;7.11031e-07;4.66033e-05;5.12612e-07
811000;0.0223141;0.235524;0.100414;0.16797;-0.000806318;0.00234516;0.000651463;0.00167773;4.69785e-05;7.10652e-07;4.65895e-05;5.12258e-07
812000;0.0222866;0.235234;0.10029;0.167763;-0.000776611;0.00234295;0.000634171;0.00167608;4.69715e-05;7.10141e-07;4.65855e-05;5.11934e-07
813000;0.0222592;0.234945;0.0890369;0.168265;-0.000820423;0.0023418;0.00067114;0.00167515;4.69461e-05;7.09628e-07;4.65733e-05;5.11605e-07
814000;0.0222319;0.234656;0.0944855;0.168411;-0.000781096;0.00233986;0.000669213;0.00167336;4.69495e-05;7.09152e-07;4.65789e-05;5.11311e-07
815000;0.0222046;0.234368;0.0943695;0.168205;-0.000801637;0.00233737;0.000635772;0.00167175;4.69585e-05;7.08671e-07;4.65713e-05;5.10998e-07
816000;0.0221774;0.234081;0.0942539;0.167998;-0.000752258;0.00233684;0.000696976;0.00167081;4.69605e-05;7.08238e-07;4.65623e-05;5.10678e-07
817000;0.0221502;0.233794;0.0941385;0.167793;-0.00066883;0.0023384;0.000721142;0.00166987;4.69527e-05;7.07837e-07;4.65639e-05;5.10352e-07
818000;0.0221232;0.233508;0.0940234;0.167588;-0.000637265;0.00233709;0.000645723;0.00166928;4.69325e-05;7.07377e-07;4.65681e-05;5.10055e-07
819000;0.0220962;0.233223;0.0939086;0.167383;-0.00060485;0.00233506;0.000621816;0.00166777;4.69142e-05;7.06931e-07;4.65826e-05;5.09802e-07
820000;0.0220692;0.232939;0.0937941;0.167179;-0.000603009;0.00233222;0.000616604;0.00166736;4.69211e-05;7.06577e-07;4.65821e-05;5.09493e-07
821000;0.0220423;0.232655;0.0881693;0.167324;-0.000567087;0.00232994;0.000586551;0.00166638;4.69129e-05;7.06081e-07;4.65791e-05;5.09156e-07
822000;0.0220155;0.232372;0.088062;0.167121;-0.00055291;0.00232817;0.000663754;0.00166566;4.69248e-05;7.05634e-07;4.65748e-05;5.08832e-07
823000;0.0219888;0.23209;0.087955;0.167612;-0.000517117;0.00232586;0.000634557;0.00166437;4.69442e-05;7.05238e-07;4.65603e-05;5.08485e-07
824000;0.0219621;0.231808;0.0878483;0.167408;-0.000524458;0.00232519;0.000639513;0.00166362;4.6934e-05;7.04851e-07;4.65576e-05;5.08168e-07
825000;0.0109677;0.232523;0.0877418;0.167205;-0.000497976;0.0023245;0.00064074;0.00166244;4.6919e-05;7.04373e-07;4.65483e-05;5.07863e-07
826000;0.0109544;0.232241;0.0876356;0.167003;-0.00049332;0.00232233;0.000658231;0.00166116;4.69344e-05;7.04008e-07;4.6545e-05;5.0757e-07
827000;0.0109412;0.231961;0.082059;0.167145;-0.000462032;0.00232173;0.000664761;0.00165996;4.69269e-05;7.03503e-07;4.655e-05;5.07298e-07
828000;0.010928;0.23168;0.0819599;0.166943;-0.000438395;0.00231937;0.000653649;0.00165846;4.69152e-05;7.03e-07;4.65488e-05;5.06995e-07
829000;0.0218296;0.232388;0.081861;0.166742;-0.000450714;0.0023168;0.000642552;0.0016568;4.6937e-05;7.02771e-07;4.65428e-05;5.06681e-07
830000;0.032705;0.233089;0.0817624;0.166541;-0.000515878;0.00231525;0.000661363;0.00165626;4.69463e-05;7.02423e-07;4.65298e-05;5.06347e-07
831000;0.0326656;0.232809;0.081664;0.166341;-0.000449684;0.00231425;0.000653877;0.00165494;4.6957e-05;7.02005e-07;4.65176e-05;5.0603e-07
832000;0.0435018;0.233504;0.0815659;0.166141;-0.000453388;0.00231212;0.000658689;0.00165375;4.69438e-05;7.01508e-07;4.65176e-05;5.05707e-07
833000;0.0434496;0.233224;0.081468;0.165941;-0.000415992;0.00230991;0.000624749;0.00165228;4.69411e-05;7.01047e-07;4.65143e-05;5.05383e-07
834000;0.0433975;0.232944;0.0813703;0.165742;-0.000470125;0.0023094;0.000614434;0.00165091;4.69514e-05;7.00669e-07;4.65156e-05;5.05081e-07
835000;0.0433455;0.232665;0.0812728;0.165544;-0.000527499;0.00230835;0.000597232;0.00164957;4.69637e-05;7.0028e-07;4.65042e-05;5.04733e-07
836000;0.0432937;0.232387;0.0811756;0.165346;-0.00052327;0.00230575;0.000638695;0.00164935;4.69529e-05;6.99842e-07;4.64939e-05;5.04418e-07
837000;0.0432419;0.232109;0.0756734;0.165488;-0.000576407;0.0023042;0.000614875;0.00164818;4.69378e-05;6.9938e-07;4.64868e-05;5.04116e-07
838000;0.0431903;0.231832;0.0809819;0.165629;-0.000612501;0.00230202;0.000630547;0.00164652;4.69459e-05;6.99009e-07;4.64973e-05;5.0384e-07
839000;0.0431389;0.231556;0.075493;0.165769;-0.000625844;0.00230031;0.00064654;0.00164567;4.69484e-05;6.98596e-07;4.64942e-05;5.03514e-07
840000;0.0430875;0.23128;0.0807891;0.165907;-0.000632788;0.00229902;0.00066417;0.00164404;4.6953e-05;6.98193e-07;4.64838e-05;5.03207e-07
841000;0.0430363;0.231005;0.080693;0.16571;-0.000672801;0.00229818;0.000704711;0.00164355;4.69692e-05;6.97904e-07;4.64779e-05;5.02871e-07
842000;0.0429852;0.230731;0.0805972;0.165513;-0.000721309;0.00229673;0.000734467;0.00164246;4.69566e-05;6.97444e-07;4.64776e-05;5.02565e-07
843000;0.0429342;0.230457;0.0805015;0.165317;-0.000708029;0.00229413;0.000703277;0.00164133;4.69453e-05;6.9699e-07;4.64806e-05;5.02306e-07
844000;0.0428833;0.230184;0.0804062;0.165121;-0.000712536;0.00229248;0.000695834;0.00163998;4.6957e-05;6.96656e-07;4.64766e-05;5.01977e-07
845000;0.0428325;0.229912;0.080311;0.164926;-0.000734067;0.00229072;0.000697345;0.00163805;4.69489e-05;6.96238e-07;4.64749e-05;5.01699e-07
846000;0.0427819;0.22964;0.0748683;0.165064;-0.00074514;0.00228934;0.000737597;0.00163764;4.69528e-05;6.95905e-07;4.6457e-05;5.01348e-07
847000;0.0427314;0.229369;0.07478;0.164869;-0.000787601;0.00228733;0.000754303;0.0016366;4.69529e-05;6.95419e-07;4.646e-05;5.01037e-07
848000;0.042681;0.229098;0.0746918;0.164675;-0.000725547;0.00228573;0.000722463;0.00163549;4.69493e-05;6.95069e-07;4.64724e-05;5.00751e-07
849000;0.0426307;0.228828;0.0639461;0.165143;-0.000711914;0.00228424;0.000728525;0.00163442;4.69561e-05;6.94674e-07;4.64794e-05;5.00452e-07
850000;0.0425806;0.228559;0.0585483;0.165278;-0.000693845;0.0022818;0.00074321;0.00163379;4.6957e-05;6.94319e-07;4.64655e-05;5.00145e-07
851000;0.0425305;0.228291;0.0637958;0.165412;-0.000655835;0.00227991;0.000753882;0.00163234;4.69596e-05;6.93893e-07;4.64611e-05;4.99882e-07
852000;0.0424806;0.228023;0.0637209;0.165218;-0.000615478;0.00227916;0.000717706;0.00163098;4.69684e-05;6.93498e-07;4.64577e-05;4.99626e-07
853000;0.0424308;0.227755;0.0636462;0.165024;-0.000650296;0.00227742;0.000720359;0.00162976;4.69662e-05;6.93183e-07;4.64644e-05;4.99327e-07
854000;0.0423811;0.227489;0.0635717;0.164831;-0.000687871;0.00227675;0.000719255;0.00162869;4.69572e-05;6.92727e-07;4.64793e-05;4.9908e-07
855000;0.0423316;0.227223;0.0634974;0.164638;-0.000620501;0.0022761;0.000747563;0.00162786;4.69581e-05;6.92312e-07;4.64727e-05;4.98756e-07
856000;0.0422821;0.226957;0.0634232;0.164446;-0.000608734;0.00227516;0.000734167;0.00162701;4.69511e-05;6.9189e-07;4.64768e-05;4.98476e-07
857000;0.0422328;0.226692;0.0686283;0.16458;-0.000659031;0.0022749;0.000715146;0.00162543;4.69593e-05;6.91521e-07;4.6477e-05;4.98182e-07
858000;0.0421836;0.226428;0.0685483;0.164388;-0.000656433;0.00227437;0.000700537;0.00162454;4.69281e-05;6.90997e-07;4.64832e-05;4.97924e-07
859000;0.0421345;0.226164;0.0737353;0.164521;-0.000604329;0.0022732;0.000692943;0.00162369;4.69357e-05;6.90591e-07;4.64777e-05;4.97623e-07
860000;0.0420855;0.225901;0.0789102;0.164652;-0.000491719;0.00227327;0.000724621;0.0016228;4.69436e-05;6.90323e-07;4.64908e-05;4.97329e-07
861000;0.0420366;0.225639;0.0788186;0.164461;-0.000523089;0.00227217;0.000707131;0.00162209;4.69354e-05;6.89885e-07;4.64998e-05;4.97095e-07
862000;0.0419878;0.225377;0.0787272;0.16427;-0.000472122;0.00227043;0.000690437;0.00162088;4.69284e-05;6.89436e-07;4.64956e-05;4.96826e-07
863000;0.0419392;0.225116;0.0786359;0.16408;-0.000486331;0.0022689;0.000645019;0.00161995;4.69341e-05;6.89064e-07;4.64752e-05;4.96511e-07
864000;0.0523633;0.225791;0.0785449;0.16389;-0.000529645;0.00226868;0.00063417;0.00161901;4.69271e-05;6.8864e-07;4.64625e-05;4.96198e-07
865000;0.0523027;0.22553;0.0784541;0.163701;-0.000552702;0.00226653;0.000629951;0.00161826;4.69218e-05;6.88241e-07;4.64716e-05;4.95934e-07
866000;0.0522423;0.225269;0.0731393;0.163832;-0.000528959;0.00226437;0.000620798;0.00161725;4.69084e-05;6.87792e-07;4.64733e-05;4.95633e-07
867000;0.0521821;0.225009;0.0730549;0.163643;-0.000464898;0.00226321;0.000619508;0.00161594;4.69167e-05;6.87442e-07;4.64781e-05;4.95331e-07
868000;0.052122;0.22475;0.0729708;0.163455;-0.000507585;0.00226144;0.000637908;0.00161475;4.69222e-05;6.87066e-07;4.64959e-05;4.95103e-07
869000;0.052062;0.224491;0.0728868;0.163266;-0.000507001;0.00225884;0.000580648;0.00161407;4.6916e-05;6.86675e-07;4.64942e-05;4.94805e-07
870000;0.072803;0.226079;0.072803;0.163079;-0.000436862;0.00225875;0.00063088;0.00161301;4.69149e-05;6.86302e-07;4.65035e-05;4.94548e-07
871000;0.0727194;0.225819;0.0727194;0.162892;-0.000452858;0.00225725;0.000601257;0.00161207;4.69298e-05;6.85932e-07;4.64951e-05;4.94243e-07
872000;0.072636;0.22556;0.072636;0.162705;-0.000478307;0.0022557;0.000652591;0.00161121;4.69206e-05;6.85533e-07;4.65017e-05;4.93988e-07
873000;0.0829175;0.226216;0.0725528;0.162518;-0.000455568;0.00225337;0.000614027;0.00161046;4.68974e-05;6.85078e-07;4.64976e-05;4.93711e-07
874000;0.0724698;0.226866;0.0724698;0.162332;-0.000407485;0.00225292;0.000611536;0.0016096;4.68841e-05;6.84578e-07;4.65094e-05;4.93484e-07
875000;0.072387;0.226607;0.072387;0.162147;-0.000407019;0.00225034;0.000617936;0.00160844;4.68787e-05;6.84138e-07;4.65119e-05;4.93177e-07
876000;0.0723044;0.226349;0.0671398;0.162278;-0.000462055;0.00224923;0.000653833;0.00160754;4.68696e-05;6.83688e-07;4.65216e-05;4.92904e-07
877000;0.0722219;0.22609;0.0670632;0.162093;-0.000433983;0.0022477;0.000681386;0.00160707;4.68493e-05;6.83251e-07;4.65187e-05;4.92614e-07
878000;0.0721397;0.225833;0.0669868;0.161908;-0.000445095;0.00224601;0.000664941;0.00160549;4.68614e-05;6.82844e-07;4.65135e-05;4.92304e-07
879000;0.0720576;0.225576;0.0720576;0.162038;-0.000490191;0.00224534;0.000675423;0.00160477;4.68692e-05;6.82488e-07;4.65273e-05;4.92081e-07
880000;0.0719757;0.22532;0.0719757;0.161854;-0.000518108;0.00224501;0.000727236;0.00160406;4.68748e-05;6.82123e-07;4.65334e-05;4.91778e-07
881000;0.071894;0.225064;0.071894;0.16167;-0.000487138;0.00224433;0.000750738;0.00160287;4.68565e-05;6.81708e-07;4.6525e-05;4.91502e-07
882000;0.0718125;0.224809;0.0718125;0.161487;-0.000467926;0.00224278;0.000733544;0.00160203;4.68736e-05;6.81368e-07;4.65314e-05;4.91226e-07
883000;0.0717312;0.224554;0.0768548;0.161617;-0.000467396;0.00224024;0.000757033;0.00160101;4.68657e-05;6.80891e-07;4.65378e-05;4.90944e-07
884000;0.07165;0.2243;0.0767679;0.161434;-0.000461416;0.0022386;0.000771595;0.00159991;4.68471e-05;6.80409e-07;4.65439e-05;4.90697e-07
885000;0.0715691;0.224047;0.0766811;0.161251;-0.000431817;0.00223708;0.000768167;0.00159886;4.68418e-05;6.80004e-07;4.65598e-05;4.90428e-07
886000;0.0714883;0.223794;0.0765946;0.161069;-0.00040152;0.00223532;0.000776345;0.00159746;4.68418e-05;6.79616e-07;4.6572e-05;4.90162e-07
887000;0.0714077;0.223541;0.0714077;0.161198;-0.000424038;0.0022347;0.000768901;0.00159653;4.68383e-05;6.79249e-07;4.65632e-05;4.89875e-07
888000;0.0713273;0.22329;0.0662325;0.161326;-0.000402903;0.00223255;0.000775152;0.00159511;4.68337e-05;6.78837e-07;4.65581e-05;4.89582e-07
889000;0.071247;0.223039;0.066158;0.161144;-0.000422703;0.00223097;0.000749065;0.00159409;4.68249e-05;6.78365e-07;4.65642e-05;4.89341e-07
890000;0.0813337;0.223677;0.0660836;0.160963;-0.00039699;0.00223029;0.000767697;0.00159263;4.68044e-05;6.77907e-07;4.6563e-05;4.89101e-07
891000;0.0812424;0.223426;0.0660095;0.160783;-0.000335748;0.00222906;0.000762268;0.00159165;4.68243e-05;6.77656e-07;4.65613e-05;4.8881e-07
892000;0.0710074;0.22406;0.0659355;0.160602;-0.00035098;0.00222803;0.00071308;0.00159153;4.68339e-05;6.77368e-07;4.65663e-05;4.88542e-07
893000;0.0709279;0.223809;0.0658616;0.160423;-0.000382779;0.00222598;0.00072146;0.00159053;4.68298e-05;6.76967e-07;4.65579e-05;4.88241e-07
894000;0.0708486;0.223558;0.065788;0.160243;-0.000307614;0.00222499;0.000694788;0.00158977;4.6827e-05;6.7656e-07;4.65528e-05;4.87976e-07
895000;0.0707694;0.223309;0.0657144;0.160064;-0.00031793;0.00222297;0.000633289;0.00158972;4.68594e-05;6.76346e-07;4.6548e-05;4.87685e-07
896000;0.0706904;0.223059;0.0656411;0.159885;-0.000317927;0.00222142;0.000651301;0.00158835;4.68639e-05;6.76026e-07;4.65515e-05;4.87407e-07
897000;0.0706116;0.222811;0.0655679;0.160318;-0.000308017;0.00221922;0.000592443;0.0015876;4.68624e-05;6.75634e-07;4.65474e-05;4.87106e-07
898000;0.070533;0.222563;0.0654949;0.160139;-0.000230499;0.00222021;0.000606494;0.00158659;4.68573e-05;6.75224e-07;4.65336e-05;4.86815e-07
899000;0.0704545;0.222315;0.0654221;0.159961;-0.000199406;0.00221969;0.000577956;0.00158576;4.6866e-05;6.74819e-07;4.65332e-05;4.86552e-07
900000;0.0703762;0.222068;0.0653494;0.159784;-0.000230544;0.00221762;0.000599317;0.00158464;4.68485e-05;6.74397e-07;4.65413e-05;4.86296e-07
901000;0.0803407;0.222693;0.0652768;0.159606;-0.000230288;0.00221516;0.000585488;0.00158335;4.68651e-05;6.74005e-07;4.65331e-05;4.8601e-07
902000;0.0802517;0.222446;0.0601887;0.159732;-0.000230033;0.00221271;0.000601458;0.0015826;4.68676e-05;6.73591e-07;4.65285e-05;4.85736e-07
903000;0.0801628;0.2222;0.0601221;0.159555;-0.00027203;0.0022112;0.000586953;0.00158159;4.68655e-05;6.73183e-07;4.6528e-05;4.85458e-07
904000;0.0900834;0.222819;0.0600556;0.159379;-0.000271729;0.00220875;0.000566129;0.00158024;4.68692e-05;6.72863e-07;4.65262e-05;4.85178e-07
905000;0.0899838;0.222573;0.0599892;0.159203;-0.000248481;0.00220706;0.000575941;0.00157921;4.6862e-05;6.72439e-07;4.6532e-05;4.84907e-07
906000;0.0898845;0.222328;0.059923;0.159027;-0.000248207;0.00220463;0.000522069;0.00157835;4.68763e-05;6.72103e-07;4.6535e-05;4.84648e-07
907000;0.0897854;0.222082;0.0598569;0.158852;-0.000243497;0.00220339;0.000505147;0.00157811;4.68864e-05;6.71778e-07;4.65324e-05;4.8437e-07
908000;0.0896865;0.221838;0.059791;0.158677;-0.00023292;0.00220139;0.000506048;0.00157699;4.68669e-05;6.71289e-07;4.65419e-05;4.84144e-07
909000;0.0796337;0.222451;0.0597252;0.158502;-0.000157697;0.0022003;0.000488294;0.00157545;4.68708e-05;6.70912e-07;4.65314e-05;4.8385e-07
910000;0.0795461;0.222207;0.0596596;0.158328;-0.000189829;0.00219842;0.000478102;0.00157459;4.68856e-05;6.70591e-07;4.65295e-05;4.83567e-07
911000;0.0794588;0.221963;0.0595941;0.158154;-8.84956e-05;0.00219939;0.000464649;0.00157344;4.6902e-05;6.70264e-07;4.65162e-05;4.8328e-07
912000;0.0793717;0.221719;0.0595288;0.157981;-1.74311e-05;0.00219988;0.000450939;0.00157307;4.69011e-05;6.69929e-07;4.65044e-05;4.82996e-07
913000;0.0792848;0.221476;0.0594636;0.157808;5.28374e-08;0.00219829;0.000456604;0.00157167;4.69167e-05;6.69591e-07;4.65191e-05;4.82752e-07
914000;0.079198;0.221234;0.0593985;0.157635;-5.52986e-06;0.00219598;0.00047721;0.00157048;4.69269e-05;6.6924e-07;4.65244e-05;4.8251e-07
915000;0.0791115;0.220992;0.0593336;0.157463;2.99181e-05;0.00219591;0.000478898;0.001569;4.69376e-05;6.68948e-07;4.65096e-05;4.82186e-07
916000;0.0790251;0.220751;0.0592688;0.157291;3.37113e-05;0.00219353;0.000424966;0.00156868;4.69299e-05;6.68584e-07;4.65169e-05;4.8195e-07
917000;0.0789389;0.22051;0.0592042;0.157119;-1.7764e-05;0.0021923;0.0004343;0.00156745;4.69438e-05;6.68295e-07;4.652e-05;4.81703e-07
918000;0.0788529;0.22027;0.0591397;0.156948;-9.70395e-05;0.00219175;0.000361458;0.00156714;4.69228e-05;6.67865e-07;4.65325e-05;4.81482e-07
919000;0.0787671;0.220031;0.0590753;0.156777;-0.000114772;0.00218965;0.000344243;0.00156613;4.69038e-05;6.67414e-07;4.65273e-05;4.81212e-07
920000;0.0786815;0.219791;0.0590111;0.156607;-0.000138149;0.00218776;0.000331637;0.00156556;4.68832e-05;6.66978e-07;4.65318e-05;4.8095e-07
921000;0.0785961;0.219553;0.0589471;0.156437;-0.000111418;0.002186;0.000353795;0.00156452;4.68838e-05;6.66557e-07;4.65276e-05;4.8067e-07
922000;0.0785108;0.219315;0.0637901;0.156563;-0.000113316;0.00218469;0.000371677;0.00156427;4.68928e-05;6.66211e-07;4.65358e-05;4.80408e-07
923000;0.0784258;0.219077;0.0637209;0.156393;-9.76478e-05;0.00218414;0.000409164;0.00156352;4.68865e-05;6.65823e-07;4.65177e-05;4.80105e-07
924000;0.0783409;0.21884;0.063652;0.156224;-0.000122643;0.00218313;0.000423489;0.00156214;4.69049e-05;6.65571e-07;4.65072e-05;4.79825e-07
925000;0.0782562;0.218603;0.0586922;0.156349;-0.000184098;0.00218199;0.000442491;0.00156094;4.69184e-05;6.65219e-07;4.65075e-05;4.79536e-07
926000;0.0781717;0.218367;0.053743;0.156474;-0.000177129;0.00217967;0.000463943;0.00156038;4.69043e-05;6.64779e-07;4.65106e-05;4.79288e-07
927000;0.0780874;0.218132;0.0536851;0.156305;-0.000182733;0.00217807;0.00046543;0.00155888;4.68923e-05;6.64416e-07;4.65051e-05;4.79005e-07
928000;0.0780032;0.217897;0.0536272;0.156136;-0.000216178;0.00217701;0.000444803;0.00155766;4.68829e-05;6.63997e-07;4.65187e-05;4.78771e-07
929000;0.0779193;0.217662;0.0535695;0.155968;-0.000188123;0.00217535;0.000489801;0.00155656;4.68759e-05;6.63589e-07;4.65379e-05;4.78558e-07
930000;0.0778355;0.217428;0.0583766;0.156092;-0.000165815;0.00217337;0.000477404;0.00155564;4.68789e-05;6.6328e-07;4.65405e-05;4.783e-07
931000;0.0777519;0.217194;0.0583139;0.155925;-0.000162141;0.00217201;0.000449362;0.00155533;4.68946e-05;6.62922e-07;4.65458e-05;4.78056e-07
932000;0.0776684;0.216961;0.0582513;0.155757;-0.000157219;0.00217016;0.000445901;0.00155394;4.69036e-05;6.62649e-07;4.65587e-05;4.77806e-07
933000;0.0775852;0.216729;0.0581889;0.15559;-0.000149728;0.00216789;0.000475596;0.00155342;4.68919e-05;6.62255e-07;4.65589e-05;4.77555e-07
934000;0.0871899;0.217328;0.0629705;0.155713;-0.000139198;0.0021676;0.000477015;0.00155212;4.68891e-05;6.61865e-07;4.65701e-05;4.77302e-07
935000;0.0870966;0.217095;0.0629031;0.155547;-0.000192593;0.00216656;0.000506164;0.00155171;4.69112e-05;6.61601e-07;4.65539e-05;4.77007e-07
936000;0.0870036;0.216864;0.0628359;0.155381;-0.000213545;0.00216464;0.000499507;0.00155056;4.69486e-05;6.61303e-07;4.65449e-05;4.76764e-07
937000;0.0869107;0.216632;0.0627689;0.155215;-0.000278078;0.00216365;0.000486971;0.0015497;4.69429e-05;6.6093e-07;4.65564e-05;4.76541e-07
938000;0.0868181;0.216401;0.062702;0.155049;-0.000299365;0.0021626;0.000487968;0.00154885;4.6937e-05;6.60544e-07;4.65638e-05;4.76307e-07
939000;0.0867256;0.216171;0.0578171;0.155172;-0.000305036;0.00216103;0.000460912;0.00154797;4.69294e-05;6.60171e-07;4.65656e-05;4.76057e-07
940000;0.0866334;0.215941;0.0577556;0.155007;-0.000329658;0.00216018;0.000480988;0.0015465;4.6929e-05;6.59745e-07;4.65653e-05;4.75804e-07
941000;0.0865413;0.215711;0.0528864;0.155129;-0.000312353;0.00215849;0.000508595;0.00154605;4.69198e-05;6.59367e-07;4.65499e-05;4.75527e-07
942000;0.0864494;0.215482;0.0528302;0.154964;-0.000307205;0.00215808;0.000489809;0.00154516;4.69165e-05;6.58999e-07;4.65544e-05;4.75281e-07
943000;0.0767625;0.216074;0.0479765;0.155085;-0.00032439;0.00215695;0.000461188;0.00154476;4.69072e-05;6.58695e-07;4.65553e-05;4.75036e-07
944000;0.067096;0.216661;0.0479257;0.154921;-0.00036354;0.00215559;0.000416572;0.00154382;4.69357e-05;6.5844e-07;4.6562e-05;4.74813e-07
945000;0.067025;0.216432;0.047875;0.154757;-0.000366844;0.00215345;0.000429438;0.00154264;4.69415e-05;6.58166e-07;4.65636e-05;4.74542e-07
946000;0.0669541;0.216203;0.0478244;0.154593;-0.000366457;0.00215118;0.000410048;0.00154159;4.69589e-05;6.57851e-07;4.65551e-05;4.74244e-07
947000;0.0668834;0.215975;0.0477739;0.15443;-0.000328951;0.00215129;0.000388828;0.00154055;4.69624e-05;6.57496e-07;4.65554e-05;4.73974e-07
948000;0.0668129;0.215747;0.0477235;0.154267;-0.000331911;0.00214903;0.000348756;0.00153949;4.69714e-05;6.57193e-07;4.65665e-05;4.73761e-07
949000;0.0667425;0.215519;0.0429059;0.154387;-0.000333703;0.00214721;0.000326961;0.00153887;4.6971e-05;6.5681e-07;4.65639e-05;4.73512e-07
950000;0.0666722;0.215293;0.0428607;0.154225;-0.000322654;0.00214542;0.000306937;0.00153794;4.69553e-05;6.5641e-07;4.65594e-05;4.73277e-07
951000;0.0666021;0.215066;0.0428157;0.154063;-0.000348197;0.00214376;0.00027572;0.00153742;4.69521e-05;6.56082e-07;4.65657e-05;4.7301e-07
952000;0.0665322;0.21484;0.0427707;0.153901;-0.000336829;0.00214162;0.00024917;0.00153718;4.69543e-05;6.55766e-07;4.65595e-05;4.72761e-07
953000;0.0664623;0.214615;0.0427258;0.153739;-0.000313204;0.00214128;0.000242893;0.00153725;4.69546e-05;6.55448e-07;4.65586e-05;4.72498e-07
954000;0.0663927;0.21439;0.042681;0.153578;-0.000368501;0.00214138;0.00026524;0.0015364;4.69477e-05;6.55049e-07;4.65608e-05;4.72265e-07
955000;0.0663232;0.214165;0.0473737;0.153698;-0.000363356;0.00214003;0.000311709;0.00153593;4.69298e-05;6.54683e-07;4.65701e-05;4.72008e-07
956000;0.0662538;0.213941;0.0473241;0.153537;-0.000328837;0.00213842;0.000286954;0.00153576;4.69438e-05;6.54356e-07;4.65699e-05;4.7178e-07
957000;0.0661846;0.213718;0.0472747;0.153377;-0.000328991;0.00213735;0.000304124;0.00153474;4.69542e-05;6.54051e-07;4.65685e-05;4.71522e-07
958000;0.0661155;0.213495;0.0472253;0.153217;-0.000301587;0.0021366;0.000285592;0.00153363;4.69476e-05;6.53641e-07;4.65573e-05;4.71271e-07
959000;0.0660465;0.213272;0.0471761;0.153057;-0.000273276;0.00213533;0.000300702;0.00153221;4.69594e-05;6.53343e-07;4.65617e-05;4.71079e-07
960000;0.0659777;0.21305;0.0471269;0.152898;-0.000340485;0.00213669;0.000327964;0.00153119;4.69654e-05;6.53022e-07;4.65636e-05;4.70842e-07
961000;0.0659091;0.212828;0.0470779;0.152739;-0.000295718;0.00213591;0.000311379;0.00153047;4.69595e-05;6.5271e-07;4.65529e-05;4.70572e-07
962000;0.0658406;0.212607;0.047029;0.15258;-0.00031294;0.00213413;0.000298058;0.00152923;4.69473e-05;6.52342e-07;4.65543e-05;4.70303e-07
963000;0.0751682;0.213183;0.0516781;0.152699;-0.000336987;0.00213219;0.000336389;0.00152806;4.69581e-05;6.5204e-07;4.65663e-05;4.70064e-07
964000;0.0750902;0.212962;0.0516245;0.152541;-0.000329092;0.00213111;0.000303526;0.00152725;4.69692e-05;6.51784e-07;4.6576e-05;4.69848e-07
965000;0.0750124;0.212741;0.051571;0.152383;-0.000302112;0.00213025;0.000230738;0.00152706;4.69554e-05;6.51411e-07;4.657e-05;4.69583e-07
966000;0.0749348;0.212521;0.0515177;0.152225;-0.000233868;0.00212946;0.000201448;0.00152627;4.69485e-05;6.5104e-07;4.65708e-05;4.69349e-07
967000;0.0748573;0.212301;0.0514644;0.152068;-0.000229134;0.00212785;0.00016692;0.00152564;4.69633e-05;6.50749e-07;4.65799e-05;4.69105e-07
968000;0.07478;0.212082;0.0514112;0.15191;-0.00030643;0.0021277;0.000129362;0.00152476;4.69808e-05;6.50444e-07;4.65878e-05;4.68882e-07
969000;0.0747028;0.211863;0.0513582;0.151754;-0.000267598;0.00212612;0.000123181;0.0015241;4.6981e-05;6.50129e-07;4.65961e-05;4.68661e-07
970000;0.0746258;0.211645;0.0513052;0.151597;-0.000294733;0.00212474;0.000110206;0.00152415;4.69769e-05;6.4975e-07;4.65983e-05;4.68435e-07
971000;0.0745489;0.211427;0.0559117;0.151716;-0.000232915;0.00212374;8.55316e-05;0.00152288;4.6983e-05;6.49428e-07;4.65997e-05;4.68204e-07
972000;0.0744722;0.211209;0.0558542;0.15156;-0.000233935;0.00212263;0.00012213;0.00152265;4.69822e-05;6.49095e-07;4.65968e-05;4.67959e-07
973000;0.0743957;0.210992;0.0557968;0.151404;-0.000222781;0.00212063;0.000110168;0.00152126;4.69722e-05;6.48714e-07;4.66015e-05;4.67733e-07
974000;0.0743193;0.210776;0.0557395;0.151249;-0.00024801;0.00211997;0.000149254;0.00152072;4.69655e-05;6.48379e-07;4.66006e-05;4.6747e-07
975000;0.0742431;0.210559;0.0603225;0.151367;-0.000269658;0.00211823;0.000146222;0.00151984;4.69616e-05;6.48031e-07;4.66056e-05;4.67228e-07
976000;0.074167;0.210344;0.0648961;0.151485;-0.000301131;0.00211812;0.0001467;0.00151856;4.69728e-05;6.4771e-07;4.6607e-05;4.67001e-07
977000;0.0740911;0.210128;0.0648297;0.15133;-0.000307319;0.00211666;0.00012784;0.00151744;4.69679e-05;6.47419e-07;4.6598e-05;4.66766e-07
978000;0.0740153;0.209913;0.0647634;0.151175;-0.000284323;0.00211497;0.000125998;0.00151655;4.69613e-05;6.47054e-07;4.65892e-05;4.66507e-07
979000;0.0739397;0.209699;0.0646973;0.151021;-0.000334472;0.00211479;0.000131998;0.00151587;4.69673e-05;6.46744e-07;4.65789e-05;4.6623e-07
980000;0.0738643;0.209485;0.0692478;0.151138;-0.000290407;0.00211353;0.000144766;0.00151477;4.69606e-05;6.46387e-07;4.65761e-05;4.65987e-07
981000;0.073789;0.209272;0.0645654;0.151254;-0.000379451;0.00211323;0.000115724;0.00151496;4.69559e-05;6.46029e-07;4.65712e-05;4.65747e-07
982000;0.0737138;0.209058;0.0644996;0.1511;-0.000438137;0.00211215;0.000126748;0.00151432;4.69581e-05;6.45696e-07;4.65693e-05;4.65487e-07
983000;0.0736389;0.208846;0.064434;0.150946;-0.000450327;0.00211044;0.000133267;0.00151349;4.69429e-05;6.4533e-07;4.65662e-05;4.65249e-07
984000;0.073564;0.208633;0.0643685;0.150793;-0.000405012;0.00210922;0.000120735;0.00151261;4.69489e-05;6.45017e-07;4.65633e-05;4.64993e-07
985000;0.0734893;0.208422;0.0643032;0.15064;-0.000439804;0.00210986;0.00010729;0.00151161;4.69553e-05;6.44715e-07;4.6563e-05;4.64746e-07
986000;0.0734148;0.20821;0.0688264;0.150755;-0.000475657;0.00210828;0.000121214;0.00151132;4.69567e-05;6.44341e-07;4.65647e-05;4.64551e-07
987000;0.0733404;0.207999;0.0687566;0.150603;-0.000445434;0.00210738;0.000112995;0.00151075;4.69442e-05;6.43941e-07;4.65614e-05;4.64293e-07
988000;0.0732662;0.207789;0.0686871;0.15045;-0.000503528;0.00210721;0.000141043;0.00150997;4.6934e-05;6.43592e-07;4.65655e-05;4.64076e-07
989000;0.0731921;0.207579;0.0686176;0.150298;-0.000527174;0.00210687;0.000135598;0.00150883;4.69331e-05;6.43307e-07;4.65694e-05;4.63862e-07
990000;0.0731182;0.207369;0.0639784;0.150413;-0.00052961;0.00210551;0.000154827;0.00150759;4.69157e-05;6.42907e-07;4.65836e-05;4.63637e-07
991000;0.0730444;0.20716;0.0639138;0.150261;-0.000469298;0.00210453;0.000141577;0.00150638;4.69375e-05;6.42611e-07;4.65851e-05;4.63402e-07
992000;0.0729708;0.206951;0.0592887;0.150376;-0.000462311;0.00210244;9.45677e-05;0.00150553;4.69475e-05;6.42324e-07;4.65758e-05;4.63132e-07
993000;0.0728973;0.206743;0.059229;0.150224;-0.000458435;0.00210071;0.000136062;0.00150454;4.69431e-05;6.41964e-07;4.65813e-05;4.62938e-07
994000;0.0728239;0.206535;0.0637209;0.150338;-0.000488973;0.00209911;0.000136835;0.00150303;4.69398e-05;6.4168e-07;4.65785e-05;4.62689e-07
995000;0.0727507;0.206327;0.05911;0.150451;-0.000404952;0.0020983;0.00012069;0.00150218;4.69373e-05;6.41378e-07;4.65811e-05;4.62444e-07
996000;0.0726777;0.20612;0.0545083;0.150564;-0.000395754;0.00209704;0.000118933;0.00150171;4.69354e-05;6.41003e-07;4.65714e-05;4.62196e-07
997000;0.0726048;0.205913;0.0544536;0.150413;-0.000400758;0.00209619;7.83935e-05;0.00150071;4.69304e-05;6.40644e-07;4.65705e-05;4.61974e-07
998000;0.0725321;0.205707;0.054399;0.150262;-0.000393821;0.00209451;7.5724e-05;0.00149971;4.69203e-05;6.40309e-07;4.65699e-05;4.61722e-07
999000;0.0724595;0.205501;0.0543446;0.150112;-0.000412478;0.00209322;0.000110218;0.00149935;4.69215e-05;6.39951e-07;4.6568e-05;4.61468e-07
1000000;0.072387;0.205295;0.0542902;0.149961;-0.000342735;0.00209268;8.2201e-05;0.00149823;4.69026e-05;6.39567e-07;4.65715e-05;4.61219e-07
