Nb sim;DF;IC_DF ;DF_anti;IC_DF_anti ;DF_d;IC_DF_d ;DF_d_anti;IC_DF_d_anti;Mall;IC_Mall ;Mall_anti;IC_Mall_anti
10000;0.00615724;0.0120682;0.00713538;0.00898096;0.00689056;0.00383759;0.00661396;0.0024558;0.00598251;0.000444901;0.00596668;0.000301633
11000;0.00559749;0.0109711;0.0076983;0.00850258;0.00694615;0.00361263;0.00621845;0.00225372;0.00602678;0.000431916;0.00601932;0.000287812
12000;0.00513103;0.0100568;0.00705677;0.0077941;0.00772024;0.00354997;0.0065091;0.00216017;0.00608466;0.00041275;0.00599486;0.000273103
13000;0.00473634;0.00928323;0.00651394;0.0071946;0.00750986;0.00332626;0.00637783;0.00201906;0.00610456;0.000395508;0.00601399;0.000262062
14000;0.00439803;0.00862014;0.00608876;0.00668119;0.00758744;0.00316492;0.00636339;0.00191309;0.00616056;0.000382522;0.00603237;0.0002528
15000;0.00410483;0.00804546;0.00568284;0.00623581;0.00722886;0.00296482;0.00623805;0.00181872;0.00612055;0.000367493;0.00600872;0.000243462
16000;0.00384828;0.00754262;0.00532766;0.0058461;0.00748327;0.00289502;0.00601106;0.00171694;0.00617639;0.000360278;0.00600969;0.000235073
17000;0.00362191;0.00709894;0.00501427;0.00550223;0.0074734;0.0027713;0.00576159;0.00162883;0.0062305;0.000352565;0.00600063;0.000228071
18000;0.00342069;0.00670455;0.0047357;0.00519657;0.00731084;0.00264592;0.00559279;0.00155553;0.00626916;0.000343089;0.00602905;0.000222958
19000;0.00324065;0.00635168;0.00448645;0.00492308;0.00710739;0.00253174;0.00563;0.00150107;0.00623138;0.000331907;0.00601372;0.00021851
20000;0.00307862;0.0060341;0.00431087;0.00467791;0.00729542;0.00248299;0.00563502;0.0014486;0.00623605;0.000323781;0.00599608;0.000212817
21000;0.00293202;0.00574676;0.00410559;0.00445516;0.00790559;0.00248642;0.00552046;0.00139246;0.0062287;0.00031655;0.00601578;0.000208119
22000;0.00279875;0.00548554;0.00391897;0.00425267;0.00764749;0.00237823;0.00553489;0.00135138;0.00624796;0.000308611;0.00604862;0.000204026
23000;0.00267706;0.00524704;0.00374858;0.00406778;0.00750774;0.00229047;0.00585896;0.00134678;0.0062378;0.000301372;0.00603952;0.000199291
24000;0.00360758;0.00542731;0.00359239;0.0038983;0.00730654;0.00220593;0.00576633;0.00130787;0.00623677;0.00029505;0.00605392;0.000195356
25000;0.00346328;0.00521022;0.0034487;0.00374237;0.00719628;0.00214751;0.0056591;0.00126408;0.00621539;0.000287987;0.00605949;0.000191852
26000;0.00333008;0.00500983;0.00486732;0.00471081;0.00725392;0.00209176;0.00558777;0.00122924;0.00621021;0.000282339;0.00606443;0.000187939
27000;0.00320674;0.00482428;0.00496315;0.00456847;0.0072868;0.00204409;0.00556976;0.00119902;0.00615847;0.000276037;0.0060532;0.000184319
28000;0.00547244;0.00658814;0.0047859;0.00440532;0.0073753;0.00199889;0.00551579;0.00116432;0.00615951;0.00027105;0.00602622;0.000180438
29000;0.00528374;0.00636097;0.00462086;0.00425342;0.00751104;0.00196409;0.00561327;0.00114843;0.00614657;0.000266049;0.00601351;0.000177709
30000;0.00510761;0.00614894;0.00446684;0.00411165;0.00726067;0.00189868;0.00557917;0.00112051;0.00615682;0.000260727;0.00598814;0.000174105
31000;0.00494285;0.00595059;0.00435854;0.00397964;0.00718999;0.00185245;0.00567031;0.0011068;0.00615367;0.000256556;0.00599446;0.000171595
32000;0.00478839;0.00576464;0.00527289;0.00437058;0.00717151;0.00181395;0.00564377;0.00108092;0.00617981;0.000253308;0.00597313;0.000168234
33000;0.00464329;0.00558996;0.0051131;0.00423815;0.00706203;0.00177105;0.00551529;0.00104972;0.00615605;0.000248536;0.00597871;0.000165743
34000;0.00450672;0.00542555;0.00496272;0.0041135;0.00696638;0.00172397;0.00545408;0.00102364;0.0061649;0.000245219;0.00596435;0.000163232
35000;0.00437796;0.00527054;0.00482092;0.00399598;0.00693926;0.0016898;0.00553119;0.00101324;0.00612447;0.000240755;0.00598931;0.000161274
36000;0.00425635;0.00512414;0.00468701;0.00388499;0.00704988;0.00167067;0.00558304;0.000998694;0.00611855;0.000237321;0.00598163;0.000159115
37000;0.00414131;0.00498565;0.00456033;0.00378;0.00700546;0.00163466;0.00563248;0.000989654;0.00611076;0.000234148;0.00597539;0.00015682
38000;0.00403233;0.00485446;0.00444032;0.00368053;0.0069229;0.00159828;0.0055421;0.000966043;0.00609483;0.000230701;0.00598991;0.000154749
39000;0.00392893;0.00472998;0.00538282;0.00414083;0.00698315;0.001574;0.00552493;0.000949582;0.00604617;0.000226817;0.00601261;0.000154195
40000;0.00383071;0.00461174;0.00547213;0.00406106;0.00692928;0.00154384;0.00555982;0.000939162;0.00602419;0.000223396;0.00603129;0.000152332
41000;0.00373728;0.00449926;0.00605769;0.00420511;0.00682111;0.00150883;0.00563099;0.000931516;0.00601164;0.000220109;0.00602631;0.000150292
42000;0.0036483;0.00439214;0.00591346;0.004105;0.00673821;0.00148113;0.00568247;0.000922953;0.00600022;0.000216947;0.0060424;0.000148772
43000;0.00356345;0.00428999;0.00577594;0.00400954;0.00678106;0.00146183;0.00555206;0.000901531;0.00598562;0.000214146;0.00606104;0.000147492
44000;0.00348246;0.0041925;0.00721814;0.00448875;0.00664042;0.00142888;0.00558247;0.000890558;0.00598124;0.000211629;0.00605126;0.00014547
45000;0.00340508;0.00409933;0.00705774;0.00438901;0.00660787;0.00140217;0.00554126;0.000875083;0.005953;0.000208343;0.00605188;0.000143761
46000;0.0047942;0.00493003;0.00690431;0.0042936;0.00662455;0.00138203;0.00553299;0.000861761;0.00592745;0.000205526;0.0060583;0.00014232
47000;0.0046922;0.00482514;0.00675741;0.00420226;0.00661842;0.00136693;0.00546859;0.000845594;0.00590642;0.00020304;0.00605762;0.000141255
48000;0.00459445;0.00472461;0.00703989;0.00419746;0.00669238;0.00135322;0.00565876;0.000849063;0.00590277;0.000200372;0.00604414;0.000139463
49000;0.00450068;0.0046282;0.00689621;0.00411181;0.00662262;0.00132836;0.00572508;0.000847349;0.00590503;0.000198231;0.00605004;0.000137971
50000;0.00441067;0.00453564;0.00702756;0.00406396;0.00669822;0.00131834;0.00570064;0.000836441;0.00589873;0.000195908;0.00604748;0.000136468
51000;0.00432418;0.0044467;0.00688976;0.00398428;0.00658771;0.00129286;0.00582234;0.00083642;0.00589988;0.000194022;0.00604537;0.000134974
52000;0.00424103;0.00436119;0.00675727;0.00390767;0.00670605;0.00128669;0.0058478;0.000827199;0.00591481;0.000192479;0.00603339;0.000133414
53000;0.00416101;0.00427891;0.00662977;0.00383395;0.006596;0.00126284;0.00590424;0.000820802;0.00589636;0.000190244;0.00602227;0.000131922
54000;0.00408395;0.00419967;0.00670691;0.00378327;0.00649895;0.00123996;0.00583334;0.000807793;0.00588851;0.000188066;0.00602056;0.000130677
55000;0.0056457;0.0052233;0.00658497;0.00371449;0.00650095;0.00122803;0.00580185;0.000796992;0.00586907;0.000186313;0.00602746;0.000129577
56000;0.00554488;0.00513003;0.00697899;0.00378341;0.00644906;0.00121172;0.00578744;0.000788118;0.00588327;0.000184737;0.0060363;0.000128611
57000;0.0054476;0.00504003;0.00685655;0.00371705;0.00650912;0.00120431;0.0057609;0.000778657;0.00589978;0.000183676;0.0060296;0.00012746
58000;0.00535368;0.00495314;0.00673834;0.00365297;0.00653567;0.00119586;0.00573339;0.000768387;0.00589023;0.000181801;0.0060288;0.000126356
59000;0.00526294;0.00486919;0.00662413;0.00359106;0.00654143;0.00118405;0.00570529;0.000759627;0.00589984;0.000180311;0.00602522;0.000125274
60000;0.00517522;0.00478804;0.00676578;0.00356557;0.00656837;0.00117353;0.00569636;0.000752102;0.00589576;0.000178792;0.00602869;0.000124097
61000;0.00509038;0.00470955;0.00665487;0.00350713;0.00666399;0.00117013;0.00568274;0.000744293;0.00589783;0.000177357;0.00602592;0.000123038
62000;0.00500828;0.00463359;0.00654753;0.00345057;0.00656641;0.00115144;0.00575263;0.000742577;0.00591199;0.000176316;0.00602399;0.000122039
63000;0.00492878;0.00456004;0.0064436;0.0033958;0.00669666;0.00114789;0.00576316;0.00073559;0.00590601;0.000174813;0.00602224;0.000121182
64000;0.00485177;0.00448879;0.00634292;0.00334275;0.00665945;0.00113765;0.00573301;0.000726617;0.00589642;0.000173261;0.00602619;0.000120156
65000;0.00477713;0.00441973;0.00624534;0.00329133;0.006675;0.00113006;0.00578008;0.00072482;0.0058931;0.000171961;0.00602442;0.000119171
66000;0.00470475;0.00435277;0.00615071;0.00324146;0.00673029;0.0011208;0.00584226;0.000721817;0.00587696;0.000170305;0.00602115;0.000118176
67000;0.00517826;0.00441823;0.00605891;0.00319309;0.00672824;0.00111117;0.00582477;0.000714867;0.00587332;0.000169069;0.00601352;0.000117196
68000;0.00510211;0.00435326;0.00644164;0.00327919;0.00669374;0.00110051;0.00593191;0.000716197;0.00585144;0.000167428;0.00602188;0.000116328
69000;0.00502817;0.00429017;0.00634828;0.00323167;0.00665549;0.00108706;0.00594521;0.000710557;0.00585728;0.000166325;0.00601209;0.000115415
70000;0.00495634;0.00422888;0.00625759;0.00318551;0.00663945;0.00107597;0.00589695;0.000701616;0.00585065;0.000164792;0.00602095;0.000114756
71000;0.00488653;0.00416932;0.00669728;0.00330659;0.00668173;0.00107029;0.0058525;0.000693625;0.00584232;0.000163436;0.00601729;0.000114009
72000;0.00481866;0.00411142;0.00660426;0.00326067;0.00659752;0.00105556;0.00584418;0.000687915;0.00585546;0.000162621;0.00601282;0.000113255
73000;0.00643356;0.00473714;0.00651379;0.00321601;0.00657718;0.00104623;0.0058269;0.00068217;0.00584836;0.000161389;0.0060018;0.000112319
74000;0.00634662;0.00467313;0.00642577;0.00317256;0.00650316;0.00103235;0.00579622;0.0006743;0.00583906;0.000160012;0.00599436;0.000111445
75000;0.006262;0.00461082;0.00634009;0.00313026;0.00645069;0.00102079;0.00580423;0.000669427;0.00584519;0.000158946;0.00599062;0.000110672
76000;0.0061796;0.00455015;0.00643597;0.00310898;0.00647347;0.00101399;0.00585136;0.00066663;0.00582712;0.000157549;0.00599416;0.000110006
77000;0.00609935;0.00449106;0.00691269;0.00325915;0.00643138;0.0010042;0.00590436;0.000663935;0.00582521;0.000156464;0.00599301;0.000109283
78000;0.00602115;0.00443349;0.00682407;0.00321737;0.00640593;0.000995259;0.00588436;0.000658071;0.00582863;0.00015546;0.00600973;0.000108774
79000;0.00594493;0.00437737;0.00673769;0.00317665;0.00639705;0.000987817;0.00585548;0.000651864;0.00583524;0.000154438;0.00599633;0.000107881
80000;0.00587062;0.00432266;0.00677265;0.00314562;0.00637361;0.000979247;0.0058735;0.000649087;0.0058249;0.00015328;0.00600561;0.000107321
81000;0.00579814;0.00426929;0.00668903;0.00310679;0.00641902;0.000975292;0.00590565;0.000646717;0.00582311;0.000152313;0.00600875;0.000106748
82000;0.00572744;0.00421723;0.00660746;0.0030689;0.00647861;0.000974994;0.00589666;0.00064306;0.00581266;0.000151204;0.00600692;0.000106079
83000;0.00565843;0.00416642;0.00669054;0.00304864;0.00648713;0.000970138;0.00587247;0.000636918;0.00581259;0.000150207;0.0060085;0.000105412
84000;0.00588591;0.00415717;0.00661089;0.00301235;0.00649365;0.000962053;0.00585319;0.000632105;0.00581644;0.000149367;0.00601355;0.000104782
85000;0.00581667;0.00410826;0.00653311;0.00297691;0.00647915;0.000952802;0.00583316;0.000627105;0.00581327;0.000148557;0.00601249;0.000104087
86000;0.00584291;0.00406465;0.00645715;0.0029423;0.00646773;0.000944525;0.00589614;0.000627232;0.00581488;0.000147882;0.00602143;0.000103565
87000;0.00577575;0.00401794;0.00638293;0.00290848;0.00646475;0.00093779;0.00591709;0.00062438;0.00580758;0.000147;0.00602964;0.000103089
88000;0.00571012;0.00397228;0.00631039;0.00287544;0.00642651;0.000929236;0.00587644;0.000618244;0.00579529;0.000145951;0.00603284;0.000102493
89000;0.00564596;0.00392765;0.00623949;0.00284313;0.00635921;0.000918855;0.0058778;0.000615084;0.00579865;0.000145265;0.00602508;0.000101886
90000;0.00558323;0.00388401;0.00617016;0.00281154;0.00639061;0.000914276;0.00587952;0.000611527;0.00580342;0.000144515;0.00602307;0.000101269
91000;0.00552187;0.00384133;0.00610236;0.00278065;0.00637213;0.000907821;0.00585896;0.000606363;0.00581146;0.000143919;0.00602777;0.000100726
92000;0.00546185;0.00379958;0.00603603;0.00275043;0.00638241;0.000903426;0.00586278;0.000602903;0.00581138;0.000143029;0.00602416;0.000100177
93000;0.00540312;0.00375872;0.00597112;0.00272086;0.00655262;0.000910158;0.00588411;0.0006017;0.00581886;0.000142465;0.00602541;9.96509e-05
94000;0.00534564;0.00371874;0.0059076;0.00269191;0.0066086;0.00091048;0.0058738;0.000597413;0.00581432;0.000141545;0.00602328;9.90774e-05
95000;0.00528937;0.0036796;0.00584542;0.00266358;0.00658161;0.000903151;0.00587726;0.000594149;0.00580491;0.000140676;0.00602558;9.85846e-05
96000;0.00523427;0.00364127;0.00619927;0.0027583;0.006551;0.000896256;0.00585732;0.000589564;0.0057954;0.000139831;0.00602582;9.81277e-05
97000;0.00518031;0.00360373;0.00613536;0.00272987;0.00654456;0.000892381;0.00590853;0.000588642;0.00579543;0.000139142;0.00602986;9.76877e-05
98000;0.00512745;0.00356696;0.00607275;0.00270202;0.00654138;0.000886165;0.00588091;0.000583961;0.00579195;0.000138319;0.00603512;9.72626e-05
99000;0.00507566;0.00353093;0.00601141;0.00267473;0.00649423;0.000877777;0.00587301;0.000580545;0.00578569;0.000137507;0.00603633;9.67823e-05
100000;0.0050249;0.00349562;0.00595129;0.00264798;0.00642929;0.000869009;0.00593519;0.0005812;0.0058056;0.000137155;0.00603374;9.62497e-05
101000;0.00497515;0.00346101;0.00589237;0.00262177;0.0064763;0.000865167;0.00592484;0.000577924;0.00580594;0.00013671;0.00602418;9.56265e-05
102000;0.00492638;0.00342708;0.0058346;0.00259606;0.0064825;0.000860552;0.00587607;0.000572446;0.00581347;0.000136145;0.00601494;9.50441e-05
103000;0.00487855;0.00339381;0.00577796;0.00257086;0.00652644;0.000857696;0.00585912;0.000568664;0.00582127;0.00013575;0.00601728;9.46356e-05
104000;0.00483164;0.00336118;0.00590557;0.00257132;0.00650716;0.000852337;0.00582996;0.000564131;0.00581046;0.000134967;0.00601469;9.41297e-05
105000;0.00478562;0.00332917;0.00584932;0.00254683;0.0064981;0.000845625;0.00582294;0.000561262;0.00581276;0.000134454;0.00601668;9.37076e-05
106000;0.00474047;0.00329776;0.00579414;0.0025228;0.00657505;0.000846178;0.00579574;0.000557014;0.0058192;0.000134004;0.00600762;9.31658e-05
107000;0.00469617;0.00326694;0.00573999;0.00249923;0.00659938;0.000844054;0.00577904;0.000552646;0.00581721;0.000133373;0.00600365;9.27542e-05
108000;0.00465269;0.0032367;0.00596136;0.00253385;0.0066005;0.000839102;0.00576745;0.000548724;0.00583073;0.000132848;0.00599969;9.23282e-05
109000;0.00461;0.003207;0.00590667;0.00251061;0.00662174;0.000836942;0.00582807;0.000549095;0.00582869;0.000132205;0.00599569;9.1885e-05
110000;0.00456809;0.00317785;0.00598141;0.00250048;0.0066243;0.000831962;0.00581675;0.000545537;0.0058315;0.000131568;0.00598811;9.13482e-05
111000;0.00499744;0.00328144;0.00621814;0.00254256;0.00660042;0.00082549;0.00581886;0.000543754;0.00582844;0.000131055;0.00600066;9.11232e-05
112000;0.00495282;0.00325214;0.00616262;0.00251986;0.00661062;0.000823729;0.00586466;0.000543848;0.00583175;0.000130526;0.00599793;9.06838e-05
113000;0.00530775;0.00331675;0.00610808;0.00249756;0.00664425;0.000823441;0.00583778;0.00053983;0.00583077;0.000129949;0.00599826;9.02619e-05
114000;0.00526119;0.00328765;0.0060545;0.00247566;0.0066458;0.000818804;0.00583879;0.000537143;0.00584191;0.00012974;0.00600477;8.98986e-05
115000;0.00521544;0.00325906;0.00600185;0.00245413;0.00666284;0.000815176;0.00581283;0.000533226;0.00584316;0.000129164;0.00600081;8.94419e-05
116000;0.00517048;0.00323097;0.00600842;0.00243565;0.0067444;0.000818629;0.00579072;0.000529685;0.0058548;0.000128763;0.00600532;8.91085e-05
117000;0.00550469;0.00328807;0.00595706;0.00241484;0.00673764;0.00081509;0.00578539;0.000526321;0.00586013;0.000128466;0.0059974;8.86568e-05
118000;0.00545804;0.00326021;0.00595195;0.00239602;0.00672899;0.000809739;0.00576498;0.000522801;0.00586296;0.000127933;0.00599435;8.82629e-05
119000;0.00541218;0.00323282;0.00590194;0.00237589;0.00673532;0.000806192;0.00576365;0.000520256;0.00586615;0.000127398;0.005991;8.78373e-05
120000;0.00536707;0.00320588;0.00585275;0.00235609;0.00673853;0.000802073;0.00576765;0.00051769;0.00587172;0.000126937;0.00599075;8.75255e-05
121000;0.00532272;0.00317938;0.00580438;0.00233662;0.00676283;0.000799583;0.00578534;0.000516543;0.00588447;0.000126549;0.00598765;8.71172e-05
122000;0.00533925;0.00315552;0.00575681;0.00231747;0.00675748;0.000795616;0.00577294;0.000513278;0.00587935;0.000125942;0.0059842;8.67511e-05
123000;0.00529584;0.00312987;0.00571;0.00229863;0.00683265;0.000798911;0.00574561;0.000509805;0.00588626;0.000125501;0.00598088;8.63148e-05
124000;0.00525313;0.00310463;0.00566396;0.0022801;0.00682829;0.00079475;0.00575602;0.00050791;0.00588839;0.000125027;0.00598368;8.59673e-05
125000;0.0052111;0.00307979;0.00561864;0.00226186;0.00681861;0.000791106;0.00579939;0.000507349;0.00589326;0.000124699;0.00598435;8.56383e-05
126000;0.00516975;0.00305535;0.00558214;0.00224396;0.00681659;0.000788624;0.00582028;0.000506599;0.00589671;0.000124209;0.00598475;8.53875e-05
127000;0.00512904;0.0030313;0.00553818;0.0022263;0.00683541;0.000787025;0.00581365;0.000504077;0.0059043;0.000123842;0.00598591;8.50322e-05
128000;0.00508897;0.00300761;0.00549492;0.0022089;0.00688574;0.000786806;0.00578086;0.000500296;0.00590956;0.000123412;0.00599025;8.47597e-05
129000;0.00504952;0.0029843;0.00577807;0.00228286;0.00686661;0.000782288;0.00578987;0.000498692;0.00591333;0.00012299;0.00599443;8.45029e-05
130000;0.00501068;0.00296135;0.00573363;0.0022653;0.00689388;0.000781423;0.0057624;0.000495247;0.00591789;0.000122606;0.00599939;8.42481e-05
131000;0.00497243;0.00293874;0.00568986;0.00224801;0.00687227;0.000777;0.00577854;0.000493496;0.00591214;0.000122028;0.00600221;8.39346e-05
132000;0.00493476;0.00291648;0.00564675;0.00223098;0.00684816;0.000771799;0.00578766;0.000492347;0.00590868;0.000121482;0.00600047;8.36458e-05
133000;0.00489765;0.00289455;0.0056043;0.00221421;0.00684639;0.000767705;0.00575663;0.000488955;0.00590285;0.000121015;0.00600298;8.33306e-05
134000;0.0048611;0.00287295;0.00576881;0.00223457;0.00685938;0.000766207;0.00573954;0.000486339;0.00590256;0.000120471;0.00600406;8.3029e-05
135000;0.0048251;0.00285167;0.00603833;0.00230089;0.00680857;0.000760538;0.00572141;0.000483898;0.00589985;0.000120038;0.00600381;8.27583e-05
136000;0.00478962;0.0028307;0.00599393;0.00228397;0.0067585;0.000754952;0.00577396;0.00048478;0.00589942;0.000119632;0.00600505;8.24946e-05
137000;0.00475466;0.00281004;0.00595018;0.0022673;0.00673508;0.00075116;0.00575315;0.000481974;0.00589753;0.000119158;0.00600346;8.21344e-05
138000;0.0047202;0.00278968;0.00590707;0.00225087;0.0067127;0.000746596;0.00574081;0.000479091;0.0059046;0.000118823;0.00600345;8.18066e-05
139000;0.00468624;0.00276961;0.00586457;0.00223468;0.00670586;0.000743006;0.0057494;0.000477738;0.00590028;0.000118343;0.00599965;8.14912e-05
140000;0.00465277;0.00274983;0.00582268;0.00221872;0.00668361;0.000738361;0.00574529;0.000475627;0.00590206;0.000117936;0.00600414;8.1202e-05
141000;0.00461977;0.00273033;0.00578138;0.00220299;0.00673735;0.000738573;0.00574808;0.000474148;0.00591231;0.000117635;0.00600444;8.09197e-05
142000;0.00458724;0.0027111;0.0059908;0.00224172;0.00675005;0.000736174;0.00574171;0.000472055;0.00591094;0.000117232;0.00600277;8.06148e-05
143000;0.00489306;0.00277239;0.0059489;0.00222605;0.00674421;0.000732898;0.00576419;0.000471282;0.00590725;0.000116928;0.00600097;8.03087e-05
144000;0.00485908;0.00275314;0.00592758;0.00221093;0.00673781;0.000729243;0.00574848;0.000469007;0.00590528;0.000116511;0.00600062;8.0033e-05
145000;0.00482557;0.00273415;0.0058867;0.00219569;0.0067175;0.000725191;0.0057235;0.000466157;0.00590387;0.000116052;0.00599979;7.97419e-05
146000;0.00479251;0.00271543;0.00584638;0.00218065;0.00672507;0.000722934;0.00575528;0.000465696;0.00590103;0.000115549;0.00599883;7.9483e-05
147000;0.00475991;0.00269695;0.0058814;0.00217077;0.00674203;0.000720183;0.00579391;0.00046496;0.00590495;0.000115183;0.00599303;7.91755e-05
148000;0.00472775;0.00267873;0.00592571;0.00216238;0.00674373;0.000717328;0.00578884;0.000462758;0.00590617;0.000114766;0.005992;7.88911e-05
149000;0.00469602;0.00266075;0.00588594;0.00214787;0.00670147;0.000712543;0.00577586;0.000460389;0.00590762;0.000114435;0.00599063;7.85869e-05
150000;0.00466471;0.00264302;0.0058467;0.00213355;0.00669124;0.000708714;0.00576329;0.000458414;0.00590632;0.000114026;0.00599031;7.82902e-05
151000;0.00463382;0.00262551;0.00580798;0.00211942;0.00667568;0.000705419;0.00577019;0.000457179;0.0059026;0.000113622;0.00598872;7.8011e-05
152000;0.00485367;0.00265398;0.00576977;0.00210548;0.00666976;0.000702238;0.00578523;0.00045632;0.00590975;0.000113467;0.00597994;7.76431e-05
153000;0.00482194;0.00263663;0.0057365;0.00209174;0.00666763;0.000699486;0.00575403;0.000453414;0.00590625;0.000113044;0.00597791;7.73627e-05
154000;0.00479063;0.00261951;0.00611421;0.00215855;0.00664327;0.000695889;0.00574593;0.000451601;0.00590268;0.000112812;0.00597957;7.71063e-05
155000;0.00475972;0.00260261;0.00619321;0.00215715;0.00663342;0.000692405;0.00573275;0.000449573;0.00590512;0.000112475;0.00597907;7.6842e-05
156000;0.00472921;0.00258593;0.00640315;0.00219844;0.00659848;0.000688058;0.00572137;0.00044761;0.00590634;0.000112107;0.00597924;7.66128e-05
157000;0.0052107;0.00275818;0.00636237;0.00218444;0.00668453;0.000689657;0.00571861;0.000445809;0.00590364;0.000111678;0.00598183;7.63807e-05
158000;0.00517772;0.00274072;0.0063221;0.00217062;0.00668857;0.00068834;0.00570286;0.000443578;0.00590157;0.000111254;0.00598251;7.62128e-05
159000;0.00514516;0.00272348;0.00628234;0.00215697;0.00670522;0.000686186;0.00568179;0.000441191;0.00589774;0.000110914;0.00598435;7.60328e-05
160000;0.005113;0.00270646;0.00629624;0.00214602;0.00670747;0.000683715;0.00565668;0.000438677;0.00590075;0.000110598;0.0059895;7.58634e-05
161000;0.00552844;0.00282885;0.00625714;0.00213269;0.00669688;0.000681493;0.00563282;0.000436096;0.00589884;0.000110197;0.00598799;7.55986e-05
162000;0.00549432;0.00281139;0.00621851;0.00211953;0.00670839;0.000680343;0.0056248;0.000434277;0.00589543;0.000109796;0.00599252;7.53973e-05
163000;0.00546061;0.00279414;0.00618036;0.00210652;0.00668329;0.000676522;0.00560541;0.000432077;0.00588921;0.000109337;0.00599192;7.51564e-05
164000;0.0057433;0.00284531;0.00614268;0.00209368;0.00668383;0.00067415;0.00562029;0.000431252;0.00588995;0.000109058;0.00599451;7.49509e-05
165000;0.0057085;0.00282807;0.00610545;0.00208099;0.00668843;0.000671659;0.00563474;0.000430441;0.00590211;0.000108921;0.00599138;7.47037e-05
166000;0.00567411;0.00281104;0.00608537;0.00206872;0.00667237;0.000668882;0.00561907;0.000428327;0.00590548;0.000108667;0.0059924;7.45451e-05
167000;0.00564013;0.0027942;0.00604893;0.00205633;0.00666026;0.000665832;0.0056398;0.000427888;0.00591021;0.000108404;0.00599036;7.43193e-05
168000;0.00575414;0.00279259;0.00601293;0.00204409;0.00663434;0.00066238;0.00564149;0.000426459;0.00590944;0.000108012;0.00599273;7.41153e-05
169000;0.00572009;0.00277606;0.00620318;0.00207963;0.00664203;0.000660981;0.0056393;0.000425093;0.00591859;0.000107886;0.00598948;7.38583e-05
170000;0.00568645;0.00275973;0.00616669;0.0020674;0.00662642;0.000657956;0.00564816;0.000424123;0.0059222;0.000107611;0.0059908;7.36247e-05
171000;0.00583156;0.00276577;0.00619827;0.00205958;0.00663747;0.000655432;0.00564182;0.000422467;0.00591869;0.000107265;0.00599342;7.34211e-05
172000;0.00579765;0.00274969;0.00616223;0.0020476;0.00660133;0.000651643;0.00562633;0.00042053;0.00591465;0.000106878;0.00599624;7.32572e-05
173000;0.00586272;0.00274061;0.00612661;0.00203577;0.00658897;0.000648658;0.00563265;0.000419302;0.00592118;0.000106616;0.005999;7.31398e-05
174000;0.00582902;0.00272486;0.0060914;0.00202407;0.00659557;0.000647091;0.00563999;0.0004181;0.00591757;0.000106223;0.00600079;7.29412e-05
175000;0.00630823;0.0028895;0.00623195;0.00204163;0.00659155;0.000644804;0.00561809;0.00041605;0.00592106;0.000105954;0.00600168;7.27637e-05
176000;0.00627239;0.00287308;0.00619654;0.00203003;0.00658715;0.000641862;0.00560952;0.000414285;0.00591779;0.000105596;0.00600239;7.25432e-05
177000;0.00654876;0.00292148;0.00644996;0.00206802;0.00663859;0.000642262;0.00563343;0.000414057;0.00591798;0.000105263;0.0060033;7.23451e-05
178000;0.00651197;0.00290506;0.00641372;0.0020564;0.00661109;0.000638944;0.00564663;0.000413154;0.00591169;0.000104932;0.00600055;7.20948e-05
179000;0.00693297;0.00302472;0.00637789;0.00204491;0.00662041;0.000637559;0.0056783;0.000413138;0.00591748;0.000104651;0.00600002;7.19012e-05
180000;0.00694096;0.00300929;0.00644507;0.00204347;0.00660333;0.000635192;0.00569045;0.000412878;0.00591581;0.000104382;0.0060023;7.17269e-05
181000;0.00690261;0.00299267;0.00640946;0.00203218;0.00662568;0.000635381;0.00572002;0.00041264;0.00592592;0.000104282;0.00599617;7.1499e-05
182000;0.00716617;0.0030343;0.00659775;0.00206793;0.00658927;0.000631894;0.00572417;0.000411497;0.00593021;0.000104112;0.00599319;7.12709e-05
183000;0.00712701;0.00301772;0.00656169;0.00205663;0.00658313;0.000629492;0.00571591;0.000409964;0.00593181;0.000103851;0.0059946;7.11383e-05
184000;0.00708828;0.00300132;0.00652603;0.00204545;0.0065826;0.000627945;0.00571656;0.000409081;0.00593622;0.000103663;0.00599009;7.09027e-05
185000;0.00704996;0.0029851;0.00649076;0.0020344;0.00658767;0.000626761;0.00571425;0.000408346;0.00593694;0.00010344;0.00599464;7.07393e-05
186000;0.00701206;0.00296905;0.00645586;0.00202346;0.00658807;0.000625157;0.00571056;0.000406825;0.00592893;0.000103046;0.00599357;7.05385e-05
187000;0.00697456;0.00295318;0.00642134;0.00201264;0.00664035;0.000626287;0.00570676;0.000405511;0.00592805;0.000102732;0.0059956;7.03733e-05
188000;0.00693746;0.00293747;0.00638718;0.00200194;0.00662207;0.000623453;0.00571436;0.000404568;0.00592736;0.000102431;0.0059994;7.02533e-05
189000;0.00690076;0.00292193;0.00635339;0.00199135;0.00662851;0.000622071;0.00571213;0.000403227;0.00592596;0.000102194;0.00599496;7.00217e-05
190000;0.00686444;0.00290655;0.00637356;0.00198365;0.00665098;0.000620665;0.0057404;0.000403285;0.00591875;0.000101842;0.00598875;6.97928e-05
191000;0.0068285;0.00289133;0.00634019;0.00197326;0.00667117;0.000620528;0.00574801;0.000402235;0.00592134;0.000101556;0.00598342;6.95562e-05
192000;0.00679293;0.00287628;0.00630717;0.00196299;0.0066451;0.000617421;0.00576312;0.000401657;0.00592041;0.00010126;0.00598389;6.93667e-05
193000;0.00675773;0.00286137;0.00634291;0.00195741;0.00666084;0.000616822;0.00575063;0.000399954;0.00592094;0.00010102;0.0059861;6.91969e-05
194000;0.00710845;0.0029452;0.0063434;0.00194841;0.00664332;0.000614192;0.00572596;0.000398015;0.00592506;0.000100801;0.00598618;6.90255e-05
195000;0.007072;0.0029301;0.00631087;0.00193842;0.00662936;0.000611498;0.00573123;0.000397226;0.00592453;0.000100505;0.00598705;6.8844e-05
196000;0.00703591;0.00291515;0.00627867;0.00192853;0.00663338;0.000609655;0.00575799;0.000397421;0.00592127;0.000100231;0.00598927;6.8675e-05
197000;0.0070002;0.00290035;0.0062468;0.00191874;0.00662372;0.000608193;0.00574633;0.000395976;0.00591643;9.99554e-05;0.00599072;6.85044e-05
198000;0.00696484;0.00288571;0.00621525;0.00190905;0.00665221;0.00060795;0.00573677;0.000394544;0.00590883;9.96156e-05;0.00599176;6.8354e-05
199000;0.00692984;0.00287121;0.00618402;0.00189946;0.00666725;0.000607195;0.0057533;0.00039439;0.00590925;9.93699e-05;0.00598782;6.81423e-05
200000;0.0068952;0.00285685;0.0061531;0.00188996;0.00667512;0.000605271;0.00574637;0.000393115;0.00590956;9.91014e-05;0.00598877;6.79626e-05
201000;0.00686089;0.00284264;0.00612249;0.00188056;0.00668673;0.000604507;0.00573438;0.000391769;0.00590705;9.87971e-05;0.00598568;6.77799e-05
202000;0.00682693;0.00282857;0.00609218;0.00187125;0.00669775;0.000603165;0.00574921;0.000391344;0.00590246;9.85388e-05;0.00598617;6.76146e-05
203000;0.00699493;0.00284223;0.00606217;0.00186203;0.00670132;0.000602326;0.00577348;0.000391459;0.00590652;9.83537e-05;0.00598781;6.74956e-05
204000;0.00696064;0.0028283;0.00603245;0.00185291;0.00671257;0.000601012;0.00580867;0.000392243;0.00590646;9.81134e-05;0.00598818;6.7338e-05
205000;0.00692669;0.00281451;0.00600303;0.00184387;0.00669876;0.000598659;0.00579968;0.000390816;0.00590795;9.79204e-05;0.00598927;6.72145e-05
206000;0.00689306;0.00280084;0.00597388;0.00183492;0.00671987;0.00059794;0.00581111;0.000390042;0.00591619;9.79099e-05;0.00598938;6.70496e-05
207000;0.00714226;0.00284177;0.00594502;0.00182606;0.00669018;0.000595079;0.00582009;0.000389498;0.00591561;9.76516e-05;0.00598716;6.68855e-05
208000;0.00710792;0.0028281;0.00591644;0.00181728;0.0066716;0.00059243;0.00581007;0.000388166;0.00591596;9.74333e-05;0.00598866;6.67415e-05
209000;0.00707391;0.00281457;0.00588813;0.00180858;0.0066837;0.000591665;0.00581532;0.000387549;0.00591317;9.71729e-05;0.00599247;6.66034e-05
210000;0.00704023;0.00280117;0.00587841;0.00180033;0.00665188;0.000588851;0.00581613;0.000386508;0.00591286;9.69109e-05;0.00599217;6.64492e-05
211000;0.00700686;0.0027879;0.00585055;0.0017918;0.00663821;0.000587103;0.00582693;0.00038567;0.00591862;9.67292e-05;0.00599254;6.62848e-05
212000;0.00697381;0.00277475;0.00602657;0.00182139;0.0066897;0.000589097;0.00581996;0.00038434;0.00591941;9.64992e-05;0.00599437;6.61539e-05
213000;0.00694107;0.00276172;0.00599827;0.00181284;0.0067184;0.000589384;0.00581244;0.000383168;0.00592094;9.63023e-05;0.00599389;6.5979e-05
214000;0.00690864;0.00274882;0.00597024;0.00180437;0.00669897;0.000587099;0.00581718;0.000382252;0.00592243;9.60799e-05;0.00599936;6.58907e-05
215000;0.0068765;0.00273603;0.00600306;0.0017999;0.00673168;0.000586969;0.00580384;0.000380831;0.00592722;9.59318e-05;0.00599976;6.57257e-05
216000;0.00684467;0.00272336;0.00609971;0.00180809;0.00674375;0.000586021;0.00579774;0.000379555;0.00592522;9.56622e-05;0.00600024;6.55668e-05
217000;0.00681312;0.00271082;0.0060716;0.00179975;0.00674811;0.000584708;0.00581792;0.000379538;0.00592059;9.54023e-05;0.00600464;6.54383e-05
218000;0.00678187;0.00269838;0.00604375;0.0017915;0.00672013;0.000582057;0.00581614;0.000378509;0.00592058;9.51534e-05;0.00600695;6.52923e-05
219000;0.0067509;0.00268606;0.00601615;0.00178332;0.00669602;0.000579544;0.00580157;0.000376966;0.00591736;9.49086e-05;0.00600997;6.51617e-05
220000;0.00672022;0.00267385;0.00598881;0.00177521;0.00668716;0.000577935;0.00579758;0.000375928;0.00591417;9.46849e-05;0.00600611;6.49843e-05
221000;0.00668981;0.00266175;0.00611592;0.00179284;0.00668672;0.00057637;0.0058092;0.000375702;0.00591335;9.44847e-05;0.00600527;6.48089e-05
222000;0.00689536;0.00268972;0.00608837;0.00178476;0.00667468;0.000574866;0.00580659;0.000374845;0.00591107;9.42431e-05;0.00600367;6.46454e-05
223000;0.00686444;0.00267766;0.00620084;0.00179775;0.00667765;0.000573777;0.00580319;0.000373776;0.00591486;9.40775e-05;0.00600371;6.45016e-05
224000;0.0068338;0.00266571;0.00617316;0.00178972;0.00666559;0.000572273;0.00580365;0.000372824;0.00591792;9.38677e-05;0.00599944;6.43159e-05
225000;0.00680343;0.00265386;0.00632376;0.00181561;0.00666667;0.000571371;0.00578869;0.000371478;0.00591682;9.36498e-05;0.00599736;6.41671e-05
226000;0.0070884;0.00271331;0.00629577;0.00180757;0.00663717;0.000568846;0.00578978;0.000370628;0.00591693;9.34975e-05;0.00599787;6.40365e-05
227000;0.00705717;0.00270136;0.00626804;0.00179961;0.00660793;0.000566343;0.00580833;0.000370334;0.00590976;9.31953e-05;0.00599588;6.38763e-05
228000;0.00702622;0.00268951;0.00643337;0.00183113;0.00659295;0.000564178;0.00583177;0.000370444;0.00590872;9.29436e-05;0.00599889;6.37876e-05
229000;0.00699554;0.00267777;0.00640528;0.00182314;0.00660136;0.000563358;0.00581888;0.000369206;0.00590589;9.27013e-05;0.00599757;6.36246e-05
230000;0.00696512;0.00266613;0.00637743;0.00181521;0.00657923;0.000561058;0.00581542;0.000368401;0.00590723;9.2474e-05;0.00600076;6.35286e-05
231000;0.00693497;0.00265459;0.00648486;0.00182662;0.0065804;0.000560163;0.00582454;0.000367944;0.00590903;9.2285e-05;0.00600185;6.33995e-05
232000;0.00690508;0.00264315;0.00665092;0.00185806;0.00655718;0.000557812;0.00581861;0.000367114;0.00591356;9.22029e-05;0.00600132;6.32559e-05
233000;0.00687544;0.0026318;0.00662237;0.00185009;0.00655328;0.000556126;0.00582701;0.00036654;0.00591503;9.19787e-05;0.00600464;6.31238e-05
234000;0.00684606;0.00262056;0.00676845;0.00187362;0.00653982;0.000554482;0.00584289;0.00036616;0.0059151;9.17701e-05;0.00600367;6.29732e-05
235000;0.00681693;0.00260941;0.00673965;0.00186564;0.00651427;0.000552143;0.00585097;0.000365717;0.00591559;9.15463e-05;0.00600586;6.28533e-05
236000;0.00690228;0.00260797;0.00671109;0.00185774;0.00652241;0.000550974;0.00586739;0.00036545;0.00591796;9.1379e-05;0.0060063;6.27168e-05
237000;0.00687316;0.00259697;0.00668278;0.0018499;0.00650049;0.00054871;0.00586166;0.000364303;0.00591741;9.12089e-05;0.0060048;6.25626e-05
238000;0.00684428;0.00258606;0.0066547;0.00184213;0.0065052;0.000547883;0.00586488;0.000363703;0.00592499;9.10902e-05;0.00600512;6.24252e-05
239000;0.00681564;0.00257524;0.00673483;0.00184431;0.0065275;0.000547911;0.00586949;0.000363368;0.00592377;9.08991e-05;0.00600412;6.22845e-05
240000;0.00678724;0.00256451;0.00670677;0.00183663;0.00650031;0.000545631;0.00586571;0.000362277;0.00592293;9.07351e-05;0.00600179;6.21486e-05
241000;0.00675908;0.00255387;0.00677995;0.00183969;0.00647333;0.00054337;0.00586374;0.000361462;0.00592023;9.05043e-05;0.00600227;6.19989e-05
242000;0.00673115;0.00254332;0.00692968;0.0018649;0.00647607;0.000542663;0.00586657;0.00036077;0.00591896;9.02865e-05;0.00600116;6.18415e-05
243000;0.00670345;0.00253285;0.00690116;0.00185723;0.00651425;0.000543421;0.00587065;0.000360076;0.00591966;9.00672e-05;0.00599869;6.16891e-05
244000;0.00667598;0.00252247;0.00701695;0.00187104;0.0065238;0.000542632;0.00587584;0.000359489;0.00591827;8.98488e-05;0.00599594;6.15328e-05
245000;0.00664873;0.00251218;0.0070954;0.00187518;0.00653116;0.000541299;0.00587151;0.000358471;0.00592019;8.97091e-05;0.00599927;6.14357e-05
246000;0.0066217;0.00250196;0.00706655;0.00186756;0.00653453;0.000540786;0.00586626;0.00035754;0.00592314;8.95413e-05;0.00599882;6.13059e-05
247000;0.00673099;0.00250607;0.00703794;0.00186;0.00653603;0.000540093;0.00587133;0.000357083;0.00592984;8.94339e-05;0.00600048;6.12056e-05
248000;0.00670385;0.00249596;0.00700957;0.0018525;0.00654359;0.000539244;0.00587253;0.000356692;0.00592851;8.92051e-05;0.0060021;6.10866e-05
249000;0.00667693;0.00248594;0.00698141;0.00184506;0.00653006;0.000537374;0.00585959;0.000355644;0.00592779;8.90152e-05;0.00600023;6.09533e-05
250000;0.00665022;0.002476;0.00696765;0.00183789;0.00652917;0.000536378;0.00585161;0.000354622;0.00592552;8.87902e-05;0.00599716;6.08064e-05
251000;0.00662372;0.00246613;0.00720054;0.00186675;0.00651271;0.00053457;0.00585388;0.000353799;0.00592594;8.86143e-05;0.00599737;6.06845e-05
252000;0.00677812;0.00248173;0.00717197;0.00185934;0.00648982;0.000532482;0.00585486;0.000353006;0.0059275;8.84907e-05;0.0059956;6.05415e-05
253000;0.00675133;0.00247193;0.00714362;0.001852;0.00647795;0.000530735;0.00585336;0.000352266;0.0059244;8.82696e-05;0.00599657;6.04264e-05
254000;0.00672475;0.00246219;0.00711549;0.00184471;0.00646724;0.000529199;0.00585686;0.000351609;0.00592535;8.80946e-05;0.00599691;6.0313e-05
255000;0.00669837;0.00245254;0.00708759;0.00183747;0.00647543;0.000528297;0.0058539;0.000350965;0.00592778;8.79482e-05;0.00599576;6.01881e-05
256000;0.00667221;0.00244296;0.0070599;0.0018303;0.00646127;0.000526468;0.00586195;0.000350539;0.00592736;8.77853e-05;0.00599349;6.00535e-05
257000;0.00664625;0.00243345;0.00703243;0.00182317;0.00645907;0.000525105;0.00586175;0.000349829;0.00592651;8.75991e-05;0.00599429;5.99538e-05
258000;0.00662049;0.00242402;0.00700518;0.00181611;0.00645642;0.000523795;0.0058841;0.00034999;0.00592908;8.74349e-05;0.00599405;5.98443e-05
259000;0.00659492;0.00241466;0.00697813;0.0018091;0.00646877;0.000523522;0.00589143;0.000349675;0.00593054;8.72911e-05;0.00599165;5.97197e-05
260000;0.00656956;0.00240538;0.00695129;0.00180214;0.00645598;0.000522046;0.00588336;0.000348696;0.00592984;8.71452e-05;0.00599066;5.95955e-05
261000;0.00654439;0.00239616;0.00692466;0.00179524;0.00645761;0.000520772;0.0058968;0.00034839;0.00593377;8.70086e-05;0.0059921;5.95048e-05
262000;0.00651941;0.00238702;0.00689823;0.00178839;0.0064387;0.000518908;0.00588444;0.000347258;0.00593369;8.6819e-05;0.00599261;5.93933e-05
263000;0.00649462;0.00237794;0.00693115;0.00178535;0.00642241;0.000517041;0.00588846;0.000346882;0.00593986;8.6731e-05;0.00599489;5.93186e-05
264000;0.00647002;0.00236893;0.00690489;0.00177859;0.00639808;0.000515084;0.00589254;0.000346345;0.00594157;8.65946e-05;0.00599486;5.92024e-05
265000;0.00644561;0.00236;0.00687884;0.00177188;0.00641945;0.000515224;0.0058712;0.000345045;0.0059407;8.63967e-05;0.00599822;5.91055e-05
266000;0.00654474;0.00236352;0.00685298;0.00176522;0.00641477;0.000513842;0.00585609;0.000343892;0.00593834;8.62334e-05;0.005997;5.89904e-05
267000;0.00652023;0.00235467;0.00682731;0.00175861;0.00641316;0.000512863;0.00584292;0.000342761;0.00593869;8.60571e-05;0.00599446;5.88847e-05
268000;0.0066174;0.00235793;0.00680184;0.00175205;0.00640498;0.000511215;0.00584553;0.000342178;0.00593898;8.59237e-05;0.00599285;5.8782e-05
269000;0.00681192;0.0023881;0.00677655;0.00174553;0.0064206;0.000510961;0.00584322;0.000341508;0.00594214;8.58035e-05;0.00599198;5.86519e-05
270000;0.00678669;0.00237925;0.00675145;0.00173907;0.0064129;0.000510005;0.00584966;0.000341094;0.00594395;8.56662e-05;0.0059907;5.85261e-05
271000;0.00676165;0.00237048;0.00672654;0.00173265;0.00639876;0.000508466;0.00584449;0.000340243;0.00594711;8.55697e-05;0.00598939;5.84258e-05
272000;0.00673679;0.00236176;0.00670181;0.00172628;0.0063856;0.000506756;0.00586882;0.00034039;0.00594593;8.53827e-05;0.00598977;5.83095e-05
273000;0.00671212;0.00235311;0.00667726;0.00171996;0.00642016;0.000507162;0.0058484;0.000339152;0.0059484;8.52572e-05;0.00599266;5.82235e-05
274000;0.00668762;0.00234452;0.00668596;0.00171491;0.00640433;0.000505497;0.00582972;0.00033795;0.00594682;8.50826e-05;0.00599208;5.8093e-05
275000;0.0066633;0.002336;0.00670022;0.00171034;0.00639145;0.000504071;0.0058323;0.000337361;0.00594862;8.49239e-05;0.00598974;5.79689e-05
276000;0.00663916;0.00232753;0.00667595;0.00170415;0.00638594;0.000502838;0.00583754;0.000336739;0.00594811;8.47472e-05;0.00598832;5.78559e-05
277000;0.00661519;0.00231913;0.00665185;0.00169799;0.00636834;0.000501138;0.00583296;0.00033588;0.00594507;8.45616e-05;0.00598876;5.77564e-05
278000;0.00676008;0.00233432;0.00662792;0.00169189;0.00636468;0.00050001;0.00584326;0.00033552;0.00594671;8.44128e-05;0.00598708;5.7628e-05
279000;0.00673585;0.00232595;0.00673543;0.00170534;0.00636097;0.000498644;0.00583475;0.000334595;0.00594398;8.424e-05;0.00598705;5.75266e-05
280000;0.00671179;0.00231764;0.00671137;0.00169925;0.00641003;0.000499573;0.00582964;0.000334058;0.00594377;8.41008e-05;0.00598622;5.74125e-05
281000;0.0066879;0.0023094;0.00668749;0.0016932;0.00642742;0.000499424;0.00585626;0.000334618;0.00594422;8.39605e-05;0.00598808;5.73258e-05
282000;0.00666419;0.00230121;0.00682175;0.00171536;0.00641429;0.000497844;0.00584558;0.000333697;0.00594207;8.38188e-05;0.00598595;5.72071e-05
283000;0.00664064;0.00229308;0.00679764;0.0017093;0.00642171;0.000496875;0.00584882;0.000333191;0.00594664;8.37271e-05;0.00598304;5.70801e-05
284000;0.00661726;0.002285;0.00677371;0.00170328;0.00640871;0.000495375;0.00584779;0.000332479;0.0059443;8.35465e-05;0.00598456;5.69842e-05
285000;0.00659404;0.00227698;0.00674994;0.00169731;0.00639791;0.000494136;0.00583634;0.000331481;0.00594343;8.33901e-05;0.00598764;5.69101e-05
286000;0.00657098;0.00226902;0.00672634;0.00169137;0.00639665;0.000493311;0.00584513;0.000331047;0.00594814;8.32741e-05;0.00598529;5.67935e-05
287000;0.00654809;0.00226112;0.0067029;0.00168548;0.00639434;0.000492214;0.00583774;0.000330217;0.00594544;8.31183e-05;0.00598444;5.66864e-05
288000;0.00652535;0.00225327;0.00667963;0.00167963;0.0063849;0.00049073;0.0058372;0.000329564;0.00594628;8.29756e-05;0.00598107;5.65768e-05
289000;0.00650277;0.00224547;0.00665652;0.00167382;0.00639847;0.000490386;0.00584153;0.000328957;0.00594386;8.28051e-05;0.00598103;5.64739e-05
290000;0.00668397;0.00227303;0.00668631;0.00167125;0.00639599;0.000489363;0.00584046;0.00032833;0.00594217;8.26613e-05;0.00597975;5.63512e-05
291000;0.006661;0.00226522;0.00666334;0.0016655;0.00638232;0.000487954;0.00583687;0.000327706;0.00594114;8.24901e-05;0.00597829;5.62603e-05
292000;0.00663819;0.00225746;0.00664052;0.0016598;0.00636084;0.000486285;0.00584233;0.000327398;0.00594508;8.239e-05;0.0059778;5.61515e-05
293000;0.00661554;0.00224976;0.00661785;0.00165414;0.00634815;0.000484948;0.00584297;0.000326755;0.00594329;8.22241e-05;0.00597693;5.60587e-05
294000;0.00659304;0.00224211;0.00659534;0.00164851;0.00633287;0.000483361;0.00584149;0.000326066;0.00593831;8.20308e-05;0.0059783;5.59678e-05
295000;0.00657069;0.00223451;0.00658012;0.00164298;0.00633244;0.000482757;0.00582962;0.000325184;0.00593515;8.18486e-05;0.00597874;5.58896e-05
296000;0.00654849;0.00222696;0.00678137;0.00166647;0.00631105;0.000481128;0.00584896;0.000325201;0.00593686;8.17232e-05;0.00597708;5.57827e-05
297000;0.00656295;0.00222061;0.00682648;0.00166618;0.00631257;0.000480241;0.00584086;0.000324398;0.00593787;8.1592e-05;0.00597727;5.56794e-05
298000;0.00654093;0.00221316;0.00691171;0.00167406;0.00630052;0.000478797;0.00583736;0.000323691;0.00593722;8.14736e-05;0.00597832;5.56085e-05
299000;0.00651905;0.00220576;0.0069825;0.00167858;0.00629076;0.000477711;0.00583674;0.000322944;0.00593312;8.1285e-05;0.00597801;5.55363e-05
300000;0.00649732;0.00219841;0.00695922;0.00167298;0.00631236;0.000478113;0.00585055;0.000322669;0.00593341;8.11186e-05;0.00597573;5.54294e-05
301000;0.00647574;0.00219111;0.00704925;0.0016821;0.00630931;0.000477576;0.00584111;0.000321834;0.00593313;8.09479e-05;0.00597573;5.53358e-05
302000;0.0064543;0.00218385;0.00713722;0.00169066;0.0063104;0.000476706;0.00583064;0.000320908;0.00592785;8.07594e-05;0.00597598;5.52523e-05
303000;0.00643299;0.00217664;0.00724594;0.0017049;0.00631535;0.000476257;0.0058255;0.000320131;0.00592939;8.06522e-05;0.00597605;5.51611e-05
304000;0.00641183;0.00216948;0.0072221;0.00169929;0.00630906;0.000475537;0.00581717;0.000319407;0.0059282;8.0482e-05;0.00597638;5.50692e-05
305000;0.00639081;0.00216237;0.00735238;0.00171006;0.0063039;0.000474386;0.00580486;0.000318447;0.0059255;8.03224e-05;0.00597727;5.49836e-05
306000;0.00636993;0.00215531;0.00732835;0.00170447;0.00630532;0.00047346;0.00581238;0.00031804;0.00592487;8.01526e-05;0.00597852;5.49015e-05
307000;0.00648207;0.00216401;0.00730448;0.00169892;0.00631762;0.000473448;0.00581338;0.000317648;0.00592517;8.00141e-05;0.00598028;5.48331e-05
308000;0.00646102;0.00215699;0.00728076;0.0016934;0.00631161;0.000472453;0.00581861;0.000317151;0.00592582;7.9882e-05;0.00598071;5.47362e-05
309000;0.0065551;0.00216178;0.0072572;0.00168792;0.00630693;0.000471268;0.00582315;0.000316769;0.00592392;7.97261e-05;0.0059799;5.46312e-05
310000;0.00653396;0.00215481;0.00723379;0.00168248;0.00629549;0.000469917;0.00582905;0.000316348;0.00592525;7.96253e-05;0.00597875;5.45319e-05
311000;0.00651295;0.00214788;0.00721053;0.00167707;0.00629562;0.000469273;0.00582955;0.000315813;0.00592664;7.95046e-05;0.00597509;5.4418e-05
312000;0.00649207;0.002141;0.00718742;0.0016717;0.00628062;0.00046788;0.00583314;0.000315317;0.0059283;7.93713e-05;0.00597535;5.43214e-05
313000;0.00647133;0.00213416;0.00716446;0.00166636;0.00628074;0.000467222;0.00583935;0.000315032;0.00592957;7.92851e-05;0.00597429;5.42429e-05
314000;0.00645072;0.00212736;0.00714164;0.00166105;0.00629954;0.000466811;0.00583428;0.000314425;0.00592944;7.91372e-05;0.00597321;5.41369e-05
315000;0.00648149;0.00212298;0.00711897;0.00165578;0.00630243;0.00046616;0.00584452;0.000314083;0.005932;7.90415e-05;0.00597117;5.40343e-05
316000;0.00646098;0.00211627;0.00709644;0.00165054;0.00630009;0.000465353;0.00586588;0.00031429;0.00593169;7.88991e-05;0.00597106;5.39605e-05
317000;0.0064406;0.00210959;0.00707405;0.00164533;0.00628972;0.000464259;0.00588515;0.000314345;0.00593352;7.88038e-05;0.00597148;5.38901e-05
318000;0.00642035;0.00210296;0.00705181;0.00164016;0.00630843;0.000464258;0.00587704;0.000313477;0.00592918;7.86409e-05;0.00597204;5.38023e-05
319000;0.00640022;0.00209637;0.00708425;0.00163692;0.0063155;0.000463579;0.00587942;0.000313159;0.00593123;7.85327e-05;0.00597091;5.37043e-05
320000;0.00638022;0.00208981;0.00706211;0.0016318;0.0063173;0.000462843;0.00587614;0.000312479;0.00593159;7.83845e-05;0.00597255;5.36243e-05
321000;0.00636034;0.0020833;0.00704011;0.00162672;0.00634242;0.000463013;0.00587372;0.000311877;0.00593218;7.82744e-05;0.00597061;5.35257e-05
322000;0.00634059;0.00207684;0.00703522;0.00162201;0.00633663;0.000461918;0.00587291;0.000311383;0.00593229;7.81417e-05;0.00597225;5.34502e-05
323000;0.00632096;0.00207041;0.00701344;0.00161699;0.00633162;0.000460958;0.00587638;0.000311096;0.00593383;7.80603e-05;0.00596871;5.33439e-05
324000;0.00630145;0.00206402;0.00699179;0.001612;0.00633056;0.000460384;0.0058646;0.000310232;0.0059349;7.79554e-05;0.00596826;5.32754e-05
325000;0.00651966;0.0021097;0.00697028;0.00160704;0.00632235;0.000459235;0.00587322;0.000310212;0.00593553;7.78427e-05;0.0059676;5.3193e-05
326000;0.00649966;0.00210322;0.0069489;0.00160211;0.00631848;0.00045831;0.00587094;0.000309638;0.00593385;7.76963e-05;0.00596437;5.30931e-05
327000;0.00647978;0.00209679;0.00692765;0.00159721;0.00631339;0.000457386;0.00588289;0.00030954;0.00593408;7.75929e-05;0.00596387;5.2998e-05
328000;0.00646003;0.0020904;0.00693589;0.00159338;0.00631401;0.000456545;0.0058724;0.000308709;0.00593453;7.74725e-05;0.0059662;5.29251e-05
329000;0.00644039;0.00208405;0.0069148;0.00158854;0.00629482;0.000455159;0.00587149;0.000308063;0.00593611;7.74019e-05;0.0059685;5.28682e-05
330000;0.00657923;0.00210078;0.00689385;0.00158372;0.00629689;0.000454606;0.00587724;0.000307751;0.00593265;7.7242e-05;0.00596801;5.27767e-05
331000;0.00655936;0.00209444;0.00687302;0.00157894;0.00629714;0.00045398;0.0058707;0.000307068;0.00592964;7.70856e-05;0.00596943;5.27027e-05
332000;0.0065396;0.00208813;0.00685232;0.00157418;0.00631561;0.000454239;0.00587678;0.000306754;0.00592953;7.69669e-05;0.00596994;5.26299e-05
333000;0.00651996;0.00208186;0.00685287;0.00157;0.00632782;0.000453926;0.00587268;0.000306223;0.0059298;7.68694e-05;0.005971;5.25577e-05
334000;0.00650044;0.00207562;0.00683235;0.0015653;0.00633604;0.000453361;0.00587509;0.00030569;0.00593234;7.67727e-05;0.00596959;5.24686e-05
335000;0.00648104;0.00206943;0.00681196;0.00156063;0.00631712;0.000452009;0.005876;0.000305278;0.00593406;7.66637e-05;0.00596659;5.23671e-05
336000;0.00646175;0.00206327;0.00679168;0.00155599;0.0063251;0.000451572;0.00588213;0.000305066;0.00593607;7.66094e-05;0.0059685;5.22942e-05
337000;0.00644257;0.00205715;0.00677153;0.00155137;0.00630852;0.000450254;0.00587642;0.000304449;0.00593717;7.65442e-05;0.00596673;5.2221e-05
338000;0.0065635;0.00206933;0.00676931;0.00154717;0.00632249;0.000450144;0.00587643;0.000303878;0.00593717;7.64301e-05;0.00596804;5.21478e-05
339000;0.00654414;0.00206322;0.00674934;0.00154261;0.00630938;0.000448948;0.00587774;0.000303464;0.00593814;7.63273e-05;0.00596912;5.20769e-05
340000;0.00652489;0.00205716;0.00672949;0.00153807;0.00633188;0.000449259;0.00588069;0.000303182;0.00593948;7.62143e-05;0.00597113;5.20016e-05
341000;0.00650576;0.00205112;0.00670976;0.00153356;0.00633768;0.000449078;0.00587101;0.000302387;0.00593972;7.60996e-05;0.00596983;5.19152e-05
342000;0.00667276;0.00207737;0.00669014;0.00152908;0.00633559;0.000448384;0.00587744;0.000302227;0.0059433;7.60181e-05;0.0059722;5.18506e-05
343000;0.00665331;0.00207131;0.0067741;0.00153804;0.00633453;0.000447591;0.00586529;0.000301447;0.00593886;7.58637e-05;0.00597292;5.17845e-05
344000;0.00663397;0.00206529;0.00677319;0.00153401;0.00635001;0.000447653;0.00586699;0.000301186;0.00594133;7.58156e-05;0.00597412;5.17188e-05
345000;0.00661474;0.00205931;0.00675356;0.00152957;0.00635689;0.000447184;0.00585667;0.00030048;0.00594171;7.56921e-05;0.00597417;5.16434e-05
346000;0.00659562;0.00205335;0.00673404;0.00152515;0.00635999;0.000446548;0.0058638;0.000300194;0.00594373;7.55909e-05;0.00597443;5.15745e-05
347000;0.00657661;0.00204744;0.00671463;0.00152075;0.00634445;0.000445296;0.00585521;0.000299489;0.00594514;7.55109e-05;0.00597354;5.14936e-05
348000;0.00655771;0.00204155;0.00669534;0.00151638;0.00632622;0.000444018;0.00585255;0.000298901;0.00594676;7.54297e-05;0.00597293;5.14183e-05
349000;0.00653892;0.0020357;0.00667615;0.00151204;0.00632737;0.00044339;0.00585868;0.000298461;0.00594609;7.53076e-05;0.00597248;5.13457e-05
350000;0.00652024;0.00202989;0.00665708;0.00150772;0.00633982;0.000443095;0.00586066;0.000298033;0.00594618;7.51859e-05;0.00597529;5.12969e-05
351000;0.00650166;0.00202411;0.00667087;0.00150479;0.00633023;0.000441965;0.00584626;0.000297197;0.00594692;7.50903e-05;0.00597541;5.12384e-05
352000;0.00648319;0.00201836;0.00665192;0.00150052;0.00633584;0.000441508;0.00584291;0.000296629;0.00594721;7.49808e-05;0.00597793;5.1187e-05
353000;0.00646483;0.00201264;0.00663308;0.00149627;0.00632595;0.000440438;0.00585472;0.000296537;0.00594757;7.48663e-05;0.0059782;5.11095e-05
354000;0.00644657;0.00200695;0.00661434;0.00149204;0.00632324;0.000439595;0.00585744;0.000296203;0.00595018;7.47831e-05;0.00597512;5.10173e-05
355000;0.00642841;0.0020013;0.00659571;0.00148784;0.00633977;0.000440135;0.00586219;0.000295992;0.00595214;7.46887e-05;0.00597348;5.09315e-05
356000;0.00658002;0.00202319;0.00657718;0.00148366;0.00633443;0.000439357;0.00587034;0.000295916;0.00595127;7.45669e-05;0.00597125;5.08457e-05
357000;0.00656159;0.00201752;0.00655876;0.00147951;0.00632563;0.000438352;0.00587454;0.000295681;0.00594977;7.44406e-05;0.00597162;5.07836e-05
358000;0.00654326;0.00201189;0.00654044;0.00147537;0.00633541;0.000438036;0.00587232;0.000295137;0.00595336;7.43894e-05;0.00596996;5.07039e-05
359000;0.00655076;0.00200692;0.00652222;0.00147126;0.00634285;0.000437712;0.00587821;0.000294844;0.00595139;7.42623e-05;0.00596697;5.06129e-05
360000;0.00653256;0.00200134;0.0065041;0.00146718;0.0063417;0.000436967;0.00587958;0.000294439;0.00595247;7.4206e-05;0.00596837;5.0564e-05
361000;0.00651447;0.0019958;0.00648608;0.00146311;0.00633533;0.000435996;0.00587876;0.00029396;0.00594995;7.40714e-05;0.00597086;5.04922e-05
362000;0.00649647;0.00199029;0.00646817;0.00145907;0.00633626;0.000435369;0.00587253;0.000293317;0.00594989;7.39767e-05;0.00597079;5.04151e-05
363000;0.00647857;0.0019848;0.00645035;0.00145505;0.00634208;0.000434666;0.00587968;0.00029322;0.00594841;7.3867e-05;0.00596978;5.03367e-05
364000;0.00646078;0.00197935;0.00643263;0.00145106;0.00634116;0.000433916;0.0058895;0.000293;0.00595114;7.37789e-05;0.00596871;5.02584e-05
365000;0.00644307;0.00197393;0.00651595;0.00145532;0.00635057;0.000433772;0.00591029;0.000293045;0.00595504;7.37352e-05;0.00596849;5.01964e-05
366000;0.00651437;0.00197623;0.00649815;0.00145134;0.00635111;0.00043319;0.00590484;0.000292471;0.0059569;7.36297e-05;0.00596861;5.01312e-05
367000;0.00649662;0.00197085;0.00648044;0.00144739;0.00635948;0.000432994;0.00590233;0.000292105;0.00595562;7.34963e-05;0.00596916;5.00545e-05
368000;0.00647897;0.00196549;0.00649074;0.00144449;0.00635572;0.000432208;0.00589978;0.000291517;0.00595501;7.34197e-05;0.00597238;5.00058e-05
369000;0.00646141;0.00196016;0.00647315;0.00144058;0.00635184;0.000431544;0.00590701;0.000291358;0.00595603;7.33159e-05;0.00597287;4.9944e-05
370000;0.00644395;0.00195487;0.00645566;0.00143668;0.00634802;0.000430681;0.00589941;0.000290691;0.00595602;7.32258e-05;0.00597185;4.98643e-05
371000;0.00642658;0.0019496;0.00643825;0.00143281;0.0063556;0.000430439;0.00590997;0.000290521;0.00595566;7.31249e-05;0.00597052;4.97912e-05
372000;0.0064093;0.00194436;0.00642095;0.00142896;0.00634527;0.000429487;0.00590895;0.00029007;0.00595277;7.30106e-05;0.00596997;4.97134e-05
373000;0.00639212;0.00193914;0.00640373;0.00142513;0.00634917;0.000429085;0.00591291;0.000289754;0.00595219;7.29179e-05;0.00597158;4.96521e-05
374000;0.00637503;0.00193396;0.00638661;0.00142132;0.00633722;0.000428051;0.00591231;0.000289375;0.00595228;7.28126e-05;0.00597195;4.9581e-05
375000;0.00635994;0.00192881;0.00636958;0.00141753;0.0063287;0.000427223;0.00591703;0.000289226;0.00595173;7.27025e-05;0.00596957;4.94991e-05
376000;0.00634303;0.00192368;0.00638216;0.00141494;0.00632524;0.000426586;0.00592403;0.000288906;0.00594964;7.25834e-05;0.0059701;4.94451e-05
377000;0.0063262;0.00191858;0.00636523;0.00141119;0.00632945;0.000426046;0.00591531;0.00028827;0.00595034;7.25018e-05;0.00596752;4.93663e-05
378000;0.00630947;0.0019135;0.00634839;0.00140746;0.0063127;0.00042492;0.00592041;0.00028794;0.00595007;7.24341e-05;0.00596747;4.93025e-05
379000;0.00630623;0.00190863;0.00633164;0.00140374;0.00631906;0.000424694;0.00592527;0.000287657;0.00594845;7.23144e-05;0.00596516;4.9224e-05
380000;0.00628964;0.00190361;0.00631497;0.00140005;0.00633639;0.000424698;0.00592074;0.000287161;0.00595046;7.22432e-05;0.00596596;4.9162e-05
381000;0.00650264;0.00195117;0.0062984;0.00139637;0.00633341;0.000423898;0.00591699;0.000286611;0.00595252;7.21797e-05;0.00596534;4.90903e-05
382000;0.00648562;0.00194606;0.00630429;0.00139341;0.0063387;0.000423457;0.00592405;0.000286337;0.00595269;7.20849e-05;0.00596408;4.90183e-05
383000;0.00646869;0.00194098;0.00628783;0.00138977;0.00633914;0.000422881;0.0059113;0.000285616;0.0059535;7.19899e-05;0.005963;4.89491e-05
384000;0.00645184;0.00193593;0.00627146;0.00138615;0.00632501;0.000421806;0.00591286;0.000285286;0.00595287;7.1899e-05;0.00596469;4.8885e-05
385000;0.00643508;0.0019309;0.00625517;0.00138255;0.00633285;0.000421611;0.0059122;0.000284877;0.0059498;7.17941e-05;0.00596494;4.88219e-05
386000;0.00661514;0.00194955;0.00623896;0.00137897;0.00633751;0.000421377;0.00590644;0.000284358;0.00594972;7.17085e-05;0.00596415;4.87586e-05
387000;0.00659805;0.00194451;0.00622777;0.00137544;0.00632992;0.000420418;0.00591634;0.000284335;0.0059476;7.15964e-05;0.00596539;4.8701e-05
388000;0.00658104;0.0019395;0.00621172;0.0013719;0.00635733;0.000420845;0.00593013;0.000284352;0.00594695;7.15171e-05;0.00596346;4.8627e-05
389000;0.00656412;0.00193451;0.00629576;0.00138233;0.00636106;0.000420516;0.00592981;0.000283974;0.00594727;7.14147e-05;0.00596398;4.85645e-05
390000;0.00654729;0.00192955;0.00641707;0.00139718;0.00636146;0.00041987;0.00593647;0.000283845;0.00594881;7.13138e-05;0.00596407;4.84956e-05
391000;0.00653055;0.00192462;0.00640066;0.00139361;0.00634519;0.000418798;0.00593768;0.000283589;0.00594617;7.11928e-05;0.00596297;4.84284e-05
392000;0.00651389;0.00191971;0.00646605;0.00139925;0.00633417;0.000417853;0.00593665;0.000283219;0.00594494;7.1082e-05;0.00596371;4.83805e-05
393000;0.00671876;0.00196339;0.00665077;0.00142364;0.00633791;0.000417363;0.00593661;0.000282839;0.00594429;7.0988e-05;0.00596722;4.83601e-05
394000;0.00670171;0.00195841;0.00663389;0.00142003;0.00632682;0.000416367;0.00595063;0.000282953;0.00594136;7.08792e-05;0.00596704;4.82912e-05
395000;0.00668474;0.00195345;0.00661709;0.00141643;0.00632795;0.000415822;0.00594552;0.000282448;0.00594203;7.0781e-05;0.00596663;4.82202e-05
396000;0.00666786;0.00194852;0.00660038;0.00141286;0.00632692;0.000415399;0.00595027;0.000282142;0.00594021;7.06761e-05;0.00596453;4.81434e-05
397000;0.00665107;0.00194361;0.00658376;0.0014093;0.00633229;0.000415403;0.0059539;0.000281989;0.00594107;7.05779e-05;0.00596416;4.80827e-05
398000;0.00663436;0.00193873;0.00656721;0.00140576;0.00634165;0.000415392;0.0059644;0.000281986;0.00593949;7.04769e-05;0.00596512;4.80196e-05
399000;0.00661773;0.00193387;0.00655075;0.00140224;0.00635258;0.000415005;0.0059627;0.000281528;0.00594013;7.03946e-05;0.00596765;4.79787e-05
400000;0.00662207;0.00192947;0.00653438;0.00139873;0.00634287;0.000414144;0.00594983;0.000280847;0.00594422;7.03498e-05;0.00596915;4.79251e-05
401000;0.00660556;0.00192466;0.00651808;0.00139524;0.00633074;0.000413146;0.00595583;0.000280631;0.00594628;7.02717e-05;0.00596785;4.78533e-05
402000;0.00658912;0.00191987;0.00655054;0.00139504;0.00632496;0.000412532;0.00594631;0.000279996;0.00594494;7.01698e-05;0.0059678;4.77868e-05
403000;0.00657277;0.00191511;0.00653429;0.00139157;0.0063261;0.000412107;0.00593957;0.000279464;0.00594909;7.01235e-05;0.00596787;4.77276e-05
404000;0.00655651;0.00191037;0.00651811;0.00138813;0.00633254;0.000411888;0.00593031;0.000278866;0.00595101;7.00724e-05;0.00596787;4.76634e-05
405000;0.00654032;0.00190565;0.00654619;0.00138674;0.00632792;0.00041121;0.00593064;0.000278433;0.00594853;6.99669e-05;0.00596749;4.75987e-05
406000;0.00652421;0.00190096;0.00653007;0.00138332;0.00633227;0.000410917;0.00593136;0.000278289;0.00594713;6.99148e-05;0.00596686;4.75487e-05
407000;0.00650818;0.00189629;0.00651402;0.00137992;0.00633614;0.000410382;0.00593246;0.000277986;0.00594594;6.98267e-05;0.00596679;4.74956e-05
408000;0.00649223;0.00189164;0.00649806;0.00137654;0.00633062;0.000409845;0.00593129;0.000277638;0.00594605;6.97593e-05;0.00596728;4.74414e-05
409000;0.00647635;0.00188701;0.00659011;0.00138937;0.00632058;0.000408982;0.00593619;0.000277375;0.00594855;6.96958e-05;0.00596791;4.73817e-05
410000;0.00646056;0.00188241;0.00660887;0.00138767;0.00632812;0.000408909;0.00592664;0.000276756;0.00594671;6.95856e-05;0.00596818;4.73358e-05
411000;0.00644484;0.00187783;0.00665793;0.00139016;0.00632607;0.000408185;0.00592735;0.000276507;0.00594589;6.94944e-05;0.00596946;4.72805e-05
412000;0.00642919;0.00187327;0.00665185;0.00138693;0.00631071;0.000407195;0.0059266;0.000276139;0.00594691;6.94195e-05;0.00596939;4.72225e-05
413000;0.00641363;0.00186874;0.00668303;0.00138562;0.00631953;0.000406944;0.00592377;0.000275793;0.00594852;6.93523e-05;0.00597072;4.71764e-05
414000;0.00639814;0.00186423;0.00666688;0.00138227;0.00631741;0.000406347;0.00592442;0.000275509;0.00594839;6.92712e-05;0.00596994;4.71049e-05
415000;0.00638272;0.00185973;0.00665082;0.00137894;0.00632591;0.000406188;0.00592566;0.000275185;0.00594582;6.91684e-05;0.00597012;4.70489e-05
416000;0.00636738;0.00185526;0.00663483;0.00137563;0.00632237;0.000405597;0.00592539;0.000274815;0.00594573;6.90702e-05;0.00597161;4.70038e-05
417000;0.00635211;0.00185081;0.00661892;0.00137233;0.00633431;0.000405532;0.00592676;0.000274526;0.00594337;6.89619e-05;0.00597214;4.69481e-05
418000;0.00633691;0.00184639;0.00660309;0.00136905;0.00632681;0.00040484;0.00592631;0.000274239;0.00594169;6.88843e-05;0.00597113;4.68845e-05
419000;0.00632179;0.00184198;0.00658733;0.00136578;0.00632362;0.000404224;0.00592548;0.000273837;0.00594005;6.87793e-05;0.00597172;4.68387e-05
420000;0.00630673;0.0018376;0.0066104;0.00136464;0.00632511;0.000403878;0.00593175;0.000273675;0.00594192;6.87167e-05;0.00597064;4.67734e-05
421000;0.00629175;0.00183323;0.0065947;0.0013614;0.0063233;0.000403304;0.00593305;0.000273374;0.00594429;6.86514e-05;0.00597118;4.67224e-05
422000;0.00627684;0.00182889;0.00657907;0.00135817;0.00631293;0.000402451;0.00594036;0.000273246;0.00594337;6.85549e-05;0.00597003;4.6667e-05
423000;0.006262;0.00182456;0.00656352;0.00135496;0.00630987;0.000401942;0.00594854;0.000273077;0.00594417;6.84902e-05;0.00596757;4.65966e-05
424000;0.00624724;0.00182026;0.00654804;0.00135177;0.00631551;0.000401532;0.00595196;0.000272805;0.00594012;6.83778e-05;0.0059674;4.65403e-05
425000;0.00623254;0.00181598;0.00653606;0.00134861;0.00631462;0.000401055;0.00595061;0.000272495;0.00594207;6.8308e-05;0.00596953;4.65023e-05
426000;0.00623585;0.00181206;0.00652071;0.00134544;0.00630983;0.000400368;0.0059452;0.000272006;0.00594381;6.82377e-05;0.00596871;4.64503e-05
427000;0.00622124;0.00180781;0.00650544;0.00134229;0.00629822;0.00039947;0.00594475;0.00027167;0.00594336;6.81627e-05;0.00596837;4.63923e-05
428000;0.00620671;0.00180359;0.00657621;0.00134971;0.00630549;0.000399393;0.0059432;0.000271351;0.00594472;6.8106e-05;0.00596761;4.63312e-05
429000;0.00619224;0.00179938;0.00656088;0.00134656;0.00629351;0.000398498;0.00593171;0.000270744;0.00594535;6.80269e-05;0.00596568;4.62619e-05
430000;0.00617784;0.0017952;0.00654562;0.00134343;0.00630671;0.000398795;0.00593464;0.00027049;0.00594794;6.79574e-05;0.00596651;4.62178e-05
431000;0.00616351;0.00179104;0.00653044;0.00134031;0.00631596;0.000398504;0.00593502;0.000270157;0.00594579;6.78605e-05;0.00596547;4.61544e-05
432000;0.00614924;0.00178689;0.0066016;0.00134542;0.00630482;0.000397606;0.00595042;0.000270143;0.00594472;6.77587e-05;0.00596526;4.60932e-05
433000;0.00613504;0.00178276;0.00658636;0.00134232;0.00629996;0.000396862;0.00594434;0.000269628;0.00594623;6.76826e-05;0.00596386;4.60307e-05
434000;0.0061209;0.00177866;0.00657118;0.00133922;0.00628553;0.000395948;0.00595241;0.000269521;0.00594501;6.7593e-05;0.0059635;4.59759e-05
435000;0.00610683;0.00177457;0.00655607;0.00133615;0.00627869;0.00039518;0.00595006;0.000269131;0.00594759;6.75424e-05;0.00596335;4.59308e-05
436000;0.00609282;0.0017705;0.00654104;0.00133308;0.00626914;0.000394335;0.00594507;0.000268658;0.00594961;6.74792e-05;0.0059656;4.58973e-05
437000;0.00607888;0.00176645;0.00652607;0.00133003;0.00625933;0.000393534;0.00593335;0.000268058;0.00594863;6.73868e-05;0.0059657;4.58441e-05
438000;0.006065;0.00176241;0.00651117;0.00132699;0.00627199;0.000393507;0.00592986;0.00026767;0.00594957;6.73091e-05;0.00596509;4.57825e-05
439000;0.00605119;0.0017584;0.0065725;0.00133236;0.00626015;0.000392626;0.00593271;0.000267466;0.00595082;6.72359e-05;0.00596534;4.57477e-05
440000;0.00603743;0.0017544;0.00655756;0.00132933;0.00624949;0.000391766;0.00592571;0.000266939;0.00595055;6.71801e-05;0.00596821;4.57171e-05
441000;0.00602374;0.00175042;0.00654269;0.00132632;0.00624913;0.000391239;0.00592451;0.000266667;0.00595199;6.71086e-05;0.00596784;4.56589e-05
442000;0.00601012;0.00174646;0.00659287;0.00132943;0.00625183;0.000390828;0.00592801;0.000266511;0.00595095;6.70263e-05;0.00597025;4.56203e-05
443000;0.00599655;0.00174252;0.00657799;0.00132643;0.00625658;0.000390441;0.00592127;0.000266039;0.0059506;6.69505e-05;0.00597112;4.55758e-05
444000;0.00598304;0.0017386;0.00656318;0.00132344;0.00624925;0.000389694;0.00593081;0.000265965;0.00594936;6.68606e-05;0.00597007;4.55222e-05
445000;0.0059696;0.00173469;0.00654843;0.00132047;0.00624207;0.000388936;0.0059297;0.000265608;0.00594838;6.67646e-05;0.00596898;4.54605e-05
446000;0.00595621;0.0017308;0.00653374;0.00131751;0.00623436;0.000388212;0.00593843;0.000265532;0.0059526;6.67116e-05;0.00596709;4.53989e-05
447000;0.00613341;0.00176683;0.00651913;0.00131456;0.00623855;0.000387864;0.00594453;0.000265393;0.00595163;6.66327e-05;0.0059677;4.5353e-05
448000;0.00611972;0.00176289;0.00650458;0.00131163;0.00624822;0.000387692;0.00595003;0.000265215;0.00594961;6.6534e-05;0.00596988;4.53093e-05
449000;0.00610609;0.00175897;0.00649009;0.0013087;0.00623702;0.00038685;0.00595999;0.000265076;0.00594665;6.64371e-05;0.00597053;4.52656e-05
450000;0.00609252;0.00175506;0.00647567;0.0013058;0.00623157;0.000386108;0.00595613;0.00026461;0.00594915;6.6393e-05;0.00597069;4.52106e-05
451000;0.00607901;0.00175117;0.0064739;0.00130313;0.00622695;0.000385493;0.00596066;0.00026452;0.00594889;6.6306e-05;0.00597101;4.51636e-05
452000;0.00606556;0.00174729;0.00645958;0.00130025;0.00622917;0.000385099;0.00595105;0.000264028;0.00595014;6.623e-05;0.00597182;4.51239e-05
453000;0.00615822;0.00175578;0.00644532;0.00129738;0.00621701;0.000384263;0.0059502;0.000263655;0.00595334;6.61796e-05;0.00597194;4.50751e-05
454000;0.00614466;0.00175191;0.00643113;0.00129452;0.00622544;0.000384084;0.00594498;0.000263201;0.00595481;6.61317e-05;0.00597119;4.50153e-05
455000;0.00613116;0.00174806;0.0065048;0.00130309;0.00622698;0.000383768;0.00594228;0.000262819;0.00595267;6.60447e-05;0.00597215;4.49705e-05
456000;0.00616596;0.00174679;0.00657324;0.0013103;0.0062255;0.000383184;0.00594592;0.000262604;0.0059518;6.59842e-05;0.00597329;4.49257e-05
457000;0.00615247;0.00174297;0.00655886;0.00130743;0.00621901;0.000382538;0.00594443;0.00026229;0.00595125;6.59083e-05;0.00597205;4.48762e-05
458000;0.00613903;0.00173916;0.00654454;0.00130458;0.00621187;0.000381911;0.00594957;0.000262012;0.00595321;6.58455e-05;0.00597282;4.48351e-05
459000;0.00612566;0.00173537;0.00657359;0.0013045;0.00620626;0.000381278;0.00594926;0.000261776;0.00595351;6.57712e-05;0.00597239;4.47881e-05
460000;0.00611234;0.0017316;0.0065593;0.00130166;0.00622751;0.000381415;0.00594435;0.000261301;0.00595687;6.5725e-05;0.00597292;4.4746e-05
461000;0.00609908;0.00172784;0.00654507;0.00129884;0.00621936;0.000380732;0.00594259;0.000260927;0.00595765;6.56512e-05;0.00597257;4.47039e-05
462000;0.00608588;0.0017241;0.0065309;0.00129603;0.0062207;0.000380301;0.00594064;0.000260657;0.00595873;6.55908e-05;0.00597284;4.4651e-05
463000;0.00607274;0.00172038;0.0065168;0.00129323;0.00622108;0.000379882;0.00595108;0.000260613;0.00595989;6.55274e-05;0.00597397;4.46076e-05
464000;0.00605965;0.00171667;0.00655302;0.00129419;0.0062248;0.000379476;0.00594217;0.000260095;0.00596192;6.54784e-05;0.00597593;4.45693e-05
465000;0.00604662;0.00171298;0.00671764;0.00131019;0.00623292;0.000379375;0.00594149;0.000259849;0.00596139;6.5406e-05;0.00597696;4.4534e-05
466000;0.00603364;0.00170931;0.00670322;0.00130738;0.00621955;0.000378562;0.00593519;0.000259406;0.00596121;6.53406e-05;0.00597573;4.44802e-05
467000;0.00602072;0.00170565;0.00668887;0.00130458;0.00621222;0.00037787;0.00593063;0.000258968;0.00595997;6.52889e-05;0.00597849;4.44418e-05
468000;0.00600786;0.001702;0.00667458;0.00130179;0.00621526;0.000377479;0.00592579;0.000258514;0.00596117;6.5218e-05;0.00597748;4.43837e-05
469000;0.00599505;0.00169837;0.00673115;0.0013064;0.00622842;0.00037751;0.00592074;0.000258143;0.00595865;6.51414e-05;0.0059773;4.43312e-05
470000;0.00598229;0.00169476;0.00671682;0.00130363;0.00622415;0.000376833;0.00592092;0.000257811;0.00595832;6.50619e-05;0.005974;4.4273e-05
471000;0.00601503;0.0016935;0.00670256;0.00130086;0.00621095;0.000376034;0.00591327;0.000257327;0.00595725;6.49801e-05;0.00597458;4.42302e-05
472000;0.00600228;0.00168992;0.00668836;0.0012981;0.00620917;0.000375511;0.0059136;0.000257039;0.00595464;6.48896e-05;0.00597349;4.41872e-05
473000;0.00598959;0.00168634;0.00667422;0.00129536;0.00621882;0.000375224;0.00592346;0.000256966;0.00595308;6.48025e-05;0.0059727;4.41353e-05
474000;0.00597696;0.00168279;0.00666014;0.00129263;0.00622962;0.000375334;0.00592438;0.000256743;0.00595152;6.4724e-05;0.00597356;4.40964e-05
475000;0.00596437;0.00167924;0.00664612;0.0012899;0.00622514;0.000374926;0.0059284;0.000256499;0.00595075;6.46385e-05;0.00597303;4.40411e-05
476000;0.00618744;0.00170748;0.00663216;0.00128719;0.00622426;0.000374537;0.00593023;0.000256282;0.0059512;6.45661e-05;0.00597198;4.3992e-05
477000;0.00617447;0.0017039;0.0067037;0.00129327;0.00623605;0.000374675;0.00592524;0.000255879;0.00594921;6.44816e-05;0.00597142;4.3938e-05
478000;0.00616155;0.00170034;0.00676831;0.00129974;0.00623058;0.000374034;0.00592922;0.000255613;0.00594923;6.44134e-05;0.00597139;4.38899e-05
479000;0.00614869;0.00169679;0.00675418;0.00129702;0.00622964;0.000373739;0.00592873;0.000255302;0.00595037;6.43546e-05;0.00597167;4.38428e-05
480000;0.00613588;0.00169325;0.00674011;0.00129432;0.00623413;0.000373317;0.00592855;0.000255001;0.00595046;6.42959e-05;0.00597466;4.38126e-05
481000;0.00612312;0.00168973;0.0067261;0.00129163;0.00623746;0.000373234;0.00593234;0.000254833;0.00594951;6.42101e-05;0.00597496;4.37673e-05
482000;0.00611042;0.00168623;0.0067975;0.00129976;0.00623307;0.000372637;0.0059426;0.000254779;0.00595076;6.41643e-05;0.005973;4.37133e-05
483000;0.00609777;0.00168273;0.00678342;0.00129707;0.00622017;0.000371866;0.00593698;0.000254372;0.00595199;6.411e-05;0.00597289;4.36676e-05
484000;0.00608517;0.00167926;0.00678486;0.00129474;0.00622473;0.000371536;0.00593533;0.000254006;0.00595395;6.40555e-05;0.00597193;4.36213e-05
485000;0.00607262;0.0016758;0.00677087;0.00129207;0.00622556;0.000371158;0.00592405;0.000253488;0.00595233;6.39698e-05;0.00597065;4.35741e-05
486000;0.00606013;0.00167235;0.00675694;0.00128941;0.0062202;0.000370563;0.00592429;0.000253271;0.00595156;6.3892e-05;0.00597062;4.35293e-05
487000;0.00604768;0.00166891;0.00674306;0.00128677;0.00621144;0.000369886;0.00592794;0.000253074;0.00595294;6.38395e-05;0.00597204;4.34916e-05
488000;0.00603529;0.00166549;0.00672925;0.00128413;0.0062039;0.000369222;0.00593807;0.000253111;0.00594978;6.37507e-05;0.00597209;4.3446e-05
489000;0.00602295;0.00166209;0.00671549;0.0012815;0.00619839;0.000368601;0.00593323;0.000252692;0.00594853;6.36731e-05;0.0059741;4.34159e-05
490000;0.00601066;0.0016587;0.00674683;0.00128193;0.00618574;0.00036785;0.00592937;0.000252346;0.00594839;6.35969e-05;0.00597407;4.33672e-05
491000;0.00599841;0.00165532;0.00673309;0.00127932;0.00620329;0.000367797;0.00592732;0.000252025;0.00594946;6.35372e-05;0.00597505;4.33234e-05
492000;0.00598622;0.00165195;0.0067194;0.00127672;0.00621657;0.000367869;0.00592574;0.000251672;0.00594909;6.34637e-05;0.00597513;4.32792e-05
493000;0.00597408;0.0016486;0.00670577;0.00127413;0.00622903;0.000367667;0.00592653;0.000251507;0.00595;6.33986e-05;0.00597533;4.3245e-05
494000;0.00596199;0.00164527;0.0066922;0.00127155;0.00622966;0.00036744;0.00591917;0.000251083;0.00595074;6.33434e-05;0.0059751;4.32026e-05
495000;0.00594994;0.00164194;0.00667868;0.00126898;0.00621807;0.000366704;0.00591996;0.000250867;0.00595105;6.33013e-05;0.00597555;4.31516e-05
496000;0.00593795;0.00163863;0.00666522;0.00126643;0.00621794;0.000366323;0.00592669;0.000250675;0.0059522;6.32348e-05;0.00597534;4.31047e-05
497000;0.005926;0.00163534;0.0066518;0.00126388;0.00621903;0.000365853;0.00592584;0.000250384;0.00595456;6.31755e-05;0.00597595;4.30653e-05
498000;0.00609262;0.00166913;0.00667698;0.0012636;0.00621457;0.000365374;0.00592059;0.000249985;0.00595604;6.31227e-05;0.00597695;4.30289e-05
499000;0.00608041;0.00166579;0.0066636;0.00126107;0.00622532;0.000365481;0.00592641;0.000249828;0.00595504;6.30454e-05;0.00597625;4.29785e-05
500000;0.00606825;0.00166246;0.00665027;0.00125854;0.00622401;0.000364968;0.00592389;0.000249515;0.00595148;6.29551e-05;0.00597688;4.29487e-05
501000;0.00605614;0.00165914;0.006637;0.00125603;0.00622893;0.000364812;0.00592667;0.000249334;0.00595126;6.28872e-05;0.00597757;4.29083e-05
502000;0.00604407;0.00165584;0.00662378;0.00125353;0.00622545;0.000364312;0.00593115;0.000249164;0.00595103;6.28198e-05;0.00597966;4.28813e-05
503000;0.00603206;0.00165254;0.00661061;0.00125104;0.00623036;0.000364144;0.00593418;0.000249035;0.00595053;6.27398e-05;0.00598016;4.28437e-05
504000;0.00602147;0.00164927;0.00659749;0.00124856;0.00622211;0.000363511;0.00592783;0.000248626;0.00595085;6.26795e-05;0.00598115;4.28105e-05
505000;0.00600954;0.001646;0.00658443;0.00124608;0.00622085;0.000363083;0.00592472;0.000248307;0.00595001;6.2609e-05;0.00598028;4.27666e-05
506000;0.00599767;0.00164275;0.00657141;0.00124362;0.00621166;0.000362417;0.00592403;0.000248008;0.00594932;6.25463e-05;0.00598048;4.27317e-05
507000;0.00598584;0.00163951;0.00655845;0.00124117;0.00620121;0.000361712;0.00592323;0.000247704;0.00594929;6.2471e-05;0.00598036;4.26876e-05
508000;0.00597405;0.00163628;0.00655196;0.00123879;0.00619064;0.000361015;0.00592689;0.000247581;0.00594844;6.24061e-05;0.00598169;4.26566e-05
509000;0.00596232;0.00163307;0.00660946;0.00124402;0.00618713;0.000360704;0.00592914;0.000247268;0.00594693;6.23305e-05;0.00598121;4.26125e-05
510000;0.00595062;0.00162987;0.0065965;0.00124158;0.00621345;0.000361279;0.0059255;0.000246876;0.00594774;6.22672e-05;0.00598054;4.25705e-05
511000;0.00593898;0.00162668;0.00658359;0.00123915;0.00620908;0.000360734;0.00591965;0.000246487;0.00594816;6.22037e-05;0.00598154;4.25346e-05
512000;0.00592738;0.0016235;0.00659447;0.00123761;0.00620149;0.000360086;0.00592572;0.000246368;0.00594654;6.212e-05;0.00598173;4.24946e-05
513000;0.00591583;0.00162033;0.00660545;0.00123597;0.00619725;0.000359549;0.00592571;0.000246032;0.00594526;6.20392e-05;0.00598128;4.24528e-05
514000;0.00590432;0.00161718;0.0065926;0.00123356;0.00619032;0.000358991;0.00591669;0.000245574;0.00594812;6.20035e-05;0.00598087;4.24086e-05
515000;0.00589285;0.00161404;0.00658386;0.00123119;0.00618338;0.000358363;0.00591513;0.000245338;0.00594602;6.19364e-05;0.00598109;4.23659e-05
516000;0.00594741;0.00161609;0.00661002;0.00123117;0.00617674;0.000357754;0.00592037;0.000245147;0.00594639;6.18894e-05;0.00598083;4.23185e-05
517000;0.00593591;0.00161297;0.00659724;0.00122879;0.00617184;0.000357165;0.00592175;0.000244876;0.00594506;6.18241e-05;0.00598124;4.22822e-05
518000;0.00595667;0.00161109;0.0065845;0.00122642;0.00617899;0.000357176;0.00591131;0.00024441;0.00594606;6.1774e-05;0.00598071;4.22397e-05
519000;0.0059452;0.00160799;0.00657181;0.00122405;0.00617258;0.000356576;0.00590987;0.00024418;0.00594708;6.17232e-05;0.00598085;4.22039e-05
520000;0.00607685;0.00162921;0.00655918;0.0012217;0.00619175;0.000356902;0.00590796;0.000243842;0.00594411;6.16386e-05;0.00598103;4.21577e-05
521000;0.00606519;0.00162609;0.00654659;0.00121936;0.00619675;0.000356631;0.00590521;0.000243575;0.00594556;6.15879e-05;0.00598189;4.21224e-05
522000;0.00605357;0.00162297;0.00660612;0.00122519;0.00619115;0.000356023;0.00590238;0.000243292;0.00594162;6.14967e-05;0.0059819;4.20908e-05
523000;0.006042;0.00161987;0.00663239;0.00122522;0.00618064;0.000355352;0.00590517;0.000243178;0.00594183;6.14299e-05;0.00598204;4.20448e-05
524000;0.00608568;0.00162039;0.00667151;0.00122708;0.0061717;0.000354719;0.00590785;0.000243039;0.00594151;6.1376e-05;0.00598304;4.20106e-05
525000;0.00607409;0.00161731;0.00665881;0.00122475;0.00617272;0.000354291;0.00590438;0.000242723;0.00594096;6.13149e-05;0.00598403;4.1979e-05
526000;0.00606254;0.00161423;0.00664615;0.00122242;0.00616887;0.000353748;0.00590565;0.000242455;0.00594184;6.12642e-05;0.00598187;4.19279e-05
527000;0.00605103;0.00161117;0.00663354;0.0012201;0.00617455;0.0003535;0.0059125;0.000242421;0.00594185;6.12072e-05;0.00598235;4.18855e-05
528000;0.00603957;0.00160812;0.00662097;0.00121779;0.00618;0.000353422;0.00591288;0.000242157;0.00594236;6.11604e-05;0.0059834;4.18499e-05
529000;0.00602816;0.00160508;0.00660846;0.00121549;0.00618494;0.000353325;0.00591502;0.000241966;0.0059422;6.11081e-05;0.00598366;4.18093e-05
530000;0.00601678;0.00160205;0.00667739;0.00122363;0.0061768;0.000352693;0.00590978;0.000241601;0.00594374;6.10587e-05;0.00598629;4.17805e-05
531000;0.00600545;0.00159903;0.00666481;0.00122133;0.00617291;0.000352355;0.00590888;0.000241334;0.00594461;6.10024e-05;0.00598642;4.17385e-05
532000;0.00599416;0.00159603;0.00665228;0.00121904;0.00616245;0.0003517;0.00591554;0.000241303;0.00594468;6.09549e-05;0.0059864;4.17062e-05
533000;0.00615168;0.00162701;0.00665065;0.00121693;0.00615269;0.000351059;0.00591966;0.000241252;0.00594464;6.09134e-05;0.00598666;4.16719e-05
534000;0.00614016;0.00162396;0.0066382;0.00121466;0.00614457;0.000350438;0.00592002;0.000241024;0.00594598;6.08747e-05;0.00598705;4.16329e-05
535000;0.00612868;0.00162093;0.00662579;0.00121238;0.00614836;0.000350154;0.00591438;0.000240643;0.00594516;6.08106e-05;0.00598688;4.15933e-05
536000;0.00611725;0.0016179;0.00661343;0.00121012;0.00614688;0.000349826;0.00591126;0.000240409;0.00594524;6.07498e-05;0.00598674;4.15553e-05
537000;0.00610586;0.00161489;0.00661227;0.00120807;0.00615867;0.000349854;0.00591592;0.00024027;0.00594484;6.06886e-05;0.00598647;4.15144e-05
538000;0.00609451;0.00161189;0.00659998;0.00120582;0.00615006;0.000349228;0.00591335;0.000239974;0.00594336;6.06306e-05;0.00598674;4.14753e-05
539000;0.0060832;0.0016089;0.00658773;0.00120359;0.00613865;0.000348581;0.00591995;0.000239941;0.00594241;6.05593e-05;0.00598604;4.14309e-05
540000;0.00607194;0.00160592;0.00657553;0.00120136;0.00615416;0.000348765;0.00592326;0.000239781;0.00594259;6.05029e-05;0.00598488;4.13872e-05
541000;0.00606071;0.00160295;0.00656338;0.00119914;0.00616195;0.000348742;0.00592347;0.000239627;0.00594148;6.04345e-05;0.00598433;4.13468e-05
542000;0.00604953;0.00159999;0.00655127;0.00119692;0.00616173;0.000348288;0.00592465;0.000239532;0.00594108;6.03748e-05;0.00598357;4.13039e-05
543000;0.00603839;0.00159705;0.0065392;0.00119472;0.00616001;0.000347837;0.0059286;0.000239332;0.00594085;6.0311e-05;0.0059842;4.12627e-05
544000;0.00602729;0.00159411;0.00652718;0.00119252;0.00616287;0.000347481;0.00592817;0.000239164;0.00594185;6.02716e-05;0.00598481;4.12264e-05
545000;0.00601623;0.00159118;0.00651521;0.00119034;0.00617011;0.000347318;0.00592958;0.000239019;0.00594064;6.02007e-05;0.00598333;4.11853e-05
546000;0.00600521;0.00158827;0.00650327;0.00118816;0.00616348;0.000346803;0.00593536;0.000238956;0.00594064;6.01454e-05;0.00598217;4.11459e-05
547000;0.00599423;0.00158537;0.00649139;0.00118598;0.00618752;0.000347484;0.00593043;0.000238582;0.00593949;6.00807e-05;0.00598209;4.11077e-05
548000;0.00598329;0.00158247;0.00647954;0.00118382;0.00618168;0.000347014;0.00593729;0.000238492;0.00593694;6.001e-05;0.00598183;4.10653e-05
549000;0.0059724;0.00157959;0.00646774;0.00118166;0.00617719;0.000346532;0.00593161;0.000238133;0.00593678;5.99539e-05;0.00598094;4.10247e-05
550000;0.00599678;0.00157823;0.00645598;0.00117952;0.00617498;0.000346016;0.0059339;0.000237939;0.00593897;5.9905e-05;0.00597922;4.09799e-05
551000;0.00598589;0.00157537;0.00644426;0.00117738;0.0061704;0.000345556;0.00592313;0.000237508;0.00593765;5.98326e-05;0.00597961;4.09507e-05
552000;0.00597505;0.00157251;0.00643259;0.00117524;0.0061678;0.000345135;0.00592086;0.000237213;0.00593847;5.97783e-05;0.00597889;4.09073e-05
553000;0.00596424;0.00156967;0.00642095;0.00117312;0.00615665;0.000344511;0.00591763;0.000236925;0.00593962;5.97202e-05;0.00597863;4.08666e-05
554000;0.00595348;0.00156684;0.0064161;0.00117107;0.00616512;0.00034451;0.00591588;0.000236705;0.00593917;5.96616e-05;0.00597736;4.08238e-05
555000;0.00594275;0.00156401;0.00646342;0.00117465;0.00616687;0.000344306;0.00591616;0.000236487;0.00593964;5.96147e-05;0.00597709;4.07883e-05
556000;0.00593206;0.0015612;0.0064518;0.00117253;0.00616668;0.000343848;0.00592692;0.000236466;0.00593855;5.95539e-05;0.0059768;4.07563e-05
557000;0.00592141;0.0015584;0.00644021;0.00117043;0.00617182;0.000343744;0.00592718;0.00023624;0.00593665;5.94846e-05;0.005977;4.07192e-05
558000;0.0059108;0.00155561;0.00642867;0.00116833;0.00616291;0.000343141;0.00593231;0.000236161;0.00593572;5.94249e-05;0.00597597;4.0678e-05
559000;0.00590023;0.00155282;0.00650845;0.00117363;0.006155;0.000342581;0.00592815;0.000235856;0.00593637;5.93704e-05;0.00597559;4.06414e-05
560000;0.00588969;0.00155005;0.00649683;0.00117153;0.00615802;0.000342354;0.00593755;0.000235874;0.00593331;5.93091e-05;0.00597685;4.06091e-05
561000;0.00587919;0.00154729;0.00648525;0.00116944;0.00615227;0.000341833;0.00595209;0.000236106;0.00593423;5.92538e-05;0.00597728;4.05753e-05
562000;0.00586873;0.00154453;0.00647371;0.00116736;0.00614962;0.000341375;0.00594772;0.000235777;0.00593422;5.91976e-05;0.0059771;4.05378e-05
563000;0.00585831;0.00154179;0.00646221;0.00116529;0.00614522;0.000340896;0.00594086;0.000235396;0.00593312;5.91383e-05;0.00597619;4.04953e-05
564000;0.00587886;0.00154025;0.00645075;0.00116322;0.00614888;0.000340627;0.00593394;0.000235009;0.00593489;5.90935e-05;0.00597601;4.04588e-05
565000;0.00586845;0.00153752;0.00643933;0.00116117;0.00614132;0.000340087;0.00593125;0.000234719;0.00593639;5.9051e-05;0.00597623;4.04182e-05
566000;0.00585809;0.00153481;0.00649676;0.00116693;0.00613047;0.000339487;0.00592357;0.000234329;0.00593699;5.90031e-05;0.00597559;4.03767e-05
567000;0.00584775;0.0015321;0.00648531;0.00116487;0.00613047;0.000339233;0.00592166;0.000234049;0.00593793;5.8965e-05;0.00597617;4.03416e-05
568000;0.00583746;0.0015294;0.00647389;0.00116282;0.00613524;0.000338971;0.00591938;0.000233816;0.00593715;5.89077e-05;0.0059747;4.03009e-05
569000;0.0058272;0.00152672;0.00646251;0.00116078;0.00612672;0.000338389;0.00591534;0.000233495;0.00593511;5.88421e-05;0.00597464;4.02655e-05
570000;0.00591225;0.00153543;0.00645117;0.00115874;0.00613254;0.000338189;0.0059101;0.000233167;0.00593474;5.87882e-05;0.00597367;4.02208e-05
571000;0.00590189;0.00153274;0.00643988;0.00115671;0.00613006;0.000337984;0.00591591;0.000233138;0.00593536;5.87469e-05;0.00597388;4.01866e-05
572000;0.00589157;0.00153006;0.00642862;0.00115469;0.00612617;0.00033758;0.00591801;0.000232974;0.00593574;5.869e-05;0.00597354;4.01497e-05
573000;0.00588129;0.00152739;0.00645838;0.00115547;0.00612122;0.000337089;0.00591499;0.000232721;0.00593732;5.86562e-05;0.00597432;4.01179e-05
574000;0.00587105;0.00152473;0.00648301;0.0011556;0.00611509;0.00033659;0.00590766;0.000232336;0.00593617;5.85916e-05;0.00597305;4.00767e-05
575000;0.00586084;0.00152208;0.00647174;0.00115359;0.00610671;0.000336034;0.00591602;0.000232291;0.00593752;5.85505e-05;0.00597283;4.00372e-05
576000;0.00585066;0.00151944;0.0064605;0.00115159;0.00611282;0.000335818;0.00591383;0.000232026;0.00593627;5.84839e-05;0.00597137;3.99909e-05
577000;0.00584052;0.00151681;0.00649684;0.00115336;0.00610223;0.000335237;0.00591257;0.000231761;0.0059324;5.84103e-05;0.0059719;3.99617e-05
578000;0.00583042;0.00151418;0.0064856;0.00115136;0.00611129;0.000335286;0.00590872;0.000231474;0.00593342;5.83601e-05;0.00597155;3.99206e-05
579000;0.00582035;0.00151157;0.00650844;0.00115131;0.00610124;0.000334709;0.0059096;0.000231233;0.00593255;5.82991e-05;0.0059728;3.98905e-05
580000;0.00581031;0.00150896;0.00649722;0.00114932;0.00611888;0.000334774;0.00591897;0.000231227;0.00593289;5.82568e-05;0.00597194;3.98533e-05
581000;0.00580031;0.00150636;0.00648603;0.00114735;0.00611336;0.000334343;0.00591842;0.000231041;0.00593351;5.8206e-05;0.00597183;3.98141e-05
582000;0.00579034;0.00150378;0.00647489;0.00114538;0.00610286;0.000333769;0.00592361;0.000230913;0.00593426;5.81563e-05;0.00597285;3.97844e-05
583000;0.00578041;0.0015012;0.00649966;0.00114557;0.00609957;0.000333493;0.00592089;0.000230645;0.00593261;5.80946e-05;0.00597213;3.97443e-05
584000;0.00582135;0.00150193;0.00648853;0.00114361;0.00608912;0.000332923;0.00591903;0.000230377;0.00593408;5.80537e-05;0.00597232;3.97089e-05
585000;0.0058114;0.00149937;0.00647744;0.00114165;0.006079;0.000332355;0.00592386;0.000230257;0.00593482;5.80148e-05;0.00597139;3.96741e-05
586000;0.00580148;0.00149681;0.00646639;0.00113971;0.00608138;0.000332111;0.00592512;0.000230094;0.00593575;5.79729e-05;0.00597123;3.96426e-05
587000;0.0057916;0.00149426;0.00652808;0.00114665;0.00608371;0.000331897;0.00592567;0.000229901;0.00593914;5.79498e-05;0.00597123;3.96075e-05
588000;0.00578175;0.00149172;0.00651698;0.0011447;0.00608864;0.000331687;0.0059293;0.000229744;0.00593827;5.7896e-05;0.00597138;3.95705e-05
589000;0.00577193;0.00148918;0.00650592;0.00114276;0.00608279;0.000331241;0.00592554;0.000229515;0.0059369;5.78389e-05;0.00596975;3.953e-05
590000;0.00576215;0.00148666;0.00649489;0.00114082;0.00608592;0.000330963;0.00592093;0.000229191;0.00593722;5.77895e-05;0.00596937;3.94928e-05
591000;0.0057524;0.00148414;0.0064839;0.00113889;0.00608712;0.000330678;0.0059302;0.000229175;0.00593811;5.77449e-05;0.00596969;3.94559e-05
592000;0.00574268;0.00148164;0.00647295;0.00113697;0.00608478;0.000330205;0.00593019;0.000228983;0.00593756;5.76953e-05;0.0059686;3.94192e-05
593000;0.005733;0.00147914;0.00646203;0.00113505;0.00608386;0.000329856;0.0059215;0.000228604;0.00593607;5.76343e-05;0.00596898;3.93842e-05
594000;0.00572335;0.00147665;0.00652419;0.0011377;0.00608676;0.000329604;0.00591907;0.000228369;0.00593541;5.75772e-05;0.00596935;3.9353e-05
595000;0.00571373;0.00147417;0.00651322;0.00113579;0.00609044;0.000329428;0.00591154;0.000228022;0.00593411;5.75153e-05;0.00596903;3.93219e-05
596000;0.00570414;0.00147169;0.00650229;0.00113388;0.00610376;0.000329546;0.005909;0.000227762;0.00593288;5.74544e-05;0.00596977;3.92906e-05
597000;0.00574356;0.00147236;0.0064914;0.00113198;0.00610289;0.000329293;0.00590993;0.000227558;0.00593369;5.74078e-05;0.00597024;3.92561e-05
598000;0.00573396;0.0014699;0.00648055;0.00113009;0.00610068;0.000328953;0.00591834;0.000227594;0.00593341;5.7352e-05;0.0059702;3.92186e-05
599000;0.00572439;0.00146745;0.00646973;0.0011282;0.00610374;0.000328784;0.00591586;0.000227335;0.0059347;5.73045e-05;0.00597002;3.91812e-05
600000;0.00571485;0.001465;0.00645894;0.00112632;0.00611394;0.000328828;0.00591462;0.000227171;0.00593542;5.72592e-05;0.00596971;3.91462e-05
601000;0.00570534;0.00146256;0.0064482;0.00112445;0.00611732;0.000328763;0.00591275;0.000226958;0.00593614;5.72061e-05;0.00596994;3.91177e-05
602000;0.00569586;0.00146013;0.00643749;0.00112258;0.00613116;0.000328968;0.00591443;0.000226787;0.00593569;5.71571e-05;0.0059708;3.90908e-05
603000;0.00568641;0.00145771;0.00642681;0.00112072;0.00612405;0.000328439;0.00590494;0.000226413;0.0059335;5.71024e-05;0.00597078;3.9054e-05
604000;0.005677;0.0014553;0.00641617;0.00111887;0.00612934;0.000328296;0.00590678;0.000226257;0.00593339;5.70499e-05;0.00597159;3.9025e-05
605000;0.00566762;0.00145289;0.00642579;0.00111772;0.0061313;0.000327979;0.00591213;0.000226242;0.00593502;5.70093e-05;0.00597377;3.90063e-05
606000;0.00565826;0.0014505;0.00641519;0.00111588;0.00613124;0.000327666;0.0059108;0.000226054;0.00593375;5.69509e-05;0.00597341;3.89719e-05
607000;0.00564894;0.00144811;0.00640462;0.00111404;0.00612479;0.000327176;0.00591067;0.000225825;0.00593309;5.68966e-05;0.00597246;3.89356e-05
608000;0.00563965;0.00144572;0.00643387;0.00111493;0.00612636;0.000326854;0.00590246;0.000225473;0.00593413;5.68492e-05;0.00597164;3.88991e-05
609000;0.00563039;0.00144335;0.00645263;0.00111387;0.00612316;0.000326461;0.00589797;0.00022517;0.00593461;5.68067e-05;0.00597142;3.88639e-05
610000;0.00562116;0.00144098;0.00644205;0.00111204;0.00611672;0.000326003;0.00590277;0.000225103;0.00593623;5.67727e-05;0.00597144;3.88319e-05
611000;0.00561196;0.00143863;0.00643151;0.00111022;0.006109;0.000325498;0.00590772;0.000225041;0.00593766;5.6739e-05;0.00597089;3.88017e-05
612000;0.00560279;0.00143628;0.006421;0.00110841;0.00611267;0.000325341;0.00591692;0.000225088;0.00593847;5.67083e-05;0.00597125;3.87872e-05
613000;0.00559365;0.00143393;0.00641052;0.0011066;0.00610636;0.000324848;0.00591346;0.000224833;0.0059396;5.66607e-05;0.00597053;3.87505e-05
614000;0.00558454;0.0014316;0.00640008;0.0011048;0.00610115;0.000324382;0.00591599;0.000224748;0.00593934;5.66095e-05;0.00597034;3.87142e-05
615000;0.00557546;0.00142927;0.00638967;0.001103;0.00610314;0.000324197;0.00591549;0.000224546;0.00593934;5.6567e-05;0.00596959;3.8681e-05
616000;0.00556641;0.00142695;0.0063793;0.00110121;0.00609847;0.00032376;0.00591044;0.000224217;0.00593964;5.65211e-05;0.00597011;3.86587e-05
617000;0.00555739;0.00142464;0.00636896;0.00109943;0.00609971;0.000323603;0.00591501;0.000224138;0.00593949;5.64787e-05;0.00596934;3.86228e-05
618000;0.00554839;0.00142233;0.00635866;0.00109765;0.00609497;0.000323184;0.00590864;0.000223809;0.0059402;5.64488e-05;0.00596882;3.85852e-05
619000;0.00553943;0.00142003;0.00635911;0.00109608;0.00610264;0.000323285;0.00590583;0.000223539;0.00594063;5.63996e-05;0.00596914;3.85518e-05
620000;0.0055305;0.00141774;0.00637247;0.00109529;0.00609279;0.000322764;0.00590919;0.000223436;0.00594184;5.63662e-05;0.00596771;3.85119e-05
621000;0.00552159;0.00141546;0.00636221;0.00109353;0.00609419;0.000322535;0.00590697;0.000223248;0.00594245;5.63357e-05;0.00596783;3.84785e-05
622000;0.00551271;0.00141319;0.00640496;0.00109669;0.00609614;0.000322252;0.0059061;0.00022303;0.00594248;5.62856e-05;0.0059686;3.84562e-05
623000;0.00550387;0.00141092;0.00639468;0.00109493;0.00608636;0.000321736;0.00590745;0.000222821;0.00594232;5.62335e-05;0.0059706;3.84277e-05
624000;0.00549504;0.00140866;0.00641987;0.00109538;0.0060908;0.000321747;0.00591453;0.000222807;0.00594244;5.61818e-05;0.00596974;3.83886e-05
625000;0.00548625;0.0014064;0.00640959;0.00109363;0.00609391;0.000321597;0.00591213;0.000222584;0.00594042;5.61201e-05;0.00596902;3.83501e-05
626000;0.00547749;0.00140416;0.00646316;0.00109902;0.00610167;0.000321651;0.00590714;0.000222293;0.0059419;5.60833e-05;0.00596873;3.83198e-05
627000;0.00546875;0.00140192;0.00645285;0.00109726;0.00610055;0.000321399;0.00590906;0.000222164;0.00594078;5.60325e-05;0.0059687;3.829e-05
628000;0.00546004;0.00139968;0.00649497;0.00110032;0.00609176;0.000320893;0.00590759;0.000221911;0.00594051;5.59893e-05;0.00596815;3.82561e-05
629000;0.00545136;0.00139746;0.00648465;0.00109857;0.00608773;0.000320504;0.00590561;0.000221687;0.00594001;5.59428e-05;0.00596901;3.82273e-05
630000;0.00544271;0.00139524;0.00647435;0.00109683;0.00607807;0.000319996;0.00589854;0.000221359;0.00594018;5.59041e-05;0.00597028;3.82041e-05
631000;0.00543409;0.00139303;0.00646409;0.00109509;0.00607051;0.000319515;0.00589451;0.000221114;0.00594107;5.5866e-05;0.00596969;3.81693e-05
632000;0.00542549;0.00139083;0.00645387;0.00109335;0.00606291;0.000319028;0.0059015;0.000221079;0.00594229;5.5849e-05;0.00596895;3.81295e-05
633000;0.00541692;0.00138863;0.00644367;0.00109163;0.00605621;0.000318542;0.00589839;0.000220898;0.00594215;5.5799e-05;0.00596957;3.81074e-05
634000;0.00540837;0.00138644;0.00648623;0.00109479;0.00606417;0.000318404;0.00590117;0.000220771;0.00594278;5.57534e-05;0.00597016;3.80805e-05
635000;0.00539986;0.00138426;0.00647601;0.00109307;0.00606216;0.000318079;0.00590571;0.000220707;0.00594204;5.57155e-05;0.00596949;3.80452e-05
636000;0.00539136;0.00138208;0.00646583;0.00109135;0.00606291;0.000317797;0.00590652;0.000220533;0.00594231;5.56691e-05;0.00596962;3.80135e-05
637000;0.0053829;0.00137991;0.00650968;0.00109476;0.0060623;0.000317493;0.00590368;0.000220284;0.00594206;5.56219e-05;0.0059687;3.79769e-05
638000;0.00537446;0.00137775;0.00649948;0.00109305;0.006062;0.000317153;0.00590346;0.00022008;0.00594107;5.55645e-05;0.00596887;3.7945e-05
639000;0.00536605;0.00137559;0.00648931;0.00109134;0.00605662;0.000316707;0.00591167;0.000220108;0.00594206;5.55233e-05;0.00596938;3.79153e-05
640000;0.00535767;0.00137344;0.00647917;0.00108963;0.00605373;0.000316324;0.00591057;0.000219873;0.00594232;5.54987e-05;0.00596964;3.7884e-05
641000;0.00534931;0.0013713;0.00646906;0.00108793;0.00605054;0.000316036;0.00590461;0.000219561;0.00594207;5.54594e-05;0.00597035;3.78585e-05
642000;0.00534098;0.00136916;0.00645898;0.00108624;0.00605062;0.000315834;0.0058987;0.000219307;0.00594171;5.54175e-05;0.00597113;3.78314e-05
643000;0.00533267;0.00136703;0.00644894;0.00108455;0.00604121;0.000315343;0.00589797;0.000219129;0.00594153;5.53764e-05;0.0059705;3.78026e-05
644000;0.00532439;0.00136491;0.00643893;0.00108286;0.00604105;0.000315117;0.005896;0.000218895;0.00594292;5.53379e-05;0.0059722;3.77816e-05
645000;0.00531614;0.00136279;0.00642894;0.00108119;0.00603169;0.000314629;0.00589205;0.000218676;0.00594352;5.52972e-05;0.00597195;3.7751e-05
646000;0.00530791;0.00136069;0.00644144;0.00108041;0.00604299;0.000314926;0.00588982;0.000218458;0.00594385;5.52572e-05;0.00597137;3.77175e-05
647000;0.0052997;0.00135858;0.00646827;0.00107996;0.00604922;0.000314818;0.00589716;0.000218346;0.00594346;5.52133e-05;0.00597131;3.76892e-05
648000;0.00529152;0.00135649;0.00649973;0.00108135;0.0060612;0.000314756;0.00589881;0.000218207;0.00594374;5.51768e-05;0.00597083;3.76552e-05
649000;0.00528337;0.0013544;0.00648972;0.00107968;0.00605832;0.000314461;0.00590021;0.000218135;0.00594319;5.51302e-05;0.00596993;3.76211e-05
650000;0.00527524;0.00135231;0.00647973;0.00107802;0.0060549;0.000314089;0.00589874;0.000217917;0.00594504;5.51008e-05;0.00596998;3.75977e-05
651000;0.00526714;0.00135023;0.00652848;0.0010825;0.00605542;0.00031384;0.005898;0.000217745;0.00594479;5.50553e-05;0.0059706;3.75709e-05
652000;0.00527248;0.00134842;0.00651847;0.00108084;0.00605333;0.000313645;0.00589752;0.000217555;0.00594293;5.50042e-05;0.00597068;3.75438e-05
653000;0.00526441;0.00134636;0.00650848;0.00107918;0.00604658;0.000313204;0.00590534;0.00021754;0.00594183;5.49526e-05;0.00597099;3.75218e-05
654000;0.00539228;0.00137044;0.00649853;0.00107753;0.00605052;0.00031309;0.00590675;0.000217445;0.00594144;5.49079e-05;0.00597014;3.74925e-05
655000;0.00538405;0.00136835;0.00648861;0.00107589;0.0060539;0.000312908;0.00590474;0.000217252;0.00594198;5.48764e-05;0.00597064;3.74668e-05
656000;0.00537584;0.00136626;0.00647872;0.00107425;0.00605532;0.000312741;0.0059015;0.000217001;0.00594131;5.48326e-05;0.00597007;3.74361e-05
657000;0.00536766;0.00136418;0.0065437;0.00107685;0.00605016;0.000312328;0.00590383;0.000216862;0.00594194;5.47926e-05;0.0059701;3.74079e-05
658000;0.00544909;0.00137338;0.00653375;0.00107521;0.00604806;0.000312072;0.00590985;0.000216844;0.0059426;5.47487e-05;0.00597003;3.7379e-05
659000;0.00544083;0.00137129;0.00652384;0.00107358;0.00604748;0.000311813;0.00591013;0.000216674;0.00594484;5.47447e-05;0.00596982;3.73476e-05
660000;0.00549997;0.00137557;0.00653108;0.00107239;0.00604881;0.000311579;0.00590838;0.000216463;0.00594802;5.47308e-05;0.00597107;3.73222e-05
661000;0.00549165;0.00137349;0.00658129;0.00107722;0.00604327;0.000311149;0.00590521;0.000216238;0.00594767;5.46938e-05;0.00597193;3.7299e-05
662000;0.00559147;0.00138769;0.00657135;0.00107559;0.00603964;0.000310866;0.00590759;0.000216113;0.00594639;5.46407e-05;0.00597162;3.72721e-05
663000;0.00558304;0.0013856;0.00662161;0.00108042;0.00603931;0.000310649;0.00590048;0.000215802;0.00594544;5.45898e-05;0.00597184;3.72424e-05
664000;0.00557463;0.00138351;0.00661164;0.0010788;0.00603623;0.00031031;0.00589463;0.000215509;0.00594602;5.45511e-05;0.00597209;3.72162e-05
665000;0.00556625;0.00138143;0.00663963;0.00107974;0.00603438;0.000310027;0.00589374;0.000215316;0.00594648;5.45028e-05;0.00597155;3.71869e-05
666000;0.00557193;0.00137963;0.00662966;0.00107812;0.00604489;0.000310058;0.00589879;0.000215213;0.00594693;5.44621e-05;0.00597197;3.71586e-05
667000;0.00556358;0.00137756;0.00661972;0.0010765;0.00604004;0.000309703;0.00589771;0.000215039;0.00594713;5.44222e-05;0.00597238;3.71399e-05
668000;0.00565245;0.00138863;0.00660982;0.00107489;0.00604061;0.000309467;0.00590483;0.000215047;0.00594717;5.43813e-05;0.00597377;3.71142e-05
669000;0.005644;0.00138655;0.00665187;0.0010781;0.00604406;0.000309289;0.00590008;0.00021477;0.00594529;5.43325e-05;0.00597402;3.70848e-05
670000;0.00563558;0.00138448;0.00664195;0.00107649;0.00604511;0.000309089;0.00590507;0.000214748;0.0059467;5.42987e-05;0.00597444;3.70612e-05
671000;0.00562718;0.00138242;0.00663205;0.00107488;0.00604071;0.000308691;0.00589679;0.00021443;0.00594767;5.42793e-05;0.00597522;3.70366e-05
672000;0.00561881;0.00138036;0.00664148;0.00107395;0.00603711;0.00030836;0.00589421;0.000214188;0.00594713;5.42366e-05;0.00597423;3.70036e-05
673000;0.00561046;0.00137831;0.00663161;0.00107236;0.00603721;0.000308031;0.00589003;0.000213965;0.005945;5.41801e-05;0.00597427;3.69783e-05
674000;0.00560213;0.00137627;0.00662177;0.00107076;0.00603265;0.000307645;0.00588866;0.000213815;0.00594587;5.4145e-05;0.0059734;3.69478e-05
675000;0.00571231;0.00139371;0.00661196;0.00106918;0.00603615;0.000307504;0.00588714;0.00021366;0.0059454;5.41028e-05;0.00597387;3.69173e-05
676000;0.00570386;0.00139165;0.00666276;0.00107418;0.00603888;0.000307376;0.00588347;0.000213433;0.00594623;5.40601e-05;0.0059753;3.68948e-05
677000;0.00575651;0.00139473;0.00665292;0.00107259;0.00604352;0.000307195;0.00589216;0.000213445;0.00594634;5.40231e-05;0.00597532;3.68675e-05
678000;0.00578879;0.00139497;0.00664311;0.00107101;0.006055;0.000307422;0.00589365;0.000213307;0.00594563;5.39866e-05;0.00597438;3.68407e-05
679000;0.00578026;0.00139291;0.00663332;0.00106943;0.00604846;0.000307005;0.00589975;0.000213305;0.00594674;5.39523e-05;0.00597473;3.68158e-05
680000;0.00586466;0.00140273;0.00662357;0.00106786;0.00604805;0.000306733;0.00590752;0.000213302;0.00594646;5.39099e-05;0.0059746;3.67887e-05
681000;0.00585605;0.00140067;0.00661384;0.00106629;0.00605189;0.000306641;0.00591338;0.000213275;0.00594546;5.3861e-05;0.00597426;3.67583e-05
682000;0.00584746;0.00139862;0.00660415;0.00106473;0.00606749;0.000306698;0.00591458;0.000213096;0.00594604;5.3821e-05;0.00597394;3.67272e-05
683000;0.0058389;0.00139657;0.00659507;0.00106317;0.00606175;0.000306273;0.00591647;0.000212952;0.00594584;5.37726e-05;0.00597406;3.66983e-05
684000;0.00583036;0.00139453;0.00660703;0.00106246;0.0060532;0.000305826;0.00591909;0.000212836;0.00594694;5.37472e-05;0.00597581;3.66762e-05
685000;0.00582185;0.00139249;0.00659738;0.00106091;0.00605422;0.000305591;0.00592422;0.000212884;0.00594701;5.37063e-05;0.00597572;3.66456e-05
686000;0.00581336;0.00139046;0.00658777;0.00105936;0.00605643;0.000305516;0.00592127;0.000212643;0.00594598;5.36626e-05;0.00597559;3.66236e-05
687000;0.0058049;0.00138844;0.00657818;0.00105782;0.00605505;0.000305257;0.00592194;0.000212511;0.00594533;5.36168e-05;0.00597573;3.6597e-05
688000;0.00587576;0.0013951;0.00656862;0.00105628;0.00605166;0.000304997;0.00592072;0.00021228;0.00594578;5.35824e-05;0.00597546;3.65676e-05
689000;0.00586723;0.00139308;0.00655908;0.00105475;0.00605227;0.000304772;0.00592407;0.000212227;0.0059456;5.35494e-05;0.00597542;3.65382e-05
690000;0.00585873;0.00139106;0.00660504;0.00105882;0.00605078;0.000304454;0.00593062;0.000212207;0.00594617;5.35094e-05;0.00597525;3.65111e-05
691000;0.00585025;0.00138905;0.00659548;0.00105728;0.00604658;0.000304115;0.00593846;0.000212169;0.00594552;5.3465e-05;0.00597531;3.64825e-05
692000;0.0058418;0.00138704;0.00658595;0.00105576;0.00604286;0.000303753;0.00594943;0.000212299;0.00594477;5.34186e-05;0.00597577;3.64601e-05
693000;0.00583337;0.00138504;0.00657645;0.00105423;0.00603472;0.000303316;0.0059496;0.000212134;0.00594435;5.33795e-05;0.00597531;3.64342e-05
694000;0.00582496;0.00138304;0.00658635;0.0010534;0.00602919;0.000302943;0.00595438;0.000212061;0.00594441;5.33386e-05;0.0059756;3.64074e-05
695000;0.00581658;0.00138105;0.00657687;0.00105188;0.00603756;0.00030288;0.00595309;0.000211863;0.00594297;5.33021e-05;0.00597509;3.63772e-05
696000;0.00580823;0.00137907;0.00656742;0.00105037;0.00603922;0.000302732;0.00595818;0.000211816;0.00594394;5.3275e-05;0.00597615;3.63561e-05
697000;0.00579989;0.00137709;0.006558;0.00104886;0.00603796;0.00030243;0.00596704;0.000211838;0.00594335;5.32363e-05;0.00597545;3.63315e-05
698000;0.00579158;0.00137512;0.0065486;0.00104736;0.00604269;0.000302199;0.00596678;0.00021164;0.00594428;5.31958e-05;0.00597535;3.63028e-05
699000;0.0057833;0.00137315;0.00654275;0.00104589;0.00605352;0.000302441;0.00596642;0.000211494;0.00594324;5.31492e-05;0.00597609;3.62819e-05
700000;0.00577504;0.00137119;0.0065334;0.00104439;0.00605172;0.000302183;0.00596692;0.000211359;0.00594211;5.31024e-05;0.00597551;3.62534e-05
701000;0.0057668;0.00136923;0.00652408;0.0010429;0.00607828;0.00030291;0.00596883;0.000211236;0.00594161;5.30695e-05;0.00597539;3.62268e-05
702000;0.00575858;0.00136728;0.00651479;0.00104142;0.00608109;0.000302898;0.00596752;0.000211075;0.00593991;5.30186e-05;0.00597674;3.6208e-05
703000;0.00575039;0.00136534;0.00650552;0.00103994;0.00608573;0.000302879;0.00596841;0.000210979;0.00593932;5.29733e-05;0.00597739;3.61865e-05
704000;0.00574222;0.0013634;0.00654914;0.00104361;0.00608494;0.000302676;0.00597028;0.000210917;0.00593973;5.294e-05;0.00597677;3.6156e-05
705000;0.00575433;0.00136204;0.00653985;0.00104213;0.00608194;0.000302448;0.00597269;0.000210857;0.00593869;5.28901e-05;0.00597705;3.61295e-05
706000;0.00574618;0.00136011;0.00653059;0.00104066;0.00607397;0.000302023;0.0059726;0.000210716;0.00593886;5.28521e-05;0.00597709;3.6102e-05
707000;0.00573805;0.00135819;0.00652135;0.00103919;0.00607185;0.000301841;0.00596792;0.000210497;0.00593877;5.28195e-05;0.00597839;3.608e-05
708000;0.00572995;0.00135627;0.00656917;0.00104372;0.00607311;0.00030164;0.00596495;0.00021027;0.00593769;5.27742e-05;0.00597808;3.60524e-05
709000;0.00572187;0.00135436;0.00655991;0.00104225;0.00607781;0.000301606;0.00596723;0.000210193;0.005938;5.27443e-05;0.0059776;3.6022e-05
710000;0.00571381;0.00135245;0.00655067;0.00104078;0.00607698;0.000301392;0.00596608;0.000210015;0.00593818;5.2711e-05;0.00597789;3.60038e-05
711000;0.00570577;0.00135055;0.00656635;0.00104046;0.00607762;0.000301191;0.00596311;0.000209855;0.00593741;5.26647e-05;0.00597878;3.59791e-05
712000;0.00569776;0.00134865;0.00655713;0.001039;0.00608211;0.000301087;0.00596726;0.000209789;0.0059371;5.26264e-05;0.00597918;3.59625e-05
713000;0.00568977;0.00134676;0.00654793;0.00103754;0.00607362;0.000300665;0.00596998;0.000209693;0.0059383;5.2612e-05;0.00597989;3.59364e-05
714000;0.0056818;0.00134487;0.00653876;0.00103609;0.0060733;0.000300388;0.00596596;0.000209491;0.00593839;5.25707e-05;0.00598008;3.59127e-05
715000;0.00567385;0.00134299;0.00652961;0.00103464;0.00606789;0.000300029;0.00596977;0.000209473;0.00593957;5.25344e-05;0.00598001;3.58868e-05
716000;0.00566593;0.00134112;0.00652049;0.00103319;0.00607408;0.00030008;0.00597783;0.000209514;0.00594067;5.2496e-05;0.00598062;3.58599e-05
717000;0.00565803;0.00133925;0.0065114;0.00103175;0.00606603;0.000299663;0.00597168;0.000209234;0.00593883;5.24492e-05;0.00598048;3.5834e-05
718000;0.00565015;0.00133738;0.00650233;0.00103032;0.00605994;0.000299269;0.00597731;0.000209159;0.00593761;5.24e-05;0.00597997;3.58067e-05
719000;0.00571435;0.00134297;0.00649329;0.00102888;0.00606201;0.000299032;0.005978;0.000209037;0.00593829;5.23607e-05;0.00597977;3.57791e-05
720000;0.00570642;0.0013411;0.00648427;0.00102745;0.00606865;0.000299009;0.00597888;0.000208981;0.00593917;5.23296e-05;0.00597959;3.57548e-05
721000;0.00575627;0.00134402;0.00647528;0.00102603;0.00606864;0.00029875;0.00598402;0.000208986;0.00593936;5.22941e-05;0.00597968;3.57291e-05
722000;0.00574829;0.00134216;0.00646631;0.00102461;0.00607039;0.000298525;0.00598481;0.000208838;0.00593795;5.2249e-05;0.00598051;3.57058e-05
723000;0.00574034;0.0013403;0.00645736;0.00102319;0.00607528;0.000298523;0.00598048;0.000208616;0.00593818;5.22141e-05;0.00598181;3.56887e-05
724000;0.00573242;0.00133845;0.00644844;0.00102178;0.00608096;0.000298472;0.00598607;0.000208541;0.00593832;5.21729e-05;0.00598166;3.56618e-05
725000;0.00572451;0.00133661;0.00643955;0.00102037;0.00608607;0.000298346;0.00598414;0.000208344;0.00593747;5.2132e-05;0.00598239;3.56399e-05
726000;0.00571662;0.00133476;0.00643068;0.00101896;0.00608209;0.000298002;0.00598746;0.000208266;0.00593857;5.20962e-05;0.00598298;3.5617e-05
727000;0.00570876;0.00133293;0.00647563;0.00102301;0.0060773;0.000297675;0.00599143;0.000208213;0.00593878;5.20615e-05;0.00598252;3.55908e-05
728000;0.00570092;0.0013311;0.00646733;0.00102161;0.00607823;0.000297462;0.00599588;0.00020816;0.00593943;5.20351e-05;0.00598175;3.55622e-05
729000;0.0056931;0.00132927;0.00645846;0.0010202;0.00607545;0.000297154;0.00599602;0.000208047;0.00593914;5.19911e-05;0.00598157;3.55365e-05
730000;0.0056853;0.00132745;0.00644961;0.00101881;0.00607347;0.000296842;0.00600445;0.000208102;0.00593849;5.19542e-05;0.00598173;3.55123e-05
731000;0.00567752;0.00132563;0.00644079;0.00101741;0.00606766;0.000296457;0.00600237;0.000207892;0.00593696;5.19111e-05;0.00598091;3.54823e-05
732000;0.00566977;0.00132382;0.00643199;0.00101602;0.0060735;0.00029639;0.00600547;0.000207837;0.0059353;5.18652e-05;0.00598188;3.54631e-05
733000;0.00566203;0.00132202;0.00642322;0.00101464;0.00607345;0.000296248;0.00600529;0.000207689;0.00593801;5.18512e-05;0.00598122;3.54365e-05
734000;0.00565432;0.00132022;0.00641447;0.00101325;0.0060689;0.000295894;0.00599916;0.000207432;0.00593728;5.18075e-05;0.00598001;3.54097e-05
735000;0.00564662;0.00131842;0.00645672;0.0010168;0.00606868;0.000295622;0.00599663;0.000207208;0.00593673;5.17689e-05;0.00598021;3.53841e-05
736000;0.00563895;0.00131663;0.00644795;0.00101542;0.00607596;0.000295514;0.00599566;0.000207038;0.00593821;5.17412e-05;0.00597978;3.53594e-05
737000;0.0056313;0.00131484;0.0064392;0.00101404;0.00606771;0.000295113;0.00599469;0.00020687;0.00593904;5.17055e-05;0.00598068;3.53409e-05
738000;0.00562367;0.00131306;0.00643048;0.00101266;0.00607031;0.000294918;0.00599876;0.00020679;0.00594025;5.16735e-05;0.0059807;3.53179e-05
739000;0.00561606;0.00131128;0.00642177;0.00101129;0.00606594;0.000294615;0.00600155;0.000206721;0.0059397;5.1635e-05;0.00598;3.529e-05
740000;0.00560847;0.00130951;0.0064131;0.00100993;0.00606458;0.000294337;0.00599973;0.000206582;0.00593987;5.15956e-05;0.00597993;3.52656e-05
741000;0.0056009;0.00130775;0.00640444;0.00100856;0.00606543;0.00029418;0.00599453;0.000206382;0.00593929;5.1559e-05;0.00598037;3.52474e-05
742000;0.00559335;0.00130598;0.00639581;0.00100721;0.00606737;0.000294019;0.00600206;0.000206377;0.00593934;5.15185e-05;0.00597964;3.52185e-05
743000;0.00558583;0.00130423;0.00642484;0.00100855;0.00606881;0.000293933;0.00599947;0.000206186;0.00593966;5.14826e-05;0.00597954;3.5192e-05
744000;0.00557832;0.00130247;0.0064162;0.00100719;0.00607631;0.000293935;0.00600274;0.000206105;0.00593894;5.14439e-05;0.0059804;3.51756e-05
745000;0.00557083;0.00130072;0.00643022;0.00100682;0.00608239;0.00029395;0.00600212;0.000205966;0.00593981;5.14114e-05;0.00597868;3.51425e-05
746000;0.00556901;0.00129903;0.0064216;0.00100547;0.00608467;0.000293766;0.00600236;0.000205811;0.00593912;5.13713e-05;0.00597918;3.51203e-05
747000;0.00565591;0.00131041;0.00643924;0.00100544;0.0060843;0.000293571;0.00599958;0.00020562;0.00594067;5.13524e-05;0.00597966;3.51004e-05
748000;0.00564835;0.00130865;0.00643064;0.0010041;0.00608137;0.000293239;0.0059949;0.000205396;0.00594076;5.13111e-05;0.00597964;3.50752e-05
749000;0.00564081;0.00130691;0.00642205;0.00100276;0.00607888;0.000293055;0.00599101;0.00020517;0.0059393;5.12719e-05;0.00597898;3.50493e-05
750000;0.00563329;0.00130516;0.00641349;0.00100142;0.00607145;0.000292667;0.00599127;0.000205036;0.00594067;5.12473e-05;0.00597882;3.50228e-05
751000;0.00562579;0.00130343;0.00640495;0.00100009;0.00606499;0.000292288;0.00599024;0.000204878;0.0059406;5.12058e-05;0.00597839;3.49977e-05
752000;0.00561831;0.00130169;0.00639643;0.000998755;0.00606493;0.000292077;0.00598813;0.0002047;0.0059413;5.11783e-05;0.00597855;3.49733e-05
753000;0.00561085;0.00129996;0.00638794;0.000997429;0.00606475;0.000291813;0.00598917;0.000204555;0.00594071;5.11369e-05;0.00597793;3.49457e-05
754000;0.00571914;0.00131791;0.00637946;0.000996106;0.00606007;0.00029149;0.00598804;0.000204429;0.00594131;5.11039e-05;0.00597753;3.49202e-05
755000;0.00582745;0.00133561;0.00637101;0.000994787;0.0060669;0.000291447;0.00598736;0.000204258;0.00594321;5.10814e-05;0.00597649;3.48933e-05
756000;0.00581974;0.00133384;0.00640469;0.000996891;0.00606526;0.000291162;0.00598306;0.000204035;0.00594346;5.10472e-05;0.00597681;3.48714e-05
757000;0.00581205;0.00133208;0.00639622;0.000995574;0.00606833;0.000291182;0.00598049;0.000203828;0.00594344;5.10069e-05;0.00597709;3.4851e-05
758000;0.00580438;0.00133033;0.00638779;0.000994261;0.00606352;0.00029083;0.00597892;0.000203657;0.00594456;5.09825e-05;0.00597757;3.48289e-05
759000;0.00579673;0.00132857;0.00637937;0.000992951;0.00606952;0.000290754;0.00597959;0.000203527;0.00594725;5.09714e-05;0.00597713;3.48037e-05
760000;0.00578911;0.00132682;0.00637098;0.000991645;0.00607018;0.000290592;0.00598087;0.000203375;0.00594853;5.09453e-05;0.00597737;3.478e-05
761000;0.0057815;0.00132508;0.0063626;0.000990342;0.00606242;0.000290211;0.00598549;0.000203339;0.00594752;5.09059e-05;0.00597705;3.47557e-05
762000;0.00577391;0.00132334;0.00640462;0.00099249;0.00606595;0.000290188;0.00598638;0.000203211;0.00594748;5.08724e-05;0.0059768;3.47313e-05
763000;0.00576634;0.00132161;0.00639623;0.000991189;0.0060644;0.000289964;0.00598547;0.000203064;0.00594678;5.08301e-05;0.00597687;3.47086e-05
764000;0.0057588;0.00131988;0.00638785;0.000989892;0.00606063;0.000289673;0.00598478;0.000202909;0.00594639;5.07928e-05;0.00597752;3.46917e-05
765000;0.00575127;0.00131815;0.0063795;0.000988598;0.00605609;0.00028937;0.00598182;0.0002027;0.00594583;5.07517e-05;0.00597701;3.46671e-05
766000;0.00574376;0.00131643;0.00637118;0.000987308;0.0060566;0.000289163;0.00598377;0.000202595;0.00594798;5.0734e-05;0.00597754;3.46473e-05
767000;0.00585101;0.00133381;0.00636287;0.000986021;0.00605457;0.000288893;0.00597952;0.000202394;0.00594879;5.07097e-05;0.00597743;3.46245e-05
768000;0.00584339;0.00133207;0.00635458;0.000984737;0.00605273;0.000288635;0.00597846;0.000202243;0.00595061;5.06966e-05;0.00597803;3.46051e-05
769000;0.0058358;0.00133034;0.00634632;0.000983457;0.00604941;0.000288398;0.00597512;0.000202053;0.00595069;5.06693e-05;0.00597799;3.45823e-05
770000;0.00582822;0.00132861;0.00633808;0.000982179;0.00604627;0.000288091;0.00597097;0.000201843;0.00594909;5.06238e-05;0.00597832;3.45615e-05
771000;0.00582066;0.00132689;0.00632986;0.000980906;0.00605319;0.000288085;0.00597536;0.000201772;0.0059512;5.06045e-05;0.00597848;3.45401e-05
772000;0.00581312;0.00132517;0.00632166;0.000979635;0.00605246;0.000287831;0.00597249;0.000201591;0.00595197;5.05697e-05;0.00597806;3.45161e-05
773000;0.0058056;0.00132346;0.00631348;0.000978368;0.00605702;0.00028772;0.0059736;0.000201475;0.0059501;5.05282e-05;0.00597858;3.44935e-05
774000;0.0057981;0.00132175;0.00630532;0.000977104;0.00605016;0.000287355;0.00597869;0.000201398;0.00595145;5.0503e-05;0.00597886;3.44732e-05
775000;0.00579062;0.00132004;0.00629719;0.000975843;0.00605581;0.000287341;0.00598092;0.000201328;0.00595416;5.04892e-05;0.00597872;3.44503e-05
776000;0.00578315;0.00131834;0.00628907;0.000974586;0.00604815;0.000286971;0.00597685;0.000201119;0.00595429;5.04511e-05;0.00597761;3.44263e-05
777000;0.00577571;0.00131664;0.00628098;0.000973332;0.00605768;0.000287063;0.0059783;0.00020101;0.00595398;5.04133e-05;0.00597853;3.4409e-05
778000;0.00576829;0.00131495;0.00627291;0.000972081;0.00605559;0.000286911;0.00597625;0.000200822;0.00595304;5.03734e-05;0.00597816;3.43853e-05
779000;0.00576088;0.00131326;0.00626485;0.000970833;0.00606077;0.000286837;0.00597452;0.000200674;0.00595229;5.03316e-05;0.0059787;3.43648e-05
780000;0.0057535;0.00131158;0.00625682;0.000969589;0.006053;0.000286469;0.00597778;0.000200656;0.00595248;5.0305e-05;0.00597841;3.43403e-05
781000;0.00574613;0.0013099;0.0062696;0.000969204;0.00604633;0.000286107;0.00597508;0.000200469;0.00595414;5.02856e-05;0.00597923;3.43224e-05
782000;0.00573878;0.00130823;0.00631118;0.000972831;0.00604878;0.000285888;0.00597376;0.000200298;0.00595447;5.02564e-05;0.005979;3.42995e-05
783000;0.00573145;0.00130656;0.00632353;0.000972411;0.00604602;0.000285593;0.00598;0.000200294;0.00595399;5.02195e-05;0.00597989;3.42816e-05
784000;0.00572414;0.00130489;0.00631547;0.000971171;0.00604248;0.000285284;0.00597841;0.000200105;0.00595438;5.01841e-05;0.00598005;3.42611e-05
785000;0.00571685;0.00130323;0.00630742;0.000969934;0.00603478;0.000284921;0.00597649;0.000199929;0.00595489;5.01522e-05;0.0059801;3.42414e-05
786000;0.00570958;0.00130157;0.0062994;0.0009687;0.00604081;0.000284817;0.00597927;0.000199853;0.00595347;5.01071e-05;0.00598033;3.42225e-05
787000;0.00570232;0.00129992;0.00629139;0.000967469;0.00603454;0.000284469;0.00597558;0.000199645;0.00595386;5.0071e-05;0.00598031;3.41987e-05
788000;0.00569509;0.00129827;0.00628341;0.000966242;0.00603636;0.000284363;0.00597391;0.000199458;0.00595528;5.00484e-05;0.00598048;3.41776e-05
789000;0.00570787;0.00129721;0.00630242;0.000966464;0.00603673;0.000284178;0.00597085;0.000199269;0.00595438;5.00076e-05;0.00598089;3.41573e-05
790000;0.00570064;0.00129557;0.00633529;0.000968554;0.00603539;0.000283921;0.00596913;0.00019911;0.00595521;4.99823e-05;0.00598158;3.41422e-05
791000;0.00569344;0.00129393;0.00635731;0.000968354;0.00603463;0.000283734;0.00596909;0.000198983;0.00595521;4.99514e-05;0.00598296;3.41287e-05
792000;0.00568625;0.0012923;0.00634929;0.000967132;0.00603248;0.00028347;0.00596653;0.000198807;0.00595494;4.99211e-05;0.0059832;3.41073e-05
793000;0.00578994;0.00130883;0.00634128;0.000965912;0.00603006;0.000283178;0.00597124;0.000198804;0.00595389;4.98835e-05;0.00598336;3.40857e-05
794000;0.00578264;0.00130718;0.00633329;0.000964696;0.00603053;0.000283052;0.00597089;0.0001987;0.00595404;4.98584e-05;0.005983;3.40649e-05
795000;0.00577537;0.00130554;0.00632533;0.000963482;0.00602808;0.000282761;0.00597039;0.000198616;0.00595496;4.9824e-05;0.0059821;3.4041e-05
796000;0.00576811;0.0013039;0.00631738;0.000962272;0.00603561;0.000282849;0.00597637;0.000198616;0.00595385;4.97805e-05;0.00598142;3.40186e-05
797000;0.00576088;0.00130226;0.00630945;0.000961065;0.00603054;0.000282537;0.00598269;0.000198609;0.00595521;4.97584e-05;0.0059814;3.40003e-05
798000;0.00575366;0.00130063;0.00630155;0.000959861;0.00602482;0.000282206;0.00597763;0.000198378;0.00595468;4.9733e-05;0.00598111;3.39753e-05
799000;0.00574646;0.001299;0.00629366;0.00095866;0.00602717;0.000282155;0.00597232;0.000198148;0.00595554;4.97079e-05;0.00598113;3.39535e-05
800000;0.00573927;0.00129738;0.00628579;0.000957461;0.00602301;0.000281849;0.00597644;0.000198112;0.0059558;4.96807e-05;0.00598114;3.39295e-05
801000;0.00573211;0.00129576;0.00628601;0.000956397;0.00603272;0.000281933;0.00597726;0.000197998;0.00595413;4.96397e-05;0.00598098;3.39057e-05
802000;0.00579911;0.00130227;0.00627817;0.000955204;0.00603339;0.000281817;0.00598019;0.000197994;0.00595474;4.96168e-05;0.00598095;3.38837e-05
803000;0.00579189;0.00130065;0.00627036;0.000954015;0.00603046;0.000281535;0.00597691;0.000197805;0.00595659;4.95885e-05;0.00598167;3.38632e-05
804000;0.00578468;0.00129904;0.00626256;0.000952828;0.00603074;0.000281328;0.00598002;0.000197724;0.00595735;4.95636e-05;0.00598167;3.38403e-05
805000;0.0057775;0.00129742;0.0062881;0.000953883;0.00603717;0.000281219;0.005978;0.000197565;0.00595603;4.95272e-05;0.00598296;3.38255e-05
806000;0.00577033;0.00129581;0.0062803;0.000952699;0.00603857;0.000281018;0.00597852;0.000197431;0.00595654;4.94996e-05;0.00598194;3.37986e-05
807000;0.00576318;0.00129421;0.00627252;0.000951519;0.00603108;0.000280671;0.00598404;0.000197474;0.00595596;4.94664e-05;0.0059819;3.37779e-05
808000;0.00575605;0.0012926;0.00628636;0.000951284;0.00602738;0.000280394;0.0059896;0.000197472;0.00595537;4.94272e-05;0.00598174;3.37553e-05
809000;0.00574893;0.00129101;0.00632156;0.000953832;0.00603739;0.000280441;0.0059876;0.000197323;0.00595543;4.94014e-05;0.00598276;3.37385e-05
810000;0.00574183;0.00128941;0.00631376;0.000952655;0.00603609;0.000280187;0.005984;0.000197112;0.00595506;4.93714e-05;0.00598247;3.37149e-05
811000;0.00573475;0.00128782;0.00632935;0.000952582;0.00604232;0.000280064;0.00598008;0.000196916;0.00595555;4.93442e-05;0.00598219;3.36932e-05
812000;0.00572769;0.00128624;0.00632156;0.000951409;0.00603488;0.00027972;0.00598038;0.000196791;0.0059563;4.93273e-05;0.00598242;3.36712e-05
813000;0.00572065;0.00128466;0.00631378;0.000950239;0.00603612;0.000279653;0.00597828;0.000196631;0.00595531;4.92923e-05;0.00598194;3.36462e-05
814000;0.00571362;0.00128308;0.00630602;0.000949072;0.00604524;0.000279737;0.00597394;0.000196433;0.00595515;4.92606e-05;0.00598156;3.36237e-05
815000;0.00570661;0.0012815;0.0063626;0.000952221;0.00604575;0.000279595;0.00596878;0.000196214;0.0059546;4.92299e-05;0.00598198;3.36089e-05
816000;0.00569961;0.00127993;0.0063548;0.000951054;0.00604872;0.000279546;0.00596474;0.000196033;0.00595337;4.9195e-05;0.00598245;3.359e-05
817000;0.00569264;0.00127837;0.00634702;0.00094989;0.00605138;0.000279439;0.00596383;0.000195903;0.00595351;4.91604e-05;0.00598361;3.3578e-05
818000;0.00578448;0.0012914;0.00644205;0.000959367;0.00605869;0.000279365;0.00596611;0.000195871;0.00595294;4.91269e-05;0.00598284;3.3553e-05
819000;0.00577741;0.00128983;0.00643418;0.000958196;0.00605799;0.000279161;0.00596349;0.000195681;0.00595209;4.90965e-05;0.00598139;3.35255e-05
820000;0.00577037;0.00128825;0.00642633;0.000957028;0.00605922;0.000279022;0.00596877;0.000195734;0.00595231;4.90732e-05;0.00598188;3.35046e-05
821000;0.00581321;0.00129039;0.00641851;0.000955862;0.00605904;0.000278802;0.00597597;0.000195773;0.00595139;4.90365e-05;0.00598149;3.34824e-05
822000;0.00580614;0.00128882;0.0064107;0.000954699;0.00605166;0.000278463;0.00597614;0.000195644;0.00595169;4.90145e-05;0.0059814;3.34633e-05
823000;0.00579908;0.00128725;0.00644105;0.000956464;0.00604529;0.000278132;0.00597479;0.000195493;0.00595083;4.89792e-05;0.0059811;3.34426e-05
824000;0.00583436;0.00128764;0.00644299;0.000955495;0.00604569;0.000277996;0.00598152;0.000195521;0.00595204;4.89495e-05;0.00598131;3.34219e-05
825000;0.00582729;0.00128608;0.00647692;0.000957835;0.00604098;0.000277676;0.00597728;0.000195339;0.00595301;4.89246e-05;0.00598182;3.34002e-05
826000;0.00582024;0.00128452;0.00646908;0.000956675;0.00603989;0.000277544;0.00597879;0.000195258;0.00595298;4.88932e-05;0.00598098;3.33756e-05
827000;0.0058132;0.00128297;0.00646126;0.000955519;0.00604742;0.000277582;0.00597783;0.000195112;0.00595437;4.88694e-05;0.00598228;3.33626e-05
828000;0.00580618;0.00128142;0.00645345;0.000954365;0.00605327;0.00027766;0.00597927;0.000195045;0.00595385;4.88337e-05;0.00598211;3.33438e-05
829000;0.00579918;0.00127987;0.00644567;0.000953214;0.00605451;0.000277593;0.0059786;0.000194915;0.00595482;4.88085e-05;0.00598088;3.33189e-05
830000;0.00579219;0.00127833;0.0064379;0.000952065;0.00605635;0.000277558;0.00597374;0.000194716;0.00595502;4.87772e-05;0.0059806;3.32965e-05
831000;0.00578522;0.00127679;0.00643866;0.000951066;0.00606166;0.000277509;0.00597291;0.000194603;0.00595552;4.8752e-05;0.00598052;3.3275e-05
832000;0.00577826;0.00127526;0.00643092;0.000949923;0.00605437;0.000277176;0.00597508;0.000194534;0.00595482;4.8717e-05;0.00598068;3.32554e-05
833000;0.00577133;0.00127373;0.0064232;0.000948782;0.00605744;0.000277139;0.00598192;0.0001946;0.00595605;4.87016e-05;0.00598075;3.32353e-05
834000;0.00576441;0.0012722;0.00641549;0.000947645;0.00606092;0.000277106;0.00598585;0.000194536;0.00595612;4.86757e-05;0.00598022;3.3213e-05
835000;0.0057575;0.00127068;0.00640781;0.00094651;0.00605887;0.000276846;0.00598118;0.000194332;0.00595613;4.8641e-05;0.00598;3.31924e-05
836000;0.00575062;0.00126916;0.00640015;0.000945378;0.00605753;0.000276616;0.0059801;0.000194217;0.00595511;4.86077e-05;0.0059793;3.3169e-05
837000;0.00574375;0.00126764;0.0063925;0.000944249;0.00605897;0.000276444;0.00598293;0.000194145;0.00595577;4.85808e-05;0.00597941;3.31507e-05
838000;0.00573689;0.00126613;0.00641629;0.00094513;0.00605755;0.000276204;0.00598171;0.000193998;0.0059562;4.85528e-05;0.00597952;3.31348e-05
839000;0.00573006;0.00126462;0.00640865;0.000944003;0.00605247;0.000275891;0.0059809;0.000193833;0.00595564;4.85196e-05;0.00597966;3.31137e-05
840000;0.00578186;0.00126833;0.00640102;0.00094288;0.00604812;0.000275595;0.00597748;0.000193647;0.00595643;4.84913e-05;0.00597958;3.30936e-05
841000;0.00577499;0.00126682;0.00642262;0.000943497;0.0060473;0.000275346;0.00597704;0.000193495;0.00595466;4.84517e-05;0.00597982;3.30759e-05
842000;0.00576813;0.00126532;0.00641499;0.000942377;0.00604249;0.00027504;0.00597762;0.000193376;0.00595397;4.84202e-05;0.00597896;3.30538e-05
843000;0.00576129;0.00126382;0.00643002;0.000942303;0.00604197;0.000274779;0.00598012;0.000193314;0.00595338;4.83859e-05;0.00597855;3.30292e-05
844000;0.00575446;0.00126232;0.0064224;0.000941187;0.00604209;0.000274657;0.00597746;0.000193156;0.00595334;4.83565e-05;0.00597751;3.30048e-05
845000;0.00574765;0.00126083;0.0064148;0.000940073;0.00604774;0.00027469;0.00597811;0.000193065;0.00595436;4.83315e-05;0.00597796;3.29867e-05
846000;0.00574086;0.00125934;0.00640722;0.000938962;0.00604925;0.000274477;0.00597499;0.000192893;0.00595434;4.83084e-05;0.00597723;3.29637e-05
847000;0.00573408;0.00125785;0.00639966;0.000937854;0.00605728;0.000274476;0.00597558;0.00019279;0.00595437;4.82978e-05;0.00597668;3.2945e-05
848000;0.00572732;0.00125637;0.00639211;0.000936748;0.00606018;0.000274344;0.00597151;0.000192594;0.00595391;4.82682e-05;0.00597598;3.29234e-05
849000;0.00572057;0.00125489;0.00638458;0.000935645;0.00606035;0.000274165;0.00596626;0.000192382;0.0059546;4.82434e-05;0.00597603;3.2905e-05
850000;0.00571384;0.00125341;0.00637707;0.000934544;0.00606578;0.000274173;0.00596409;0.00019224;0.00595485;4.82161e-05;0.00597614;3.2886e-05
851000;0.00570713;0.00125194;0.00636957;0.000933446;0.00607006;0.000274088;0.00596567;0.000192149;0.00595324;4.81749e-05;0.00597636;3.28662e-05
852000;0.00570043;0.00125047;0.00637616;0.000932757;0.00606866;0.000273885;0.00596164;0.000191962;0.00595482;4.8149e-05;0.00597631;3.28467e-05
853000;0.00569374;0.001249;0.00641416;0.000935917;0.00606407;0.000273593;0.0059628;0.000191833;0.00595363;4.81115e-05;0.00597503;3.28242e-05
854000;0.00568708;0.00124754;0.00645521;0.000939652;0.00606053;0.000273318;0.00595806;0.000191659;0.00595373;4.80851e-05;0.00597481;3.28046e-05
855000;0.00568043;0.00124608;0.00644766;0.000938553;0.00605971;0.000273129;0.00595578;0.000191488;0.00595525;4.80651e-05;0.00597496;3.27856e-05
856000;0.00567379;0.00124462;0.00644013;0.000937457;0.00606379;0.000273091;0.00595975;0.00019141;0.00595555;4.8035e-05;0.00597539;3.27689e-05
857000;0.00566717;0.00124317;0.00643261;0.000936363;0.00605774;0.00027278;0.00595878;0.000191273;0.00595499;4.80008e-05;0.00597496;3.27503e-05
858000;0.00566056;0.00124172;0.00642512;0.000935272;0.00605849;0.000272666;0.00595552;0.000191089;0.00595496;4.7975e-05;0.00597418;3.2727e-05
859000;0.00565397;0.00124028;0.00641764;0.000934183;0.00607109;0.00027276;0.00595654;0.000191004;0.00595412;4.79454e-05;0.00597384;3.27077e-05
860000;0.0056474;0.00123884;0.00641018;0.000933097;0.00607197;0.000272565;0.00595355;0.000190835;0.00595435;4.79171e-05;0.00597389;3.2687e-05
861000;0.00564084;0.0012374;0.00640273;0.000932013;0.00606947;0.000272332;0.00595354;0.000190724;0.0059538;4.78832e-05;0.00597399;3.26677e-05
862000;0.0056343;0.00123596;0.0063953;0.000930932;0.0060647;0.000272039;0.00595408;0.000190626;0.00595568;4.78658e-05;0.00597448;3.26525e-05
863000;0.00562777;0.00123453;0.00638789;0.000929854;0.00606599;0.000271888;0.00596022;0.000190601;0.00595437;4.78249e-05;0.00597395;3.2631e-05
864000;0.00562125;0.0012331;0.0063805;0.000928777;0.00606021;0.000271578;0.00596441;0.000190542;0.00595298;4.77909e-05;0.00597373;3.26117e-05
865000;0.00561476;0.00123167;0.00637606;0.000927722;0.00605604;0.000271321;0.00596174;0.000190372;0.00595318;4.77657e-05;0.00597417;3.25965e-05
866000;0.00560827;0.00123025;0.0063687;0.00092665;0.00605304;0.000271064;0.00596074;0.000190244;0.0059531;4.77407e-05;0.0059738;3.25754e-05
867000;0.00566576;0.00123521;0.00636135;0.000925582;0.00604929;0.000270781;0.00596242;0.000190184;0.00595358;4.77168e-05;0.00597396;3.25566e-05
868000;0.00565923;0.00123379;0.00635402;0.000924516;0.00604769;0.000270594;0.00595898;0.000190019;0.00595374;4.76909e-05;0.00597469;3.25407e-05
869000;0.00565272;0.00123237;0.00634671;0.000923452;0.00604413;0.000270324;0.00595585;0.000189873;0.00595471;4.767e-05;0.00597454;3.25241e-05
870000;0.00564622;0.00123095;0.00634836;0.000922557;0.00605807;0.0002706;0.00595848;0.000189818;0.00595431;4.76379e-05;0.00597422;3.25028e-05
871000;0.00563974;0.00122954;0.00638779;0.000926035;0.006064;0.000270506;0.00595584;0.00018964;0.00595413;4.76089e-05;0.00597387;3.24832e-05
872000;0.00563327;0.00122813;0.00638047;0.000924973;0.00605704;0.000270197;0.00595399;0.000189484;0.00595348;4.75763e-05;0.00597318;3.24611e-05
873000;0.00562682;0.00122672;0.00637316;0.000923913;0.00605483;0.000269969;0.00595153;0.000189321;0.00595327;4.75531e-05;0.00597274;3.2442e-05
874000;0.00562038;0.00122532;0.00636587;0.000922856;0.00605326;0.000269864;0.00595323;0.00018922;0.0059531;4.75245e-05;0.00597303;3.24251e-05
875000;0.00561396;0.00122392;0.00635859;0.000921802;0.00605215;0.000269669;0.00595196;0.000189089;0.00595417;4.75071e-05;0.00597258;3.24035e-05
876000;0.00560755;0.00122252;0.00635133;0.00092075;0.00606386;0.000269766;0.00594678;0.000188886;0.005955;4.74819e-05;0.00597392;3.23897e-05
877000;0.00560116;0.00122113;0.00634409;0.0009197;0.00606511;0.000269686;0.00594492;0.000188732;0.00595508;4.74526e-05;0.00597465;3.23717e-05
878000;0.00568149;0.00123152;0.00633686;0.000918652;0.00606531;0.000269509;0.00594107;0.00018856;0.00595522;4.74263e-05;0.00597457;3.23539e-05
879000;0.00567503;0.00123012;0.00632966;0.000917607;0.00606048;0.000269233;0.0059391;0.000188464;0.00595706;4.74082e-05;0.00597532;3.23364e-05
880000;0.00566858;0.00122872;0.00632246;0.000916565;0.00606744;0.000269204;0.00593441;0.00018829;0.00595823;4.7386e-05;0.00597574;3.23191e-05
881000;0.00566214;0.00122732;0.00631529;0.000915524;0.00606347;0.000268927;0.00593344;0.000188157;0.00595772;4.73548e-05;0.00597586;3.22996e-05
882000;0.00565572;0.00122593;0.00633187;0.000915669;0.0060715;0.000269005;0.00592849;0.000187959;0.00595713;4.73282e-05;0.00597545;3.22773e-05
883000;0.00564932;0.00122454;0.0063247;0.000914633;0.00607753;0.000269059;0.00593221;0.000187966;0.00595592;4.72996e-05;0.00597564;3.22581e-05
884000;0.00564293;0.00122316;0.00636666;0.000918654;0.0060804;0.000268909;0.00592891;0.000187803;0.00595725;4.72794e-05;0.00597562;3.22386e-05
885000;0.00563655;0.00122178;0.00635947;0.000917616;0.00607725;0.000268659;0.00592656;0.000187639;0.0059566;4.72454e-05;0.00597511;3.22155e-05
886000;0.00563019;0.0012204;0.00639385;0.000920192;0.00609099;0.000268835;0.00592526;0.000187518;0.00595623;4.7218e-05;0.00597491;3.21945e-05
887000;0.00562384;0.00121902;0.00638664;0.000919155;0.00608599;0.000268549;0.00592336;0.000187363;0.00595584;4.71851e-05;0.00597417;3.21698e-05
888000;0.00561751;0.00121765;0.00637945;0.00091812;0.0060832;0.000268288;0.00592148;0.000187221;0.00595632;4.71628e-05;0.00597382;3.21478e-05
889000;0.00570474;0.00123002;0.00637227;0.000917087;0.00607703;0.000267988;0.00591819;0.000187048;0.00595646;4.71375e-05;0.00597362;3.21277e-05
890000;0.00569833;0.00122864;0.00636512;0.000916057;0.00607582;0.000267747;0.00591629;0.000186897;0.00595616;4.71052e-05;0.00597297;3.21079e-05
891000;0.00569193;0.00122726;0.00635797;0.000915029;0.00607001;0.000267454;0.00591222;0.000186716;0.0059567;4.7081e-05;0.00597284;3.20885e-05
892000;0.00568555;0.00122588;0.00635084;0.000914003;0.00607242;0.000267357;0.00591473;0.00018667;0.00595891;4.70636e-05;0.00597273;3.20702e-05
893000;0.00567918;0.00122451;0.00634373;0.00091298;0.00607641;0.00026728;0.00591107;0.00018649;0.00595813;4.70318e-05;0.00597346;3.20555e-05
894000;0.00567283;0.00122314;0.00633664;0.000911959;0.00607545;0.000267064;0.00590711;0.000186312;0.00595945;4.70146e-05;0.00597361;3.20368e-05
895000;0.00566649;0.00122177;0.00632956;0.00091094;0.00607108;0.000266789;0.00590592;0.00018618;0.00596015;4.69974e-05;0.00597358;3.2018e-05
896000;0.00566017;0.00122041;0.00632249;0.000909923;0.00607719;0.000266811;0.00590481;0.000186063;0.00595954;4.69698e-05;0.00597369;3.19992e-05
897000;0.00565386;0.00121905;0.00631544;0.000908909;0.00607473;0.000266583;0.00590258;0.000185922;0.00595954;4.69423e-05;0.00597367;3.19812e-05
898000;0.00574291;0.00123195;0.00630841;0.000907897;0.00606796;0.000266287;0.00589905;0.000185749;0.00595947;4.69126e-05;0.00597405;3.19666e-05
899000;0.00573652;0.00123058;0.00630139;0.000906887;0.00606953;0.000266179;0.00590219;0.000185709;0.00596029;4.6888e-05;0.00597353;3.19458e-05
900000;0.00573015;0.00122921;0.00629439;0.00090588;0.00606499;0.000265918;0.00590445;0.00018562;0.00596029;4.686e-05;0.00597366;3.19296e-05
901000;0.00572379;0.00122785;0.00628741;0.000904874;0.00606715;0.000265799;0.00590947;0.000185623;0.00595959;4.68297e-05;0.00597337;3.19101e-05
902000;0.00580183;0.00123759;0.00628043;0.000903871;0.00606502;0.000265563;0.00591008;0.000185523;0.00595976;4.67992e-05;0.00597376;3.18932e-05
903000;0.0057954;0.00123622;0.00627348;0.000902871;0.00606532;0.000265453;0.00590968;0.000185382;0.00595869;4.67661e-05;0.00597349;3.18752e-05
904000;0.00578899;0.00123485;0.00626654;0.000901872;0.00606547;0.00026536;0.00590867;0.000185243;0.00595902;4.6738e-05;0.00597363;3.18601e-05
905000;0.00578259;0.00123348;0.00627852;0.000901637;0.00606595;0.000265283;0.00590419;0.000185056;0.0059598;4.67126e-05;0.00597366;3.18419e-05
906000;0.00577621;0.00123212;0.00627159;0.000900642;0.0060643;0.000265063;0.00590172;0.000184901;0.00596042;4.66857e-05;0.00597327;3.18213e-05
907000;0.00576984;0.00123076;0.00626755;0.000899666;0.00606057;0.000264821;0.00589615;0.000184706;0.00595978;4.66548e-05;0.00597361;3.18057e-05
908000;0.00576349;0.00122941;0.00626065;0.000898676;0.0060659;0.000264885;0.00589535;0.000184574;0.00595971;4.66299e-05;0.00597313;3.17855e-05
909000;0.00575715;0.00122806;0.00625376;0.000897687;0.00606601;0.000264735;0.00589727;0.000184511;0.00595998;4.66125e-05;0.00597271;3.17655e-05
910000;0.00575082;0.00122671;0.00628139;0.000899246;0.00606149;0.000264474;0.00589475;0.000184368;0.00595851;4.65844e-05;0.0059728;3.17505e-05
911000;0.00577;0.00122638;0.00627449;0.000898259;0.00606836;0.000264532;0.00589541;0.000184305;0.00595813;4.65582e-05;0.00597297;3.17355e-05
912000;0.00576368;0.00122503;0.00626762;0.000897274;0.00606554;0.000264349;0.00589339;0.00018416;0.00595852;4.65342e-05;0.00597326;3.17215e-05
913000;0.00575736;0.00122369;0.00629369;0.000898612;0.00606809;0.000264201;0.00589004;0.000184002;0.00595793;4.65049e-05;0.00597378;3.17067e-05
914000;0.00575107;0.00122235;0.00630524;0.000898356;0.00607523;0.000264214;0.00589321;0.000183938;0.00595821;4.64771e-05;0.00597343;3.16857e-05
915000;0.00574478;0.00122102;0.00633891;0.000900888;0.00607261;0.000263985;0.00588847;0.000183756;0.00595846;4.64489e-05;0.00597316;3.16658e-05
916000;0.00573851;0.00121968;0.00633199;0.000899905;0.00607815;0.000264;0.00588784;0.000183613;0.00595858;4.64265e-05;0.00597193;3.16424e-05
917000;0.00573225;0.00121835;0.006329;0.000898956;0.0060753;0.000263772;0.00588702;0.000183463;0.00595864;4.64044e-05;0.00597205;3.16272e-05
918000;0.00577847;0.00122136;0.00633862;0.000898559;0.00607586;0.000263632;0.00588673;0.000183347;0.00595922;4.63848e-05;0.00597159;3.16077e-05
919000;0.00583656;0.00122654;0.00633172;0.000897582;0.0060722;0.000263408;0.00589532;0.000183393;0.00595876;4.63553e-05;0.00597207;3.15925e-05
920000;0.00583022;0.00122521;0.00632484;0.000896606;0.00608133;0.000263478;0.00589472;0.000183274;0.00595776;4.63296e-05;0.00597197;3.15763e-05
921000;0.00582389;0.00122388;0.0063546;0.000898504;0.00608507;0.000263397;0.00589398;0.000183168;0.0059576;4.63094e-05;0.00597265;3.156e-05
922000;0.00590558;0.00123466;0.00634771;0.00089753;0.00608066;0.000263146;0.00589053;0.000182998;0.00595668;4.62738e-05;0.0059732;3.15436e-05
923000;0.00589918;0.00123332;0.00634083;0.000896557;0.00607653;0.000262891;0.00588521;0.000182812;0.00595787;4.62516e-05;0.00597262;3.15246e-05
924000;0.0058928;0.00123198;0.00633397;0.000895587;0.00607142;0.000262618;0.00588171;0.000182645;0.00595787;4.62256e-05;0.00597322;3.15102e-05
925000;0.00588643;0.00123065;0.00632712;0.000894619;0.00606945;0.000262488;0.00588687;0.000182646;0.00595773;4.61995e-05;0.00597393;3.14947e-05
926000;0.00588007;0.00122932;0.00632692;0.000893748;0.006077;0.000262533;0.00588277;0.000182464;0.00595761;4.61751e-05;0.00597352;3.14764e-05
927000;0.00587373;0.001228;0.00636453;0.00089702;0.00608475;0.00026256;0.00587833;0.000182281;0.00595655;4.61427e-05;0.00597354;3.14594e-05
928000;0.0058674;0.00122667;0.00636326;0.00089612;0.00609315;0.000262599;0.00587678;0.000182138;0.00595592;4.6115e-05;0.00597302;3.14403e-05
929000;0.00586108;0.00122535;0.00636802;0.000895445;0.00608897;0.000262337;0.00587674;0.000182019;0.00595569;4.6086e-05;0.00597328;3.14245e-05
930000;0.00585478;0.00122404;0.00640733;0.000899043;0.00608481;0.000262077;0.00587135;0.000181828;0.0059564;4.60683e-05;0.00597317;3.14084e-05
931000;0.00584849;0.00122272;0.00640044;0.000898077;0.00608481;0.000261966;0.00586802;0.000181659;0.0059569;4.60438e-05;0.0059733;3.13901e-05
932000;0.00584221;0.00122141;0.00639358;0.000897114;0.00609676;0.000262037;0.00586397;0.000181486;0.00595778;4.60198e-05;0.00597347;3.13754e-05
933000;0.00583595;0.0012201;0.00638672;0.000896152;0.00609391;0.000261801;0.00586381;0.000181369;0.00595771;4.59942e-05;0.00597302;3.13556e-05
934000;0.0058297;0.00121879;0.00637989;0.000895193;0.00609618;0.000261739;0.00586243;0.000181267;0.00595764;4.5968e-05;0.0059734;3.13439e-05
935000;0.00582347;0.00121749;0.00637306;0.000894236;0.00609629;0.000261623;0.00585966;0.000181123;0.0059563;4.59348e-05;0.00597353;3.13267e-05
936000;0.00581725;0.00121619;0.00636625;0.000893281;0.00609662;0.000261536;0.00585951;0.000181017;0.00595672;4.59081e-05;0.00597342;3.13129e-05
937000;0.00581104;0.00121489;0.00635946;0.000892327;0.00609563;0.000261368;0.00586321;0.000180962;0.00595776;4.58972e-05;0.00597376;3.12978e-05
938000;0.00580484;0.0012136;0.00635268;0.000891376;0.00609787;0.000261276;0.00586366;0.000180861;0.00595649;4.58663e-05;0.00597304;3.12772e-05
939000;0.00579866;0.0012123;0.00634591;0.000890427;0.00609138;0.000260998;0.00586621;0.000180828;0.005956;4.58452e-05;0.00597297;3.12585e-05
940000;0.00579249;0.00121101;0.00633916;0.00088948;0.00609271;0.000260898;0.00586539;0.000180694;0.00595636;4.58206e-05;0.00597328;3.12452e-05
941000;0.00578634;0.00120973;0.00633243;0.000888535;0.00608652;0.000260622;0.00586627;0.000180633;0.00595648;4.57967e-05;0.00597396;3.12287e-05
942000;0.00578019;0.00120844;0.00635992;0.00089012;0.00608935;0.000260606;0.00586573;0.000180531;0.00595635;4.57732e-05;0.00597332;3.12094e-05
943000;0.00577407;0.00120716;0.00635317;0.000889176;0.00608936;0.00026051;0.00586642;0.000180443;0.00595671;4.57507e-05;0.00597343;3.11928e-05
944000;0.00576795;0.00120588;0.00634644;0.000888234;0.00608683;0.000260292;0.00586305;0.000180281;0.00595689;4.57321e-05;0.00597441;3.1182e-05
945000;0.00576184;0.00120461;0.00633973;0.000887294;0.00608423;0.000260063;0.00586442;0.000180201;0.0059569;4.57083e-05;0.00597419;3.11638e-05
946000;0.00575575;0.00120333;0.00636564;0.000888657;0.00608496;0.000259899;0.00586329;0.000180078;0.00595573;4.56782e-05;0.00597438;3.11496e-05
947000;0.00574968;0.00120206;0.00635891;0.000887719;0.00608388;0.000259747;0.00585992;0.000179943;0.00595595;4.56499e-05;0.00597386;3.113e-05
948000;0.00574361;0.0012008;0.00635221;0.000886783;0.00608104;0.000259518;0.00585738;0.000179831;0.00595551;4.56206e-05;0.00597332;3.11131e-05
949000;0.00574479;0.00119961;0.00635097;0.000885913;0.00607935;0.00025933;0.00585436;0.000179678;0.00595444;4.55892e-05;0.00597256;3.10949e-05
950000;0.00573874;0.00119835;0.00636894;0.000886297;0.00608341;0.000259295;0.00585539;0.000179586;0.00595448;4.55674e-05;0.00597321;3.10791e-05
951000;0.0057327;0.00119709;0.00639168;0.000887243;0.00608154;0.000259113;0.00585534;0.000179474;0.00595561;4.55461e-05;0.00597323;3.10626e-05
952000;0.00572668;0.00119583;0.00638497;0.000886311;0.00607515;0.000258841;0.00586086;0.000179493;0.00595741;4.55317e-05;0.00597288;3.10459e-05
953000;0.00572067;0.00119458;0.00637827;0.000885381;0.00607392;0.000258686;0.00586258;0.00017944;0.00595758;4.55028e-05;0.00597289;3.10311e-05
954000;0.00571468;0.00119333;0.00639617;0.000885207;0.00607016;0.000258446;0.00586587;0.000179434;0.00595788;4.5482e-05;0.00597256;3.10143e-05
955000;0.00570869;0.00119208;0.00638948;0.00088428;0.00606764;0.000258273;0.00586657;0.000179346;0.00595662;4.54521e-05;0.00597185;3.09952e-05
956000;0.00570272;0.00119083;0.00638279;0.000883355;0.00607056;0.000258233;0.00586659;0.000179262;0.00595646;4.5427e-05;0.0059723;3.09829e-05
957000;0.00569676;0.00118959;0.00637612;0.000882432;0.00607074;0.000258081;0.00586179;0.000179091;0.00595648;4.54056e-05;0.00597236;3.09697e-05
958000;0.00569082;0.00118834;0.00640749;0.000884655;0.00607598;0.000257994;0.00586332;0.000179006;0.00595706;4.53812e-05;0.00597201;3.09529e-05
959000;0.00568488;0.00118711;0.00640081;0.000883733;0.0060834;0.0002581;0.00586521;0.000178935;0.00595677;4.53546e-05;0.00597223;3.09388e-05
960000;0.00567896;0.00118587;0.00639414;0.000882812;0.00608844;0.000258057;0.00587143;0.000178969;0.00595613;4.53272e-05;0.00597289;3.09264e-05
961000;0.00567305;0.00118464;0.00639271;0.000881953;0.00608361;0.000257806;0.00586763;0.000178805;0.00595716;4.53129e-05;0.00597287;3.09117e-05
962000;0.00566715;0.0011834;0.00638606;0.000881036;0.00608672;0.000257755;0.00587279;0.000178823;0.00595617;4.52848e-05;0.00597237;3.08949e-05
963000;0.00566127;0.00118218;0.00637943;0.000880121;0.00608679;0.000257625;0.00587446;0.000178781;0.00595632;4.5262e-05;0.00597329;3.08832e-05
964000;0.0056554;0.00118095;0.00637281;0.000879209;0.006083;0.000257405;0.0058774;0.000178746;0.00595498;4.52328e-05;0.00597372;3.08734e-05
965000;0.00568279;0.00118152;0.00636621;0.000878298;0.00607847;0.000257151;0.00588173;0.000178719;0.00595424;4.52036e-05;0.00597307;3.08546e-05
966000;0.0056769;0.0011803;0.00635962;0.000877388;0.00607538;0.000256961;0.00587937;0.000178573;0.00595368;4.51769e-05;0.00597278;3.0837e-05
967000;0.00567103;0.00117908;0.00641618;0.000881743;0.00607525;0.000256801;0.00587978;0.000178478;0.00595389;4.51573e-05;0.00597343;3.08242e-05
968000;0.00566517;0.00117786;0.00640955;0.000880833;0.00607544;0.000256641;0.00587841;0.00017837;0.00595437;4.5135e-05;0.00597262;3.08055e-05
969000;0.00565933;0.00117665;0.0064364;0.000882364;0.00607895;0.000256651;0.00588276;0.000178375;0.00595615;4.51172e-05;0.0059729;3.07904e-05
970000;0.00565349;0.00117543;0.00649087;0.000886084;0.00607883;0.000256561;0.00588638;0.00017835;0.00595624;4.50924e-05;0.00597241;3.07733e-05
971000;0.00564767;0.00117422;0.00648418;0.000885171;0.00607835;0.000256418;0.00588383;0.000178217;0.00595613;4.5071e-05;0.00597202;3.07548e-05
972000;0.00564186;0.00117301;0.00647751;0.000884261;0.00607956;0.000256317;0.00588286;0.000178113;0.0059561;4.50433e-05;0.00597153;3.07368e-05
973000;0.00563606;0.00117181;0.00647372;0.00088337;0.00609243;0.000256394;0.0058802;0.000177963;0.00595636;4.50221e-05;0.00597165;3.07183e-05
974000;0.00563028;0.00117061;0.00646708;0.000882463;0.0060905;0.000256224;0.00587585;0.000177804;0.00595578;4.49939e-05;0.00597106;3.06995e-05
975000;0.0056245;0.00116941;0.00646045;0.000881558;0.00608763;0.000255993;0.00587419;0.000177657;0.00595521;4.49668e-05;0.00597128;3.06844e-05
976000;0.00566279;0.00117139;0.00645383;0.000880655;0.00608577;0.000255821;0.00587168;0.000177545;0.00595482;4.49408e-05;0.00597056;3.06645e-05
977000;0.00565699;0.00117019;0.00646722;0.000880626;0.00608267;0.000255603;0.00587519;0.000177505;0.00595594;4.49226e-05;0.00597002;3.06451e-05
978000;0.00565121;0.001169;0.00646061;0.000879725;0.00608843;0.000255583;0.00587426;0.000177396;0.00595755;4.49105e-05;0.00597116;3.06296e-05
979000;0.00564544;0.0011678;0.00645401;0.000878827;0.00608986;0.000255465;0.00587185;0.000177259;0.00595767;4.48868e-05;0.00597122;3.06145e-05
980000;0.00563968;0.00116661;0.00644742;0.00087793;0.00609302;0.000255446;0.00587056;0.000177152;0.0059572;4.48575e-05;0.0059712;3.05977e-05
981000;0.00563393;0.00116542;0.00644085;0.000877035;0.00609976;0.000255411;0.00587701;0.000177214;0.00595706;4.48315e-05;0.00597142;3.05831e-05
982000;0.00562819;0.00116424;0.00643429;0.000876142;0.00610942;0.000255561;0.00587939;0.000177175;0.00595639;4.48067e-05;0.00597148;3.05673e-05
983000;0.00562246;0.00116305;0.00642775;0.000875251;0.00610903;0.000255373;0.00587646;0.000177026;0.00595566;4.47799e-05;0.00597104;3.05483e-05
984000;0.00561675;0.00116187;0.0064493;0.000876092;0.00610538;0.000255152;0.00587699;0.000176919;0.00595575;4.47532e-05;0.00597074;3.05316e-05
985000;0.00561105;0.00116069;0.00644972;0.000875309;0.00610522;0.000254984;0.00588138;0.000176877;0.00595554;4.47283e-05;0.005971;3.05191e-05
986000;0.00560536;0.00115951;0.00646254;0.000875244;0.00610958;0.000254976;0.00587751;0.000176721;0.00595508;4.47051e-05;0.00597071;3.05002e-05
987000;0.00559968;0.00115834;0.006456;0.000874357;0.00611633;0.000255002;0.00587182;0.000176543;0.0059547;4.46771e-05;0.00596998;3.04824e-05
988000;0.00559401;0.00115717;0.00646175;0.000873804;0.00612383;0.000255089;0.00587598;0.000176541;0.00595503;4.46563e-05;0.00596919;3.04643e-05
989000;0.00558835;0.001156;0.00646055;0.000872983;0.00612256;0.000254925;0.00587667;0.000176467;0.0059556;4.46338e-05;0.00596988;3.04516e-05
990000;0.00558271;0.00115483;0.0064947;0.000875151;0.0061192;0.000254695;0.00587526;0.000176341;0.00595575;4.46118e-05;0.00597031;3.04377e-05
991000;0.00557708;0.00115366;0.00648815;0.000874268;0.00612083;0.000254625;0.00587367;0.000176229;0.00595654;4.45889e-05;0.00597081;3.04231e-05
992000;0.00557145;0.0011525;0.0064816;0.000873387;0.00611466;0.000254368;0.00587191;0.000176111;0.00595626;4.45697e-05;0.00597028;3.04076e-05
993000;0.00556584;0.00115134;0.00650157;0.000874051;0.00611498;0.000254249;0.00587013;0.000176001;0.005957;4.45508e-05;0.00596971;3.03895e-05
994000;0.00556024;0.00115018;0.00649503;0.000873172;0.00611367;0.000254117;0.00587673;0.000176045;0.00595661;4.45263e-05;0.00597023;3.03743e-05
995000;0.00555466;0.00114903;0.0065153;0.000873873;0.00611494;0.000253979;0.00587884;0.000175989;0.00595776;4.45067e-05;0.00596964;3.03571e-05
996000;0.00554908;0.00114787;0.00650876;0.000872996;0.00612528;0.000254009;0.00587445;0.000175822;0.00595707;4.44804e-05;0.00596997;3.03433e-05
997000;0.00554351;0.00114672;0.00650223;0.00087212;0.00612166;0.000253775;0.00587394;0.000175726;0.00595714;4.44608e-05;0.0059696;3.03284e-05
998000;0.00553796;0.00114557;0.00649572;0.000871246;0.00611836;0.000253582;0.00587714;0.000175692;0.00595595;4.44331e-05;0.00596911;3.03103e-05
999000;0.00558254;0.00114863;0.00648921;0.000870374;0.00612345;0.000253519;0.00587611;0.000175601;0.00595571;4.44102e-05;0.00597043;3.03013e-05
1000000;0.00557695;0.00114748;0.00648272;0.000869504;0.00612426;0.000253475;0.00587863;0.000175556;0.00595604;4.43888e-05;0.00597034;3.02855e-05
