Nb sim;DF;IC_DF ;DF_anti;IC_DF_anti ;DF_d;IC_DF_d ;DF_d_anti;IC_DF_d_anti;Mall;IC_Mall ;Mall_anti;IC_Mall_anti
10000;0;3.54714;1.35726;1.53573;0.0303112;0.059242;-0.00847102;0.0354092;-4.60912e-05;3.84155e-06;-4.71103e-05;2.57484e-06
11000;0.822579;3.60524;1.23387;1.39613;0.0234752;0.0541602;-0.00410593;0.0324891;-4.52844e-05;3.6473e-06;-4.70607e-05;2.45271e-06
12000;0.754031;3.3048;0.754031;1.4779;0.0214442;0.0497999;-0.00696289;0.02998;-4.57399e-05;3.50462e-06;-4.66609e-05;2.36375e-06
13000;0.696029;3.05057;0.696029;1.36422;0.0192107;0.0462872;-0.00693628;0.0278981;-4.53901e-05;3.3855e-06;-4.70422e-05;2.26876e-06
14000;0.646312;2.83267;0.646312;1.26677;0.0185647;0.0433985;-0.00628818;0.0259981;-4.5004e-05;3.27814e-06;-4.70239e-05;2.18558e-06
15000;0.603225;2.64382;0.603225;1.18232;0.0161514;0.040581;-0.00377493;0.0245125;-4.59636e-05;3.13783e-06;-4.74683e-05;2.10693e-06
16000;0.565523;2.47858;0.565523;1.10843;0.0177677;0.0382208;-0.00355325;0.0231259;-4.6364e-05;3.04615e-06;-4.75304e-05;2.04232e-06
17000;0.532257;2.33278;0.532257;1.04322;0.0160137;0.0360949;-0.00178051;0.0219392;-4.58945e-05;2.97009e-06;-4.77404e-05;1.98339e-06
18000;0.502687;2.20317;0.502687;0.985267;0.0150191;0.0342462;-0.00234545;0.0208898;-4.58364e-05;2.86053e-06;-4.75392e-05;1.92817e-06
19000;0.47623;2.08721;0.47623;0.933411;0.0165207;0.0326523;-0.00178415;0.0198925;-4.59278e-05;2.79117e-06;-4.71973e-05;1.88018e-06
20000;0.452419;1.98285;0.452419;0.886741;0.0171466;0.0312139;-0.00112587;0.0190577;-4.59683e-05;2.71133e-06;-4.69996e-05;1.83965e-06
21000;0.430875;1.88843;0.430875;0.844515;0.0179224;0.0299734;-0.000858628;0.0183088;-4.58832e-05;2.65473e-06;-4.69264e-05;1.80079e-06
22000;0.41129;1.80259;0.41129;0.806128;0.0188216;0.0287308;-0.000212869;0.0176369;-4.57889e-05;2.61277e-06;-4.64349e-05;1.7722e-06
23000;0.393408;1.72421;0.393408;0.771079;0.0188513;0.027624;-0.00117817;0.0169251;-4.6022e-05;2.54534e-06;-4.61035e-05;1.741e-06
24000;0;1.81009;0.377016;0.738951;0.0181422;0.0266796;-0.000178715;0.0162934;-4.65531e-05;2.48497e-06;-4.63695e-05;1.69964e-06
25000;0;1.73768;0.361935;0.709393;0.0186458;0.0257176;-0.00171719;0.015794;-4.63772e-05;2.43604e-06;-4.62915e-05;1.66265e-06
26000;0.348014;1.80472;0.174007;0.762632;0.018807;0.0247882;-0.000865926;0.0152257;-4.638e-05;2.3867e-06;-4.59631e-05;1.63326e-06
27000;0.335125;1.73788;0.167562;0.734386;0.0205812;0.0240385;-0.00150812;0.0147199;-4.60382e-05;2.33498e-06;-4.58949e-05;1.60691e-06
28000;0.323156;1.67581;0.161578;0.708157;0.022244;0.0233384;-0.00250666;0.0142975;-4.61028e-05;2.2932e-06;-4.5959e-05;1.57441e-06
29000;0.312013;1.61802;0.156006;0.683738;0.0208043;0.02263;-0.00275669;0.0138297;-4.61665e-05;2.24927e-06;-4.60367e-05;1.54735e-06
30000;0.301612;1.56409;0.150806;0.660946;0.0190976;0.0219614;-0.0037964;0.0135859;-4.62528e-05;2.20924e-06;-4.611e-05;1.52114e-06
31000;0.291883;1.51363;0.291883;0.700669;0.0175828;0.0213259;-0.00352226;0.0132492;-4.6356e-05;2.16978e-06;-4.57841e-05;1.50293e-06
32000;0.282762;1.46633;0.282762;0.678773;0.0170197;0.0207675;-0.00280571;0.0129223;-4.62364e-05;2.14659e-06;-4.56622e-05;1.4791e-06
33000;0.274193;1.42189;0.274193;0.658204;0.0155379;0.0203781;-0.00210258;0.0125752;-4.62747e-05;2.10788e-06;-4.56459e-05;1.45961e-06
34000;0.266129;1.38007;0.266129;0.638845;0.0136116;0.0198639;-0.00273575;0.0122875;-4.63623e-05;2.0712e-06;-4.5659e-05;1.43461e-06
35000;0.258525;1.34064;0.258525;0.620592;0.0141667;0.0193925;-0.00318263;0.0119609;-4.62997e-05;2.04356e-06;-4.58412e-05;1.41245e-06
36000;0.251344;1.3034;0.377016;0.651691;0.0129174;0.0188939;-0.00222836;0.0117398;-4.63441e-05;2.02359e-06;-4.59904e-05;1.38968e-06
37000;0;1.35574;0.244551;0.677864;0.0130922;0.0184119;-0.0023994;0.0114298;-4.6447e-05;1.99125e-06;-4.60667e-05;1.37081e-06
38000;0;1.32006;0.238115;0.660026;0.0121077;0.0180415;-0.00384414;0.0112701;-4.63857e-05;1.96461e-06;-4.59691e-05;1.35951e-06
39000;0;1.28621;0.23201;0.643102;0.0128119;0.0176343;-0.0039497;0.0110629;-4.65307e-05;1.94063e-06;-4.59454e-05;1.34322e-06
40000;-0.226209;1.33013;0.226209;0.627024;0.0109493;0.0173273;-0.00311749;0.0108478;-4.61595e-05;1.925e-06;-4.60139e-05;1.32342e-06
41000;-0.220692;1.29768;0.220692;0.611731;0.00943463;0.017061;-0.00396362;0.0106254;-4.63366e-05;1.89465e-06;-4.59652e-05;1.308e-06
42000;0;1.33531;0.215437;0.597166;0.00820063;0.0167289;-0.00389685;0.01043;-4.60649e-05;1.87431e-06;-4.59946e-05;1.29254e-06
43000;0.210427;1.36791;0.210427;0.583278;0.00729172;0.0164605;-0.00364564;0.0102266;-4.62944e-05;1.84897e-06;-4.6061e-05;1.27747e-06
44000;0.205645;1.33683;0.205645;0.570022;0.00641509;0.016134;-0.00330574;0.0100411;-4.62456e-05;1.82788e-06;-4.6114e-05;1.26342e-06
45000;0;1.36524;0.301612;0.59116;0.00559564;0.0158735;-0.00334542;0.00990107;-4.62786e-05;1.81036e-06;-4.6235e-05;1.24747e-06
46000;0;1.33556;0.295056;0.578309;0.00637406;0.0156452;-0.00307597;0.00969765;-4.62758e-05;1.79162e-06;-4.62452e-05;1.23258e-06
47000;0;1.30715;0.288778;0.566005;0.00659747;0.0153779;-0.00316436;0.00956585;-4.63775e-05;1.77081e-06;-4.6271e-05;1.22143e-06
48000;0.188508;1.33217;0.282762;0.554213;0.0072821;0.0150902;-0.00332289;0.00943646;-4.65328e-05;1.74933e-06;-4.62545e-05;1.21196e-06
49000;0.184661;1.30499;0.276991;0.542902;0.00804082;0.0148695;-0.00326002;0.00926025;-4.64012e-05;1.73116e-06;-4.62976e-05;1.19806e-06
50000;0.180967;1.27889;0.271451;0.532044;0.0079086;0.0146198;-0.00272896;0.00909809;-4.64647e-05;1.71616e-06;-4.61661e-05;1.18698e-06
51000;0.177419;1.25381;0.266129;0.521612;0.00734831;0.01445;-0.00177065;0.00897319;-4.62929e-05;1.69993e-06;-4.61414e-05;1.17494e-06
52000;0.174007;1.2297;0.261011;0.565575;0.00710775;0.0142372;-0.00223889;0.00887763;-4.61252e-05;1.68368e-06;-4.61942e-05;1.16323e-06
53000;0.170724;1.2065;0.256086;0.554904;0.00718481;0.0139747;-0.00239854;0.00875321;-4.62203e-05;1.66411e-06;-4.61558e-05;1.15222e-06
54000;0.167562;1.18415;0.167562;0.568848;0.00731836;0.0137678;-0.00213246;0.00864444;-4.64893e-05;1.64477e-06;-4.60839e-05;1.14138e-06
55000;0.164516;1.16262;0.0822579;0.581312;0.00768139;0.0136101;-0.00231748;0.00851741;-4.66819e-05;1.62862e-06;-4.61126e-05;1.12954e-06
56000;0.323156;1.18496;0.0807891;0.570931;0.00823989;0.0134461;-0.00212238;0.00839686;-4.65368e-05;1.62085e-06;-4.60695e-05;1.1191e-06
57000;0.317487;1.16418;0.0793717;0.560915;0.00775859;0.0132267;-0.00248904;0.00827578;-4.6484e-05;1.60765e-06;-4.61348e-05;1.10876e-06
58000;0.312013;1.1441;0;0.572053;0.00740187;0.0130023;-0.00228584;0.00814667;-4.64796e-05;1.5941e-06;-4.62015e-05;1.09883e-06
59000;0.306725;1.12471;0;0.562357;0.0076483;0.0128027;-0.00294788;0.00805993;-4.66737e-05;1.58073e-06;-4.61772e-05;1.08984e-06
60000;0.301612;1.10597;0;0.552985;0.00728001;0.0125982;-0.00317599;0.00798357;-4.66527e-05;1.56821e-06;-4.62035e-05;1.07909e-06
61000;0.296668;1.08784;0;0.543919;0.00709062;0.0124529;-0.00290281;0.00788764;-4.66377e-05;1.55324e-06;-4.60918e-05;1.07166e-06
62000;0.291883;1.07029;0;0.535146;0.00718912;0.0123162;-0.00300802;0.00781038;-4.66896e-05;1.5409e-06;-4.61122e-05;1.06153e-06
63000;0.28725;1.0533;0;0.526652;0.00688374;0.0121786;-0.00310307;0.00774968;-4.6673e-05;1.52977e-06;-4.60884e-05;1.05264e-06
64000;0.282762;1.03684;0;0.518423;0.00712801;0.012087;-0.0030526;0.00767769;-4.66107e-05;1.52011e-06;-4.607e-05;1.04392e-06
65000;0.278412;1.02089;0;0.510447;0.00627357;0.011946;-0.00306044;0.00756033;-4.66001e-05;1.50687e-06;-4.6099e-05;1.03515e-06
66000;0.274193;1.00542;0;0.502713;0.00658359;0.0117918;-0.00310271;0.00747292;-4.66606e-05;1.49413e-06;-4.61276e-05;1.02738e-06
67000;0.270101;0.990417;0.0675252;0.51259;0.00714955;0.011657;-0.00329529;0.00738413;-4.67268e-05;1.48185e-06;-4.60569e-05;1.02113e-06
68000;0.266129;0.975852;0.0665322;0.505052;0.00660651;0.0115252;-0.00358409;0.0073077;-4.66551e-05;1.47119e-06;-4.60994e-05;1.01322e-06
69000;0.262272;0.961709;0.0655679;0.497733;0.00719988;0.011399;-0.00315018;0.00723541;-4.67381e-05;1.45942e-06;-4.61456e-05;1.00482e-06
70000;0.258525;0.94797;0.0646312;0.490622;0.00774123;0.0112604;-0.00306608;0.00714481;-4.67946e-05;1.44676e-06;-4.61348e-05;9.97973e-07
71000;0.254884;0.934619;0.0637209;0.483712;0.00767669;0.0111535;-0.0028561;0.00708153;-4.67271e-05;1.43767e-06;-4.59309e-05;9.94457e-07
72000;0.251344;0.921638;0.0628359;0.476994;0.00768966;0.0110188;-0.00284509;0.00700171;-4.67533e-05;1.42679e-06;-4.59367e-05;9.87218e-07
73000;0.247901;0.909013;0.0619752;0.470459;0.00765022;0.010897;-0.00302832;0.00693003;-4.68354e-05;1.41593e-06;-4.59666e-05;9.7972e-07
74000;0.244551;0.896729;0.122275;0.479322;0.00732658;0.0107633;-0.00308301;0.00686452;-4.68776e-05;1.40527e-06;-4.6009e-05;9.73293e-07
75000;0.24129;0.884772;0.0603225;0.487486;0.00804164;0.0106797;-0.00279263;0.00681972;-4.69314e-05;1.39438e-06;-4.60783e-05;9.66051e-07
76000;0.238115;0.87313;0.0595288;0.481072;0.00811476;0.0105863;-0.00242954;0.00675668;-4.68556e-05;1.38736e-06;-4.60349e-05;9.60442e-07
77000;0.235023;0.861791;0;0.48859;0.00809543;0.0105053;-0.00227307;0.00667343;-4.69225e-05;1.3784e-06;-4.60875e-05;9.53548e-07
78000;0.23201;0.850742;0;0.482326;0.00806099;0.0103871;-0.00255517;0.00662227;-4.69807e-05;1.36897e-06;-4.60638e-05;9.47387e-07
79000;0.229073;0.839973;0;0.476221;0.00872805;0.0102953;-0.00251311;0.0065789;-4.70006e-05;1.36111e-06;-4.60473e-05;9.41213e-07
80000;0.226209;0.829474;0.0565523;0.483154;0.00880705;0.0102075;-0.00260944;0.00650416;-4.70251e-05;1.35168e-06;-4.60511e-05;9.35231e-07
81000;0.223417;0.819233;0.0558542;0.47719;0.00880853;0.0101245;-0.00243869;0.00644519;-4.70594e-05;1.34265e-06;-4.60799e-05;9.29097e-07
82000;0.220692;0.809242;0.055173;0.47137;0.0089189;0.010021;-0.00213094;0.00638479;-4.70447e-05;1.33516e-06;-4.60475e-05;9.23675e-07
83000;0.218033;0.799493;0.0545083;0.465691;0.00885679;0.00991697;-0.00210428;0.00631864;-4.71289e-05;1.32658e-06;-4.59404e-05;9.191e-07
84000;0.215437;0.789975;0.0538594;0.460147;0.00873187;0.00982667;-0.00202139;0.00630094;-4.71352e-05;1.31736e-06;-4.59195e-05;9.14823e-07
85000;0.212903;0.780681;0.0532257;0.454733;0.00887514;0.00972302;-0.00227463;0.00624871;-4.72032e-05;1.30732e-06;-4.59542e-05;9.09044e-07
86000;0.210427;0.771603;0.0526068;0.449446;0.00836496;0.00962521;-0.00216805;0.00619452;-4.7204e-05;1.29839e-06;-4.60099e-05;9.02692e-07
87000;0.208009;0.762734;0.0520022;0.44428;0.008049;0.00956018;-0.00226266;0.00615462;-4.7342e-05;1.28895e-06;-4.60357e-05;8.97053e-07
88000;0.102822;0.780534;0.0514112;0.439231;0.00795753;0.00945154;-0.0023651;0.00610195;-4.73476e-05;1.28134e-06;-4.60455e-05;8.91268e-07
89000;0.101667;0.771764;0;0.445578;0.00805362;0.00939868;-0.00260739;0.00605242;-4.73783e-05;1.27561e-06;-4.59933e-05;8.86842e-07
90000;0.100537;0.763189;0;0.440627;0.00804681;0.00931497;-0.00257249;0.00599052;-4.74357e-05;1.26922e-06;-4.59897e-05;8.82102e-07
91000;0.0994327;0.754802;0;0.435785;0.00935822;0.00929689;-0.00273926;0.00595211;-4.7472e-05;1.26302e-06;-4.61113e-05;8.76399e-07
92000;0.0983519;0.746598;0;0.431049;0.0098033;0.00922716;-0.00228709;0.00590299;-4.74962e-05;1.25641e-06;-4.614e-05;8.71745e-07
93000;0.0972943;0.73857;-0.0486472;0.436944;0.00977434;0.00915946;-0.00235334;0.00586524;-4.74589e-05;1.24962e-06;-4.61702e-05;8.66339e-07
94000;0.192519;0.754676;-0.0481296;0.432295;0.00936544;0.00909342;-0.00249527;0.00582448;-4.74384e-05;1.24426e-06;-4.61052e-05;8.6257e-07
95000;0.190492;0.746732;-0.047623;0.427745;0.00924936;0.00902148;-0.00278074;0.00577288;-4.74926e-05;1.23697e-06;-4.61364e-05;8.5788e-07
96000;0.188508;0.738953;-0.0471269;0.423289;0.00979632;0.00895932;-0.00235212;0.00572647;-4.74048e-05;1.23213e-06;-4.6187e-05;8.52829e-07
97000;0.279847;0.753842;-0.0466411;0.418925;0.00947142;0.00891155;-0.00242498;0.00569558;-4.74625e-05;1.22411e-06;-4.62332e-05;8.47697e-07
98000;0.369321;0.76778;-0.0461652;0.414651;0.00923753;0.00883329;-0.0023387;0.00564178;-4.74747e-05;1.21662e-06;-4.62768e-05;8.42548e-07
99000;0.365591;0.760025;-0.0456989;0.410462;0.00889983;0.00875719;-0.00229602;0.00560735;-4.76213e-05;1.20879e-06;-4.6326e-05;8.37913e-07
100000;0.361935;0.752425;-0.0452419;0.406358;0.00861738;0.00870717;-0.00228021;0.00555903;-4.74588e-05;1.20534e-06;-4.63079e-05;8.33835e-07
101000;0.358351;0.744975;-0.0447939;0.402334;0.00845033;0.00866107;-0.00238653;0.00551777;-4.73562e-05;1.20019e-06;-4.62949e-05;8.29318e-07
102000;0.354838;0.737671;-0.0443548;0.39839;0.00835212;0.00857621;-0.00201602;0.00548446;-4.73452e-05;1.19384e-06;-4.63198e-05;8.25142e-07
103000;0.351393;0.73051;-0.0439241;0.394522;0.00843086;0.00852609;-0.0017786;0.00544637;-4.73031e-05;1.18848e-06;-4.63014e-05;8.21704e-07
104000;0.348014;0.723485;-0.0435018;0.390728;0.00812695;0.00845541;-0.0016528;0.00540927;-4.73307e-05;1.18283e-06;-4.62406e-05;8.18569e-07
105000;0.3447;0.716595;-0.0430875;0.387007;0.00807717;0.00841996;-0.00134352;0.00538263;-4.73133e-05;1.1771e-06;-4.62231e-05;8.15031e-07
106000;0.341448;0.709835;-0.042681;0.383356;0.00799562;0.00836809;-0.00143901;0.00534008;-4.73225e-05;1.17135e-06;-4.62283e-05;8.11175e-07
107000;0.338257;0.703201;-0.0422821;0.379773;0.0084812;0.00832061;-0.00157658;0.00529498;-4.74215e-05;1.16459e-06;-4.61996e-05;8.08189e-07
108000;0.335125;0.69669;-0.0418906;0.376257;0.00845961;0.00824888;-0.00176604;0.00526871;-4.73812e-05;1.15802e-06;-4.62198e-05;8.04743e-07
109000;0.33205;0.690298;-0.0415063;0.372805;0.00799976;0.00819991;-0.00170079;0.00523451;-4.74092e-05;1.15189e-06;-4.62202e-05;8.01062e-07
110000;0.329032;0.684023;-0.041129;0.369416;0.00822376;0.0081377;-0.00142993;0.005204;-4.74622e-05;1.14636e-06;-4.62517e-05;7.9715e-07
111000;0.244551;0.696436;0;0.374703;0.00848184;0.0080732;-0.00139521;0.00517003;-4.74992e-05;1.14126e-06;-4.62596e-05;7.93836e-07
112000;0.242367;0.690218;0;0.371357;0.00840611;0.00800112;-0.00148182;0.00514228;-4.75223e-05;1.13537e-06;-4.6301e-05;7.89599e-07
113000;0.240222;0.68411;0;0.368071;0.00874082;0.00797811;-0.0014988;0.00510515;-4.75704e-05;1.12911e-06;-4.63232e-05;7.85694e-07
114000;0.238115;0.678109;0;0.364842;0.00838036;0.00792126;-0.00145266;0.00508008;-4.74663e-05;1.12452e-06;-4.63126e-05;7.8207e-07
115000;0.236045;0.706707;0;0.36167;0.00788991;0.00789742;-0.00144347;0.00505362;-4.73941e-05;1.12085e-06;-4.6304e-05;7.79045e-07
116000;0.23401;0.700615;0;0.358552;0.00804511;0.00785446;-0.00117904;0.00501949;-4.72984e-05;1.1189e-06;-4.63026e-05;7.75323e-07
117000;0.23201;0.694627;0;0.355487;0.00788571;0.00780268;-0.00120219;0.00498566;-4.73186e-05;1.11471e-06;-4.63062e-05;7.72031e-07
118000;0.230043;0.68874;-0.0383406;0.360396;0.00763191;0.00776116;-0.000953817;0.00495979;-4.72014e-05;1.11099e-06;-4.63632e-05;7.68491e-07
119000;0.22811;0.682952;0;0.365054;0.00734094;0.00770878;-0.00093743;0.00493046;-4.71835e-05;1.10628e-06;-4.63955e-05;7.6459e-07
120000;0.226209;0.677261;0;0.362012;0.00749986;0.0076567;-0.000921302;0.0048973;-4.72158e-05;1.10166e-06;-4.64383e-05;7.60988e-07
121000;0.22434;0.671664;0.03739;0.366423;0.00777619;0.00760835;-0.000836948;0.00489491;-4.72132e-05;1.09678e-06;-4.64461e-05;7.579e-07
122000;0.222501;0.666158;0.111251;0.377676;0.00757878;0.00757644;-0.000723543;0.00486461;-4.72358e-05;1.09148e-06;-4.6474e-05;7.54136e-07
123000;0.220692;0.660742;0.110346;0.374606;0.00745275;0.00754553;-0.00069564;0.00483183;-4.71998e-05;1.08638e-06;-4.64038e-05;7.51829e-07
124000;0.218912;0.655414;0.109456;0.371585;0.00770119;0.00749778;-0.000575047;0.00480725;-4.71924e-05;1.08241e-06;-4.6382e-05;7.49181e-07
125000;0.217161;0.65017;0.10858;0.368612;0.00802073;0.00746737;-0.000553917;0.00477533;-4.71262e-05;1.0779e-06;-4.63614e-05;7.46452e-07
126000;0.215437;0.64501;0.107719;0.365687;0.00758082;0.00742699;-0.000658587;0.00477715;-4.70872e-05;1.07374e-06;-4.63331e-05;7.4398e-07
127000;0.213741;0.639932;0.106871;0.362807;0.00711333;0.00739518;-0.000474555;0.00475543;-4.70999e-05;1.06949e-06;-4.63694e-05;7.41251e-07
128000;0.212071;0.634932;0.106036;0.359973;0.00697624;0.00733914;-0.000363422;0.00473045;-4.7054e-05;1.06625e-06;-4.6399e-05;7.38056e-07
129000;0.210427;0.63001;0.105214;0.357182;0.00705424;0.00729585;-0.000298092;0.00470315;-4.70438e-05;1.06223e-06;-4.63918e-05;7.35811e-07
130000;0.208809;0.625164;0.104404;0.354435;0.00697968;0.0072616;-4.25298e-05;0.00468764;-4.70335e-05;1.05765e-06;-4.63437e-05;7.33816e-07
131000;0.207215;0.620392;0.103607;0.351729;0.00723289;0.007219;-8.42116e-05;0.0046547;-4.70421e-05;1.05331e-06;-4.63509e-05;7.31286e-07
132000;0.205645;0.615692;0.102822;0.349064;0.0069906;0.00718465;0.000203321;0.00462982;-4.70502e-05;1.04911e-06;-4.63485e-05;7.28443e-07
133000;0.204099;0.611062;0.102049;0.34644;0.00737075;0.00716787;0.000268754;0.00460491;-4.70468e-05;1.04408e-06;-4.6356e-05;7.2604e-07
134000;0.202576;0.606502;0.0675252;0.350165;0.00772163;0.00714436;0.000196819;0.0045726;-4.70328e-05;1.04042e-06;-4.63493e-05;7.23753e-07
135000;0.201075;0.60201;0.067025;0.347571;0.00797727;0.00712314;0.000173385;0.00453893;-4.69326e-05;1.03764e-06;-4.63348e-05;7.21325e-07
136000;0.199596;0.597583;0.0665322;0.345015;0.00849058;0.00709468;0.00027218;0.00451707;-4.68788e-05;1.03361e-06;-4.6339e-05;7.18694e-07
137000;0.19814;0.593221;0.0990698;0.348559;0.00840474;0.00704921;0.000308544;0.00448659;-4.68872e-05;1.03036e-06;-4.62892e-05;7.17003e-07
138000;0.196704;0.588922;0.131136;0.351948;0.00882559;0.00703059;0.000395511;0.00446445;-4.69536e-05;1.02581e-06;-4.62744e-05;7.14199e-07
139000;0.195289;0.584686;0.130192;0.360876;0.0086105;0.00699038;0.000676138;0.00443908;-4.69189e-05;1.02196e-06;-4.62563e-05;7.11414e-07
140000;0.193894;0.580509;0.0969469;0.363854;0.00845301;0.00695631;0.000728482;0.00441824;-4.68441e-05;1.01961e-06;-4.62451e-05;7.08713e-07
141000;0.192519;0.576392;0.0962593;0.361273;0.00822747;0.00692735;0.000453141;0.00439942;-4.681e-05;1.01606e-06;-4.62869e-05;7.05931e-07
142000;0.191163;0.572333;0.0955814;0.358729;0.00802705;0.00688424;0.000498855;0.00437933;-4.68398e-05;1.01233e-06;-4.62898e-05;7.02974e-07
143000;0.189826;0.568331;0.094913;0.35622;0.00795175;0.00686563;0.000262252;0.00436407;-4.68628e-05;1.00862e-06;-4.63276e-05;7.00102e-07
144000;0.188508;0.564384;0.0942539;0.353747;0.00817502;0.00682975;0.000315501;0.00434428;-4.68445e-05;1.00484e-06;-4.63247e-05;6.97658e-07
145000;0.187208;0.560492;0.0936039;0.351307;0.00787424;0.00679116;0.000254525;0.00432043;-4.68329e-05;1.00107e-06;-4.63331e-05;6.95213e-07
146000;0.185925;0.556653;0.0929627;0.348901;0.00761998;0.00675058;0.000543618;0.00431089;-4.69133e-05;9.96583e-07;-4.63074e-05;6.93057e-07
147000;0.123107;0.565877;0.0923303;0.346527;0.00765546;0.00671504;0.000744229;0.00429194;-4.68731e-05;9.93774e-07;-4.63638e-05;6.90004e-07
148000;0.122275;0.562053;0.0611377;0.349362;0.00716229;0.00668869;0.00073527;0.0042727;-4.68678e-05;9.89933e-07;-4.63762e-05;6.87563e-07
149000;0.121455;0.558281;0.0607273;0.347017;0.00724261;0.00664856;0.000719559;0.0042526;-4.68187e-05;9.87069e-07;-4.63861e-05;6.85381e-07
150000;0.120645;0.554559;0.0603225;0.344704;0.00705704;0.00660972;0.000993547;0.00423809;-4.68052e-05;9.83899e-07;-4.63868e-05;6.82861e-07
151000;0.119846;0.550887;0.059923;0.342421;0.0068771;0.00658567;0.000870983;0.00421685;-4.67926e-05;9.80275e-07;-4.64078e-05;6.80431e-07
152000;0.119058;0.547262;0;0.35003;0.00676557;0.00654364;0.00100219;0.00419218;-4.67806e-05;9.76711e-07;-4.63924e-05;6.78373e-07
153000;0.118279;0.543685;-0.0295699;0.352539;0.00698497;0.0065116;0.00119707;0.00417908;-4.67861e-05;9.73685e-07;-4.64439e-05;6.75799e-07
154000;0.0587557;0.552295;0;0.354952;0.00698017;0.00648483;0.00160348;0.00416444;-4.67421e-05;9.7156e-07;-4.64535e-05;6.73557e-07
155000;0.0583766;0.548732;-0.0583766;0.361823;0.00685349;0.00645608;0.00153606;0.0041445;-4.66978e-05;9.68999e-07;-4.64687e-05;6.71451e-07
156000;0.0580024;0.545214;-0.0580024;0.359504;0.00636331;0.00644293;0.00162219;0.00412372;-4.66805e-05;9.66205e-07;-4.6487e-05;6.6928e-07
157000;0.057633;0.541742;-0.0288165;0.361651;0.00624487;0.00641614;0.00137607;0.00411016;-4.66419e-05;9.62561e-07;-4.64798e-05;6.67107e-07
158000;0.0572682;0.538313;0;0.363719;0.00663304;0.00639468;0.00166161;0.00409451;-4.66668e-05;9.58831e-07;-4.64687e-05;6.65091e-07
159000;0.056908;0.534927;0;0.361431;0.00705146;0.00637602;0.0015192;0.00407816;-4.66428e-05;9.55671e-07;-4.6394e-05;6.63575e-07
160000;0.0565523;0.531584;0;0.359172;0.00709828;0.00636055;0.00154952;0.00406507;-4.66861e-05;9.52271e-07;-4.63855e-05;6.61556e-07
161000;0.0562011;0.528282;0;0.356941;0.00683813;0.00634704;0.00144596;0.00404534;-4.67445e-05;9.48645e-07;-4.64072e-05;6.59189e-07
162000;0.0558542;0.525021;0;0.354738;0.00667976;0.00632355;0.00119699;0.00403339;-4.67491e-05;9.46633e-07;-4.64647e-05;6.56853e-07
163000;0.0555115;0.5218;0;0.352562;0.00679775;0.00628911;0.00138086;0.00401998;-4.68102e-05;9.43026e-07;-4.64814e-05;6.54929e-07
164000;0.055173;0.518618;0;0.350412;0.00668155;0.00625758;0.00127977;0.00400811;-4.67912e-05;9.4006e-07;-4.64933e-05;6.52565e-07
165000;0.0548386;0.515475;0;0.348288;0.00640733;0.00623567;0.00125818;0.00398938;-4.68046e-05;9.37264e-07;-4.64986e-05;6.50613e-07
166000;0.109017;0.52339;0;0.34619;0.00649422;0.00621094;0.00110474;0.00397777;-4.68213e-05;9.33942e-07;-4.64425e-05;6.48989e-07
167000;0.108364;0.520256;0;0.344117;0.00634014;0.00617788;0.000985498;0.00396502;-4.68838e-05;9.30736e-07;-4.65023e-05;6.46687e-07
168000;0.107719;0.517159;0;0.342069;0.00656139;0.00614845;0.00111922;0.00394856;-4.68414e-05;9.27784e-07;-4.64876e-05;6.4507e-07
169000;0.107081;0.514099;0;0.340045;0.00654463;0.00613496;0.000927182;0.00393257;-4.68516e-05;9.25121e-07;-4.64887e-05;6.43015e-07
170000;0.0532257;0.521614;-0.0266129;0.342045;0.00643366;0.00611611;0.000752692;0.00391658;-4.68639e-05;9.21817e-07;-4.64781e-05;6.41043e-07
171000;0.0529145;0.518563;-0.0529145;0.343976;0.00621379;0.00610207;0.000795732;0.0038987;-4.68563e-05;9.19327e-07;-4.6429e-05;6.39839e-07
172000;0.0526068;0.515548;-0.0526068;0.341976;0.00621458;0.00607647;0.000742857;0.00387858;-4.68404e-05;9.1673e-07;-4.6435e-05;6.38064e-07
173000;0.0523027;0.512568;-0.0523027;0.339999;0.00667245;0.00606742;0.000526832;0.00386679;-4.6796e-05;9.14078e-07;-4.64516e-05;6.36084e-07
174000;0.104004;0.519715;-0.0520022;0.338045;0.0066341;0.00603255;0.000582619;0.00386086;-4.67504e-05;9.11533e-07;-4.64513e-05;6.34563e-07
175000;0.051705;0.526589;-0.051705;0.336114;0.00642662;0.00600391;0.000555755;0.00384466;-4.67052e-05;9.09962e-07;-4.64868e-05;6.32236e-07
176000;0.0514112;0.523597;-0.0257056;0.33798;0.00647989;0.00597239;0.000851078;0.00383325;-4.6674e-05;9.07715e-07;-4.64766e-05;6.30382e-07
177000;0.0511208;0.520639;-0.0255604;0.336071;0.00620069;0.00595301;0.000984417;0.00382561;-4.66364e-05;9.05505e-07;-4.65065e-05;6.28208e-07
178000;0.0508336;0.517714;-0.0254168;0.334183;0.00643981;0.00593188;0.00105515;0.00381056;-4.66685e-05;9.0324e-07;-4.65285e-05;6.26357e-07
179000;0.0505496;0.514821;-0.0252748;0.332316;0.00633909;0.0059001;0.00103198;0.00379873;-4.66294e-05;9.01052e-07;-4.64973e-05;6.25123e-07
180000;0.0502687;0.511961;-0.0251344;0.33047;0.00633208;0.00588248;0.000974585;0.00378693;-4.66382e-05;8.98461e-07;-4.65349e-05;6.23222e-07
181000;0;0.518476;-0.0249955;0.328644;0.00617943;0.00586526;0.000988317;0.00377012;-4.66446e-05;8.96393e-07;-4.65215e-05;6.21417e-07
182000;0;0.515627;-0.0248582;0.326838;0.00625371;0.00583688;0.000953174;0.00375035;-4.66204e-05;8.94008e-07;-4.65424e-05;6.1954e-07
183000;0;0.512809;0;0.328644;0.00640389;0.0058436;0.000974258;0.00373817;-4.65939e-05;8.91835e-07;-4.64901e-05;6.1804e-07
184000;0;0.510022;0;0.326858;0.00633438;0.00582186;0.000893717;0.00372411;-4.66302e-05;8.89706e-07;-4.64535e-05;6.16608e-07
185000;0;0.507265;0;0.325091;0.0062624;0.0058048;0.00095722;0.00371453;-4.66457e-05;8.87242e-07;-4.64559e-05;6.14916e-07
186000;-0.0486472;0.513468;0.0243236;0.326839;0.00598539;0.00577768;0.000866639;0.00370457;-4.66374e-05;8.84733e-07;-4.64128e-05;6.13463e-07
187000;-0.048387;0.510723;0.0241935;0.325091;0.00598621;0.00575112;0.000832382;0.00368714;-4.668e-05;8.82782e-07;-4.64574e-05;6.11498e-07
188000;-0.0481296;0.508006;0.0481296;0.326784;0.00567083;0.00573439;0.000945931;0.00367827;-4.6723e-05;8.79819e-07;-4.64627e-05;6.09831e-07
189000;-0.047875;0.505318;0.047875;0.325055;0.00558716;0.00571724;0.000865585;0.00366894;-4.67453e-05;8.77286e-07;-4.64436e-05;6.08306e-07
190000;-0.047623;0.502659;0.047623;0.323344;0.00545006;0.00570878;0.000841679;0.0036581;-4.67323e-05;8.75292e-07;-4.64575e-05;6.06815e-07
191000;-0.0473737;0.500027;0.0473737;0.321651;0.00543622;0.00568691;0.00105299;0.00365365;-4.67003e-05;8.73614e-07;-4.64126e-05;6.05375e-07
192000;-0.0471269;0.497423;0.0471269;0.319976;0.00533047;0.00565933;0.00107584;0.00364211;-4.666e-05;8.71369e-07;-4.64265e-05;6.03762e-07
193000;-0.0937655;0.503305;0.0468828;0.318318;0.00535674;0.00563648;0.000930258;0.00363374;-4.66804e-05;8.68501e-07;-4.64399e-05;6.01889e-07
194000;-0.0932822;0.50071;0.0233206;0.319959;0.0052297;0.00561416;0.000865721;0.00363385;-4.67465e-05;8.6587e-07;-4.64408e-05;6.00192e-07
195000;-0.0928038;0.498143;0.023201;0.318318;0.00532674;0.00558773;0.000729871;0.00362418;-4.67831e-05;8.63528e-07;-4.64161e-05;5.98908e-07
196000;-0.0923303;0.495601;0.0230826;0.316694;0.00521554;0.00556324;0.000898847;0.00361283;-4.67875e-05;8.61039e-07;-4.64367e-05;5.9719e-07
197000;-0.0918617;0.493085;0.0229654;0.315086;0.00516696;0.00553686;0.000682958;0.00360592;-4.67527e-05;8.58692e-07;-4.64208e-05;5.95613e-07
198000;-0.0913977;0.490595;0.0228494;0.313495;0.00494021;0.00551717;0.000703464;0.00359759;-4.67686e-05;8.56324e-07;-4.64103e-05;5.94166e-07
199000;-0.0909384;0.48813;0.0227346;0.31192;0.00503554;0.00550298;0.000778496;0.00359306;-4.67734e-05;8.53996e-07;-4.63668e-05;5.93058e-07
200000;-0.0904837;0.485689;0.0226209;0.31036;0.00460804;0.00549366;0.000715518;0.00357782;-4.67737e-05;8.51768e-07;-4.63351e-05;5.91438e-07
201000;-0.0900336;0.483273;0.0225084;0.308816;0.00479889;0.00548687;0.000781441;0.00356477;-4.68064e-05;8.49026e-07;-4.63054e-05;5.90231e-07
202000;-0.0895879;0.48088;0.022397;0.307287;0.00499723;0.00547567;0.000688906;0.00355383;-4.67805e-05;8.47856e-07;-4.6294e-05;5.8929e-07
203000;-0.178293;0.494204;0;0.308878;0.00480501;0.00546708;0.000710815;0.00354448;-4.68295e-05;8.45832e-07;-4.63166e-05;5.87868e-07
204000;-0.177419;0.491781;0;0.307364;0.00442499;0.00545403;0.000494167;0.00353737;-4.67844e-05;8.43924e-07;-4.63672e-05;5.86032e-07
205000;-0.176554;0.489382;-0.0220692;0.308908;0.00455501;0.00544038;0.00034826;0.00352937;-4.67952e-05;8.4195e-07;-4.6349e-05;5.85039e-07
206000;-0.175697;0.487007;-0.0219621;0.307408;0.0044738;0.00541521;0.000404948;0.00351567;-4.68103e-05;8.39914e-07;-4.63518e-05;5.83526e-07
207000;-0.174848;0.484654;-0.021856;0.305923;0.00454521;0.00539082;7.64105e-05;0.00351196;-4.68199e-05;8.37754e-07;-4.63551e-05;5.82062e-07
208000;-0.174007;0.482324;-0.0217509;0.304452;0.00431857;0.00536913;9.67288e-05;0.003503;-4.68054e-05;8.35967e-07;-4.63841e-05;5.8051e-07
209000;-0.173175;0.480016;-0.0216468;0.302996;0.00412517;0.00535087;1.31472e-05;0.00348852;-4.68106e-05;8.33755e-07;-4.63965e-05;5.78995e-07
210000;-0.17235;0.47773;-0.0430875;0.304495;0.00414828;0.0053363;-0.000122258;0.00347565;-4.68479e-05;8.31129e-07;-4.63904e-05;5.77667e-07
211000;-0.12865;0.482838;-0.0428833;0.303052;0.004077;0.00533557;-0.00013396;0.00346643;-4.68753e-05;8.29158e-07;-4.63858e-05;5.76316e-07
212000;-0.128043;0.480561;-0.0213405;0.304509;0.00424476;0.00531935;8.99239e-05;0.00346027;-4.68255e-05;8.27993e-07;-4.63962e-05;5.74876e-07
213000;-0.127442;0.478305;-0.0424806;0.305925;0.00422483;0.00529438;0.000102631;0.00344571;-4.68219e-05;8.25492e-07;-4.64095e-05;5.73611e-07
214000;-0.126846;0.47607;-0.0422821;0.304495;0.00409443;0.0052741;0.000160629;0.00343701;-4.68269e-05;8.23501e-07;-4.64261e-05;5.72255e-07
215000;-0.126256;0.473855;-0.0420855;0.303079;0.00401597;0.00525491;0.000246207;0.00342758;-4.68041e-05;8.21928e-07;-4.6419e-05;5.71004e-07
216000;-0.125672;0.471662;-0.0628359;0.304456;0.00411934;0.0052366;0.000250292;0.00341499;-4.68149e-05;8.19668e-07;-4.64398e-05;5.69663e-07
217000;-0.125093;0.469488;-0.0625464;0.303053;0.00422278;0.00521798;0.000106649;0.00340453;-4.68625e-05;8.17792e-07;-4.64332e-05;5.68529e-07
218000;-0.124519;0.467334;-0.0622595;0.301663;0.00407649;0.0052;9.70966e-05;0.00339399;-4.68684e-05;8.15645e-07;-4.64328e-05;5.67668e-07
219000;-0.12395;0.465201;-0.0619752;0.300286;0.00386233;0.00518338;0.000165506;0.00338878;-4.69065e-05;8.1368e-07;-4.64227e-05;5.66344e-07
220000;-0.123387;0.463086;-0.0616935;0.298921;0.00395942;0.00516471;0.000254385;0.00337581;-4.6931e-05;8.1172e-07;-4.64085e-05;5.6527e-07
221000;-0.122829;0.460991;-0.0614143;0.297568;0.00399633;0.00514616;9.60665e-05;0.00336515;-4.68942e-05;8.09742e-07;-4.64152e-05;5.63826e-07
222000;-0.163034;0.465815;-0.0611377;0.296228;0.00391107;0.00512611;8.88708e-05;0.00335991;-4.68635e-05;8.08453e-07;-4.64346e-05;5.62287e-07
223000;-0.162303;0.463726;-0.0608635;0.294899;0.00395999;0.00511841;-1.85524e-05;0.00335106;-4.68802e-05;8.06222e-07;-4.64364e-05;5.61186e-07
224000;-0.201973;0.468396;-0.0807891;0.29624;0.00380944;0.00511487;9.34092e-06;0.00334124;-4.69096e-05;8.04234e-07;-4.63999e-05;5.60077e-07
225000;-0.201075;0.466314;-0.08043;0.300143;0.00391119;0.00509745;-0.000155162;0.00333587;-4.69103e-05;8.02876e-07;-4.64015e-05;5.58867e-07
226000;-0.200185;0.464251;-0.0800741;0.298815;0.00386603;0.00508165;-8.57484e-05;0.00332647;-4.69143e-05;8.0112e-07;-4.6381e-05;5.57861e-07
227000;-0.199303;0.462205;-0.0797214;0.297499;0.00383958;0.00507385;-0.000131158;0.00331971;-4.69652e-05;7.98786e-07;-4.64111e-05;5.56449e-07
228000;-0.158743;0.466706;-0.0793717;0.296194;0.00382274;0.0050516;4.14938e-05;0.00331317;-4.69617e-05;7.96946e-07;-4.6408e-05;5.55195e-07
229000;-0.15805;0.464668;-0.0790251;0.294901;0.00359951;0.00503718;8.33824e-05;0.00330384;-4.69443e-05;7.95143e-07;-4.63713e-05;5.54363e-07
230000;-0.157363;0.462648;-0.0786815;0.293619;0.003679;0.00502884;3.54632e-06;0.0032995;-4.69173e-05;7.93497e-07;-4.63713e-05;5.53199e-07
231000;-0.156682;0.460645;-0.0783409;0.292347;0.00359504;0.00501432;-2.50985e-06;0.00328818;-4.69027e-05;7.92132e-07;-4.63837e-05;5.52054e-07
232000;-0.156006;0.45866;-0.0585024;0.293586;0.00357883;0.00500049;5.46975e-05;0.00327785;-4.6901e-05;7.90535e-07;-4.63784e-05;5.50756e-07
233000;-0.155337;0.456691;-0.0582513;0.292326;0.00360592;0.00498246;9.11086e-05;0.00326434;-4.69106e-05;7.88762e-07;-4.63711e-05;5.4968e-07
234000;-0.154673;0.454739;-0.0580024;0.291077;0.00337853;0.00496995;0.000162939;0.0032594;-4.68707e-05;7.87467e-07;-4.63705e-05;5.48517e-07
235000;-0.154015;0.452804;-0.0577556;0.289838;0.00314567;0.00495732;0.000106458;0.00325189;-4.68793e-05;7.85937e-07;-4.63876e-05;5.47256e-07
236000;-0.153362;0.450886;-0.0766811;0.291046;0.0032142;0.00494086;0.00014886;0.00324524;-4.68744e-05;7.84427e-07;-4.64202e-05;5.45899e-07
237000;-0.114536;0.455177;-0.0763576;0.289817;0.00324375;0.00492253;0.000112432;0.00323223;-4.68068e-05;7.83703e-07;-4.64106e-05;5.44703e-07
238000;-0.114055;0.453264;-0.0570276;0.290995;0.00319507;0.00490233;3.56859e-06;0.00322137;-4.68204e-05;7.81956e-07;-4.64192e-05;5.4334e-07
239000;-0.113578;0.451367;-0.056789;0.289777;0.00317931;0.00489252;-9.75085e-05;0.0032111;-4.68675e-05;7.79956e-07;-4.64117e-05;5.42339e-07
240000;-0.113105;0.449487;-0.0377016;0.290926;0.00314513;0.0048784;-7.99887e-05;0.00320135;-4.68641e-05;7.78801e-07;-4.64114e-05;5.41198e-07
241000;-0.112635;0.447622;-0.0375451;0.289719;0.00302209;0.0048632;-0.000247376;0.00320296;-4.68185e-05;7.77144e-07;-4.64403e-05;5.39722e-07
242000;-0.11217;0.445772;-0.03739;0.288521;0.00297436;0.00484917;-0.000342496;0.00319579;-4.68224e-05;7.75224e-07;-4.64496e-05;5.38553e-07
243000;-0.111708;0.443938;-0.0372361;0.287334;0.00297696;0.00484143;-0.000388735;0.00318401;-4.68606e-05;7.73629e-07;-4.64324e-05;5.37387e-07
244000;-0.111251;0.442118;-0.0370835;0.286156;0.00296476;0.00482159;-0.000298799;0.00317334;-4.68983e-05;7.72099e-07;-4.64363e-05;5.36182e-07
245000;-0.110796;0.440314;-0.0369321;0.284988;0.00291591;0.00480245;-0.00027823;0.00317166;-4.69015e-05;7.70519e-07;-4.64269e-05;5.35112e-07
246000;-0.110346;0.438524;-0.036782;0.28383;0.00301485;0.00478541;-0.000257249;0.00316241;-4.68923e-05;7.68987e-07;-4.64194e-05;5.34223e-07
247000;-0.109899;0.436748;-0.0366331;0.282681;0.00292476;0.00476848;-0.000162537;0.00315661;-4.68988e-05;7.67423e-07;-4.64145e-05;5.33155e-07
248000;-0.109456;0.434987;-0.0364854;0.281541;0.00282278;0.00475254;-0.000104581;0.00315199;-4.69053e-05;7.65728e-07;-4.64012e-05;5.32114e-07
249000;-0.109017;0.43324;-0.0363389;0.28041;0.00293612;0.00474874;-9.27135e-05;0.0031481;-4.69073e-05;7.64362e-07;-4.6403e-05;5.30968e-07
250000;-0.10858;0.431507;-0.0361935;0.279289;0.00302896;0.00473418;-0.000119812;0.00314457;-4.69291e-05;7.62677e-07;-4.64078e-05;5.29778e-07
251000;-0.108148;0.429788;-0.0540739;0.28041;0.00299077;0.00472214;-0.000272665;0.00313693;-4.69133e-05;7.61208e-07;-4.64087e-05;5.28702e-07
252000;-0.107719;0.428083;-0.0538594;0.279298;0.00290691;0.00470551;-0.000223123;0.00312816;-4.69013e-05;7.59508e-07;-4.64213e-05;5.27467e-07
253000;-0.0715286;0.432114;-0.0357643;0.280393;0.00297243;0.00468774;-0.000150214;0.00312113;-4.68931e-05;7.5797e-07;-4.64182e-05;5.26446e-07
254000;-0.071247;0.430413;-0.0356235;0.279289;0.00295395;0.00466936;-0.000277809;0.00311816;-4.68641e-05;7.56539e-07;-4.64351e-05;5.25308e-07
255000;-0.0709676;0.428725;-0.0354838;0.278194;0.00294237;0.00465104;-0.000174309;0.00311387;-4.68813e-05;7.5496e-07;-4.64274e-05;5.24223e-07
256000;-0.0706904;0.42705;-0.0353452;0.277107;0.00325539;0.00464448;-0.000216481;0.0031067;-4.69039e-05;7.53508e-07;-4.64134e-05;5.23347e-07
257000;-0.0704154;0.425389;-0.0352077;0.276029;0.00336944;0.00463285;-0.000280208;0.00310263;-4.69103e-05;7.52111e-07;-4.63977e-05;5.22309e-07
258000;-0.0701424;0.42374;-0.0350712;0.274959;0.00337432;0.00462235;-0.000204874;0.00309254;-4.69279e-05;7.50424e-07;-4.63924e-05;5.21228e-07
259000;-0.0698716;0.422104;-0.0174679;0.276029;0.00340322;0.00461148;-0.000280684;0.00308312;-4.69516e-05;7.48823e-07;-4.64316e-05;5.19925e-07
260000;-0.0348014;0.425977;-0.0174007;0.274967;0.00356357;0.00460007;-0.000136452;0.00307953;-4.69987e-05;7.47006e-07;-4.6417e-05;5.18914e-07
261000;-0.0346681;0.424345;-0.0173341;0.273914;0.00345583;0.00458591;-4.11373e-06;0.0030727;-4.69782e-05;7.45806e-07;-4.63852e-05;5.17997e-07
262000;0;0.428111;-0.0172679;0.272868;0.00341641;0.00457459;-9.26667e-05;0.00307014;-4.69861e-05;7.44439e-07;-4.63978e-05;5.16916e-07
263000;0;0.426483;0;0.273914;0.00326327;0.00456756;-0.000169749;0.00306715;-4.69603e-05;7.42842e-07;-4.64066e-05;5.15766e-07
264000;0;0.424868;0;0.272876;0.003118;0.00455458;-0.000436946;0.00306267;-4.69598e-05;7.41283e-07;-4.63977e-05;5.14867e-07
265000;-0.0341448;0.428522;0;0.271846;0.00310623;0.00453739;-0.000469866;0.00305187;-4.69819e-05;7.3969e-07;-4.64018e-05;5.14057e-07
266000;-0.0340164;0.426911;0;0.270824;0.00324103;0.00452956;-0.000572596;0.00304692;-4.69531e-05;7.3838e-07;-4.64191e-05;5.12935e-07
267000;-0.033889;0.425312;0;0.26981;0.00335476;0.00451854;-0.000495975;0.00303937;-4.69332e-05;7.37772e-07;-4.64155e-05;5.12065e-07
268000;-0.0337626;0.423725;0;0.268803;0.00322657;0.00450655;-0.000526182;0.00303255;-4.69027e-05;7.36573e-07;-4.64143e-05;5.11129e-07
269000;-0.0336371;0.42215;-0.0168185;0.269825;0.00321843;0.00449612;-0.000575769;0.00302501;-4.68757e-05;7.35457e-07;-4.64074e-05;5.10331e-07
270000;-0.0335125;0.420587;-0.0167562;0.268826;0.00304921;0.00449056;-0.000441471;0.00301668;-4.68985e-05;7.34172e-07;-4.63938e-05;5.09452e-07
271000;-0.0667777;0.424114;-0.0333888;0.269825;0.00286302;0.00448577;-0.000278924;0.00300909;-4.68693e-05;7.32893e-07;-4.63792e-05;5.08768e-07
272000;-0.0665322;0.422555;-0.0332661;0.268833;0.00282852;0.00448293;-6.60162e-05;0.00300325;-4.6841e-05;7.31449e-07;-4.63482e-05;5.08013e-07
273000;-0.0662885;0.421007;-0.0331442;0.267848;0.00280826;0.0044713;-4.08096e-05;0.00299622;-4.68493e-05;7.30127e-07;-4.63531e-05;5.07153e-07
274000;-0.0660465;0.41947;-0.0330233;0.266871;0.0029214;0.00445876;6.81738e-05;0.00299436;-4.68525e-05;7.28589e-07;-4.6368e-05;5.06131e-07
275000;-0.0658064;0.417945;-0.0164516;0.267849;0.00279295;0.00445082;7.40925e-05;0.0029869;-4.68556e-05;7.27009e-07;-4.63679e-05;5.05265e-07
276000;-0.0655679;0.416431;-0.016392;0.266878;0.00259825;0.00444015;7.15845e-05;0.00298719;-4.68321e-05;7.25752e-07;-4.63955e-05;5.0415e-07
277000;-0.0653312;0.414927;-0.0163328;0.265915;0.00270086;0.00443069;0.000144555;0.0029789;-4.68089e-05;7.24358e-07;-4.64036e-05;5.03179e-07
278000;-0.0650962;0.413435;-0.0162741;0.264958;0.00293285;0.0044306;0.00018825;0.00297571;-4.68077e-05;7.23002e-07;-4.63964e-05;5.02198e-07
279000;-0.0648629;0.411953;-0.0162157;0.264008;0.00282084;0.00442001;-1.06956e-05;0.00297141;-4.67933e-05;7.21687e-07;-4.63919e-05;5.01262e-07
280000;-0.0646312;0.410482;-0.0161578;0.263066;0.00253004;0.00441155;-5.76403e-05;0.00296577;-4.6811e-05;7.20165e-07;-4.63683e-05;5.00545e-07
281000;-0.0644012;0.409021;-0.0161003;0.262129;0.0025491;0.00440303;-0.000177833;0.00295809;-4.68302e-05;7.18859e-07;-4.63701e-05;4.9951e-07
282000;-0.0641729;0.407571;-0.0160432;0.2612;0.00251656;0.00440077;-0.000314617;0.00295311;-4.68306e-05;7.17373e-07;-4.63951e-05;4.98503e-07
283000;-0.0639461;0.40613;-0.0159865;0.260277;0.0024507;0.00440262;-0.000346778;0.00294734;-4.685e-05;7.16267e-07;-4.63935e-05;4.97585e-07
284000;-0.0637209;0.4047;-0.0159302;0.25936;0.00247119;0.00439516;-0.000336851;0.00293726;-4.68572e-05;7.1498e-07;-4.6384e-05;4.9674e-07
285000;-0.0634974;0.40328;0;0.260316;0.00255562;0.00438353;-0.000247933;0.00292975;-4.69084e-05;7.13631e-07;-4.63908e-05;4.95837e-07
286000;-0.0632753;0.40187;0;0.259406;0.00249239;0.00437894;-0.000222442;0.00292085;-4.68955e-05;7.12609e-07;-4.64104e-05;4.94956e-07
287000;-0.0630549;0.40047;0;0.258502;0.00247965;0.00436951;-0.000305692;0.00291563;-4.69079e-05;7.1128e-07;-4.6433e-05;4.93983e-07
288000;-0.0628359;0.39908;0;0.257605;0.00252029;0.00435727;-0.000290697;0.0029106;-4.69078e-05;7.099e-07;-4.64316e-05;4.93138e-07
289000;-0.0626185;0.397699;0;0.256713;0.00242652;0.0043454;-0.00036532;0.00290419;-4.69193e-05;7.0873e-07;-4.64332e-05;4.92494e-07
290000;-0.0624026;0.396327;0;0.255828;0.00233601;0.00433974;-0.000330572;0.00290121;-4.68757e-05;7.08107e-07;-4.63961e-05;4.91942e-07
291000;-0.0621881;0.394965;0;0.254949;0.00221718;0.00433116;-0.000365331;0.00289531;-4.68815e-05;7.06706e-07;-4.6367e-05;4.91319e-07
292000;-0.0619752;0.393613;0;0.254076;0.00219979;0.00431637;-0.000409043;0.00288677;-4.69029e-05;7.0527e-07;-4.63677e-05;4.90454e-07
293000;-0.0617636;0.392269;0;0.256801;0.00225571;0.00431046;-0.000289405;0.00288427;-4.69065e-05;7.04075e-07;-4.63737e-05;4.89532e-07
294000;-0.0615536;0.390935;0.0153884;0.257698;0.00249774;0.0043055;-0.000310087;0.00287974;-4.69383e-05;7.02857e-07;-4.63902e-05;4.88596e-07
295000;-0.0613449;0.38961;0.0153362;0.256825;0.00234523;0.00430316;-0.000244564;0.00287124;-4.69747e-05;7.01494e-07;-4.63943e-05;4.87707e-07
296000;-0.0611377;0.388294;0.0152844;0.25944;0.0023094;0.00429809;-0.000177555;0.00286331;-4.69836e-05;7.00108e-07;-4.64114e-05;4.86889e-07
297000;-0.0304659;0.391566;0.015233;0.258566;0.00230162;0.00428362;-0.000421285;0.00286073;-4.69977e-05;6.99046e-07;-4.63968e-05;4.86239e-07
298000;0;0.394764;0.0151818;0.261112;0.0022835;0.00427611;-0.000438688;0.00285463;-4.70153e-05;6.97795e-07;-4.64033e-05;4.85377e-07
299000;0;0.393444;0;0.261923;0.00232425;0.00426495;-0.000403729;0.00285255;-4.69939e-05;6.9669e-07;-4.63943e-05;4.84726e-07
300000;0;0.392132;0;0.26105;0.00254344;0.00425975;-0.000373458;0.00284633;-4.7e-05;6.95462e-07;-4.64089e-05;4.83785e-07
301000;0;0.390829;0;0.260183;0.00245428;0.00425381;-0.000250354;0.00284203;-4.70156e-05;6.94477e-07;-4.6412e-05;4.82968e-07
302000;0.0299615;0.393937;0;0.259321;0.00243929;0.00424083;-5.73951e-05;0.00283826;-4.69988e-05;6.93314e-07;-4.64196e-05;4.82295e-07
303000;0.0298626;0.392637;0;0.258465;0.00246339;0.00423181;-0.000108405;0.00283477;-4.70111e-05;6.92081e-07;-4.64448e-05;4.81362e-07
304000;0.0297644;0.391345;0;0.257615;0.00245529;0.00421789;-8.65005e-05;0.00283017;-4.69997e-05;6.91174e-07;-4.64624e-05;4.80516e-07
305000;0.0296668;0.390062;0;0.25677;0.0024274;0.00421421;-0.000179909;0.00282554;-4.69912e-05;6.89953e-07;-4.64653e-05;4.79622e-07
306000;0;0.393084;0;0.255931;0.00252176;0.00420746;-0.000226964;0.0028213;-4.69886e-05;6.88752e-07;-4.64494e-05;4.78851e-07
307000;0;0.391803;0;0.255098;0.00259075;0.00419693;-0.000218065;0.0028159;-4.69924e-05;6.87594e-07;-4.64563e-05;4.78084e-07
308000;0;0.390531;0;0.254269;0.00214164;0.00420008;-0.000102342;0.00281018;-4.7032e-05;6.86438e-07;-4.64548e-05;4.77317e-07
309000;0;0.389267;0.0146414;0.255066;0.002147;0.00419219;-0.000174151;0.00280626;-4.70314e-05;6.85709e-07;-4.64548e-05;4.76551e-07
310000;0;0.388011;0.0145942;0.254243;0.00221574;0.0041813;-9.62355e-05;0.00280254;-4.70749e-05;6.84308e-07;-4.64371e-05;4.75938e-07
311000;0;0.386764;0.0145472;0.253426;0.0022602;0.00416971;-8.54005e-05;0.00279478;-4.70784e-05;6.8288e-07;-4.64344e-05;4.75171e-07
312000;0;0.385524;0.0145006;0.252613;0.00211596;0.00416088;6.66367e-05;0.00278991;-4.70613e-05;6.82056e-07;-4.64225e-05;4.7439e-07
313000;0;0.384292;0.0144543;0.251806;0.00211191;0.00415506;6.57722e-05;0.00278252;-4.70695e-05;6.80716e-07;-4.64371e-05;4.7359e-07
314000;0;0.383069;0.0144082;0.251004;0.00203918;0.00414539;-1.75394e-05;0.00277561;-4.70835e-05;6.79606e-07;-4.64239e-05;4.72826e-07
315000;0;0.381853;0.0143625;0.250207;0.00194381;0.00413918;1.83284e-05;0.00276888;-4.70221e-05;6.78807e-07;-4.64495e-05;4.71986e-07
316000;0;0.380644;0.014317;0.249416;0.00186825;0.00413273;-9.09851e-05;0.0027631;-4.70108e-05;6.77591e-07;-4.64525e-05;4.71212e-07
317000;-0.0285438;0.383546;0.0142719;0.248629;0.00179061;0.00412606;-0.000122689;0.00275715;-4.70148e-05;6.76711e-07;-4.64324e-05;4.70517e-07
318000;-0.056908;0.386385;0.014227;0.247847;0.00178498;0.00411308;-4.37529e-05;0.00275164;-4.70167e-05;6.75913e-07;-4.64492e-05;4.69625e-07
319000;-0.0567296;0.385174;0.0141824;0.24707;0.00176167;0.00410034;-4.06879e-05;0.00274414;-4.70386e-05;6.7453e-07;-4.64509e-05;4.68886e-07
320000;-0.0565523;0.383971;0.0141381;0.249396;0.00186654;0.00409302;-0.000144465;0.00273905;-4.70528e-05;6.73294e-07;-4.64399e-05;4.68172e-07
321000;-0.0845642;0.386741;0.014094;0.248619;0.00182009;0.00408343;-6.37856e-05;0.0027351;-4.70029e-05;6.72519e-07;-4.641e-05;4.67618e-07
322000;-0.0843016;0.38554;0.0140503;0.247847;0.00152315;0.00408093;-3.37374e-05;0.00273116;-4.69831e-05;6.7173e-07;-4.63866e-05;4.67084e-07
323000;-0.0840406;0.384346;0.0140068;0.24708;0.00140609;0.00407217;-0.000107845;0.00272604;-4.70105e-05;6.705e-07;-4.63957e-05;4.66238e-07
324000;-0.0837812;0.38316;0.0139635;0.246317;0.00125638;0.00407106;-1.58486e-05;0.00272054;-4.70111e-05;6.69437e-07;-4.64141e-05;4.6542e-07
325000;-0.0835235;0.381981;0.0139206;0.245559;0.00132512;0.00406102;5.48745e-05;0.00271396;-4.70222e-05;6.6834e-07;-4.63881e-05;4.64907e-07
326000;-0.0832672;0.380809;0;0.246313;0.00127852;0.00405168;3.16859e-06;0.0027121;-4.70018e-05;6.67889e-07;-4.63959e-05;4.64174e-07
327000;-0.0830126;0.379645;0;0.245559;0.00128483;0.00404268;5.51704e-05;0.00270489;-4.70442e-05;6.66368e-07;-4.63903e-05;4.63581e-07
328000;-0.0827595;0.378487;0;0.244811;0.00152176;0.00403831;0.000128705;0.00270045;-4.70438e-05;6.65368e-07;-4.63909e-05;4.62873e-07
329000;-0.082508;0.377337;0;0.244067;0.00151713;0.00402604;9.13475e-05;0.00269538;-4.70346e-05;6.6444e-07;-4.64196e-05;4.61976e-07
330000;-0.0822579;0.376193;0;0.243327;0.00139051;0.00401944;0.000113452;0.00269172;-4.70733e-05;6.63059e-07;-4.64295e-05;4.61286e-07
331000;-0.0820094;0.375057;0;0.242592;0.0012655;0.00401076;0.000126037;0.00268671;-4.70837e-05;6.62169e-07;-4.64318e-05;4.60569e-07
332000;-0.0817624;0.373927;0;0.241861;0.00126695;0.00400823;0.000173956;0.00268487;-4.7048e-05;6.6149e-07;-4.63998e-05;4.60108e-07
333000;-0.0815169;0.372804;0.0135861;0.242601;0.00140155;0.00400242;0.000182258;0.00268091;-4.70516e-05;6.60533e-07;-4.64022e-05;4.59362e-07
334000;-0.0812728;0.371688;0.0135455;0.241874;0.00139736;0.00399043;0.000193607;0.00267367;-4.70814e-05;6.59214e-07;-4.6397e-05;4.58737e-07
335000;-0.0810302;0.370579;0.013505;0.241152;0.00146619;0.00398023;0.000255313;0.00267248;-4.7092e-05;6.58449e-07;-4.64029e-05;4.58013e-07
336000;-0.0807891;0.369476;0.0134648;0.240435;0.001481;0.00397454;0.00025634;0.00266762;-4.71022e-05;6.57462e-07;-4.64018e-05;4.57404e-07
337000;-0.0805493;0.368379;0;0.241161;0.00146014;0.00396465;0.000380223;0.00266403;-4.71279e-05;6.56292e-07;-4.63839e-05;4.5693e-07
338000;-0.080311;0.367289;0.0133852;0.241874;0.00145582;0.00395292;0.000455205;0.00265912;-4.71559e-05;6.55016e-07;-4.63759e-05;4.56309e-07
339000;-0.0800741;0.366206;0.0133457;0.241161;0.00157194;0.00394415;0.000492028;0.00265414;-4.71617e-05;6.54005e-07;-4.63662e-05;4.55587e-07
340000;-0.0798386;0.365129;0.0133064;0.240452;0.00153118;0.00394123;0.000484765;0.00264761;-4.71426e-05;6.53473e-07;-4.63551e-05;4.54917e-07
341000;-0.106139;0.367754;0.0265348;0.241153;0.00147983;0.00393372;0.000489062;0.00264397;-4.71514e-05;6.526e-07;-4.63664e-05;4.54149e-07
342000;-0.105829;0.366679;0.0264572;0.240448;0.00149759;0.0039292;0.00050874;0.00263777;-4.71259e-05;6.5173e-07;-4.63594e-05;4.53546e-07
343000;-0.10552;0.36561;0.0263801;0.239747;0.00138829;0.00392081;0.000534034;0.00263315;-4.71302e-05;6.50595e-07;-4.63566e-05;4.52942e-07
344000;-0.105214;0.364547;0.0394551;0.240435;0.00144185;0.00391826;0.000564012;0.0026331;-4.71548e-05;6.49486e-07;-4.63372e-05;4.52544e-07
345000;-0.104909;0.36349;0.0393408;0.239738;0.00139603;0.00390776;0.00064548;0.00262958;-4.71313e-05;6.48598e-07;-4.63345e-05;4.51902e-07
346000;-0.104605;0.36244;0.0392271;0.239046;0.0014056;0.00389754;0.000596416;0.00262422;-4.7092e-05;6.48436e-07;-4.63217e-05;4.51261e-07
347000;-0.104304;0.361395;0.052152;0.239723;0.00120349;0.00389287;0.000589903;0.00262082;-4.70572e-05;6.47727e-07;-4.63165e-05;4.50687e-07
348000;-0.104004;0.360357;0.0520022;0.239034;0.00128697;0.00388446;0.000686836;0.00261489;-4.70331e-05;6.46989e-07;-4.63104e-05;4.49989e-07
349000;-0.103706;0.359324;0.0518531;0.238349;0.00115993;0.00387713;0.000649236;0.00260867;-4.6981e-05;6.46472e-07;-4.6328e-05;4.49244e-07
350000;-0.129262;0.361863;0.0646312;0.239014;0.00129097;0.00387068;0.000522395;0.00260536;-4.69637e-05;6.45704e-07;-4.63207e-05;4.48574e-07
351000;-0.128894;0.360832;0.0773365;0.239669;0.00113387;0.00386658;0.000433393;0.00260019;-4.69576e-05;6.44631e-07;-4.63087e-05;4.48086e-07
352000;-0.128528;0.359807;0.064264;0.240312;0.0011334;0.00386918;0.000465063;0.00259596;-4.69609e-05;6.43439e-07;-4.63035e-05;4.47447e-07
353000;-0.153797;0.362288;0.0512656;0.240944;0.0011546;0.0038629;0.000432912;0.00259175;-4.69617e-05;6.42487e-07;-4.63214e-05;4.46703e-07
354000;-0.153362;0.361264;0.0511208;0.240263;0.000971666;0.00385944;0.000473218;0.0025859;-4.69812e-05;6.41375e-07;-4.63314e-05;4.45966e-07
355000;-0.15293;0.360247;0.0509768;0.239587;0.00104274;0.00385513;0.000564201;0.00258239;-4.69947e-05;6.40809e-07;-4.63083e-05;4.45642e-07
356000;-0.152501;0.359235;0.0508336;0.238914;0.000951349;0.00384739;0.000544815;0.00257874;-4.69723e-05;6.39967e-07;-4.63047e-05;4.45018e-07
357000;-0.152074;0.358229;0.0506912;0.238244;0.000955826;0.0038408;0.00055469;0.00257402;-4.69926e-05;6.39029e-07;-4.62858e-05;4.44479e-07
358000;-0.151649;0.357228;0.063187;0.238867;0.00100483;0.00383141;0.000550284;0.0025698;-4.70088e-05;6.37915e-07;-4.62771e-05;4.43868e-07
359000;-0.151226;0.356233;0.063011;0.238201;0.000922528;0.00382391;0.000558242;0.0025632;-4.69782e-05;6.37148e-07;-4.62808e-05;4.43221e-07
360000;-0.150806;0.355243;0.0502687;0.238813;0.000934835;0.0038134;0.000623169;0.00256291;-4.69697e-05;6.36347e-07;-4.62866e-05;4.42581e-07
361000;-0.150388;0.354259;0.0626619;0.239415;0.00100055;0.00380452;0.000497254;0.00256083;-4.69904e-05;6.3543e-07;-4.62835e-05;4.41983e-07
362000;-0.149973;0.353281;0.0624888;0.238754;0.00106844;0.00379654;0.000446471;0.00255731;-4.69895e-05;6.34326e-07;-4.62924e-05;4.41575e-07
363000;-0.14956;0.352307;0.0623166;0.238096;0.00113054;0.00378901;0.00051133;0.00255765;-4.69781e-05;6.33794e-07;-4.63042e-05;4.40895e-07
364000;-0.149149;0.35134;0.0621454;0.237442;0.00115292;0.00377951;0.000556479;0.00255237;-4.69597e-05;6.33033e-07;-4.63189e-05;4.40154e-07
365000;-0.14874;0.350377;0.0619752;0.236791;0.00118752;0.00376988;0.000574317;0.00255299;-4.69739e-05;6.32328e-07;-4.6306e-05;4.39619e-07
366000;-0.148334;0.34942;0.0618058;0.236144;0.00120205;0.00375977;0.000630653;0.00254895;-4.69295e-05;6.31709e-07;-4.62889e-05;4.39078e-07
367000;-0.14793;0.348468;0.0739649;0.236737;0.00119726;0.00375161;0.000651339;0.00254878;-4.69234e-05;6.30903e-07;-4.63041e-05;4.38455e-07
368000;-0.172116;0.350846;0.0737639;0.238541;0.0011783;0.00374723;0.000701441;0.00254555;-4.69216e-05;6.30246e-07;-4.63017e-05;4.37878e-07
369000;-0.171649;0.349895;0.073564;0.237894;0.00127849;0.00373909;0.000637613;0.0025416;-4.69472e-05;6.29406e-07;-4.63266e-05;4.37132e-07
370000;-0.171185;0.34895;0.0733652;0.237251;0.00131023;0.0037308;0.000695678;0.00253973;-4.69606e-05;6.28446e-07;-4.63143e-05;4.36601e-07
371000;-0.170724;0.348009;0.0731674;0.236612;0.00138728;0.00372696;0.000708761;0.00253963;-4.69553e-05;6.27536e-07;-4.63272e-05;4.35944e-07
372000;-0.170265;0.347074;0.0729708;0.235976;0.0014225;0.00371975;0.000658711;0.00253715;-4.6953e-05;6.26699e-07;-4.63282e-05;4.35331e-07
373000;-0.169809;0.346143;0.0727751;0.235343;0.00130891;0.0037129;0.000668409;0.00253362;-4.6948e-05;6.25914e-07;-4.63263e-05;4.34761e-07
374000;-0.193548;0.348459;0.0604838;0.235908;0.00147702;0.00371182;0.000633574;0.00252947;-4.69079e-05;6.25095e-07;-4.63193e-05;4.34252e-07
375000;-0.193032;0.34753;0.072387;0.236464;0.00153035;0.00370325;0.000636459;0.00252726;-4.69124e-05;6.24064e-07;-4.63117e-05;4.33626e-07
376000;-0.192519;0.346606;0.0721945;0.235835;0.00156278;0.00369409;0.000759385;0.00252773;-4.69105e-05;6.23203e-07;-4.63227e-05;4.32945e-07
377000;-0.192008;0.345686;0.072003;0.23521;0.00153771;0.00368452;0.000741888;0.00252395;-4.69096e-05;6.22335e-07;-4.6319e-05;4.32314e-07
378000;-0.1915;0.344772;0.0718125;0.234588;0.00157868;0.00367583;0.000751366;0.00251863;-4.69295e-05;6.2135e-07;-4.63251e-05;4.31691e-07
379000;-0.190995;0.343862;0.0954974;0.236297;0.00156789;0.00367234;0.000755746;0.00251308;-4.69297e-05;6.20613e-07;-4.63209e-05;4.3115e-07
380000;-0.190492;0.342957;0.095246;0.235675;0.0015787;0.00366981;0.000768656;0.00250874;-4.69374e-05;6.19547e-07;-4.63011e-05;4.30638e-07
381000;-0.189992;0.342057;0.0949961;0.235056;0.00153302;0.00366408;0.000706413;0.0025045;-4.69304e-05;6.18669e-07;-4.62896e-05;4.30209e-07
382000;-0.213182;0.344306;0.082904;0.235587;0.00147566;0.00366225;0.000643183;0.0025;-4.69355e-05;6.17724e-07;-4.62838e-05;4.2974e-07
383000;-0.212625;0.343407;0.0826875;0.234972;0.0014341;0.00365449;0.000602528;0.00249575;-4.69474e-05;6.16859e-07;-4.62809e-05;4.29169e-07
384000;-0.212071;0.342513;0.0706904;0.235495;0.00143703;0.00364982;0.000656506;0.00249356;-4.69024e-05;6.16468e-07;-4.6289e-05;4.28589e-07
385000;-0.21152;0.341623;0.0822579;0.23601;0.00134488;0.00364913;0.000734751;0.00249267;-4.69e-05;6.15678e-07;-4.62901e-05;4.28056e-07
386000;-0.210972;0.340738;0.0820448;0.235399;0.00143945;0.00364799;0.000733831;0.00248835;-4.69075e-05;6.14817e-07;-4.62988e-05;4.27411e-07
387000;-0.210427;0.339857;0.0818328;0.234791;0.0015593;0.0036426;0.000759737;0.00248223;-4.69035e-05;6.13965e-07;-4.63011e-05;4.26834e-07
388000;-0.209885;0.338981;0.0816219;0.234185;0.00150525;0.00364188;0.00071933;0.0024767;-4.69116e-05;6.13039e-07;-4.63062e-05;4.26258e-07
389000;-0.232606;0.34117;0.0814121;0.233583;0.0014652;0.00363321;0.000776013;0.00247294;-4.69191e-05;6.12145e-07;-4.62942e-05;4.25808e-07
390000;-0.23201;0.340295;0.104404;0.235193;0.00136245;0.0036271;0.0006123;0.00247031;-4.69022e-05;6.11555e-07;-4.62943e-05;4.25266e-07
391000;-0.231416;0.339425;0.104137;0.234591;0.00139108;0.00362093;0.000649025;0.00246569;-4.69138e-05;6.10861e-07;-4.63018e-05;4.24768e-07
392000;-0.230826;0.338559;0.103872;0.233993;0.00135742;0.00361543;0.000583393;0.00246073;-4.69041e-05;6.10449e-07;-4.63067e-05;4.24239e-07
393000;-0.230239;0.337697;0.103607;0.233397;0.00145207;0.00361171;0.000481803;0.00245796;-4.69088e-05;6.09599e-07;-4.62801e-05;4.23815e-07
394000;-0.229654;0.33684;0.103344;0.232805;0.00145205;0.00360658;0.000363122;0.0024552;-4.69285e-05;6.08658e-07;-4.62581e-05;4.23384e-07
395000;-0.229073;0.335987;0.103083;0.232216;0.00135331;0.00360229;0.000396822;0.00244998;-4.69321e-05;6.0777e-07;-4.62545e-05;4.22791e-07
396000;-0.228494;0.335139;0.102822;0.231629;0.00140304;0.00359471;0.000393747;0.00244619;-4.69461e-05;6.0689e-07;-4.62481e-05;4.22265e-07
397000;-0.227919;0.334295;0.102563;0.231046;0.0015665;0.00359083;0.000415584;0.00244222;-4.69229e-05;6.06263e-07;-4.62525e-05;4.21681e-07
398000;-0.250081;0.336419;0.102306;0.230465;0.00153087;0.0035849;0.000471336;0.00244175;-4.69181e-05;6.0558e-07;-4.62524e-05;4.21293e-07
399000;-0.249454;0.335576;0.0907105;0.23096;0.00154641;0.00357611;0.000465801;0.00243707;-4.69016e-05;6.04763e-07;-4.62596e-05;4.20698e-07
400000;-0.24883;0.334737;0.0904837;0.230382;0.00158961;0.00356837;0.000477639;0.00243393;-4.68651e-05;6.0415e-07;-4.62626e-05;4.20142e-07
401000;-0.270774;0.336818;0.0902581;0.229808;0.00164283;0.0035644;0.000415176;0.00243014;-4.68514e-05;6.03401e-07;-4.62676e-05;4.19599e-07
402000;-0.270101;0.33598;0.101288;0.230295;0.00174942;0.00356465;0.000491334;0.00242596;-4.6839e-05;6.02838e-07;-4.62809e-05;4.19047e-07
403000;-0.26943;0.335147;0.101036;0.229723;0.0016135;0.00356369;0.000501188;0.00242164;-4.68465e-05;6.01952e-07;-4.62687e-05;4.18567e-07
404000;-0.268764;0.334317;0.111985;0.230203;0.00165936;0.0035657;0.000489668;0.00242042;-4.68302e-05;6.014e-07;-4.6277e-05;4.18014e-07
405000;-0.2681;0.333492;0.111708;0.229635;0.00163657;0.00355708;0.000495684;0.00241582;-4.68163e-05;6.00821e-07;-4.62737e-05;4.17484e-07
406000;-0.26744;0.33267;0.122576;0.230108;0.00164962;0.0035543;0.000407532;0.00241316;-4.68126e-05;6.00037e-07;-4.62687e-05;4.17037e-07
407000;-0.244551;0.334702;0.122275;0.229543;0.00171015;0.00354782;0.000422844;0.00240893;-4.68121e-05;5.99482e-07;-4.62714e-05;4.16479e-07
408000;-0.243951;0.333881;0.121976;0.22898;0.00165772;0.00354253;0.000416446;0.00240473;-4.68148e-05;5.98744e-07;-4.62745e-05;4.16009e-07
409000;-0.243355;0.333065;0.121677;0.22842;0.00165366;0.00353387;0.000495793;0.00240307;-4.67984e-05;5.98172e-07;-4.62671e-05;4.15458e-07
410000;-0.242761;0.332252;0.121381;0.227863;0.00166628;0.0035281;0.000448985;0.00240107;-4.68284e-05;5.97217e-07;-4.62619e-05;4.14926e-07
411000;-0.242171;0.331444;0.121085;0.227309;0.00138055;0.00353487;0.00042612;0.00239758;-4.68388e-05;5.96491e-07;-4.62635e-05;4.14358e-07
412000;-0.241583;0.33064;0.120791;0.226757;0.00133289;0.00353243;0.000438715;0.00239526;-4.68774e-05;5.95593e-07;-4.62496e-05;4.13906e-07
413000;-0.240998;0.329839;0.120499;0.226208;0.00143674;0.00352942;0.000474886;0.00239148;-4.68903e-05;5.94814e-07;-4.62388e-05;4.13419e-07
414000;-0.240416;0.329042;0.120208;0.225662;0.00155496;0.00352655;0.000508377;0.00238843;-4.68968e-05;5.94078e-07;-4.62356e-05;4.12951e-07
415000;-0.239836;0.328249;0.119918;0.225118;0.0015346;0.00352362;0.000602386;0.00238467;-4.6892e-05;5.93237e-07;-4.62393e-05;4.12406e-07
416000;-0.217509;0.330224;0.130505;0.225586;0.00150713;0.00351988;0.0006037;0.00238157;-4.68759e-05;5.92602e-07;-4.62424e-05;4.11929e-07
417000;-0.216987;0.329432;0.130192;0.225045;0.00148621;0.00351213;0.000585924;0.00237893;-4.68833e-05;5.9173e-07;-4.62352e-05;4.11469e-07
418000;-0.216468;0.328644;0.129881;0.224507;0.00145161;0.00350955;0.000675138;0.00237691;-4.68921e-05;5.90953e-07;-4.62202e-05;4.11076e-07
419000;-0.215952;0.32786;0.140369;0.224968;0.00147877;0.00350169;0.000745628;0.00237411;-4.68996e-05;5.90261e-07;-4.62079e-05;4.10605e-07
420000;-0.215437;0.327079;0.140034;0.224433;0.00145347;0.0034998;0.000684112;0.00237108;-4.69101e-05;5.89503e-07;-4.6188e-05;4.10263e-07
421000;-0.214926;0.326302;0.139702;0.2239;0.00157211;0.00349448;0.00064753;0.0023668;-4.69246e-05;5.88751e-07;-4.61879e-05;4.0974e-07
422000;-0.214416;0.325529;0.139371;0.223369;0.00173456;0.00349283;0.000619766;0.00236186;-4.69193e-05;5.88091e-07;-4.62145e-05;4.0917e-07
423000;-0.21391;0.324759;0.139041;0.222841;0.00171817;0.00348465;0.000679876;0.00235826;-4.69133e-05;5.87428e-07;-4.62327e-05;4.08651e-07
424000;-0.213405;0.323993;0.138713;0.222315;0.00177756;0.00348293;0.000729175;0.0023549;-4.69317e-05;5.86631e-07;-4.62464e-05;4.08116e-07
425000;-0.212903;0.323231;0.138387;0.221792;0.00178474;0.00347645;0.000741195;0.00235067;-4.69407e-05;5.85791e-07;-4.62474e-05;4.07616e-07
426000;-0.212403;0.322472;0.127442;0.222249;0.00203242;0.003475;0.000706981;0.00234602;-4.69619e-05;5.85023e-07;-4.62481e-05;4.07088e-07
427000;-0.211906;0.321717;0.116548;0.222699;0.00195996;0.00346852;0.000740902;0.00234497;-4.69785e-05;5.84204e-07;-4.62499e-05;4.06651e-07
428000;-0.19027;0.323629;0.116276;0.222178;0.00191324;0.00346426;0.000705753;0.00234211;-4.69961e-05;5.83439e-07;-4.6258e-05;4.06111e-07
429000;-0.189826;0.322875;0.116005;0.22166;0.00186281;0.00345736;0.000654553;0.00233898;-4.70039e-05;5.82574e-07;-4.62697e-05;4.05519e-07
430000;-0.189385;0.322124;0.115735;0.221145;0.00192703;0.00345699;0.000590003;0.00233502;-4.699e-05;5.81931e-07;-4.62638e-05;4.05086e-07
431000;-0.188945;0.321376;0.115466;0.220632;0.00182007;0.0034518;0.000652937;0.00233199;-4.70184e-05;5.81216e-07;-4.62568e-05;4.04635e-07
432000;-0.188508;0.320633;0.115199;0.220121;0.00189909;0.00344612;0.000717148;0.00232938;-4.70391e-05;5.80476e-07;-4.62429e-05;4.04199e-07
433000;-0.188072;0.319892;0.114933;0.219613;0.00189471;0.00343816;0.000722045;0.00232488;-4.70528e-05;5.79699e-07;-4.62412e-05;4.0373e-07
434000;-0.187639;0.319155;0.114668;0.219107;0.00194183;0.00343678;0.00070545;0.00232097;-4.70458e-05;5.79232e-07;-4.62332e-05;4.03262e-07
435000;-0.187208;0.318421;0.114405;0.218603;0.0019568;0.00343168;0.000733416;0.00231889;-4.70563e-05;5.78557e-07;-4.62628e-05;4.02614e-07
436000;-0.207532;0.320284;0.114142;0.218102;0.00180342;0.00342836;0.000667583;0.00231491;-4.70351e-05;5.78038e-07;-4.62674e-05;4.02183e-07
437000;-0.207057;0.319551;0.103528;0.218547;0.00196588;0.00342484;0.000697607;0.00231239;-4.70529e-05;5.77214e-07;-4.62619e-05;4.0168e-07
438000;-0.206584;0.318822;0.103292;0.218048;0.00196139;0.00341702;0.000693984;0.00230948;-4.70699e-05;5.76718e-07;-4.62556e-05;4.01292e-07
439000;-0.206113;0.318096;0.103057;0.217551;0.00207705;0.00341394;0.000695982;0.00230749;-4.7076e-05;5.76047e-07;-4.62562e-05;4.00888e-07
440000;-0.205645;0.317373;0.113105;0.21799;0.00218262;0.00340849;0.000695846;0.00230717;-4.70733e-05;5.75252e-07;-4.62636e-05;4.00393e-07
441000;-0.205179;0.316653;0.112848;0.217496;0.00217371;0.00340641;0.000657722;0.00230609;-4.7087e-05;5.74471e-07;-4.62586e-05;4.00081e-07
442000;-0.204714;0.315937;0.122829;0.217929;0.00214427;0.00340193;0.000730185;0.0023058;-4.70878e-05;5.73754e-07;-4.62583e-05;3.99646e-07
443000;-0.183827;0.317755;0.122551;0.217437;0.00212264;0.00340102;0.000753581;0.00230344;-4.70909e-05;5.73147e-07;-4.62652e-05;3.9909e-07
444000;-0.183413;0.31704;0.122275;0.218778;0.00205888;0.0033975;0.000743491;0.00230015;-4.71085e-05;5.72366e-07;-4.6266e-05;3.98639e-07
445000;-0.183001;0.316327;0.101667;0.220098;0.00195823;0.00339546;0.000658945;0.00229658;-4.7117e-05;5.71778e-07;-4.62459e-05;3.98298e-07
446000;-0.182591;0.315618;0.0912953;0.220503;0.0019726;0.00338882;0.0006268;0.00229221;-4.70918e-05;5.71196e-07;-4.62534e-05;3.97771e-07
447000;-0.182182;0.314912;0.091091;0.22001;0.00195208;0.00338369;0.000607698;0.00228998;-4.70889e-05;5.705e-07;-4.62545e-05;3.97271e-07
448000;-0.181775;0.314209;0.0908877;0.219519;0.00190773;0.00337662;0.000539527;0.00228744;-4.71202e-05;5.69776e-07;-4.62603e-05;3.96818e-07
449000;-0.181371;0.313509;0.0906853;0.21903;0.00195749;0.00337243;0.000534699;0.00228375;-4.70757e-05;5.69374e-07;-4.62553e-05;3.96448e-07
450000;-0.180967;0.312813;0.0904837;0.218543;0.00190746;0.00336804;0.000468675;0.00228229;-4.70666e-05;5.68827e-07;-4.62456e-05;3.96063e-07
451000;-0.180566;0.312119;0.0902831;0.218058;0.00198939;0.00336271;0.000489758;0.00227872;-4.70375e-05;5.68221e-07;-4.62424e-05;3.95572e-07
452000;-0.180167;0.311428;0.0900834;0.217576;0.00199297;0.00335914;0.000506632;0.00227626;-4.70345e-05;5.67438e-07;-4.62488e-05;3.9506e-07
453000;-0.179769;0.310741;0.0898845;0.217096;0.00225232;0.00335924;0.000497512;0.00227248;-4.70191e-05;5.66766e-07;-4.6231e-05;3.94748e-07
454000;-0.159443;0.312508;0.0996517;0.217496;0.00231467;0.00335317;0.00050023;0.00226819;-4.70108e-05;5.6626e-07;-4.62331e-05;3.94317e-07
455000;-0.159092;0.311821;0.109376;0.217891;0.00229611;0.00334666;0.000499084;0.00226374;-4.70283e-05;5.6558e-07;-4.62376e-05;3.93858e-07
456000;-0.158743;0.311137;0.109136;0.217414;0.0022306;0.00334142;0.000576061;0.00226028;-4.7012e-05;5.6498e-07;-4.62444e-05;3.93407e-07
457000;-0.158396;0.310456;0.108897;0.216938;0.00210777;0.00333862;0.000569448;0.00225943;-4.70219e-05;5.64265e-07;-4.62561e-05;3.92934e-07
458000;-0.15805;0.309778;0.10866;0.216464;0.00224744;0.00333774;0.000657974;0.00225745;-4.70089e-05;5.63701e-07;-4.62443e-05;3.92612e-07
459000;-0.157706;0.309104;0.108423;0.215993;0.00221857;0.00333546;0.000660737;0.00225375;-4.70167e-05;5.62946e-07;-4.62375e-05;3.92238e-07
460000;-0.157363;0.308432;0.108187;0.215523;0.00230491;0.00333172;0.000653227;0.0022512;-4.70408e-05;5.62222e-07;-4.62414e-05;3.91787e-07
461000;-0.157022;0.307762;0.107952;0.215056;0.00226288;0.00332677;0.000659054;0.00224882;-4.70358e-05;5.61646e-07;-4.62423e-05;3.9139e-07
462000;-0.156682;0.307096;0.0881335;0.2163;0.00214373;0.00332335;0.000644714;0.00224542;-4.70437e-05;5.60925e-07;-4.62608e-05;3.90903e-07
463000;-0.156343;0.306433;0.0879432;0.215833;0.00208888;0.00331983;0.000561554;0.00224538;-4.7039e-05;5.60382e-07;-4.62531e-05;3.90423e-07
464000;-0.156006;0.305773;0.0877536;0.215368;0.00205779;0.00331308;0.000573702;0.00224341;-4.70487e-05;5.59698e-07;-4.62426e-05;3.90065e-07
465000;-0.155671;0.305115;0.0875649;0.214905;0.00220442;0.00330929;0.000594893;0.00223993;-4.70703e-05;5.58988e-07;-4.62337e-05;3.89669e-07
466000;-0.155337;0.30446;0.0970856;0.215286;0.00217503;0.00330782;0.000536442;0.00223798;-4.70528e-05;5.58644e-07;-4.62374e-05;3.89191e-07
467000;-0.155004;0.303808;0.106565;0.215662;0.00215463;0.00330088;0.000564415;0.00223579;-4.7056e-05;5.58021e-07;-4.62256e-05;3.88855e-07
468000;-0.135339;0.305519;0.106338;0.215202;0.00220223;0.00329542;0.000555744;0.00223345;-4.70327e-05;5.57521e-07;-4.6216e-05;3.88529e-07
469000;-0.115757;0.307203;0.106111;0.214743;0.0021947;0.00329014;0.000545285;0.00223152;-4.7046e-05;5.56815e-07;-4.62096e-05;3.8815e-07
470000;-0.115511;0.30655;0.105885;0.214286;0.00199437;0.00329059;0.000500316;0.00222827;-4.7065e-05;5.56097e-07;-4.62138e-05;3.87726e-07
471000;-0.115266;0.305899;0.10566;0.213831;0.00199095;0.00328389;0.000456513;0.0022255;-4.70666e-05;5.55587e-07;-4.61961e-05;3.87405e-07
472000;-0.115022;0.305251;0.105437;0.213378;0.00192613;0.0032812;0.000553838;0.00222374;-4.70424e-05;5.55241e-07;-4.61971e-05;3.86959e-07
473000;-0.114779;0.304605;0.105214;0.212927;0.00192206;0.00327426;0.000568917;0.00222076;-4.70384e-05;5.54765e-07;-4.61917e-05;3.86548e-07
474000;-0.095447;0.306257;0.104992;0.212478;0.00196657;0.00327181;0.000527169;0.0022179;-4.70359e-05;5.54211e-07;-4.61977e-05;3.86104e-07
475000;-0.095246;0.305612;0.104771;0.21203;0.00190815;0.00326579;0.000511501;0.00221401;-4.70333e-05;5.53646e-07;-4.61981e-05;3.85701e-07
476000;-0.0950459;0.30497;0.104551;0.211585;0.00187457;0.00326161;0.000575877;0.00221161;-4.70276e-05;5.5298e-07;-4.61787e-05;3.85412e-07
477000;-0.0948467;0.304331;0.104331;0.211141;0.00216672;0.00326273;0.000595837;0.0022086;-4.70148e-05;5.52677e-07;-4.61864e-05;3.84986e-07
478000;-0.0946483;0.303694;0.104113;0.2107;0.00226146;0.00325776;0.000600105;0.00220629;-4.70065e-05;5.52069e-07;-4.62041e-05;3.84498e-07
479000;-0.0944507;0.30306;0.103896;0.21026;0.00221473;0.00325332;0.000658337;0.0022054;-4.69779e-05;5.51568e-07;-4.6199e-05;3.84131e-07
480000;-0.0942539;0.302429;0.113105;0.210633;0.00216264;0.00325027;0.000664522;0.00220202;-4.69564e-05;5.51164e-07;-4.62002e-05;3.83753e-07
481000;-0.11287;0.304044;0.11287;0.210195;0.00218912;0.00324509;0.000688485;0.00219855;-4.69634e-05;5.50518e-07;-4.62093e-05;3.83304e-07
482000;-0.112635;0.303413;0.112635;0.209759;0.00214981;0.00323967;0.000697425;0.00219426;-4.69616e-05;5.49868e-07;-4.62043e-05;3.82954e-07
483000;-0.112402;0.302785;0.112402;0.209325;0.00202122;0.00324078;0.00077993;0.00219105;-4.69536e-05;5.49279e-07;-4.62138e-05;3.82499e-07
484000;-0.11217;0.302159;0.11217;0.208893;0.00206572;0.00323549;0.000822384;0.00218988;-4.69496e-05;5.48674e-07;-4.6214e-05;3.82095e-07
485000;-0.0932822;0.303745;0.111939;0.208462;0.00205214;0.00322887;0.000903639;0.00218827;-4.69514e-05;5.48136e-07;-4.62081e-05;3.81685e-07
486000;-0.0930903;0.30312;0.111708;0.208033;0.0020272;0.00322388;0.000911875;0.00218571;-4.69414e-05;5.47713e-07;-4.61838e-05;3.8143e-07
487000;-0.0928991;0.302498;0.111479;0.207606;0.00196403;0.00321849;0.000930538;0.00218341;-4.69609e-05;5.47137e-07;-4.61699e-05;3.8103e-07
488000;-0.111251;0.304058;0.120521;0.207976;0.00200216;0.00321404;0.000930458;0.00218245;-4.69272e-05;5.46847e-07;-4.6159e-05;3.8069e-07
489000;-0.111023;0.303436;0.120275;0.20755;0.00196577;0.00321189;0.000931992;0.00218198;-4.69422e-05;5.46207e-07;-4.61546e-05;3.80333e-07
490000;-0.110796;0.302817;0.120029;0.207127;0.00193449;0.00320578;0.000896008;0.00217834;-4.69444e-05;5.45681e-07;-4.61707e-05;3.7986e-07
491000;-0.110571;0.3022;0.110571;0.207492;0.00185257;0.00320114;0.000789247;0.00217759;-4.69542e-05;5.45062e-07;-4.61663e-05;3.79486e-07
492000;-0.091955;0.303732;0.110346;0.207071;0.00198252;0.00320084;0.000689684;0.00217469;-4.69484e-05;5.44493e-07;-4.61648e-05;3.79134e-07
493000;-0.0917685;0.303116;0.110122;0.206651;0.00196633;0.00319808;0.000657565;0.00217184;-4.69404e-05;5.44061e-07;-4.61744e-05;3.78717e-07
494000;-0.0915827;0.302503;0.109899;0.206232;0.0021008;0.00319718;0.000714856;0.00217053;-4.69266e-05;5.4366e-07;-4.6182e-05;3.78348e-07
495000;-0.0913977;0.301891;0.118817;0.206594;0.00209897;0.00319335;0.000759204;0.00216776;-4.69449e-05;5.43043e-07;-4.61882e-05;3.77935e-07
496000;-0.0912134;0.301283;0.118577;0.206177;0.00204647;0.00318826;0.000715236;0.00216583;-4.69354e-05;5.42468e-07;-4.62051e-05;3.7744e-07
497000;-0.0910299;0.300677;0.118339;0.205762;0.0019765;0.00318448;0.000722845;0.00216337;-4.69402e-05;5.41872e-07;-4.62199e-05;3.76981e-07
498000;-0.0908471;0.300073;0.118101;0.205349;0.00194973;0.00317848;0.000707624;0.00216324;-4.69534e-05;5.41272e-07;-4.62308e-05;3.7651e-07
499000;-0.0906651;0.299472;0.117865;0.204938;0.00189245;0.00317716;0.000730665;0.00216038;-4.69759e-05;5.40566e-07;-4.62214e-05;3.76139e-07
500000;-0.0904837;0.298873;0.117629;0.204528;0.00188333;0.0031735;0.000737031;0.00215736;-4.69715e-05;5.39999e-07;-4.62182e-05;3.75783e-07
501000;-0.0903031;0.298276;0.117394;0.20412;0.00201842;0.00317073;0.00079463;0.00215431;-4.6992e-05;5.39417e-07;-4.62101e-05;3.75494e-07
502000;-0.0901232;0.297682;0.11716;0.203713;0.00200592;0.0031647;0.000725007;0.00215173;-4.69903e-05;5.3895e-07;-4.62099e-05;3.75164e-07
503000;-0.0899441;0.29709;0.107933;0.204071;0.002097;0.00316464;0.000739365;0.00214875;-4.69845e-05;5.38427e-07;-4.62115e-05;3.74797e-07
504000;-0.0897656;0.296501;0.107719;0.203666;0.00196676;0.00316277;0.000759298;0.00214549;-4.69843e-05;5.37939e-07;-4.62306e-05;3.74337e-07
505000;-0.0895879;0.295913;0.107505;0.203263;0.00192996;0.00315724;0.000776861;0.00214239;-4.69631e-05;5.37675e-07;-4.62193e-05;3.73962e-07
506000;-0.0894108;0.295329;0.107293;0.202861;0.00186951;0.00315367;0.000690084;0.00214009;-4.69693e-05;5.3701e-07;-4.62163e-05;3.73642e-07
507000;-0.0892345;0.294746;0.107081;0.202461;0.00203846;0.00315697;0.000695054;0.00213741;-4.69487e-05;5.36608e-07;-4.62163e-05;3.73252e-07
508000;-0.0890588;0.294166;0.106871;0.202062;0.00212119;0.00315238;0.000728906;0.0021356;-4.69468e-05;5.36053e-07;-4.62293e-05;3.72862e-07
509000;-0.106661;0.295648;0.115549;0.202416;0.00211331;0.00314657;0.000746865;0.00213333;-4.69418e-05;5.35513e-07;-4.62234e-05;3.72495e-07
510000;-0.106451;0.295069;0.115322;0.202019;0.00217482;0.00314514;0.000742373;0.00213087;-4.69471e-05;5.34934e-07;-4.62315e-05;3.72091e-07
511000;-0.106243;0.294491;0.115097;0.201624;0.00208657;0.00314045;0.000730356;0.00213019;-4.69317e-05;5.34514e-07;-4.62354e-05;3.71668e-07
512000;-0.106036;0.293916;0.114872;0.20123;0.00207784;0.0031375;0.000741995;0.00212641;-4.69259e-05;5.34148e-07;-4.62362e-05;3.71336e-07
513000;-0.0881908;0.295373;0.123467;0.201581;0.00208477;0.00313622;0.000720877;0.00212306;-4.69334e-05;5.3362e-07;-4.62366e-05;3.71027e-07
514000;-0.0880192;0.294798;0.114425;0.201927;0.00218073;0.00313319;0.000729453;0.00212002;-4.69187e-05;5.33238e-07;-4.62457e-05;3.70649e-07
515000;-0.0702786;0.296234;0.114203;0.201535;0.0020712;0.00313088;0.000690234;0.00211758;-4.69235e-05;5.32728e-07;-4.6244e-05;3.70299e-07
516000;-0.0701424;0.29566;0.113981;0.201144;0.00207578;0.00312485;0.000653726;0.00211552;-4.69336e-05;5.32136e-07;-4.62369e-05;3.69938e-07
517000;-0.0700068;0.295088;0.113761;0.200755;0.00206746;0.00312047;0.000637973;0.00211343;-4.69316e-05;5.31562e-07;-4.6238e-05;3.69618e-07
518000;-0.0524037;0.296502;0.113541;0.200367;0.00207147;0.0031203;0.000617344;0.00210955;-4.6952e-05;5.30974e-07;-4.62339e-05;3.69268e-07
519000;-0.0523027;0.295931;0.113323;0.199981;0.00209686;0.00311482;0.000646654;0.00210814;-4.69669e-05;5.30318e-07;-4.62387e-05;3.68854e-07
520000;-0.0522022;0.295362;0.113105;0.199597;0.00209282;0.00310883;0.000691144;0.00210562;-4.69542e-05;5.29817e-07;-4.62465e-05;3.68439e-07
521000;-0.052102;0.294795;0.112888;0.199214;0.00209523;0.00310372;0.000675055;0.00210255;-4.69624e-05;5.29206e-07;-4.62508e-05;3.68126e-07
522000;-0.0520022;0.29423;0.112671;0.198832;0.00205165;0.00309875;0.000646413;0.0020998;-4.69645e-05;5.28777e-07;-4.62474e-05;3.67834e-07
523000;-0.0519027;0.293668;0.112456;0.198452;0.0020963;0.00309428;0.000676391;0.00209714;-4.69671e-05;5.2821e-07;-4.62442e-05;3.67526e-07
524000;-0.0518037;0.293107;0.112241;0.198073;0.0021021;0.00309077;0.000647108;0.00209542;-4.69795e-05;5.27644e-07;-4.62405e-05;3.6727e-07
525000;-0.051705;0.292549;0.112027;0.197696;0.00202971;0.0030888;0.000598415;0.00209224;-4.69633e-05;5.27213e-07;-4.62355e-05;3.66956e-07
526000;-0.0516067;0.291993;0.111815;0.19732;0.00193801;0.00308862;0.000563331;0.00208962;-4.69698e-05;5.26582e-07;-4.62474e-05;3.66571e-07
527000;-0.0515088;0.291439;0.111602;0.196946;0.00198555;0.00308816;0.000532955;0.00208719;-4.69642e-05;5.2625e-07;-4.62525e-05;3.66132e-07
528000;-0.0514112;0.290887;0.11996;0.197289;0.00195569;0.00308403;0.000510452;0.00208456;-4.69566e-05;5.25777e-07;-4.62624e-05;3.65766e-07
529000;-0.051314;0.290337;0.119733;0.196916;0.00191724;0.00308014;0.000543907;0.00208326;-4.69473e-05;5.25345e-07;-4.62485e-05;3.65504e-07
530000;-0.0512172;0.289789;0.119507;0.196544;0.00182045;0.0030779;0.00057125;0.00208057;-4.69631e-05;5.24757e-07;-4.62543e-05;3.65121e-07
531000;-0.0511208;0.289243;0.119282;0.19759;0.0016983;0.00307708;0.000540085;0.0020772;-4.69511e-05;5.24553e-07;-4.626e-05;3.64748e-07
532000;-0.0510247;0.288699;0.119058;0.198623;0.00164226;0.00307399;0.000518593;0.00207429;-4.69253e-05;5.24197e-07;-4.62614e-05;3.64416e-07
533000;-0.0679052;0.290072;0.101858;0.199641;0.00163855;0.00307471;0.000587134;0.00207252;-4.69299e-05;5.23695e-07;-4.628e-05;3.63976e-07
534000;-0.0677781;0.289529;0.101667;0.199268;0.00175533;0.00307252;0.000589856;0.00207086;-4.69268e-05;5.23147e-07;-4.6285e-05;3.63606e-07
535000;-0.0676514;0.288988;0.101477;0.198895;0.00182662;0.00306852;0.000581825;0.00206963;-4.69054e-05;5.22772e-07;-4.62786e-05;3.6327e-07
536000;-0.0675252;0.288449;0.101288;0.198524;0.00183021;0.00306502;0.000593639;0.00206688;-4.69065e-05;5.22173e-07;-4.62685e-05;3.62987e-07
537000;-0.0673994;0.287912;0.0926742;0.198841;0.00174717;0.00306414;0.000604502;0.00206354;-4.69128e-05;5.21577e-07;-4.62778e-05;3.62596e-07
538000;-0.0672742;0.287377;0.0840927;0.199155;0.0016917;0.0030594;0.000643019;0.00206148;-4.69241e-05;5.21078e-07;-4.62778e-05;3.62234e-07
539000;-0.0671493;0.286843;0.075543;0.199465;0.00164682;0.00305688;0.000665895;0.00206062;-4.69178e-05;5.20578e-07;-4.62733e-05;3.61944e-07
540000;-0.067025;0.286312;0.0754031;0.199096;0.00158456;0.00305279;0.000611975;0.00205855;-4.69246e-05;5.20075e-07;-4.62738e-05;3.61569e-07
541000;-0.0669011;0.285783;0.0752637;0.198728;0.00158163;0.00304715;0.000636943;0.00205833;-4.69279e-05;5.19566e-07;-4.62661e-05;3.61238e-07
542000;-0.0667777;0.285256;0.0751249;0.198361;0.00160871;0.0030421;0.000661256;0.00205699;-4.69137e-05;5.19294e-07;-4.62676e-05;3.60845e-07
543000;-0.049991;0.286598;0.0749865;0.197996;0.00162921;0.00304006;0.00064329;0.00205357;-4.69047e-05;5.18881e-07;-4.62541e-05;3.60513e-07
544000;-0.0498991;0.286071;0.0748487;0.198972;0.00159665;0.00303493;0.000609982;0.00205245;-4.68894e-05;5.18421e-07;-4.62531e-05;3.60214e-07
545000;-0.0498076;0.285546;0.0747113;0.198606;0.00154517;0.00303259;0.000618957;0.00205002;-4.6899e-05;5.17899e-07;-4.62645e-05;3.59858e-07
546000;-0.0497163;0.285023;0.0745745;0.198243;0.00154234;0.00302704;0.000579438;0.00204754;-4.69097e-05;5.17376e-07;-4.62667e-05;3.59555e-07
547000;-0.0165418;0.288173;0.0744382;0.19788;0.00162937;0.00302744;0.000535343;0.00204531;-4.69127e-05;5.16918e-07;-4.6266e-05;3.59232e-07
548000;-0.0165116;0.287647;0.0660465;0.198181;0.00166196;0.00302272;0.000481052;0.00204335;-4.69076e-05;5.16509e-07;-4.62738e-05;3.58882e-07
549000;-0.0164816;0.287123;0.0659262;0.19782;0.0016014;0.00302138;0.000444414;0.00204106;-4.69088e-05;5.15992e-07;-4.6288e-05;3.5849e-07
550000;-0.0164516;0.286601;0.0658064;0.19746;0.00160443;0.00302056;0.000449064;0.00203785;-4.69195e-05;5.15419e-07;-4.6295e-05;3.58156e-07
551000;-0.0328435;0.287886;0.0656869;0.197102;0.00146783;0.00301893;0.000520683;0.00203622;-4.69153e-05;5.15008e-07;-4.62957e-05;3.57801e-07
552000;-0.032784;0.287364;0.0655679;0.196745;0.00154363;0.00301544;0.000482727;0.00203442;-4.69315e-05;5.14498e-07;-4.63046e-05;3.57422e-07
553000;-0.0327247;0.286845;0.0572682;0.197043;0.00152915;0.00301008;0.000513455;0.00203422;-4.6956e-05;5.13964e-07;-4.63186e-05;3.57033e-07
554000;-0.0326656;0.286327;0.0653312;0.197337;0.00152922;0.00300465;0.000531523;0.00203135;-4.69476e-05;5.13482e-07;-4.63096e-05;3.56728e-07
555000;-0.0326068;0.285811;0.0652135;0.196982;0.00149188;0.003;0.000455266;0.0020291;-4.69588e-05;5.12934e-07;-4.62986e-05;3.56448e-07
556000;-0.0325481;0.285297;0.0650962;0.196627;0.00149775;0.00299605;0.000457554;0.00202712;-4.69578e-05;5.1256e-07;-4.62975e-05;3.56154e-07
557000;-0.0324897;0.284785;0.0649793;0.196274;0.00142584;0.00299296;0.000539807;0.00202695;-4.69665e-05;5.12058e-07;-4.63102e-05;3.55772e-07
558000;-0.0324314;0.284274;0.0648629;0.195923;0.00153402;0.00299297;0.000516663;0.00202612;-4.69655e-05;5.11629e-07;-4.63054e-05;3.55473e-07
559000;-0.0323734;0.283766;0.0647469;0.195572;0.00155572;0.002988;0.000527554;0.00202419;-4.69775e-05;5.11123e-07;-4.63133e-05;3.55136e-07
560000;-0.0323156;0.283259;0.0646312;0.195223;0.00154839;0.00298553;0.000536633;0.0020222;-4.69814e-05;5.1066e-07;-4.63211e-05;3.54764e-07
561000;-0.032258;0.282754;0.064516;0.194875;0.00149568;0.00298181;0.000473852;0.0020215;-4.69736e-05;5.10253e-07;-4.63237e-05;3.54421e-07
562000;-0.0322006;0.282251;0.0563511;0.195167;0.00143871;0.0029809;0.000453225;0.00201874;-4.69589e-05;5.09848e-07;-4.6318e-05;3.54132e-07
563000;-0.0321434;0.28175;0.056251;0.19482;0.00142585;0.00297649;0.000411781;0.00201583;-4.69466e-05;5.09566e-07;-4.63027e-05;3.53917e-07
564000;-0.0320864;0.28125;0.0561513;0.194475;0.00131912;0.00297394;0.000433441;0.00201454;-4.69475e-05;5.09052e-07;-4.63098e-05;3.53531e-07
565000;-0.0320296;0.280752;0.0480445;0.194764;0.00127189;0.00297232;0.000442469;0.00201526;-4.69354e-05;5.08607e-07;-4.63204e-05;3.53164e-07
566000;-0.0319731;0.280256;0.0479596;0.19442;0.00137101;0.0029712;0.000494781;0.00201402;-4.69491e-05;5.08128e-07;-4.63121e-05;3.52888e-07
567000;-0.0319167;0.279762;0.0398958;0.194706;0.00138733;0.00296673;0.000391198;0.0020125;-4.69451e-05;5.07912e-07;-4.63125e-05;3.52547e-07
568000;-0.0318605;0.27927;0.0398256;0.194363;0.00140492;0.00296176;0.000293805;0.00201081;-4.69391e-05;5.0751e-07;-4.63108e-05;3.52233e-07
569000;-0.0318045;0.278779;0.0477067;0.194647;0.001409;0.00295659;0.000336754;0.00200835;-4.69374e-05;5.07114e-07;-4.63144e-05;3.51893e-07
570000;-0.0317487;0.27829;0.047623;0.194305;0.0014265;0.00295158;0.000281676;0.00200657;-4.69593e-05;5.06582e-07;-4.63011e-05;3.51647e-07
571000;-0.0316931;0.277802;0.0475396;0.193965;0.00142274;0.00294897;0.000280228;0.00200436;-4.69599e-05;5.06107e-07;-4.62958e-05;3.51327e-07
572000;-0.0316377;0.277317;0.0474565;0.193626;0.00153027;0.00294667;0.000267267;0.00200241;-4.69439e-05;5.0571e-07;-4.63026e-05;3.50976e-07
573000;-0.0315825;0.276833;0.0473737;0.193288;0.00144896;0.00294397;0.000301014;0.00200127;-4.69376e-05;5.05237e-07;-4.62996e-05;3.5069e-07
574000;-0.0315274;0.27635;0.0472912;0.192951;0.00151797;0.00294054;0.00032143;0.00199824;-4.69585e-05;5.04722e-07;-4.62858e-05;3.50484e-07
575000;-0.0472089;0.277589;0.0472089;0.192616;0.00158427;0.00293668;0.000297911;0.00199646;-4.69576e-05;5.04351e-07;-4.62861e-05;3.50167e-07
576000;-0.0471269;0.277107;0.0549814;0.192896;0.00155118;0.00293219;0.000260477;0.00199442;-4.69588e-05;5.03956e-07;-4.63027e-05;3.49797e-07
577000;-0.0470453;0.276626;0.062727;0.193174;0.00146656;0.00293079;0.000192872;0.00199397;-4.69457e-05;5.03597e-07;-4.63016e-05;3.49482e-07
578000;-0.0469639;0.276148;0.0626185;0.19284;0.00146985;0.00292776;0.000190281;0.00199153;-4.69435e-05;5.03194e-07;-4.62948e-05;3.49253e-07
579000;-0.0468828;0.275671;0.0625104;0.192507;0.00137785;0.00292731;0.000164515;0.00198886;-4.69057e-05;5.03001e-07;-4.62933e-05;3.48979e-07
580000;-0.0468019;0.275196;0.0546023;0.192782;0.00141681;0.00292385;0.000119429;0.00198751;-4.69064e-05;5.025e-07;-4.6294e-05;3.48649e-07
581000;-0.0467214;0.274722;0.0545083;0.192451;0.00138753;0.00291929;0.000156573;0.00198613;-4.69118e-05;5.02163e-07;-4.62876e-05;3.48408e-07
582000;-0.0466411;0.27425;0.0544146;0.19212;0.00123851;0.00291964;0.00017536;0.00198469;-4.69194e-05;5.01688e-07;-4.63003e-05;3.48037e-07
583000;-0.0465611;0.273779;0.0543213;0.19179;0.00137087;0.00291777;0.000149365;0.0019831;-4.69332e-05;5.01167e-07;-4.62941e-05;3.47731e-07
584000;-0.0464814;0.273311;0.0542283;0.191462;0.00138667;0.00291642;6.23054e-05;0.00198223;-4.6911e-05;5.00843e-07;-4.62946e-05;3.47378e-07
585000;-0.0464019;0.272843;0.0541356;0.191135;0.00157147;0.00291721;5.39859e-05;0.00197915;-4.68919e-05;5.0047e-07;-4.63038e-05;3.47033e-07
586000;-0.0463227;0.272378;0.0540432;0.190809;0.00158577;0.00291414;3.66131e-05;0.00197752;-4.68886e-05;4.99976e-07;-4.62992e-05;3.46821e-07
587000;-0.0462438;0.271914;0.0462438;0.191082;0.00162019;0.00291008;-3.33523e-05;0.00197551;-4.68633e-05;4.99819e-07;-4.62914e-05;3.46544e-07
588000;-0.0461652;0.271451;0.0461652;0.190757;0.00168325;0.00290611;-2.60125e-05;0.00197233;-4.68611e-05;4.99452e-07;-4.62821e-05;3.46231e-07
589000;-0.0460868;0.270991;0.0460868;0.190433;0.00164527;0.00290402;-1.76217e-05;0.00196971;-4.68581e-05;4.98933e-07;-4.62797e-05;3.45932e-07
590000;-0.0460087;0.270531;0.0460087;0.19011;0.00162105;0.0029039;4.975e-05;0.00196745;-4.68632e-05;4.98391e-07;-4.62646e-05;3.45676e-07
591000;-0.0459308;0.270074;0.0459308;0.189788;0.00153822;0.00290336;8.70502e-05;0.00196633;-4.68609e-05;4.97985e-07;-4.62512e-05;3.45411e-07
592000;-0.0458532;0.269617;0.0458532;0.189468;0.00142943;0.00290124;0.000102157;0.0019644;-4.68578e-05;4.9755e-07;-4.62382e-05;3.45168e-07
593000;-0.0610346;0.270819;0.0457759;0.189148;0.00131686;0.00290212;7.08015e-05;0.00196195;-4.68538e-05;4.97126e-07;-4.62384e-05;3.44819e-07
594000;-0.0609318;0.270363;0.0456989;0.18883;0.00130821;0.00289971;9.58649e-05;0.0019601;-4.68695e-05;4.96677e-07;-4.62295e-05;3.44543e-07
595000;-0.0608294;0.269909;0.0456221;0.188512;0.00150779;0.00290026;0.000113647;0.00195803;-4.68758e-05;4.96256e-07;-4.62401e-05;3.44246e-07
596000;-0.0607273;0.269456;0.0455455;0.188196;0.00152893;0.00289577;5.69299e-05;0.00195653;-4.68831e-05;4.95897e-07;-4.62383e-05;3.43968e-07
597000;-0.0454692;0.27064;0.0530474;0.188467;0.00132888;0.00289839;7.64628e-05;0.00195531;-4.68716e-05;4.95471e-07;-4.6237e-05;3.43757e-07
598000;-0.0453932;0.270187;0.0529587;0.188152;0.0013293;0.00289604;5.80947e-05;0.00195427;-4.68606e-05;4.9506e-07;-4.6234e-05;3.43548e-07
599000;-0.0151058;0.272967;0.0528703;0.187838;0.00128777;0.0028916;2.96654e-05;0.00195249;-4.68642e-05;4.94693e-07;-4.62296e-05;3.43246e-07
600000;-0.0150806;0.272512;0.0527822;0.187525;0.00132078;0.00288975;9.67036e-06;0.00195045;-4.68646e-05;4.94256e-07;-4.62216e-05;3.42983e-07
601000;-0.0150555;0.272058;0.0451666;0.187793;0.00135124;0.00288752;5.23162e-06;0.0019474;-4.6869e-05;4.93762e-07;-4.62156e-05;3.42708e-07
602000;-0.0150305;0.271606;0.0450916;0.187481;0.00134899;0.00288272;6.81681e-05;0.00194512;-4.68627e-05;4.93402e-07;-4.62087e-05;3.42426e-07
603000;-0.0150056;0.271156;0.037514;0.187747;0.00138166;0.00287919;7.2589e-05;0.0019429;-4.68669e-05;4.92907e-07;-4.62053e-05;3.42149e-07
604000;-0.0149808;0.270707;0.0374519;0.187436;0.00141557;0.0028753;7.082e-05;0.00194165;-4.68715e-05;4.92539e-07;-4.6204e-05;3.41891e-07
605000;-0.014956;0.27026;0.044868;0.1877;0.00148687;0.00287239;0.000135321;0.00194049;-4.68824e-05;4.92042e-07;-4.61983e-05;3.41613e-07
606000;-0.0149313;0.269814;0.0447939;0.18739;0.00137954;0.00287081;5.56345e-05;0.00194053;-4.68785e-05;4.91648e-07;-4.62047e-05;3.41272e-07
607000;-0.0149067;0.269369;0.0447201;0.187081;0.00140836;0.00286673;4.19487e-05;0.00193839;-4.68719e-05;4.91256e-07;-4.61971e-05;3.40973e-07
608000;-0.0148822;0.268926;0.0446466;0.186773;0.00154036;0.00286543;0.000100045;0.0019375;-4.68896e-05;4.90776e-07;-4.61987e-05;3.4071e-07
609000;-0.0148578;0.268484;0.0445733;0.186467;0.00149829;0.00286178;0.000121565;0.00193753;-4.68869e-05;4.90372e-07;-4.62004e-05;3.4046e-07
610000;-0.0148334;0.268044;0.0445002;0.186161;0.00151965;0.00285829;0.000107103;0.00193502;-4.69025e-05;4.89952e-07;-4.62022e-05;3.40165e-07
611000;-0.0148091;0.267606;0.0518319;0.186422;0.00145107;0.00285634;0.000107192;0.00193315;-4.69119e-05;4.89549e-07;-4.62183e-05;3.39822e-07
612000;-0.0147849;0.267168;0.0591397;0.186681;0.00141778;0.00285623;4.50719e-05;0.00193108;-4.69292e-05;4.89026e-07;-4.62153e-05;3.3954e-07
613000;-0.0147608;0.266733;0.0590432;0.186376;0.0014798;0.0028532;3.83946e-05;0.00192947;-4.68968e-05;4.88871e-07;-4.62062e-05;3.39273e-07
614000;-0.0147368;0.266298;0.0589471;0.186073;0.00148947;0.00285052;6.74722e-05;0.00192918;-4.68863e-05;4.88452e-07;-4.62166e-05;3.38954e-07
615000;-0.0147128;0.265865;0.0588512;0.18577;0.00147796;0.00284746;4.72523e-05;0.00192818;-4.68824e-05;4.88071e-07;-4.62149e-05;3.38671e-07
616000;-0.0146889;0.265433;0.0587557;0.185469;0.00147956;0.00284291;4.94418e-05;0.00192693;-4.68767e-05;4.87724e-07;-4.62201e-05;3.38376e-07
617000;-0.0146651;0.265003;0.0586604;0.185168;0.00147687;0.00284066;5.01334e-05;0.00192452;-4.68834e-05;4.87316e-07;-4.62186e-05;3.3812e-07
618000;-0.0146414;0.264574;0.0585655;0.184868;0.0014926;0.00283696;5.39914e-05;0.00192238;-4.68684e-05;4.87125e-07;-4.62239e-05;3.37816e-07
619000;-0.0146177;0.264147;0.0584709;0.18457;0.00144381;0.00283446;0.000116457;0.00192166;-4.68653e-05;4.86713e-07;-4.62188e-05;3.37557e-07
620000;-0.0145942;0.263721;0.0583766;0.184272;0.00134256;0.00283548;0.000137122;0.00192037;-4.68605e-05;4.86289e-07;-4.62031e-05;3.37331e-07
621000;-0.0145707;0.263296;0.0582826;0.183975;0.00133834;0.00283092;0.000125646;0.00191759;-4.68689e-05;4.85857e-07;-4.61863e-05;3.37104e-07
622000;-0.0145472;0.262873;0.0581889;0.183679;0.00147803;0.00283037;0.000175657;0.00191638;-4.68822e-05;4.85432e-07;-4.61959e-05;3.36798e-07
623000;0;0.26399;0.0580955;0.183385;0.00150314;0.00282634;0.00017048;0.00191352;-4.68884e-05;4.8499e-07;-4.61955e-05;3.36521e-07
624000;-0.0145006;0.265095;0.0580024;0.183091;0.00158433;0.00282403;0.000210023;0.00191213;-4.68794e-05;4.84719e-07;-4.62053e-05;3.36268e-07
625000;-0.0144774;0.264671;0.0579096;0.182798;0.00142507;0.00282367;0.000168269;0.00191069;-4.68631e-05;4.84324e-07;-4.62045e-05;3.35988e-07
626000;-0.0144543;0.264248;0.0578171;0.182506;0.00142279;0.00281916;0.000128721;0.00190839;-4.68692e-05;4.83845e-07;-4.62045e-05;3.35703e-07
627000;-0.0144312;0.263827;0.0577249;0.182215;0.00141468;0.00281847;0.00014933;0.00190672;-4.68704e-05;4.83434e-07;-4.62013e-05;3.35437e-07
628000;-0.0144082;0.263407;0.0648371;0.182472;0.00138621;0.00281426;0.000122315;0.00190409;-4.68633e-05;4.8304e-07;-4.61979e-05;3.35178e-07
629000;-0.0143853;0.262988;0.064734;0.182182;0.00142783;0.00281153;4.99673e-05;0.00190214;-4.6865e-05;4.82592e-07;-4.619e-05;3.35e-07
630000;-0.0143625;0.262571;0.0646312;0.181892;0.00136686;0.00280781;3.59768e-06;0.00189976;-4.68617e-05;4.82152e-07;-4.61856e-05;3.34734e-07
631000;-0.0143397;0.262154;0.0645288;0.181604;0.00139559;0.00280455;-4.87388e-05;0.0018993;-4.68631e-05;4.81869e-07;-4.61924e-05;3.34434e-07
632000;-0.014317;0.26174;0.0644267;0.181317;0.00140551;0.00280241;-6.78164e-05;0.00189795;-4.68658e-05;4.81546e-07;-4.61929e-05;3.34145e-07
633000;-0.0142944;0.261326;0.0643249;0.18103;0.00138325;0.0027994;-0.000146364;0.00189633;-4.68675e-05;4.81145e-07;-4.61948e-05;3.33875e-07
634000;-0.0142719;0.260914;0.0642235;0.180745;0.00138366;0.00279737;-0.000156546;0.00189403;-4.68644e-05;4.80817e-07;-4.61941e-05;3.33596e-07
635000;-0.0142494;0.260503;0.071247;0.181;0.00136091;0.00279668;-0.00020536;0.00189257;-4.68685e-05;4.80351e-07;-4.61973e-05;3.33317e-07
636000;-0.028454;0.261584;0.071135;0.180715;0.00134249;0.00279246;-0.000208968;0.00189006;-4.68631e-05;4.80095e-07;-4.62084e-05;3.32996e-07
637000;-0.0284093;0.261173;0.0710233;0.180431;0.00135931;0.00278889;-0.000132953;0.00188999;-4.68559e-05;4.79649e-07;-4.61996e-05;3.32735e-07
638000;-0.0283648;0.260764;0.070912;0.180149;0.00139096;0.00278665;-0.000161285;0.00188878;-4.68539e-05;4.79324e-07;-4.6191e-05;3.32496e-07
639000;-0.0283204;0.260356;0.0778812;0.180401;0.00134194;0.00278307;-0.000207096;0.00188758;-4.6855e-05;4.7894e-07;-4.61843e-05;3.32276e-07
640000;-0.0282762;0.259949;0.0848285;0.180651;0.00130461;0.00277919;-0.000178845;0.00188602;-4.68548e-05;4.78535e-07;-4.61803e-05;3.32036e-07
641000;-0.0282321;0.259544;0.0846962;0.18037;0.00139411;0.00278019;-0.000160305;0.00188479;-4.68672e-05;4.78111e-07;-4.61812e-05;3.31777e-07
642000;-0.0281881;0.259139;0.0845642;0.180089;0.00135018;0.0027767;-0.000116964;0.0018839;-4.68784e-05;4.77747e-07;-4.61762e-05;3.31503e-07
643000;-0.0281442;0.258736;0.0773967;0.180337;0.00134808;0.00277238;-0.000112072;0.001881;-4.68854e-05;4.77376e-07;-4.61682e-05;3.31277e-07
644000;-0.0281005;0.258335;0.0702514;0.180582;0.0013183;0.00276853;-7.22273e-05;0.00187903;-4.68801e-05;4.77016e-07;-4.61772e-05;3.3101e-07
645000;-0.028057;0.257934;0.0771567;0.180826;0.00126486;0.0027653;-4.04562e-05;0.00187682;-4.68831e-05;4.7664e-07;-4.61735e-05;3.30747e-07
646000;-0.0280135;0.257535;0.0770372;0.180546;0.00119584;0.00276259;-2.0729e-05;0.00187561;-4.68745e-05;4.76304e-07;-4.61658e-05;3.30496e-07
647000;-0.0279702;0.257137;0.0769182;0.180267;0.00117435;0.00276038;-3.57815e-06;0.00187461;-4.6877e-05;4.75886e-07;-4.61688e-05;3.30243e-07
648000;-0.0279271;0.25674;0.0767995;0.179989;0.00108949;0.00275852;-3.08834e-05;0.00187272;-4.68571e-05;4.75699e-07;-4.61664e-05;3.30008e-07
649000;-0.027884;0.256344;0.0836521;0.18023;0.000968287;0.00275826;-1.6135e-05;0.00187108;-4.68456e-05;4.75385e-07;-4.61666e-05;3.29734e-07
650000;-0.0278412;0.25595;0.0765632;0.180469;0.00099005;0.0027544;2.80013e-07;0.00186958;-4.68421e-05;4.74909e-07;-4.61595e-05;3.29485e-07
651000;-0.0277984;0.255557;0.0833952;0.180706;0.00100282;0.00275133;-1.9809e-05;0.00186807;-4.68625e-05;4.7443e-07;-4.61668e-05;3.29206e-07
652000;-0.0277557;0.255165;0.0832672;0.180429;0.00101941;0.00274814;-5.01863e-05;0.00186557;-4.68599e-05;4.74087e-07;-4.61654e-05;3.28976e-07
653000;-0.0277132;0.254774;0.0831397;0.180152;0.0010541;0.00274656;-4.76906e-05;0.00186473;-4.68668e-05;4.73685e-07;-4.61553e-05;3.28772e-07
654000;-0.0276709;0.254384;0.0830126;0.179877;0.00109949;0.00274486;-0.000102256;0.00186397;-4.68742e-05;4.73286e-07;-4.61534e-05;3.28524e-07
655000;-0.0276286;0.253996;0.0828859;0.179602;0.00114134;0.00274376;-8.21313e-05;0.00186213;-4.68481e-05;4.73055e-07;-4.6158e-05;3.28218e-07
656000;-0.0137933;0.255046;0.0896561;0.179837;0.00110954;0.00274021;-8.47636e-05;0.00185981;-4.68603e-05;4.72641e-07;-4.61519e-05;3.28022e-07
657000;-0.0137723;0.254658;0.0895197;0.179563;0.00118797;0.00273837;-7.76624e-05;0.0018584;-4.68658e-05;4.72272e-07;-4.61413e-05;3.27832e-07
658000;-0.0137513;0.254271;0.0893836;0.179291;0.00128548;0.0027376;-1.91987e-05;0.0018574;-4.68581e-05;4.71902e-07;-4.61315e-05;3.27625e-07
659000;-0.0137305;0.253885;0.0961132;0.179523;0.00123804;0.00273417;-0.0001047;0.00185614;-4.68658e-05;4.7148e-07;-4.613e-05;3.27376e-07
660000;0;0.25492;0.0959676;0.179251;0.00125076;0.00273481;-8.89018e-05;0.00185558;-4.68669e-05;4.71149e-07;-4.6131e-05;3.27082e-07
661000;0;0.254535;0.102667;0.179482;0.00130507;0.00273253;-0.000111644;0.00185377;-4.6864e-05;4.70795e-07;-4.61325e-05;3.26809e-07
662000;0;0.25415;0.102512;0.179211;0.00124876;0.00272959;-0.00011919;0.00185199;-4.68605e-05;4.70547e-07;-4.61304e-05;3.26563e-07
663000;0;0.253767;0.102357;0.178941;0.00119381;0.00272621;-0.000125821;0.00185054;-4.6854e-05;4.70137e-07;-4.61331e-05;3.26302e-07
664000;0;0.253385;0.102203;0.178671;0.00117258;0.00272348;-0.000150462;0.00184918;-4.68518e-05;4.69782e-07;-4.61245e-05;3.2608e-07
665000;0;0.253004;0.102049;0.178403;0.00120126;0.00272012;-0.000170934;0.00184712;-4.68416e-05;4.69559e-07;-4.61251e-05;3.25828e-07
666000;0;0.252624;0.101896;0.178135;0.00114068;0.00271739;-0.000127713;0.0018465;-4.68429e-05;4.69238e-07;-4.61226e-05;3.25612e-07
667000;0;0.252245;0.101743;0.177868;0.00118101;0.00271453;-9.99273e-05;0.00184523;-4.68458e-05;4.68872e-07;-4.613e-05;3.25341e-07
668000;0;0.251867;0.101591;0.177601;0.00120898;0.00271109;-9.902e-05;0.0018432;-4.68441e-05;4.68669e-07;-4.61199e-05;3.25107e-07
669000;0;0.251491;0.101439;0.177336;0.00115604;0.0027089;-4.88673e-05;0.00184219;-4.68471e-05;4.68302e-07;-4.61202e-05;3.24861e-07
670000;0;0.251115;0.101288;0.177071;0.00110446;0.00270598;-8.82033e-05;0.00184129;-4.6851e-05;4.67948e-07;-4.61206e-05;3.24658e-07
671000;0;0.250741;0.101137;0.176807;0.00115975;0.00270615;-0.000103441;0.00183988;-4.68476e-05;4.67627e-07;-4.6127e-05;3.24368e-07
672000;0;0.250368;0.0942539;0.177037;0.00117087;0.00270224;-7.22339e-05;0.00183843;-4.68423e-05;4.67276e-07;-4.61294e-05;3.24101e-07
673000;0;0.249996;0.0941138;0.176774;0.0012577;0.00270017;-5.64719e-05;0.00183681;-4.68405e-05;4.66939e-07;-4.6127e-05;3.23862e-07
674000;0;0.249625;0.0939742;0.176511;0.00136415;0.00269855;-9.47966e-05;0.00183467;-4.68252e-05;4.6671e-07;-4.61218e-05;3.23612e-07
675000;0;0.249255;0.0871325;0.176739;0.00136213;0.00269455;-8.90372e-05;0.00183393;-4.68302e-05;4.66323e-07;-4.61281e-05;3.23332e-07
676000;-0.0133852;0.250265;0.0870036;0.176477;0.00132115;0.00269346;-3.73424e-05;0.00183298;-4.68304e-05;4.65937e-07;-4.61316e-05;3.23064e-07
677000;0;0.251265;0.0801924;0.176703;0.00139882;0.00269115;-2.69166e-07;0.00183276;-4.6834e-05;4.65556e-07;-4.61336e-05;3.22807e-07
678000;0;0.250895;0.0800741;0.176442;0.00132918;0.00268841;-3.34208e-05;0.00183084;-4.68216e-05;4.65328e-07;-4.61389e-05;3.2254e-07
679000;0;0.250525;0.0799562;0.176182;0.00128845;0.00268785;-4.53986e-05;0.00182855;-4.68172e-05;4.64947e-07;-4.61349e-05;3.223e-07
680000;0;0.250157;0.0798386;0.175923;0.00125765;0.00268511;-4.37475e-06;0.00182637;-4.68075e-05;4.64636e-07;-4.61276e-05;3.22065e-07
681000;0;0.249789;0.0730779;0.176147;0.0012313;0.00268214;-3.26853e-05;0.00182508;-4.68111e-05;4.64234e-07;-4.61122e-05;3.21861e-07
682000;0;0.249423;0.0729708;0.175889;0.00119969;0.00267854;-1.15132e-05;0.00182314;-4.68112e-05;4.63881e-07;-4.61184e-05;3.216e-07
683000;0.013248;0.250408;0.0794879;0.17611;0.00119204;0.00267558;-1.80636e-05;0.00182226;-4.67993e-05;4.63683e-07;-4.61079e-05;3.21452e-07
684000;0.0132286;0.250042;0.0793717;0.175853;0.00120071;0.0026722;-1.68953e-05;0.00182081;-4.67793e-05;4.63386e-07;-4.61131e-05;3.21208e-07
685000;0.0132093;0.249677;0.0792558;0.175596;0.00128096;0.00267008;1.16722e-05;0.00181972;-4.6783e-05;4.63083e-07;-4.61191e-05;3.20956e-07
686000;0.01319;0.249313;0.0791403;0.17534;0.00116622;0.00266836;2.89612e-05;0.00181895;-4.67662e-05;4.6285e-07;-4.61237e-05;3.20747e-07
687000;0.0131709;0.24895;0.0724397;0.17556;0.00116008;0.00266616;4.07624e-05;0.00181854;-4.67717e-05;4.62456e-07;-4.6131e-05;3.20483e-07
688000;0.0131517;0.248588;0.0723344;0.175305;0.00110599;0.0026651;2.44483e-05;0.00181782;-4.67952e-05;4.62018e-07;-4.61305e-05;3.20313e-07
689000;0.0131326;0.248227;0.0656631;0.175523;0.00120154;0.00266289;4.88009e-05;0.00181603;-4.67946e-05;4.6163e-07;-4.61322e-05;3.20059e-07
690000;0.0131136;0.247867;0.0721247;0.175739;0.00124216;0.00266059;6.81166e-05;0.00181493;-4.68085e-05;4.61249e-07;-4.61329e-05;3.19834e-07
691000;0.0130946;0.247509;0.065473;0.175953;0.00116452;0.00265817;8.15664e-05;0.00181329;-4.68028e-05;4.60933e-07;-4.61432e-05;3.1958e-07
692000;0.0130757;0.247151;0.0653784;0.175699;0.00107141;0.00265667;7.48423e-05;0.00181194;-4.68056e-05;4.60601e-07;-4.61443e-05;3.1934e-07
693000;0.0130568;0.246794;0.0652841;0.175446;0.0010014;0.00265654;6.58258e-05;0.001811;-4.68073e-05;4.6022e-07;-4.61432e-05;3.19087e-07
694000;0.013038;0.246439;0.06519;0.175193;0.00103105;0.00265563;4.21236e-05;0.00181009;-4.68021e-05;4.59895e-07;-4.61593e-05;3.18807e-07
695000;0.0130192;0.246084;0.0650962;0.174941;0.0010027;0.00265233;5.19781e-05;0.00180759;-4.67983e-05;4.59622e-07;-4.6157e-05;3.18579e-07
696000;0.0130005;0.245731;0.0650027;0.174689;0.00103472;0.00265059;5.8692e-05;0.00180667;-4.68077e-05;4.59391e-07;-4.61581e-05;3.18337e-07
697000;0.0129819;0.245378;0.0649094;0.174439;0.00100394;0.00264741;2.48103e-05;0.00180459;-4.67967e-05;4.59166e-07;-4.61615e-05;3.18143e-07
698000;0.0129633;0.245026;0.0648164;0.174189;0.00104124;0.00264434;7.34091e-05;0.00180289;-4.67902e-05;4.58865e-07;-4.61548e-05;3.17907e-07
699000;0.0258895;0.245988;0.0647237;0.17394;0.00109039;0.00264222;5.08087e-05;0.00180098;-4.68036e-05;4.58475e-07;-4.61525e-05;3.17725e-07
700000;0.0258525;0.245636;0.0710944;0.174152;0.00107802;0.00263853;6.22164e-05;0.00180007;-4.68173e-05;4.58132e-07;-4.61497e-05;3.17557e-07
701000;0.0258156;0.245286;0.070993;0.173904;0.00109421;0.00263565;4.78502e-05;0.00179839;-4.6818e-05;4.57795e-07;-4.61512e-05;3.17325e-07
702000;0.0257788;0.244937;0.0708918;0.173656;0.00106279;0.00263255;8.19649e-05;0.00179667;-4.68179e-05;4.57415e-07;-4.61535e-05;3.17095e-07
703000;0.0257422;0.244588;0.070791;0.173409;0.00100586;0.0026321;4.83479e-05;0.00179526;-4.68091e-05;4.5706e-07;-4.61469e-05;3.16893e-07
704000;0.0257056;0.244241;0.0706904;0.173163;0.000985107;0.00262863;-1.55319e-05;0.00179449;-4.68045e-05;4.56689e-07;-4.61507e-05;3.16684e-07
705000;0.0256691;0.243894;0.0705902;0.172917;0.00100421;0.00262521;-3.17584e-05;0.00179338;-4.6796e-05;4.56341e-07;-4.61499e-05;3.16435e-07
706000;0.0128164;0.244841;0.0704902;0.172672;0.000988114;0.00262165;-4.90578e-07;0.00179132;-4.6779e-05;4.56143e-07;-4.61525e-05;3.1617e-07
707000;0.0255965;0.245778;0.0703905;0.172428;0.000927459;0.00261932;-1.72042e-05;0.00179026;-4.67785e-05;4.55836e-07;-4.61544e-05;3.15927e-07
708000;0.0255604;0.245431;0.070291;0.172185;0.000852157;0.0026175;-3.28521e-06;0.00178841;-4.67773e-05;4.55592e-07;-4.61647e-05;3.15652e-07
709000;0.0255243;0.245085;0.076573;0.172396;0.000798504;0.00261486;-1.66228e-05;0.00178641;-4.67747e-05;4.5532e-07;-4.61639e-05;3.15403e-07
710000;0.0254884;0.24474;0.0764651;0.172153;0.000830053;0.00261174;-2.76138e-05;0.00178514;-4.67722e-05;4.55062e-07;-4.61564e-05;3.15184e-07
711000;0.0254525;0.244395;0.0763576;0.171911;0.000847016;0.00260958;-2.47446e-05;0.00178337;-4.6786e-05;4.5468e-07;-4.61493e-05;3.14982e-07
712000;0.0127084;0.24532;0.0698961;0.172121;0.000868319;0.00260754;-4.02574e-05;0.00178137;-4.67645e-05;4.54506e-07;-4.61449e-05;3.14776e-07
713000;0.0126906;0.244976;0.0697981;0.171879;0.000825897;0.00260476;-7.11414e-05;0.00177997;-4.67374e-05;4.54367e-07;-4.61469e-05;3.1457e-07
714000;0.0126728;0.244633;0.063364;0.172087;0.000791889;0.00260191;-0.000106819;0.00177829;-4.6735e-05;4.5413e-07;-4.61425e-05;3.14362e-07
715000;0.0126551;0.244291;0.0632753;0.171847;0.000827612;0.00259927;-0.00011975;0.00177647;-4.67178e-05;4.53862e-07;-4.61365e-05;3.14168e-07
716000;0;0.245204;0.0695057;0.172053;0.000848883;0.00259623;-0.000120645;0.00177441;-4.67111e-05;4.53607e-07;-4.61363e-05;3.1396e-07
717000;0;0.244862;0.0694087;0.171813;0.000847699;0.00259261;-5.84291e-05;0.00177293;-4.67092e-05;4.53271e-07;-4.61385e-05;3.13728e-07
718000;0;0.244521;0.0693121;0.171574;0.000774848;0.00259194;-1.74951e-05;0.00177108;-4.67073e-05;4.52974e-07;-4.61327e-05;3.13527e-07
719000;0;0.244181;0.0692157;0.171335;0.000836059;0.00258983;9.39221e-06;0.00177007;-4.67029e-05;4.5262e-07;-4.61304e-05;3.13322e-07
720000;0;0.243841;0.0691195;0.171097;0.00084106;0.00258803;-1.38663e-05;0.00176862;-4.67077e-05;4.5228e-07;-4.61277e-05;3.1312e-07
721000;0;0.243503;0.0752985;0.171302;0.000864836;0.0025849;2.54005e-05;0.00176735;-4.66835e-05;4.52136e-07;-4.61309e-05;3.1287e-07
722000;0.0250647;0.245635;0.0751942;0.171065;0.000879343;0.00258428;7.15667e-05;0.00176597;-4.66874e-05;4.51911e-07;-4.61295e-05;3.12669e-07
723000;0.0250301;0.245295;0.0750902;0.170828;0.000846263;0.00258408;6.38457e-05;0.00176385;-4.66865e-05;4.51662e-07;-4.61327e-05;3.12432e-07
724000;0.049991;0.247394;0.0687376;0.171031;0.000793731;0.0025816;-1.35417e-05;0.00176273;-4.66896e-05;4.51437e-07;-4.61347e-05;3.12202e-07
725000;0.0499221;0.247052;0.0624026;0.171233;0.00084066;0.0025789;-2.5278e-05;0.0017619;-4.67019e-05;4.51048e-07;-4.61306e-05;3.12026e-07
726000;0.0498533;0.246712;0.0623166;0.170997;0.000824218;0.00257572;-6.24823e-06;0.00176007;-4.66966e-05;4.50781e-07;-4.6134e-05;3.11804e-07
727000;0.0497847;0.246373;0.0622309;0.170762;0.000785271;0.00257325;2.52165e-05;0.00175802;-4.66973e-05;4.50445e-07;-4.61374e-05;3.11585e-07
728000;0.0372873;0.247237;0.0621454;0.170527;0.000754872;0.00257117;-2.54196e-05;0.00175636;-4.66972e-05;4.50089e-07;-4.61204e-05;3.11467e-07
729000;0.0372361;0.246898;0.0558542;0.170727;0.000759019;0.00257138;-1.07458e-05;0.00175473;-4.67022e-05;4.49838e-07;-4.61124e-05;3.11276e-07
730000;0.0371851;0.24656;0.0619752;0.170925;0.000757979;0.00256786;2.39481e-05;0.00175299;-4.67022e-05;4.49529e-07;-4.61144e-05;3.1103e-07
731000;0.0371342;0.248602;0.0618904;0.170692;0.000693946;0.00256585;2.37876e-05;0.00175129;-4.66937e-05;4.49227e-07;-4.61223e-05;3.10777e-07
732000;0.0247223;0.249442;0.0618058;0.170458;0.00059513;0.0025643;2.76589e-05;0.00174984;-4.66866e-05;4.4896e-07;-4.61174e-05;3.10578e-07
733000;0.0246886;0.249101;0.0617215;0.170226;0.000617966;0.00256122;3.06841e-05;0.00174798;-4.66771e-05;4.48789e-07;-4.61096e-05;3.10427e-07
734000;0.024655;0.248762;0.0616374;0.169994;0.00065386;0.00255875;0.000109037;0.00174682;-4.66746e-05;4.48427e-07;-4.6111e-05;3.10226e-07
735000;0.0123107;0.249592;0.0677089;0.170191;0.000614314;0.00255639;0.000122599;0.00174453;-4.66531e-05;4.48218e-07;-4.61101e-05;3.10008e-07
736000;0.024588;0.250415;0.0614699;0.170386;0.00061057;0.00255485;6.0717e-05;0.00174415;-4.66472e-05;4.47854e-07;-4.61184e-05;3.09787e-07
737000;0.0368319;0.251231;0.0613865;0.170155;0.000622312;0.00255433;4.22993e-05;0.00174437;-4.66323e-05;4.47727e-07;-4.61139e-05;3.09589e-07
738000;0.036782;0.25089;0.0613033;0.169924;0.000592149;0.00255217;8.76268e-06;0.00174306;-4.66306e-05;4.47443e-07;-4.61109e-05;3.09365e-07
739000;0.0489763;0.251697;0.0612204;0.169694;0.000594721;0.0025502;-9.33742e-06;0.00174112;-4.66303e-05;4.47088e-07;-4.61e-05;3.09215e-07
740000;0.0489101;0.251357;0.0611377;0.169465;0.000582063;0.00254686;1.46935e-05;0.00173953;-4.66421e-05;4.4672e-07;-4.61033e-05;3.09008e-07
741000;0.0488441;0.251018;0.0610552;0.169236;0.000610958;0.00254521;-2.15617e-05;0.00173816;-4.66585e-05;4.46316e-07;-4.61052e-05;3.08771e-07
742000;0.0487783;0.25068;0.0609729;0.169008;0.000610135;0.00254178;-2.1635e-05;0.00173718;-4.66568e-05;4.4607e-07;-4.61009e-05;3.08551e-07
743000;0.0487126;0.250342;0.0608908;0.168781;0.000618717;0.00253964;-1.96628e-05;0.00173719;-4.66612e-05;4.45773e-07;-4.6095e-05;3.08354e-07
744000;0.0486472;0.250006;0.060809;0.168554;0.000651435;0.00253707;9.41573e-06;0.00173563;-4.6666e-05;4.45464e-07;-4.60933e-05;3.08141e-07
745000;0.0485819;0.24967;0.0546546;0.168748;0.000716907;0.002537;4.96009e-05;0.00173465;-4.66685e-05;4.45141e-07;-4.61004e-05;3.07898e-07
746000;0.0485168;0.249336;0.0606459;0.16894;0.000669923;0.00253461;5.67539e-05;0.00173373;-4.66651e-05;4.44872e-07;-4.61012e-05;3.07662e-07
747000;0.0484518;0.249002;0.0545083;0.169131;0.00063145;0.00253183;-2.34256e-05;0.00173273;-4.66738e-05;4.44489e-07;-4.6105e-05;3.07452e-07
748000;0.048387;0.248669;0.0604838;0.169321;0.000687205;0.00252981;3.36291e-05;0.00173125;-4.66851e-05;4.44097e-07;-4.61046e-05;3.0725e-07
749000;0.0483224;0.248337;0.060403;0.169095;0.00076569;0.00252779;4.61275e-05;0.0017296;-4.6692e-05;4.43829e-07;-4.61075e-05;3.07037e-07
750000;0.048258;0.248006;0.0542902;0.169283;0.00074832;0.00252785;9.05431e-05;0.00172874;-4.6692e-05;4.4356e-07;-4.61115e-05;3.06819e-07
751000;0.0481937;0.247676;0.054218;0.169057;0.000747324;0.00252448;0.000138582;0.00172783;-4.67001e-05;4.43214e-07;-4.61185e-05;3.06606e-07
752000;0.0481296;0.247346;0.0601621;0.169244;0.000724705;0.00252148;0.000108999;0.00172596;-4.67033e-05;4.42889e-07;-4.61145e-05;3.06414e-07
753000;0.0480657;0.247018;0.0600822;0.169019;0.000723742;0.00251813;7.86597e-05;0.00172438;-4.67009e-05;4.42643e-07;-4.61131e-05;3.06206e-07
754000;0.048002;0.24669;0.0600025;0.168795;0.000800088;0.0025184;2.67085e-05;0.00172406;-4.67044e-05;4.42316e-07;-4.61084e-05;3.06004e-07
755000;0.0479384;0.246363;0.059923;0.168571;0.000781785;0.00251529;4.98236e-05;0.00172265;-4.66962e-05;4.42106e-07;-4.61184e-05;3.05772e-07
756000;0.047875;0.246038;0.0598437;0.168348;0.000722694;0.00251309;7.31745e-05;0.00172068;-4.6704e-05;4.41746e-07;-4.61148e-05;3.05566e-07
757000;0.0478118;0.245713;0.0597647;0.168126;0.000719631;0.00251056;0.00010386;0.00171922;-4.671e-05;4.41368e-07;-4.61118e-05;3.05365e-07
758000;0.0477487;0.245388;0.0596858;0.167904;0.00068518;0.00250864;0.000104961;0.00171732;-4.6701e-05;4.41086e-07;-4.61106e-05;3.05178e-07
759000;0.0476858;0.245065;0.0596072;0.167683;0.000707843;0.00250792;8.16298e-05;0.00171643;-4.66926e-05;4.4093e-07;-4.61057e-05;3.05009e-07
760000;0.047623;0.244743;0.0595288;0.167462;0.000702073;0.00250497;7.93879e-05;0.00171504;-4.66891e-05;4.4055e-07;-4.60965e-05;3.04853e-07
761000;0.0475604;0.244421;0.0594506;0.167242;0.000715299;0.00250381;5.10605e-05;0.00171395;-4.66828e-05;4.40244e-07;-4.60991e-05;3.0464e-07
762000;0.047498;0.2441;0.0593725;0.167023;0.000708876;0.00250072;3.71754e-05;0.00171391;-4.66971e-05;4.39873e-07;-4.60987e-05;3.04466e-07
763000;0.0474358;0.24378;0.0652242;0.167208;0.000648987;0.00249981;2.24843e-05;0.00171282;-4.66741e-05;4.39647e-07;-4.60959e-05;3.04269e-07
764000;0.0355303;0.244565;0.0651388;0.166989;0.000632221;0.00249825;4.48868e-05;0.00171158;-4.66834e-05;4.39355e-07;-4.60956e-05;3.04043e-07
765000;0.0236559;0.245343;0.0650537;0.166771;0.000712359;0.00249645;8.55878e-05;0.00170999;-4.66979e-05;4.38982e-07;-4.60966e-05;3.03824e-07
766000;0.0118125;0.246115;0.0649687;0.166553;0.00076256;0.00249427;5.7561e-05;0.00170856;-4.66904e-05;4.38732e-07;-4.60807e-05;3.03678e-07
767000;0.0117971;0.245794;0.0589855;0.166737;0.000772599;0.00249167;3.96905e-05;0.00170753;-4.66845e-05;4.38452e-07;-4.60767e-05;3.0348e-07
768000;0.0235635;0.246557;0.0589087;0.16652;0.000787279;0.00249004;5.80024e-05;0.0017068;-4.66845e-05;4.38238e-07;-4.60776e-05;3.03289e-07
769000;0.0117664;0.247314;0.0588321;0.166304;0.00087867;0.00248937;2.11698e-05;0.00170575;-4.66837e-05;4.3792e-07;-4.60756e-05;3.03086e-07
770000;0.0117511;0.246993;0.0587557;0.166088;0.000899487;0.00248858;7.9528e-06;0.00170557;-4.66931e-05;4.37593e-07;-4.60822e-05;3.02871e-07
771000;0.0117359;0.246673;0.0586795;0.165872;0.000911159;0.00248615;1.48646e-05;0.00170446;-4.66968e-05;4.37274e-07;-4.60892e-05;3.02664e-07
772000;0.0117207;0.246353;0.0527431;0.166055;0.0008168;0.00248518;6.24232e-06;0.00170292;-4.67064e-05;4.37065e-07;-4.60942e-05;3.0245e-07
773000;0.0117055;0.246035;0.0526749;0.16584;0.000787031;0.00248348;2.74064e-05;0.00170175;-4.67209e-05;4.36721e-07;-4.61007e-05;3.0221e-07
774000;0.0116904;0.245717;0.0526068;0.165626;0.00077842;0.00248174;3.15957e-07;0.00170051;-4.67228e-05;4.36382e-07;-4.61049e-05;3.02001e-07
775000;0;0.246464;0.0525389;0.165412;0.000777416;0.00247854;-2.06155e-05;0.00169904;-4.67326e-05;4.36073e-07;-4.6108e-05;3.01771e-07
776000;0;0.246147;0.0524712;0.165199;0.000818783;0.00247675;2.16777e-05;0.00169827;-4.67288e-05;4.3578e-07;-4.61058e-05;3.01602e-07
777000;0;0.24583;0.0465811;0.165381;0.000828378;0.00247633;1.03685e-05;0.00169675;-4.67196e-05;4.35574e-07;-4.61111e-05;3.01396e-07
778000;-0.0116303;0.24657;0.0465212;0.165168;0.000824234;0.00247545;3.76948e-05;0.00169582;-4.6718e-05;4.35274e-07;-4.60967e-05;3.01305e-07
779000;-0.0232307;0.247304;0.0464615;0.164956;0.000959025;0.00247518;5.05853e-05;0.00169567;-4.67147e-05;4.34983e-07;-4.61023e-05;3.01114e-07
780000;-0.023201;0.246987;0.0464019;0.164745;0.00101036;0.0024748;7.20626e-05;0.00169397;-4.67105e-05;4.34711e-07;-4.60959e-05;3.00941e-07
781000;-0.0231713;0.24667;0.0463425;0.164534;0.00104447;0.00247384;1.8353e-05;0.0016932;-4.67005e-05;4.34472e-07;-4.60996e-05;3.00742e-07
782000;-0.0231416;0.246355;0.0462832;0.164324;0.00103032;0.00247257;4.87719e-05;0.00169228;-4.66834e-05;4.34246e-07;-4.60993e-05;3.00559e-07
783000;-0.011556;0.247081;0.0462241;0.164114;0.0010017;0.00247059;5.00277e-05;0.00169106;-4.66919e-05;4.33925e-07;-4.60921e-05;3.00387e-07
784000;-0.0115413;0.246765;0.0519358;0.164294;0.00103517;0.00246791;4.0378e-05;0.00168948;-4.66895e-05;4.33639e-07;-4.60962e-05;3.00169e-07
785000;-0.0115266;0.246451;0.0518697;0.164085;0.000953022;0.00246651;4.4583e-05;0.00168884;-4.66858e-05;4.33362e-07;-4.61011e-05;2.99963e-07
786000;-0.0115119;0.246138;0.0518037;0.163876;0.00102813;0.00246514;2.47259e-05;0.00168739;-4.66794e-05;4.33136e-07;-4.61113e-05;2.99772e-07
787000;-0.0114973;0.245825;0.0459892;0.164055;0.00102682;0.00246201;7.16465e-05;0.00168601;-4.66704e-05;4.32903e-07;-4.61018e-05;2.99617e-07
788000;-0.0114827;0.245513;0.0459308;0.163847;0.00102552;0.00245888;5.66006e-05;0.00168459;-4.66651e-05;4.32765e-07;-4.61001e-05;2.99424e-07
789000;-0.0114682;0.245202;0.0401385;0.164025;0.00100415;0.00245813;4.60724e-05;0.00168355;-4.66726e-05;4.32461e-07;-4.6099e-05;2.9922e-07
790000;-0.0229073;0.245918;0.0400877;0.163817;0.000988339;0.00245597;7.81912e-05;0.00168201;-4.66618e-05;4.32227e-07;-4.61024e-05;2.99027e-07
791000;-0.0228783;0.245607;0.0457566;0.163994;0.00106349;0.0024544;0.000108209;0.00168049;-4.66587e-05;4.31992e-07;-4.61021e-05;2.9881e-07
792000;-0.0228494;0.245297;0.0456989;0.163787;0.00102729;0.00245165;6.29675e-05;0.00167913;-4.66574e-05;4.3172e-07;-4.60928e-05;2.98664e-07
793000;-0.0228206;0.244988;0.0456412;0.16358;0.00101965;0.00244993;4.34374e-05;0.00167816;-4.66605e-05;4.31424e-07;-4.60904e-05;2.98493e-07
794000;-0.0227919;0.244679;0.0455837;0.163374;0.000995491;0.00244837;7.47317e-05;0.00167686;-4.66542e-05;4.31124e-07;-4.6094e-05;2.98304e-07
795000;-0.0227632;0.244371;0.0455264;0.163169;0.000955578;0.0024459;8.49559e-05;0.00167555;-4.66616e-05;4.30831e-07;-4.6093e-05;2.98135e-07
796000;-0.0227346;0.244064;0.0454692;0.162964;0.000889507;0.00244464;6.99256e-05;0.00167429;-4.66716e-05;4.30599e-07;-4.60991e-05;2.97932e-07
797000;-0.0227061;0.243758;0.0397356;0.163139;0.000875902;0.0024417;4.56631e-05;0.00167343;-4.66822e-05;4.30301e-07;-4.61041e-05;2.97762e-07
798000;-0.0226776;0.243453;0.0396859;0.162935;0.00087093;0.00243895;3.94974e-05;0.00167176;-4.66868e-05;4.30016e-07;-4.61038e-05;2.9756e-07
799000;-0.0226492;0.243148;0.0452985;0.163109;0.000853705;0.00243611;6.18993e-05;0.00167105;-4.66853e-05;4.2975e-07;-4.60896e-05;2.97402e-07
800000;-0.0226209;0.242844;0.0452419;0.162905;0.000740922;0.00243549;5.24991e-05;0.00166998;-4.66766e-05;4.2951e-07;-4.60959e-05;2.97186e-07
801000;-0.0225927;0.242541;0.0508336;0.163078;0.000677073;0.00243491;2.7392e-05;0.00166899;-4.66784e-05;4.29201e-07;-4.60951e-05;2.97002e-07
802000;-0.0225645;0.242238;0.0507702;0.162874;0.000700925;0.00243293;7.72218e-05;0.00166799;-4.66654e-05;4.28947e-07;-4.60989e-05;2.96808e-07
803000;-0.0112682;0.242943;0.050707;0.162671;0.000716803;0.00243012;7.90259e-05;0.00166732;-4.66641e-05;4.28715e-07;-4.61023e-05;2.96618e-07
804000;-0.0112542;0.242641;0.0506439;0.162469;0.000785313;0.00243103;0.000110564;0.00166657;-4.66555e-05;4.28502e-07;-4.61074e-05;2.96404e-07
805000;-0.0112402;0.242339;0.0562011;0.162641;0.000700401;0.00242994;0.000121055;0.00166513;-4.66541e-05;4.28227e-07;-4.61072e-05;2.96232e-07
806000;-0.0112263;0.242039;0.0561314;0.162439;0.000713571;0.00242815;0.000135027;0.0016633;-4.66492e-05;4.27948e-07;-4.61063e-05;2.96049e-07
807000;0;0.242735;0.061668;0.162609;0.000740673;0.00242576;0.000144601;0.00166248;-4.66487e-05;4.2769e-07;-4.61055e-05;2.9588e-07
808000;0;0.242435;0.0615917;0.162408;0.000751608;0.00242287;0.000138179;0.00166104;-4.6666e-05;4.27358e-07;-4.61068e-05;2.95684e-07
809000;-0.0111846;0.243126;0.0615155;0.162207;0.000802647;0.00242097;0.00012826;0.00166014;-4.66587e-05;4.27156e-07;-4.61021e-05;2.95532e-07
810000;-0.0111708;0.242826;0.0614396;0.162007;0.000801656;0.00241798;0.000127807;0.00165917;-4.66402e-05;4.27024e-07;-4.61007e-05;2.95362e-07
811000;0;0.24351;0.0613638;0.161807;0.000750301;0.00241603;0.000110034;0.00165782;-4.66499e-05;4.26717e-07;-4.60922e-05;2.95222e-07
812000;0;0.24321;0.0612882;0.161608;0.00072913;0.00241353;0.000113807;0.00165669;-4.66564e-05;4.26416e-07;-4.61021e-05;2.94998e-07
813000;-0.0111296;0.243889;0.0612129;0.161409;0.000752181;0.00241102;0.000116087;0.00165467;-4.66544e-05;4.26123e-07;-4.61029e-05;2.94815e-07
814000;-0.0111159;0.243589;0.0666956;0.161579;0.000769546;0.00240885;7.97749e-05;0.00165349;-4.66733e-05;4.25777e-07;-4.60976e-05;2.94678e-07
815000;-0.0333069;0.245229;0.0666138;0.16138;0.0007531;0.00240715;0.000112138;0.00165228;-4.66781e-05;4.25492e-07;-4.60904e-05;2.94516e-07
816000;-0.0332661;0.244928;0.0665322;0.161183;0.000752177;0.0024042;0.000102375;0.00165233;-4.66866e-05;4.252e-07;-4.60835e-05;2.94356e-07
817000;-0.0332254;0.244628;0.0664507;0.160985;0.000717811;0.00240215;0.000130213;0.0016513;-4.6696e-05;4.24908e-07;-4.60943e-05;2.94121e-07
818000;-0.0331847;0.244329;0.0663695;0.160788;0.000698323;0.00240083;0.000150806;0.00165121;-4.66944e-05;4.24605e-07;-4.60904e-05;2.93947e-07
819000;-0.0331442;0.244031;0.0662885;0.160592;0.000710925;0.00239916;0.000150867;0.00165044;-4.66836e-05;4.24417e-07;-4.609e-05;2.93787e-07
820000;-0.0331038;0.243733;0.0662076;0.160396;0.000668725;0.00239784;0.000122961;0.00164947;-4.66911e-05;4.24128e-07;-4.60987e-05;2.93575e-07
821000;-0.0330635;0.243436;0.066127;0.160201;0.000705514;0.00239598;5.72287e-05;0.00164849;-4.66827e-05;4.23868e-07;-4.60941e-05;2.9345e-07
822000;-0.0330233;0.24314;0.0660465;0.160006;0.000732913;0.00239741;6.33034e-05;0.00164758;-4.66859e-05;4.23667e-07;-4.60891e-05;2.93277e-07
823000;-0.0329831;0.242845;0.0659663;0.159812;0.00077091;0.00239578;5.09679e-05;0.00164565;-4.66833e-05;4.23373e-07;-4.60954e-05;2.93077e-07
824000;-0.0329431;0.24255;0.0658862;0.159618;0.000796846;0.00239441;-5.63408e-06;0.00164452;-4.66756e-05;4.23135e-07;-4.6093e-05;2.9291e-07
825000;-0.0329032;0.242256;0.0658064;0.159424;0.000825142;0.00239223;-4.50909e-05;0.00164393;-4.66726e-05;4.22883e-07;-4.61035e-05;2.9267e-07
826000;-0.0328633;0.241963;0.0766811;0.159953;0.000811808;0.00238967;-3.92268e-05;0.00164294;-4.66718e-05;4.22576e-07;-4.61127e-05;2.9246e-07
827000;-0.0328236;0.24167;0.0711178;0.160119;0.000837102;0.00238818;-4.34144e-05;0.00164181;-4.66586e-05;4.22315e-07;-4.61107e-05;2.92319e-07
828000;-0.032784;0.241378;0.0710319;0.159926;0.000791225;0.00238611;-7.07344e-05;0.00164113;-4.66555e-05;4.22078e-07;-4.61129e-05;2.92127e-07
829000;-0.0327444;0.241087;0.0709462;0.159733;0.000777874;0.00238336;-7.20935e-05;0.00163975;-4.66652e-05;4.21776e-07;-4.61215e-05;2.91895e-07
830000;-0.032705;0.240797;0.0708608;0.159541;0.000860864;0.002382;-5.39272e-05;0.0016384;-4.66609e-05;4.21525e-07;-4.61138e-05;2.91739e-07
831000;-0.0326656;0.240507;0.0707755;0.159349;0.000847037;0.00237926;-5.10387e-05;0.00163764;-4.66663e-05;4.21278e-07;-4.61037e-05;2.9157e-07
832000;-0.0326263;0.240218;0.0706904;0.159157;0.00084305;0.00237717;-6.19705e-05;0.00163676;-4.66733e-05;4.20961e-07;-4.6107e-05;2.9138e-07
833000;-0.0325872;0.23993;0.0706056;0.158966;0.00089637;0.00237557;-7.67484e-05;0.00163555;-4.66818e-05;4.20641e-07;-4.6107e-05;2.91206e-07
834000;-0.0325481;0.239642;0.0705209;0.158775;0.000894382;0.00237297;-0.000112118;0.00163453;-4.66782e-05;4.20373e-07;-4.61156e-05;2.91001e-07
835000;-0.0325091;0.239355;0.0596001;0.159295;0.00092668;0.00237157;-9.22513e-05;0.00163359;-4.66624e-05;4.20195e-07;-4.61196e-05;2.90794e-07
836000;-0.0324702;0.239069;0.0595288;0.159104;0.000932669;0.00236877;-7.81049e-05;0.00163205;-4.66662e-05;4.19935e-07;-4.61244e-05;2.90598e-07
837000;-0.021621;0.239721;0.0594577;0.158914;0.000815458;0.0023682;-9.0458e-05;0.00163033;-4.66746e-05;4.19656e-07;-4.61278e-05;2.90422e-07
838000;-0.0215952;0.239435;0.0593867;0.158725;0.000787993;0.00236594;-0.000114434;0.00163013;-4.66717e-05;4.19439e-07;-4.61278e-05;2.90255e-07
839000;-0.0215694;0.23915;0.0593159;0.158535;0.000762272;0.00236362;-0.000142137;0.00162906;-4.6672e-05;4.19193e-07;-4.61351e-05;2.90056e-07
840000;-0.0215437;0.238865;0.0592453;0.158347;0.000643548;0.00236335;-0.000198937;0.00162883;-4.6671e-05;4.18918e-07;-4.61334e-05;2.89886e-07
841000;-0.0215181;0.238581;0.0591749;0.158158;0.000674002;0.00236133;-0.000221901;0.00162934;-4.66727e-05;4.18657e-07;-4.61141e-05;2.89773e-07
842000;-0.0322389;0.239227;0.0537314;0.158321;0.000685502;0.00236085;-0.000166181;0.00162823;-4.66797e-05;4.18397e-07;-4.61073e-05;2.89617e-07
843000;-0.0214671;0.239867;0.0536677;0.158133;0.000670317;0.00235971;-0.000141253;0.00162718;-4.66848e-05;4.18154e-07;-4.61207e-05;2.89401e-07
844000;-0.0214416;0.239583;0.0589645;0.158295;0.000682016;0.00235893;-0.000150839;0.00162667;-4.6684e-05;4.17897e-07;-4.61209e-05;2.89226e-07
845000;-0.0214163;0.2393;0.0642488;0.158456;0.000681818;0.00235741;-0.000173106;0.00162565;-4.66805e-05;4.17608e-07;-4.61228e-05;2.8906e-07
846000;-0.021391;0.239017;0.0641729;0.158268;0.00065005;0.00235541;-0.000184931;0.00162516;-4.66759e-05;4.17399e-07;-4.61222e-05;2.88873e-07
847000;-0.0320486;0.239651;0.0640971;0.158081;0.00067695;0.0023531;-0.000177545;0.00162405;-4.6692e-05;4.17082e-07;-4.6124e-05;2.88696e-07
848000;-0.0320108;0.239368;0.0640215;0.157895;0.00072235;0.0023512;-0.00020952;0.00162385;-4.66956e-05;4.16815e-07;-4.61265e-05;2.8851e-07
849000;-0.0319731;0.239086;0.0639461;0.158399;0.000776043;0.00235103;-0.000200059;0.00162204;-4.67037e-05;4.1655e-07;-4.61273e-05;2.88351e-07
850000;-0.0319354;0.238805;0.0638709;0.158213;0.000743155;0.00234895;-0.000223875;0.00162123;-4.66967e-05;4.16386e-07;-4.61235e-05;2.88185e-07
851000;-0.0318979;0.238524;0.0637958;0.158027;0.000771816;0.00234712;-0.000199867;0.00162017;-4.6694e-05;4.16144e-07;-4.61279e-05;2.88007e-07
852000;-0.0318605;0.238245;0.0584109;0.158184;0.00073938;0.00234715;-0.000192647;0.00161893;-4.66989e-05;4.15842e-07;-4.61276e-05;2.87833e-07
853000;-0.0318231;0.237965;0.0583424;0.157999;0.000723068;0.00234704;-0.000198867;0.00161774;-4.67059e-05;4.15563e-07;-4.61313e-05;2.87655e-07
854000;-0.0317859;0.237687;0.0582741;0.157814;0.000718757;0.00234569;-0.000236984;0.00161705;-4.67023e-05;4.15296e-07;-4.61369e-05;2.87466e-07
855000;-0.0317487;0.237409;0.0582059;0.157629;0.000745207;0.00234356;-0.000282146;0.00161585;-4.66934e-05;4.15125e-07;-4.61339e-05;2.87316e-07
856000;-0.0317116;0.237131;0.0581379;0.157445;0.000775906;0.00234164;-0.000264347;0.00161513;-4.66877e-05;4.14989e-07;-4.61242e-05;2.87188e-07
857000;-0.0316746;0.236855;0.0580701;0.157261;0.000756686;0.00233969;-0.000309381;0.00161417;-4.66872e-05;4.14742e-07;-4.61226e-05;2.87024e-07
858000;-0.0316377;0.236578;0.0580024;0.157757;0.0007443;0.00233707;-0.000321482;0.00161278;-4.66845e-05;4.14479e-07;-4.61271e-05;2.86834e-07
859000;-0.0316008;0.236303;0.0579349;0.157573;0.000746003;0.00233465;-0.000341966;0.0016128;-4.66773e-05;4.14293e-07;-4.61346e-05;2.86655e-07
860000;-0.0315641;0.236028;0.0578675;0.15739;0.000681395;0.00233322;-0.000381741;0.00161183;-4.66758e-05;4.14041e-07;-4.6133e-05;2.865e-07
861000;-0.0315274;0.235754;0.0525457;0.157544;0.000686762;0.00233143;-0.000384233;0.00161056;-4.66777e-05;4.13827e-07;-4.61341e-05;2.86332e-07
862000;-0.0314909;0.235481;0.0524848;0.157361;0.000723598;0.00232937;-0.000391635;0.00160983;-4.66799e-05;4.13561e-07;-4.61297e-05;2.86192e-07
863000;-0.0314544;0.235208;0.052424;0.157179;0.000752457;0.00232824;-0.000373108;0.00160872;-4.66678e-05;4.13367e-07;-4.61153e-05;2.8608e-07
864000;-0.031418;0.234936;0.0523633;0.156997;0.000709641;0.00232761;-0.000384016;0.00160693;-4.66707e-05;4.13092e-07;-4.61108e-05;2.85932e-07
865000;-0.0313816;0.234664;0.0523027;0.156815;0.00069151;0.00232585;-0.000411654;0.00160584;-4.66757e-05;4.12817e-07;-4.60968e-05;2.85838e-07
866000;-0.0313454;0.234393;0.0470181;0.156969;0.000679356;0.00232473;-0.000377328;0.00160451;-4.66684e-05;4.12619e-07;-4.60949e-05;2.85666e-07
867000;-0.0313093;0.234123;0.0469639;0.156788;0.000693295;0.00232223;-0.000371521;0.00160346;-4.66619e-05;4.12439e-07;-4.60935e-05;2.8552e-07
868000;-0.0312732;0.233853;0.0364854;0.157272;0.000670229;0.00232056;-0.000331392;0.00160201;-4.66525e-05;4.12191e-07;-4.60985e-05;2.85347e-07
869000;-0.0312372;0.233584;0.0416496;0.157422;0.000577761;0.002321;-0.000337207;0.0016006;-4.66592e-05;4.11937e-07;-4.60967e-05;2.85181e-07
870000;-0.0312013;0.233315;0.0416017;0.157241;0.000599491;0.00232008;-0.000349009;0.00159969;-4.66611e-05;4.11664e-07;-4.60908e-05;2.85042e-07
871000;-0.0311655;0.233047;0.041554;0.157061;0.000602036;0.0023186;-0.000381292;0.00159845;-4.66648e-05;4.11445e-07;-4.60882e-05;2.84872e-07
872000;-0.0311297;0.23278;0.036318;0.15721;0.000565927;0.00231669;-0.000354508;0.00159733;-4.66684e-05;4.11242e-07;-4.60831e-05;2.84725e-07
873000;-0.0310941;0.232514;0.0362764;0.15703;0.000457117;0.00231745;-0.000339113;0.00159602;-4.66577e-05;4.11034e-07;-4.60811e-05;2.8457e-07
874000;-0.0310585;0.232248;0.0362349;0.15685;0.000433328;0.00231616;-0.000386506;0.00159515;-4.66509e-05;4.10799e-07;-4.60733e-05;2.84402e-07
875000;-0.031023;0.231982;0.0361935;0.156671;0.000313554;0.00231562;-0.000425333;0.00159382;-4.66416e-05;4.10582e-07;-4.60704e-05;2.84257e-07
876000;-0.0413168;0.2326;0.0361522;0.156492;0.000342095;0.00231387;-0.000429641;0.00159292;-4.66429e-05;4.10327e-07;-4.60664e-05;2.84102e-07
877000;-0.0309522;0.233213;0.036111;0.156313;0.000313586;0.00231189;-0.000423831;0.001592;-4.66491e-05;4.10057e-07;-4.60626e-05;2.83931e-07
878000;-0.030917;0.232948;0.0360698;0.156135;0.000335315;0.00231064;-0.000423348;0.00159019;-4.66464e-05;4.09817e-07;-4.6071e-05;2.83738e-07
879000;-0.0308818;0.234426;0.0411758;0.156284;0.000354795;0.00231003;-0.000415301;0.00158882;-4.66514e-05;4.09577e-07;-4.60668e-05;2.83577e-07
880000;-0.0308467;0.234159;0.041129;0.156106;0.000317949;0.00230804;-0.000421349;0.00158751;-4.66535e-05;4.09352e-07;-4.60682e-05;2.83419e-07
881000;-0.0205411;0.234758;0.0410823;0.155929;0.00033753;0.00230576;-0.000403179;0.00158731;-4.66479e-05;4.09153e-07;-4.60694e-05;2.83244e-07
882000;-0.0205179;0.234492;0.0410357;0.155752;0.000294153;0.00230393;-0.000418191;0.00158582;-4.66527e-05;4.08883e-07;-4.60725e-05;2.83056e-07
883000;-0.0204946;0.234226;0.0409892;0.155576;0.000292815;0.0023026;-0.00045694;0.00158455;-4.667e-05;4.08587e-07;-4.60747e-05;2.8288e-07
884000;-0.0204714;0.233961;0.0409429;0.1554;0.000297436;0.00230078;-0.000470117;0.00158298;-4.66777e-05;4.0833e-07;-4.60755e-05;2.82728e-07
885000;-0.0306725;0.234555;0.0408966;0.155224;0.0002971;0.00229818;-0.000502798;0.00158158;-4.66684e-05;4.08092e-07;-4.60774e-05;2.82568e-07
886000;-0.0306378;0.23429;0.0408504;0.155049;0.000342491;0.00229651;-0.000502409;0.00158053;-4.66718e-05;4.07826e-07;-4.60836e-05;2.82389e-07
887000;-0.0306033;0.234026;0.0459049;0.155196;0.000398465;0.0022952;-0.000512674;0.00157889;-4.66695e-05;4.07589e-07;-4.60823e-05;2.82246e-07
888000;-0.0407584;0.234614;0.0458532;0.155022;0.000362795;0.00229383;-0.000489426;0.00157839;-4.66679e-05;4.07349e-07;-4.6087e-05;2.82084e-07
889000;-0.0407126;0.23435;0.0458017;0.154847;0.000359492;0.00229202;-0.000516679;0.00157724;-4.66728e-05;4.07103e-07;-4.60884e-05;2.81916e-07
890000;-0.0406669;0.234087;0.0457502;0.154673;0.00037823;0.00229057;-0.000535593;0.0015764;-4.66722e-05;4.06881e-07;-4.60822e-05;2.81805e-07
891000;-0.0406212;0.233824;0.0507765;0.15482;0.00035447;0.00228852;-0.000540909;0.00157524;-4.6677e-05;4.06659e-07;-4.60825e-05;2.81642e-07
892000;-0.0405757;0.233562;0.0456476;0.154966;0.000354073;0.00228596;-0.000558868;0.00157409;-4.66752e-05;4.06431e-07;-4.60763e-05;2.81495e-07
893000;-0.0405302;0.2333;0.0455965;0.154792;0.000387526;0.00228407;-0.000590602;0.00157328;-4.6684e-05;4.06178e-07;-4.60733e-05;2.8133e-07
894000;-0.0404849;0.233039;0.0455455;0.154619;0.000336445;0.00228228;-0.000546841;0.00157273;-4.66697e-05;4.06069e-07;-4.60753e-05;2.81152e-07
895000;-0.0404397;0.232779;0.0454946;0.154446;0.000318582;0.00228081;-0.000523595;0.00157157;-4.66823e-05;4.05782e-07;-4.60669e-05;2.8104e-07
896000;-0.0403945;0.232519;0.0454438;0.154274;0.00034417;0.00227884;-0.000494643;0.00157066;-4.66767e-05;4.05572e-07;-4.60656e-05;2.80888e-07
897000;-0.0403495;0.23226;0.0504369;0.154418;0.000378155;0.00227698;-0.000489796;0.0015693;-4.66814e-05;4.05364e-07;-4.60604e-05;2.8074e-07
898000;-0.0403046;0.232001;0.0503807;0.154247;0.00041626;0.00227575;-0.000527182;0.00156824;-4.66802e-05;4.05141e-07;-4.60665e-05;2.80551e-07
899000;-0.0402597;0.231743;0.0503247;0.154075;0.000391495;0.00227372;-0.000524743;0.00156716;-4.66865e-05;4.04888e-07;-4.60726e-05;2.80354e-07
900000;-0.040215;0.231486;0.0502687;0.153904;0.000416346;0.00227298;-0.000524442;0.00156629;-4.66961e-05;4.04678e-07;-4.60664e-05;2.80272e-07
901000;-0.0401704;0.231229;0.050213;0.153733;0.00045368;0.00227127;-0.000515052;0.0015657;-4.66985e-05;4.04461e-07;-4.60752e-05;2.80087e-07
902000;-0.0501573;0.231808;0.0501573;0.153562;0.000484184;0.00226925;-0.000525848;0.00156513;-4.67127e-05;4.04183e-07;-4.60824e-05;2.79908e-07
903000;-0.0501017;0.231551;0.0501017;0.153392;0.000501878;0.00226702;-0.000569277;0.00156447;-4.6721e-05;4.03918e-07;-4.60799e-05;2.79772e-07
904000;-0.0500463;0.231295;0.0500463;0.153223;0.000475608;0.00226528;-0.000523003;0.00156335;-4.67219e-05;4.03709e-07;-4.60769e-05;2.79605e-07
905000;-0.049991;0.231039;0.049991;0.153053;0.000500416;0.00226332;-0.000476404;0.00156252;-4.67259e-05;4.03505e-07;-4.60764e-05;2.79445e-07
906000;-0.0499358;0.230784;0.0499358;0.152885;0.000499864;0.00226083;-0.000475133;0.00156112;-4.67333e-05;4.0324e-07;-4.60762e-05;2.79295e-07
907000;-0.0498808;0.232182;0.0498808;0.152716;0.000528071;0.00225904;-0.000478558;0.00155966;-4.67403e-05;4.02971e-07;-4.6074e-05;2.79121e-07
908000;-0.0498258;0.231927;0.0498258;0.152548;0.000555784;0.002258;-0.0004852;0.00155913;-4.67381e-05;4.02741e-07;-4.60751e-05;2.78956e-07
909000;-0.049771;0.231671;0.049771;0.15238;0.000540602;0.00225567;-0.000473388;0.00155802;-4.67464e-05;4.02495e-07;-4.6069e-05;2.78841e-07
910000;-0.0497163;0.231417;0.0497163;0.152212;0.000513215;0.00225415;-0.000503763;0.00155694;-4.67506e-05;4.02272e-07;-4.60721e-05;2.78675e-07
911000;-0.0595941;0.231981;0.0397294;0.152667;0.000512652;0.00225167;-0.000502333;0.0015561;-4.67413e-05;4.02058e-07;-4.60713e-05;2.78552e-07
912000;-0.0595288;0.231727;0.0396859;0.1525;0.00049843;0.00225023;-0.000503454;0.00155508;-4.67488e-05;4.01792e-07;-4.60648e-05;2.78412e-07
913000;-0.0594636;0.231473;0.0396424;0.152333;0.000517099;0.00224867;-0.000522067;0.00155445;-4.6748e-05;4.01625e-07;-4.60582e-05;2.78278e-07
914000;-0.0593985;0.23122;0.039599;0.152166;0.000488958;0.0022478;-0.000537923;0.00155292;-4.67423e-05;4.01453e-07;-4.60589e-05;2.78114e-07
915000;-0.0593336;0.230967;0.0395557;0.152;0.000457063;0.00224602;-0.000527278;0.00155186;-4.67391e-05;4.01211e-07;-4.60606e-05;2.77964e-07
916000;-0.0592688;0.230715;0.0444516;0.152142;0.000467503;0.00224363;-0.000555616;0.00155079;-4.67356e-05;4.00995e-07;-4.60577e-05;2.77815e-07
917000;-0.0592042;0.230463;0.0444031;0.151976;0.000430282;0.00224308;-0.000588237;0.00155022;-4.67348e-05;4.00783e-07;-4.60631e-05;2.77664e-07
918000;-0.0591397;0.230212;0.0542114;0.152424;0.000481323;0.0022439;-0.000575225;0.00154871;-4.67267e-05;4.00613e-07;-4.60642e-05;2.77557e-07
919000;-0.0590753;0.229962;0.0541524;0.152258;0.000435734;0.00224351;-0.00052224;0.00154799;-4.6728e-05;4.00414e-07;-4.60626e-05;2.77398e-07
920000;-0.0590111;0.229712;0.0540935;0.152093;0.000419679;0.00224128;-0.000504856;0.00154669;-4.6727e-05;4.00169e-07;-4.60626e-05;2.77249e-07
921000;-0.0589471;0.229462;0.0540348;0.151928;0.000444748;0.00223941;-0.000527973;0.00154526;-4.67303e-05;3.99907e-07;-4.60666e-05;2.77065e-07
922000;-0.0588831;0.229213;0.0539762;0.151763;0.000465495;0.00223836;-0.000530943;0.00154402;-4.67266e-05;3.99771e-07;-4.60731e-05;2.76904e-07
923000;-0.0588193;0.228965;0.0539177;0.151598;0.000455877;0.00223745;-0.000493927;0.00154353;-4.67365e-05;3.9953e-07;-4.60738e-05;2.76762e-07
924000;-0.0587557;0.228717;0.0587557;0.151738;0.00040567;0.0022361;-0.000510543;0.00154267;-4.67469e-05;3.9931e-07;-4.60743e-05;2.76618e-07
925000;-0.0586922;0.22847;0.0586922;0.151574;0.000464599;0.0022352;-0.000505044;0.00154201;-4.6752e-05;3.99113e-07;-4.60771e-05;2.76465e-07
926000;-0.0586288;0.228223;0.0635145;0.151713;0.000434637;0.00223353;-0.000471654;0.00154132;-4.67547e-05;3.98837e-07;-4.60735e-05;2.76305e-07
927000;-0.0683265;0.228778;0.063446;0.151549;0.000429034;0.0022342;-0.000448651;0.00154033;-4.67613e-05;3.98559e-07;-4.60723e-05;2.76123e-07
928000;-0.0682528;0.228532;0.0633776;0.151386;0.000517588;0.00223361;-0.000429435;0.0015389;-4.67669e-05;3.98365e-07;-4.60661e-05;2.75973e-07
929000;-0.0681794;0.228286;0.0633094;0.151223;0.000516057;0.0022312;-0.000423243;0.00153826;-4.67745e-05;3.98123e-07;-4.60662e-05;2.75815e-07
930000;-0.0583766;0.228836;0.0632413;0.15106;0.000554036;0.0022299;-0.000390858;0.00153709;-4.67686e-05;3.97944e-07;-4.6063e-05;2.7566e-07
931000;-0.0583139;0.228591;0.0680329;0.151198;0.00057515;0.00222772;-0.000395706;0.00153581;-4.67751e-05;3.97729e-07;-4.60753e-05;2.75461e-07
932000;-0.0582513;0.228345;0.0679599;0.151036;0.000594964;0.00222668;-0.000342881;0.00153545;-4.67675e-05;3.97595e-07;-4.60753e-05;2.75309e-07
933000;-0.0581889;0.228101;0.0727361;0.151173;0.000585468;0.00222554;-0.000365899;0.00153471;-4.67457e-05;3.97441e-07;-4.60715e-05;2.75165e-07
934000;-0.0581266;0.227856;0.0726583;0.151012;0.000576911;0.00222321;-0.000380461;0.00153372;-4.6731e-05;3.97316e-07;-4.608e-05;2.74989e-07
935000;-0.0580644;0.227613;0.0822579;0.151445;0.000533903;0.00222161;-0.000385153;0.00153264;-4.67347e-05;3.97105e-07;-4.60823e-05;2.74835e-07
936000;-0.0580024;0.227369;0.0821701;0.151283;0.000586347;0.00222045;-0.000395673;0.00153239;-4.67391e-05;3.96857e-07;-4.60795e-05;2.74689e-07
937000;-0.0579405;0.227127;0.0820824;0.151122;0.000564251;0.00221956;-0.000367316;0.0015313;-4.67356e-05;3.96586e-07;-4.60776e-05;2.74551e-07
938000;-0.0578787;0.226885;0.0819949;0.150961;0.000506598;0.00221816;-0.000376283;0.00153024;-4.67364e-05;3.9633e-07;-4.60806e-05;2.74394e-07
939000;-0.0578171;0.226643;0.0867256;0.151095;0.000460833;0.00221745;-0.000347547;0.00152939;-4.67373e-05;3.96167e-07;-4.60818e-05;2.74239e-07
940000;-0.0673815;0.227187;0.0866334;0.150935;0.000462216;0.00221654;-0.000332772;0.00152857;-4.6719e-05;3.9601e-07;-4.60797e-05;2.74114e-07
941000;-0.0673099;0.226945;0.0913492;0.151068;0.000437242;0.00221484;-0.000357684;0.00152742;-4.67098e-05;3.95802e-07;-4.60797e-05;2.73951e-07
942000;-0.0672384;0.226704;0.0912522;0.150908;0.000459811;0.00221295;-0.000377857;0.00152654;-4.66936e-05;3.957e-07;-4.60871e-05;2.73765e-07
943000;-0.0671671;0.226464;0.0911554;0.150748;0.000375401;0.00221272;-0.000386894;0.00152504;-4.66952e-05;3.95517e-07;-4.60834e-05;2.7361e-07
944000;-0.067096;0.226224;0.0910589;0.150588;0.000334013;0.00221178;-0.000409084;0.0015241;-4.66947e-05;3.95319e-07;-4.60762e-05;2.73481e-07
945000;-0.05745;0.226763;0.0909625;0.150429;0.000345884;0.00220957;-0.000400709;0.00152429;-4.6694e-05;3.95118e-07;-4.60787e-05;2.73325e-07
946000;-0.0573893;0.226523;0.0908663;0.15027;0.000360463;0.00220835;-0.000384889;0.00152397;-4.66868e-05;3.94979e-07;-4.60757e-05;2.73207e-07
947000;-0.0573287;0.226284;0.0907704;0.150111;0.000364134;0.0022069;-0.000402174;0.00152299;-4.66811e-05;3.94764e-07;-4.60731e-05;2.73073e-07
948000;-0.0572682;0.226045;0.0906746;0.149953;0.00036375;0.00220458;-0.000371765;0.00152228;-4.66807e-05;3.94529e-07;-4.60703e-05;2.72937e-07
949000;-0.0572078;0.225807;0.0905791;0.149795;0.000355229;0.00220313;-0.000412379;0.0015221;-4.66811e-05;3.94308e-07;-4.60722e-05;2.72776e-07
950000;-0.0571476;0.225569;0.0904837;0.149637;0.000349976;0.00220082;-0.000393868;0.00152123;-4.66806e-05;3.94115e-07;-4.60754e-05;2.72631e-07
951000;-0.0570875;0.225332;0.0903886;0.14948;0.000340922;0.00219917;-0.000390464;0.00152055;-4.668e-05;3.93906e-07;-4.6081e-05;2.72458e-07
952000;-0.0570276;0.225095;0.0950459;0.149613;0.000368322;0.00219824;-0.000352964;0.00151971;-4.66894e-05;3.93637e-07;-4.60758e-05;2.72332e-07
953000;-0.0569677;0.224859;0.0949462;0.149456;0.000398868;0.00219751;-0.000325012;0.00151871;-4.6687e-05;3.93437e-07;-4.60712e-05;2.72219e-07
954000;-0.056908;0.224623;0.0948467;0.149299;0.000381005;0.0021963;-0.000313187;0.00151748;-4.66851e-05;3.93208e-07;-4.60744e-05;2.72068e-07
955000;-0.0568484;0.224388;0.0947474;0.149143;0.000337337;0.00219486;-0.00035035;0.00151649;-4.67005e-05;3.92929e-07;-4.60697e-05;2.71937e-07
956000;-0.056789;0.224153;0.0946483;0.148987;0.000355554;0.00219284;-0.000317915;0.00151575;-4.67078e-05;3.92688e-07;-4.6066e-05;2.71817e-07
957000;-0.0567296;0.223919;0.0898219;0.14912;0.000345152;0.002191;-0.000340775;0.00151551;-4.67046e-05;3.92506e-07;-4.60685e-05;2.71666e-07
958000;-0.0566704;0.223685;0.0850056;0.149251;0.000344791;0.00218871;-0.000301611;0.00151497;-4.66918e-05;3.9249e-07;-4.60705e-05;2.71524e-07
959000;-0.0566113;0.223452;0.084917;0.149096;0.000325508;0.00218686;-0.000301546;0.00151377;-4.66793e-05;3.92293e-07;-4.60716e-05;2.71391e-07
960000;-0.0565523;0.223219;0.0848285;0.14894;0.00032085;0.0021846;-0.000316868;0.00151242;-4.66699e-05;3.92106e-07;-4.6073e-05;2.71229e-07
961000;-0.0564935;0.222987;0.0847402;0.148785;0.000278294;0.00218315;-0.000318692;0.00151224;-4.66736e-05;3.91882e-07;-4.60753e-05;2.71067e-07
962000;-0.0564348;0.222755;0.0846521;0.148631;0.000290659;0.00218102;-0.000288916;0.00151157;-4.66624e-05;3.91749e-07;-4.608e-05;2.70902e-07
963000;-0.0563762;0.222524;0.0845642;0.148476;0.0003025;0.00217954;-0.000279705;0.00151056;-4.66558e-05;3.91571e-07;-4.60826e-05;2.70735e-07
964000;-0.0563177;0.222293;0.0891697;0.148607;0.000361368;0.00217817;-0.000274596;0.00150942;-4.6659e-05;3.91349e-07;-4.60749e-05;2.70622e-07
965000;-0.0562593;0.222063;0.0890773;0.148453;0.000335075;0.00217622;-0.000268365;0.00150825;-4.66652e-05;3.91135e-07;-4.60704e-05;2.70489e-07
966000;-0.0562011;0.221833;0.088985;0.148299;0.000334728;0.00217397;-0.000256406;0.00150787;-4.66519e-05;3.90999e-07;-4.60671e-05;2.70356e-07
967000;-0.0655001;0.222361;0.088893;0.148146;0.000293575;0.00217258;-0.000262832;0.00150678;-4.66466e-05;3.9084e-07;-4.60768e-05;2.70186e-07
968000;-0.0654325;0.222131;0.0888012;0.147993;0.000284547;0.00217231;-0.000258048;0.00150604;-4.66485e-05;3.90629e-07;-4.60777e-05;2.70037e-07
969000;-0.0653649;0.221902;0.0887096;0.14784;0.000272969;0.00217062;-0.000300808;0.00150549;-4.66403e-05;3.90443e-07;-4.60781e-05;2.69888e-07
970000;-0.0652975;0.221673;0.0886181;0.147688;0.000256904;0.00216958;-0.000327913;0.00150441;-4.66343e-05;3.90299e-07;-4.60815e-05;2.69733e-07
971000;-0.0652303;0.221445;0.0885268;0.147536;0.000245739;0.00216816;-0.000330924;0.00150371;-4.6622e-05;3.90154e-07;-4.60865e-05;2.69583e-07
972000;-0.0651632;0.221217;0.0884358;0.147384;0.000248938;0.00216601;-0.000337519;0.00150234;-4.66185e-05;3.89962e-07;-4.60853e-05;2.69462e-07
973000;-0.0650962;0.22099;0.0883449;0.147233;0.000252096;0.00216424;-0.00037183;0.00150249;-4.66174e-05;3.89798e-07;-4.60869e-05;2.69299e-07
974000;-0.0557395;0.221513;0.0882542;0.147081;0.000251837;0.00216202;-0.000389122;0.00150125;-4.66067e-05;3.89637e-07;-4.60858e-05;2.69138e-07
975000;-0.0556823;0.221286;0.0881636;0.146931;0.000244377;0.00216041;-0.000347875;0.00150082;-4.6607e-05;3.89476e-07;-4.60898e-05;2.68974e-07
976000;-0.0556253;0.221059;0.0880733;0.14678;0.000362275;0.00216075;-0.00031898;0.00149984;-4.66107e-05;3.89257e-07;-4.6085e-05;2.68853e-07
977000;-0.0555683;0.220833;0.0879832;0.14663;0.000339428;0.00215899;-0.000305492;0.00149881;-4.66157e-05;3.89026e-07;-4.6087e-05;2.68725e-07
978000;-0.0555115;0.220607;0.0878932;0.14648;0.000367219;0.00215749;-0.000316809;0.00149761;-4.66202e-05;3.88787e-07;-4.60829e-05;2.68601e-07
979000;-0.0554548;0.220381;0.0878034;0.14633;0.000400362;0.00215674;-0.000348892;0.00149746;-4.66245e-05;3.88587e-07;-4.60803e-05;2.68494e-07
980000;-0.0553982;0.220157;0.0830973;0.146461;0.000384122;0.00215476;-0.000364856;0.00149607;-4.66215e-05;3.88428e-07;-4.60859e-05;2.68343e-07
981000;-0.0553417;0.219932;0.0830126;0.146311;0.000369675;0.00215345;-0.000353974;0.00149519;-4.66288e-05;3.88189e-07;-4.60933e-05;2.68174e-07
982000;-0.0552854;0.219708;0.0829281;0.146162;0.000334533;0.00215305;-0.000341141;0.00149421;-4.66415e-05;3.87943e-07;-4.60943e-05;2.68039e-07
983000;-0.0552291;0.219485;0.0874461;0.146292;0.000354315;0.00215143;-0.000302166;0.00149363;-4.66441e-05;3.87728e-07;-4.60984e-05;2.67886e-07
984000;-0.055173;0.219262;0.091955;0.146421;0.000364747;0.00215138;-0.000296879;0.00149253;-4.66452e-05;3.87563e-07;-4.60945e-05;2.67764e-07
985000;-0.055117;0.219039;0.0918617;0.146272;0.000379267;0.00215027;-0.000300522;0.00149126;-4.66479e-05;3.87336e-07;-4.60937e-05;2.67623e-07
986000;-0.0550611;0.218817;0.0917685;0.146124;0.000331116;0.00215001;-0.000271424;0.00149094;-4.66547e-05;3.87114e-07;-4.60948e-05;2.67503e-07
987000;-0.0550053;0.218595;0.0916755;0.145976;0.000397607;0.00215021;-0.000267613;0.00148969;-4.66523e-05;3.86894e-07;-4.60948e-05;2.67395e-07
988000;-0.0549496;0.218374;0.0870036;0.146104;0.000347933;0.00214913;-0.000256248;0.00148924;-4.66626e-05;3.86744e-07;-4.60985e-05;2.67245e-07
989000;-0.0548941;0.218153;0.0823411;0.146232;0.00028137;0.00214833;-0.000259038;0.00148841;-4.66609e-05;3.86591e-07;-4.60899e-05;2.67118e-07
990000;-0.0548386;0.217933;0.0822579;0.146084;0.000270585;0.00214625;-0.000237962;0.00148744;-4.667e-05;3.86347e-07;-4.60918e-05;2.66966e-07
991000;-0.0547833;0.217713;0.0821749;0.145936;0.000262918;0.0021452;-0.000267757;0.00148657;-4.66734e-05;3.86166e-07;-4.60905e-05;2.66834e-07
992000;-0.0456067;0.218227;0.0820921;0.145789;0.000288285;0.0021445;-0.000247673;0.00148548;-4.66789e-05;3.85985e-07;-4.60867e-05;2.66682e-07
993000;-0.0455608;0.218007;0.0820094;0.145643;0.00027944;0.00214367;-0.000266568;0.00148422;-4.66816e-05;3.85813e-07;-4.60874e-05;2.66531e-07
994000;-0.045515;0.217788;0.0819269;0.145496;0.000290957;0.00214164;-0.000314235;0.00148394;-4.66843e-05;3.85618e-07;-4.60788e-05;2.66421e-07
995000;-0.0545631;0.218298;0.0818446;0.14535;0.000312399;0.00213978;-0.000317449;0.00148381;-4.66763e-05;3.8544e-07;-4.60768e-05;2.66279e-07
996000;-0.0545083;0.218079;0.0817624;0.145204;0.000289432;0.00213966;-0.000262637;0.00148339;-4.66769e-05;3.85251e-07;-4.60766e-05;2.66148e-07
997000;-0.0635292;0.218585;0.0816804;0.145058;0.000255445;0.00213815;-0.000293505;0.00148245;-4.66755e-05;3.85017e-07;-4.60734e-05;2.66017e-07
998000;-0.0453325;0.219807;0.0770653;0.145185;0.000270424;0.00213674;-0.000283189;0.00148146;-4.66801e-05;3.84813e-07;-4.60829e-05;2.65857e-07
999000;-0.0452872;0.219587;0.0769882;0.14504;0.000312874;0.00213544;-0.000249607;0.00148117;-4.6685e-05;3.84621e-07;-4.60826e-05;2.65721e-07
1000000;-0.0452419;0.219368;0.0769112;0.144895;0.000308949;0.00213459;-0.000252672;0.00147982;-4.66804e-05;3.84435e-07;-4.60848e-05;2.65583e-07
